site_id,emb_0,emb_1,emb_2,emb_3,emb_4,emb_5,emb_6,emb_7,site_attention_received
0,-0.75276965,-0.9210946,0.57555324,1.9978515,-1.0374838,0.26430982,-0.5688859,-1.4498359,0.02857142
2,-0.0051081553,-0.17325805,-0.21364261,0.30060205,0.84783024,-0.5166741,-0.9211187,0.73182154,0.11111113
4,0.6272172,-0.33166906,0.21338858,-0.08785178,-2.363326,-0.3430525,1.6201404,-1.5240117,0.071428575
6,0.69102156,-0.606375,-0.02234824,0.4428991,-1.3312173,-1.2282574,0.44690195,-0.4171963,0.029411763
7,-0.07952945,-0.67042536,0.45349222,1.20866,-0.9256979,-0.29501474,-0.10102319,-0.6956786,0.009900996
9,-0.017445214,-0.67730737,0.43563694,1.1740535,-0.9693948,-0.3763643,-0.06361572,-0.6723354,0.08333332
10,-0.081713945,-0.6706113,0.45495862,1.2109846,-0.9245684,-0.29218352,-0.102285884,-0.6964942,0.0101010045
11,0.29345042,0.04677049,0.33930993,0.1250157,1.23386,-0.36673307,-0.7198157,1.4963597,0.04166667
13,-0.050434418,-0.60052663,0.29081744,1.0083349,-0.8642151,-0.33310664,-0.08644802,-0.6746094,0.090909086
18,-0.79659164,-0.54505056,-0.88835335,0.516767,-2.1920333,0.5096717,0.56189424,-3.1444364,0.09090909
19,-0.050651148,-0.6679791,0.50529987,1.2710124,-0.6199434,-0.38920796,-0.31363612,-0.356074,0.015384625
20,0.6377678,-0.036020122,-0.95379007,-0.58752185,0.586155,-1.3916382,-0.4520249,0.90270686,0.09090909
22,-0.15672351,-0.60041636,0.3419691,1.0951211,-0.7998935,-0.19562937,-0.1503128,-0.7145146,0.066666655
23,-0.3138945,0.22326088,0.10354698,-0.05035848,1.0222456,0.5292878,-0.5576406,0.49859935,0.049999997
24,-0.42740607,0.31318808,-0.03268081,-0.1908421,1.196421,0.6768513,-0.6312445,0.46907794,0.083333336
25,-0.33108854,-0.2871747,1.7024606,1.5208112,0.9394884,0.71034884,-0.8936792,0.93112373,0.11111111
26,0.4015805,-0.0092453705,0.33466876,0.1458631,1.0871845,-0.53834474,-0.65281487,1.4912866,0.06666666
27,0.89385307,0.026204115,-1.0673093,-0.9325991,0.08998766,-1.5135849,0.07090094,0.62532,0.11111111
28,-0.88054127,0.9986713,-0.0090402365,-1.3376088,-0.35859448,2.5463102,1.2544982,-1.7034348,0.013888877
29,0.7707576,-0.6406888,0.009848304,0.4642983,-1.4075336,-1.3268832,0.4927025,-0.38794306,0.016949138
30,-0.6561275,0.1074831,0.51884246,0.47849852,1.0845952,1.006639,-0.7891093,0.2884825,0.01960785
31,0.7707576,-0.6406888,0.009848304,0.4642983,-1.4075336,-1.3268832,0.4927025,-0.38794306,0.016949138
32,0.4879037,0.9374322,0.5453098,-1.2188828,2.0401292,0.53380865,-0.13392755,2.2140458,0.04347826
33,-0.109662116,-0.3456489,-0.20123987,0.42882395,-0.6066042,-0.22407039,-0.035388816,-0.70686007,0.07142858
34,0.6234236,0.080600746,-1.0531346,-0.860308,0.2994399,-1.1908112,-0.10365187,0.54019564,0.015625
35,0.6439779,0.09919657,-1.1046461,-0.921054,0.31347677,-1.2188427,-0.08919634,0.55469024,0.016129022
36,0.64728063,0.09920464,-1.1015406,-0.92017734,0.3195313,-1.2226536,-0.09240263,0.5648742,0.015873004
37,0.45131516,-0.12981197,-0.6539289,-0.22492488,0.52694213,-1.1394854,-0.5514491,0.7772598,0.083333336
38,0.40882367,0.105179876,-0.4889158,-0.44192648,0.9726978,-0.8008283,-0.55714035,1.1310405,0.099999994
39,0.51456743,-0.779865,-0.80981404,0.5932505,-0.5495673,-1.8488483,-0.555597,-0.019092679,0.04347826
40,-0.8000257,0.72587895,0.509532,-0.74587095,-0.74045336,2.446257,1.3234031,-1.7576485,0.024390234
41,0.18358184,0.059744075,-0.24743299,-0.15809448,1.0187002,-0.4888705,-0.70862836,1.003061,0.0625
42,-0.38497752,-0.1969667,0.8848076,0.9739946,0.5644176,0.56274337,-0.644196,0.31158584,0.043478265
43,0.40883058,-0.0019942543,0.3799951,0.15707184,1.1076437,-0.51826364,-0.64740384,1.5284401,0.083333336
44,-0.6561275,0.1074831,0.51884246,0.47849852,1.0845952,1.006639,-0.7891093,0.2884825,0.01960785
45,-0.43163896,0.766504,0.39216292,-0.7857978,0.98148394,1.5611331,0.15784845,0.21262938,0.021276599
46,-0.2750638,-0.34923017,1.996531,1.718349,0.8482482,0.73153746,-0.83986706,0.9961215,0.083333336
47,-0.89369315,0.99620956,-0.0001199469,-1.3228369,-0.35252875,2.5629075,1.2462821,-1.7084943,0.016129049
48,-0.065562084,-0.5333471,2.1197248,1.9489455,0.4712072,0.36234796,-0.70499665,0.98900115,0.09999999
49,-1.7088665,0.2384113,0.39941734,0.7273215,2.026214,2.2936957,-1.6798875,-0.2457684,0.031249993
50,-0.8015739,0.72056866,0.52021724,-0.7321804,-0.74525654,2.4478812,1.3228118,-1.7593644,0.024999987
51,0.77079165,-0.64070946,0.00987795,0.46432245,-1.4075745,-1.3269243,0.49272117,-0.38793328,0.017241362
52,-0.93080103,1.0103046,-0.010369942,-1.3296574,-0.31207705,2.6133044,1.2189223,-1.7199447,0.055555545
53,-0.93080103,1.0103046,-0.010369942,-1.3296574,-0.31207705,2.6133044,1.2189223,-1.7199447,0.055555545
54,-1.2236465,0.77035016,0.63630015,-0.54121095,-0.4047587,3.0312283,1.0038568,-1.9311293,0.040000007
55,-1.1835432,-0.41632667,0.68813175,1.526259,-0.050616458,1.3123275,-0.76315904,-1.1878139,0.041666675
56,-1.1835432,-0.41632667,0.68813175,1.526259,-0.050616458,1.3123275,-0.76315904,-1.1878139,0.041666675
58,-0.93080103,1.0103046,-0.010369942,-1.3296574,-0.31207705,2.6133044,1.2189223,-1.7199447,0.055555545
59,-0.38497752,-0.1969667,0.8848076,0.9739946,0.5644176,0.56274337,-0.644196,0.31158584,0.043478265
60,0.40158057,-0.0092453705,0.33466876,0.14586312,1.0871845,-0.53834474,-0.65281487,1.4912866,0.06666666
62,0.009454649,-0.56231177,0.5279599,1.2242285,0.24933517,-0.53979707,-0.8331153,0.5052916,0.09090909
63,-0.8015739,0.72056866,0.52021724,-0.7321804,-0.74525654,2.4478812,1.3228118,-1.7593644,0.024999987
65,0.7931861,-0.6543921,0.02951315,0.48028934,-1.4348322,-1.3540562,0.5051139,-0.38143858,0.08333334
66,-0.050609514,-0.6697939,0.50288594,1.2725508,-0.6236008,-0.39201665,-0.31364787,-0.3595411,0.015625007
67,0.77070826,-0.64065874,0.009803735,0.46426308,-1.4074738,-1.3268237,0.49267504,-0.38795826,0.018181838
68,0.14944252,-0.48112994,-0.05881752,0.55200326,-0.8369721,-0.59036106,0.03170456,-0.57327724,0.11111113
69,0.06128714,-0.49809122,0.35652936,1.0175887,0.30057818,-0.6121501,-0.8041224,0.5418523,0.083333336
70,0.792229,-0.6538076,0.02867265,0.47960758,-1.4336678,-1.352897,0.5045851,-0.3817158,0.09090909
71,-0.051144876,-0.67547095,0.49426377,1.2772185,-0.63497883,-0.40056312,-0.3141197,-0.37134597,0.016393438
72,-0.3655303,-0.5196141,0.41886818,1.1857948,-0.23585092,0.051826686,-0.5256104,-0.4178026,0.06666666
73,-0.43394148,-0.59515584,-0.982007,0.3261903,-2.4604902,0.043757044,0.77824944,-3.0278058,0.1
74,0.47346157,-0.73952204,-0.8793208,0.52411515,-0.4787135,-1.8023168,-0.58098537,-0.028794661,0.062499996
76,0.70502937,-0.60988873,-0.02278027,0.4403817,-1.3414015,-1.2460463,0.45529565,-0.41115656,0.030303024
77,-0.22761075,-0.4320411,1.977684,1.8134629,0.69237566,0.57970494,-0.816579,0.9357629,0.04545454
78,0.77070826,-0.64065874,0.009803735,0.46426308,-1.4074738,-1.3268237,0.49267504,-0.38795826,0.018181838
79,0.3857811,0.22362347,-0.71255714,-0.7090384,1.114188,-0.7743898,-0.5655785,1.137299,0.055555556
80,0.5226561,0.4683563,-0.97547364,-1.2924469,1.0599799,-0.73410606,-0.21237823,1.0760189,0.052631587
85,0.77060986,-0.6405986,0.009718791,0.46419293,-1.4073536,-1.3267041,0.4926211,-0.38798603,0.017543847
86,0.7769503,0.44142598,1.008961,-0.5005041,0.7825514,0.055685118,0.35988215,1.6167424,0.05263158
87,-0.24569498,-0.46690366,-1.4379162,-0.14842997,-2.3341248,-0.24706008,0.9247486,-2.8620505,0.09090909
88,0.52022576,-0.13792963,-0.6748925,-0.25065684,0.5201869,-1.2369082,-0.5385861,0.8326502,0.05
89,0.47749436,-0.15169847,-0.62446076,-0.18437104,0.52482027,-1.1823525,-0.5654036,0.8121424,0.062500015
90,-0.89676106,0.9980978,-0.0034833401,-1.3253218,-0.34767824,2.5665233,1.2441798,-1.7086139,0.017543858
91,-1.1143621,-0.4627556,0.7483145,1.5880847,-0.15252186,1.2159699,-0.7131491,-1.1702614,0.055555556
92,0.77060986,-0.6405986,0.009718791,0.46419293,-1.4073536,-1.3267041,0.4926211,-0.38798603,0.017543847
93,-1.1163913,-0.46139476,0.7465458,1.5862851,-0.14954503,1.2187932,-0.7146114,-1.170778,0.07142856
94,0.5001162,0.4763077,-0.9798918,-1.2949291,1.080913,-0.70621717,-0.22675732,1.0689151,0.11111111
95,0.4759577,0.24110176,1.6364512,0.23317029,0.7368387,0.47364914,0.15832877,1.4685823,0.029411769
96,-0.6630563,0.10046808,0.5373229,0.5008186,1.0802454,1.0166895,-0.79385084,0.28272092,0.020833341
97,-0.38497752,-0.1969667,0.8848076,0.9739946,0.5644176,0.56274337,-0.644196,0.31158584,0.043478265
98,-0.37639445,-0.50013065,0.27023846,1.0912857,-0.24015723,0.017822102,-0.5244072,-0.4776506,0.09090909
100,-0.24393807,-0.48651248,-1.4034009,-0.105449304,-2.3565214,-0.25258368,0.92726785,-2.8628688,0.027027018
101,0.69102156,-0.606375,-0.02234824,0.4428991,-1.3312173,-1.2282574,0.44690195,-0.4171963,0.029411763
102,-1.6316195,0.18910292,0.46850306,0.80232364,1.9114077,2.182437,-1.6219536,-0.21840721,0.07142857
103,-0.40971017,-0.18685153,0.8751302,0.96702117,0.59166497,0.5958002,-0.66056997,0.3025505,0.08333333
104,-1.7088665,0.2384113,0.39941734,0.7273215,2.026214,2.2936957,-1.6798875,-0.2457684,0.031249993
105,0.5810024,0.5653103,-0.028314248,-1.043597,1.0865849,-0.17341514,0.04716278,1.3907346,0.0625
106,0.41025627,-0.18806809,-0.4909373,-0.05184385,0.390225,-1.0494001,-0.5002536,0.6703795,0.06666667
107,-0.017541014,-0.67724985,0.43556106,1.173987,-0.9692726,-0.37624073,-0.063675076,-0.6723633,0.083333336
108,0.6377678,-0.036020122,-0.95379007,-0.58752185,0.586155,-1.3916382,-0.4520249,0.90270686,0.09090909
109,0.6377678,-0.036020122,-0.95379007,-0.58752185,0.586155,-1.3916382,-0.4520249,0.90270686,0.09090909
110,-0.051142663,-0.6783278,0.4903506,1.2796247,-0.64073867,-0.40495223,-0.3141858,-0.37690702,0.016949164
111,-1.0534557,-0.5035024,0.8010276,1.6416997,-0.24155419,1.131777,-0.6693297,-1.1546574,0.071428575
112,-1.5301293,0.45694464,1.4651419,0.45307785,-0.5230626,3.4908192,0.7185169,-2.1830144,0.083333336
113,-0.42789334,0.75873494,0.40636796,-0.7695178,0.9703945,1.556565,0.16061303,0.21254027,0.024390237
114,-0.0133024305,0.0017910872,0.8325522,0.3693276,0.015978396,0.49034888,0.13703975,0.14262035,0.039999995
115,0.50095755,-0.76365674,-0.838767,0.56320983,-0.52268606,-1.8335212,-0.5640841,-0.021961018,0.038461544
116,-1.6455754,0.19803777,0.45588475,0.7887679,1.9321271,2.20248,-1.6323684,-0.22331092,0.0625
117,-0.8955326,0.99607235,0.00018458068,-1.32134,-0.35102886,2.564949,1.2451743,-1.7088162,0.016393445
118,0.77060986,-0.6405986,0.009718791,0.46419293,-1.4073536,-1.3267041,0.4926211,-0.38798603,0.017543847
119,0.6082387,-0.5761217,-0.04188414,0.4339069,-1.2597078,-1.125105,0.39876926,-0.4498321,0.07142857
120,-0.026843145,0.36326233,-0.8386043,-0.78162074,1.3925476,-0.24246922,-0.73828524,0.883373,0.049999997
121,0.68554765,1.1762409,0.03341207,-1.8832887,2.18949,0.29836422,0.019145675,2.3626306,0.07142857
122,0.52225953,0.46858907,-0.97575116,-1.2927072,1.0604646,-0.73362935,-0.21261933,1.0759178,0.06666667
123,-1.6296139,0.18781991,0.4703114,0.80427176,1.908429,2.1795542,-1.6204545,-0.21770102,0.07692308
124,-0.082504064,-0.670731,0.45564276,1.211939,-0.924271,-0.29114306,-0.102764115,-0.6968404,0.010101004
125,0.5606159,0.44605005,-0.94875264,-1.2674631,1.0135493,-0.77968055,-0.1893143,1.0856448,0.038461536
126,0.5604957,0.44612092,-0.9488379,-1.267543,1.0136964,-0.77953637,-0.1893872,1.0856144,0.0625
127,-0.050609514,-0.6697939,0.50288594,1.2725508,-0.6236008,-0.39201665,-0.31364787,-0.35954103,0.015625007
128,0.5605015,0.44611746,-0.9488338,-1.2675391,1.0136894,-0.77954334,-0.18938366,1.085616,0.05882353
129,0.5605015,0.44611746,-0.9488338,-1.2675391,1.0136894,-0.77954334,-0.18938366,1.085616,0.05882353
130,0.5605015,0.44611746,-0.9488338,-1.2675391,1.0136894,-0.77954334,-0.18938366,1.085616,0.05882353
131,-0.41488248,-0.47759104,0.24297163,1.0660555,-0.19035141,0.06878863,-0.5499268,-0.48843965,0.052631576
132,0.77059495,-0.64058965,0.009705313,0.4641825,-1.4073368,-1.3266866,0.49261245,-0.38799098,0.06250001
133,-1.0534557,-0.5035024,0.8010276,1.6416997,-0.24155419,1.131777,-0.6693297,-1.1546574,0.071428575
134,-0.08515322,-0.6706928,0.45685935,1.2140827,-0.9226099,-0.28771335,-0.10431089,-0.6977997,0.010416658
135,0.52276284,0.46829376,-0.9753994,-1.2923771,1.0598497,-0.73423463,-0.21231326,1.076046,0.0909091
136,0.52276284,0.46829376,-0.9753994,-1.2923771,1.0598497,-0.73423463,-0.21231326,1.076046,0.0909091
137,-0.41566986,-0.47532126,0.23811547,1.0608462,-0.18704249,0.06955744,-0.5504958,-0.48814395,0.08333333
138,0.52276284,0.46829376,-0.9753994,-1.2923771,1.0598497,-0.73423463,-0.21231326,1.076046,0.0909091
139,-0.42813188,0.760371,0.40309972,-0.7733178,0.97241193,1.5567766,0.1604394,0.21285331,0.023809522
140,-0.89676106,0.9980978,-0.0034833327,-1.3253218,-0.34767824,2.5665233,1.2441798,-1.7086139,0.017543858
141,0.70502937,-0.60988873,-0.02278027,0.4403817,-1.3414015,-1.2460463,0.45529565,-0.41115656,0.030303024
143,0.4879037,0.9374322,0.5453098,-1.2188828,2.0401292,0.53380865,-0.13392755,2.2140458,0.04347826
144,0.77059495,-0.64058965,0.009705313,0.4641825,-1.4073368,-1.3266866,0.49261245,-0.38799098,0.06250001
145,0.77059495,-0.64058965,0.009705313,0.4641825,-1.4073368,-1.3266866,0.49261245,-0.38799098,0.06250001
146,-1.1068125,0.6588541,0.81122863,-0.3541559,-0.6143281,2.8742785,1.0913239,-1.9148618,0.08333333
148,-0.6561275,0.1074831,0.51884246,0.47849852,1.0845952,1.006639,-0.7891093,0.2884825,0.01960785
149,-0.6653433,0.09793266,0.54389733,0.5087348,1.0785439,1.0200233,-0.7954181,0.28074878,0.021276591
150,0.47840428,0.42389736,-0.8556034,-1.1556946,1.0279789,-0.6707485,-0.24699715,1.0467097,0.07142856
151,0.3764078,-0.036588512,-0.66303575,-0.3254816,0.71269983,-0.97516364,-0.5878243,0.8409225,0.1
152,0.7715909,-0.61621046,-0.042425692,0.4042868,-1.3798438,-1.3266256,0.4921445,-0.38363567,0.083333336
153,-0.37305158,0.21731047,0.14401308,0.0055363737,1.0502721,0.61024654,-0.597459,0.46760532,0.07692308
154,0.77059495,-0.64058965,0.009705313,0.4641825,-1.4073368,-1.3266866,0.49261245,-0.38799098,0.06250001
155,0.77059495,-0.64058965,0.009705313,0.4641825,-1.4073368,-1.3266866,0.49261245,-0.38799098,0.06250001
157,-0.039632417,-0.6621553,0.7726659,1.5232924,0.17135802,-0.47650373,-0.86886114,0.47836336,0.071428575
159,-0.085893705,-0.67056566,0.4569828,1.2143828,-0.92203903,-0.2867381,-0.1047608,-0.6980742,0.010526308
160,0.27097806,-0.083496965,-2.0606794,-0.7873593,1.0660189,-1.7506763,-1.141565,0.6388478,0.04166667
161,0.56944495,-0.044768635,-0.84045374,-0.5201023,0.4284292,-1.2288009,-0.36383864,0.7177453,0.06666667
162,-0.9970287,0.8408918,0.37586945,-0.87352985,-0.47165012,2.71365,1.1724454,-1.8065487,0.055555563
163,0.77059495,-0.64058965,0.009705313,0.4641825,-1.4073368,-1.3266866,0.49261245,-0.38799098,0.06250001
164,-1.1363109,-0.44802752,0.72919506,1.5685058,-0.12021941,1.2465467,-0.7290053,-1.1758348,0.05882353
165,-0.103627935,-0.3415231,-0.21295522,0.413724,-0.6055086,-0.23182817,-0.031788256,-0.703905,0.08333333
166,0.77059495,-0.64058965,0.009705313,0.4641825,-1.4073368,-1.3266866,0.49261245,-0.38799098,0.06250001
167,-0.08421007,-0.67068803,0.45638812,1.2132677,-0.92318463,-0.28893507,-0.10376425,-0.697461,0.010309272
168,0.7705909,-0.6405873,0.0097018555,0.46417958,-1.4073317,-1.3266814,0.49261025,-0.38799205,0.050000004
169,-1.7088665,0.2384113,0.39941734,0.7273215,2.026214,2.2936957,-1.6798875,-0.2457684,0.031249993
170,-1.7088665,0.2384113,0.39941734,0.7273215,2.026214,2.2936957,-1.6798875,-0.2457684,0.031249993
171,0.6470746,0.09929652,-1.1017277,-0.920313,0.31960088,-1.2224171,-0.09242433,0.56464905,0.015873006
172,0.77049506,-0.6405286,0.009618118,0.46411127,-1.4072151,-1.3265655,0.49255714,-0.38801983,0.04545455
173,0.43393105,0.17475054,1.3011483,0.25372934,1.0414057,0.18995847,-0.22868621,1.6526716,0.06666667
174,0.650357,0.10500524,-1.1208425,-0.93982106,0.31840032,-1.2275429,-0.08445139,0.5594602,0.01639344
175,0.6346285,0.0907956,-1.0812957,-0.8936538,0.3069827,-1.2060893,-0.09589419,0.5480162,0.015873028
177,-0.93080103,1.0103046,-0.010369942,-1.3296574,-0.31207705,2.6133044,1.2189223,-1.7199447,0.055555545
178,0.33280486,-0.6285138,-1.0591521,0.35615134,-0.26770633,-1.6414759,-0.66710275,-0.06565887,0.083333336
179,0.5410195,-0.007006682,0.33750844,0.07780284,1.0288,-0.68437356,-0.5643072,1.5852648,0.099999994
180,0.5410195,-0.007006682,0.33750844,0.07780284,1.0288,-0.68437356,-0.5643072,1.5852648,0.099999994
183,-0.051144876,-0.67547095,0.49426377,1.2772185,-0.63497883,-0.40056312,-0.3141197,-0.37134597,0.016393438
184,-0.051142663,-0.6783278,0.4903506,1.2796247,-0.64073867,-0.40495223,-0.3141858,-0.37690702,0.016949164
185,-0.047687866,-0.67716664,0.49642342,1.2788421,-0.6389217,-0.40494668,-0.31190845,-0.37009856,0.016666658
186,-0.05252333,-0.6796486,0.48500186,1.2798625,-0.6435711,-0.40707397,-0.31508654,-0.38206014,0.11111111
187,-0.7200095,0.48380515,1.1058472,0.0920053,0.83659315,1.9640594,-0.06371831,-0.021034345,0.1
188,-0.4236518,0.7616194,0.39825284,-0.7793981,0.9712738,1.5505843,0.16381681,0.21564607,0.024999995
189,-0.42789334,0.75873494,0.40636796,-0.7695178,0.9703945,1.556565,0.16061303,0.21254027,0.024390237
190,0.7473869,-0.6263991,-0.010555923,0.44760478,-1.3790704,-1.2985709,0.47973356,-0.39473268,0.1
193,-0.3442515,-0.5251707,0.30804405,1.1285009,-0.2895515,-0.023671972,-0.50303006,-0.47029665,0.1
194,0.7739621,-0.60626835,-0.064586475,0.3783707,-1.3695235,-1.328915,0.49301246,-0.38103262,0.06666667
195,0.7740376,-0.6104574,-0.055731505,0.38846302,-1.3744345,-1.3292149,0.49320784,-0.3817205,0.071428575
196,-0.03181456,-0.6478311,0.7336225,1.4792901,0.18690962,-0.4892885,-0.8659696,0.48688027,0.058823537
197,-0.035194285,-0.6654211,0.77685946,1.5283107,0.16752318,-0.48341078,-0.8681174,0.48201007,0.07692309
198,0.70502937,-0.60988873,-0.02278027,0.4403817,-1.3414015,-1.2460463,0.45529565,-0.41115656,0.030303024
200,-0.4230227,0.31131703,-0.030862674,-0.18932553,1.1916307,0.67100495,-0.6283291,0.47071877,0.062499996
201,-0.41967756,0.30945724,-0.028554067,-0.18711643,1.1874578,0.66657776,-0.62612516,0.47183892,0.05882353
204,-0.6738964,0.08772696,0.5701036,0.54020107,1.0712883,1.0325434,-0.801253,0.27312467,0.02325582
205,-0.89676106,0.9980978,-0.0034833327,-1.3253218,-0.34767824,2.5665233,1.2441798,-1.7086139,0.017543858
206,-0.897197,0.99322313,0.0069920123,-1.3132718,-0.35351503,2.5674057,1.244064,-1.7105702,0.016129034
207,-0.797573,0.070775434,0.47548622,0.65033,1.6278523,0.9892819,-1.295938,0.6198815,0.10000001
208,-1.4542173,0.07518257,0.6305351,0.97440577,1.6486659,1.9288718,-1.4903647,-0.15651369,0.11111111
209,-0.0133024305,0.0017910872,0.8325522,0.3693276,0.015978396,0.49034888,0.13703975,0.14262035,0.039999995
210,0.08055288,0.32343617,-0.8160723,-0.76371086,1.2888248,-0.38357645,-0.66996837,0.92109275,0.099999994
211,-1.0955459,0.6495265,0.8249294,-0.33974594,-0.63274163,2.8590996,1.0997665,-1.9127733,0.1
212,-1.052356,-0.50423044,0.8019416,1.6426488,-0.24314816,1.1303053,-0.6685394,-1.1543698,0.111111104
213,-1.1386434,-0.44646785,0.72715724,1.5664849,-0.11684008,1.2497782,-0.7306709,-1.1764354,0.021276595
214,-0.74890846,0.46006688,1.1641418,0.16795121,0.83001053,2.002564,-0.08555506,-0.041823357,0.06666667
215,-0.897197,0.99322313,0.0069920123,-1.3132718,-0.35351503,2.5674057,1.244064,-1.7105702,0.016129034
216,-0.89851874,0.9950168,0.0038611367,-1.3166262,-0.35039765,2.5691273,1.243012,-1.710495,0.017241376
218,0.5605015,0.44611746,-0.9488338,-1.2675391,1.0136894,-0.77954334,-0.18938366,1.085616,0.05882353
219,0.5605015,0.44611746,-0.9488338,-1.2675391,1.0136894,-0.77954334,-0.18938366,1.085616,0.05882353
220,0.5605015,0.44611746,-0.9488338,-1.2675391,1.0136894,-0.77954334,-0.18938366,1.085616,0.05882353
221,0.5605015,0.44611746,-0.9488338,-1.2675391,1.0136894,-0.77954334,-0.18938366,1.085616,0.05882353
222,0.56074744,0.44551036,-0.9492885,-1.2669264,1.0134115,-0.7807777,-0.18992677,1.0856472,0.017857142
223,0.56125724,0.4456727,-0.94829905,-1.2670385,1.0127631,-0.7804495,-0.188925,1.0858066,0.018181823
224,0.56074744,0.44551036,-0.94928837,-1.2669264,1.0134115,-0.7807777,-0.18992677,1.0856472,0.017857142
225,0.56125724,0.4456727,-0.94829905,-1.2670385,1.0127631,-0.7804495,-0.188925,1.0858066,0.018181823
226,0.56125724,0.4456727,-0.94829905,-1.2670385,1.0127631,-0.7804495,-0.188925,1.0858066,0.018181823
227,0.56125724,0.4456727,-0.94829905,-1.2670385,1.0127631,-0.7804495,-0.188925,1.0858066,0.018181823
228,0.56125724,0.4456727,-0.94829905,-1.2670385,1.0127631,-0.7804495,-0.188925,1.0858066,0.018181823
229,0.56141645,0.4455788,-0.9481871,-1.2669345,1.0125688,-0.78064066,-0.18882835,1.0858475,0.018518532
230,0.5610289,0.44580698,-0.9484608,-1.2671906,1.0130435,-0.78017575,-0.18906352,1.0857491,0.058823522
231,0.39286208,0.12788829,-0.5281139,-0.48518884,1.0076046,-0.7819777,-0.5662004,1.1294087,0.066666655
232,0.5610289,0.44580698,-0.9484608,-1.2671906,1.0130435,-0.78017575,-0.18906352,1.0857491,0.058823522
234,0.5226561,0.4683563,-0.97547364,-1.2924469,1.0599799,-0.73410606,-0.21237823,1.0760189,0.052631587
235,0.52235156,0.46853516,-0.97568715,-1.292647,1.0603521,-0.7337402,-0.2125634,1.0759413,0.055555567
236,-1.0527823,-0.5039564,0.801631,1.6422938,-0.24253877,1.1308231,-0.66884726,-1.1544863,0.0909091
237,0.77079225,-0.6407098,0.009878717,0.46432298,-1.4075767,-1.3269252,0.49272206,-0.3879334,0.019607836
238,0.56850845,0.31756938,0.79382074,-0.27332062,1.009458,-0.034977626,-0.0712554,1.5914468,0.06666668
239,-0.080019146,-0.6707388,0.45438534,1.209867,-0.9257499,-0.2943864,-0.101294406,-0.69589806,0.009900997
240,-0.6738964,0.08772696,0.5701036,0.54020107,1.0712883,1.0325434,-0.801253,0.27312467,0.02325582
241,0.77058524,-0.6405835,0.009697206,0.46417558,-1.4073247,-1.3266745,0.4926069,-0.38799366,0.02
242,-0.89851874,0.9950168,0.0038611367,-1.3166262,-0.35039765,2.5691273,1.243012,-1.710495,0.017241376
243,-0.2912122,-0.5587826,-0.75856715,0.7171777,0.107294,-0.7956256,-1.1200194,-0.32150584,0.06666667
245,-1.2713457,0.6776236,0.8785101,-0.27280837,-0.4869051,3.1158783,0.95376045,-1.996817,0.07692309
246,-0.3971197,-0.48706502,0.25329134,1.0752944,-0.21219908,0.04507619,-0.5381385,-0.4832261,0.0909091
247,-0.6768668,0.08384241,0.58001345,0.5520308,1.068322,1.0369205,-0.80325544,0.27033845,0.025000006
248,0.77058524,-0.6405835,0.009697206,0.46417558,-1.4073247,-1.3266745,0.4926069,-0.38799366,0.02
249,-0.16225143,-0.22606307,0.5207995,0.81099993,0.884302,-0.019610465,-0.92483044,0.7932768,0.049999993
250,-0.39393514,-0.17964093,0.8508528,0.9379865,0.5969916,0.5723392,-0.65441686,0.31788206,0.06666668
251,-1.2316952,0.53651196,1.137971,0.038555216,-0.6625782,3.0603204,0.981155,-2.01377,0.035714287
253,0.27512357,-0.08071053,-2.0348144,-0.78281116,1.062742,-1.7371294,-1.1312084,0.6478977,0.03999999
255,-0.6738964,0.087726966,0.5701036,0.54020107,1.0712883,1.0325434,-0.801253,0.27312467,0.02325582
256,0.4260015,-0.061468124,0.19091181,0.14399654,1.0154649,-0.6944748,-0.67926204,1.4303782,0.07692307
257,-0.08185749,-0.67042285,0.4546976,1.2106085,-0.9243429,-0.29196614,-0.10241233,-0.6965836,0.0101010045
260,-0.66614974,0.101401486,0.5365686,0.50030893,1.0832424,1.0210685,-0.79631454,0.28140604,0.1
261,1.2765054,-0.4101718,-0.0087767765,0.09599892,0.011160642,-1.9917808,-0.1722539,1.3867103,0.017857147
262,0.7092003,1.1631773,0.050132554,-1.867785,2.1613548,0.27025288,0.034008615,2.369677,0.09090908
263,-0.26171356,-0.45910588,-1.4516273,-0.15524738,-2.3122375,-0.23071809,0.917739,-2.862563,0.11111111
267,-0.082589805,-0.67168415,0.4576723,1.2144531,-0.92525244,-0.29106563,-0.102732345,-0.69695747,0.0625
268,0.65096897,0.10732302,-1.1260136,-0.9457503,0.3193975,-1.2277422,-0.08161963,0.5587841,0.016949154
269,0.71977156,-0.0064025633,-0.92867815,-0.72717464,0.18470386,-1.3244697,-0.0897201,0.59607697,0.058823537
270,-0.05252333,-0.6796486,0.48500186,1.2798625,-0.6435711,-0.40707397,-0.31508654,-0.38206014,0.11111111
271,0.2928364,0.047091614,0.3387585,0.12458884,1.2345588,-0.36602515,-0.7201993,1.4961046,0.043478254
272,-0.05252333,-0.6796486,0.48500186,1.2798625,-0.6435711,-0.40707397,-0.31508654,-0.38206014,0.11111111
273,0.7473869,-0.6263991,-0.010555923,0.44760478,-1.3790704,-1.2985709,0.47973356,-0.39473268,0.1
274,-1.7088665,0.2384113,0.39941734,0.7273215,2.026214,2.2936957,-1.6798875,-0.2457684,0.031249993
275,0.7473869,-0.6263991,-0.010555923,0.44760478,-1.3790704,-1.2985709,0.47973356,-0.39473268,0.1
276,-0.897197,0.99322313,0.0069920123,-1.3132718,-0.35351503,2.5674057,1.244064,-1.7105702,0.016129034
277,-1.2263404,0.7600647,0.65876406,-0.51443005,-0.4143136,3.0352988,1.0016457,-1.935342,0.04761906
278,-0.051483147,-0.5421688,2.1320033,1.9606866,0.45200318,0.34343702,-0.69531924,0.9935833,0.07692308
279,-1.107527,0.8129793,0.4864775,-0.7295022,-0.43570614,2.865794,1.0949863,-1.8642317,0.027777778
280,-0.38497752,-0.1969667,0.8848076,0.9739946,0.5644176,0.56274337,-0.644196,0.31158584,0.043478265
281,-0.05252333,-0.6796486,0.48500186,1.2798625,-0.6435711,-0.40707397,-0.31508654,-0.38206014,0.11111111
282,-1.1386434,-0.44646785,0.72715724,1.5664849,-0.11684008,1.2497782,-0.7306709,-1.1764354,0.021276595
283,-0.52265143,-0.6893167,-0.74921066,0.62371564,-2.5178185,0.15244702,0.72509915,-3.0725217,0.06666667
284,-0.89676106,0.9980978,-0.0034833401,-1.3253218,-0.34767824,2.5665233,1.2441798,-1.7086139,0.017543858
285,-0.89851874,0.9950168,0.0038611367,-1.3166262,-0.35039765,2.5691273,1.243012,-1.710495,0.017241376
286,-0.05252333,-0.6796486,0.48500186,1.2798625,-0.6435711,-0.40707397,-0.31508654,-0.38206014,0.11111111
287,-0.5462213,0.8491661,-1.3546826,-1.4738253,2.435651,0.4791208,-1.1614952,1.0006609,0.031249994
289,0.50651914,0.39906165,0.37378764,-0.58407754,0.93320537,-0.06004689,-0.008883361,1.3224767,0.11111111
290,-1.1101412,0.81214744,0.4895391,-0.72560257,-0.43492633,2.8694737,1.0930095,-1.865676,0.028571436
291,-0.05252333,-0.6796486,0.48500186,1.2798625,-0.6435711,-0.40707397,-0.31508654,-0.38206014,0.11111111
292,-0.38497752,-0.1969667,0.8848076,0.9739946,0.5644176,0.56274337,-0.644196,0.31158584,0.043478265
293,-1.1835432,-0.41632667,0.68813175,1.526259,-0.050616458,1.3123275,-0.76315904,-1.1878139,0.041666675
294,0.5798069,-0.12006945,-1.3475357,-0.6275166,0.50052005,-1.6201533,-0.5832301,0.6564255,0.11111111
297,-1.0938033,0.8182706,0.46925813,-0.7520641,-0.43880123,2.847069,1.1048212,-1.8568693,0.025641028
298,-1.107527,0.8129793,0.4864775,-0.7295022,-0.43570614,2.865794,1.0949863,-1.8642317,0.027777778
299,-0.8950788,0.9949204,0.0023424774,-1.3189034,-0.3527701,2.5644124,1.2455608,-1.7090484,0.071428575
300,-0.26521075,-0.19788787,0.8242775,0.921215,0.71709996,0.34550005,-0.7321563,0.58111334,0.090909086
301,-0.27119327,-0.34683174,2.0054438,1.7166873,0.8511126,0.7343417,-0.8363321,1.0043114,0.09090909
302,-0.66614974,0.101401486,0.5365686,0.50030893,1.0832424,1.0210685,-0.79631454,0.28140604,0.1
303,0.055642888,0.75048596,-1.3746102,-1.6382799,1.810273,-0.2380881,-0.6389916,1.0955936,0.09090909
304,-1.107527,0.8129793,0.4864775,-0.7295022,-0.43570614,2.865794,1.0949863,-1.8642317,0.027777778
305,-0.52265143,-0.6893167,-0.74921066,0.62371564,-2.5178185,0.15244702,0.72509915,-3.0725217,0.06666667
306,0.80729055,0.8874023,0.29682496,-1.4711428,1.3622472,0.11270495,0.3640256,1.869856,0.08333332
308,0.786038,0.0069793356,-0.661297,-0.57364416,0.7049487,-1.3846195,-0.405767,1.2430285,0.06666667
309,-0.19893344,-0.3087492,0.6555519,0.91971576,0.19377884,0.15598722,-0.48791915,0.16498417,0.071428575
310,-1.1373601,-0.44732878,0.72827303,1.5676339,-0.11873229,1.247991,-0.72974217,-1.1761101,0.021739125
311,-0.20263924,-0.10754601,0.6030868,0.6126624,0.56482536,0.31276703,-0.5312066,0.42447576,0.07692307
312,0.2796679,0.0003834052,-0.92338383,-0.40595645,1.0121156,-1.0324512,-0.8207836,0.9444598,0.111111104
313,0.65096897,0.10732302,-1.1260136,-0.9457503,0.3193975,-1.2277422,-0.08161963,0.5587841,0.016949154
314,-1.107527,0.8129793,0.4864775,-0.7295022,-0.43570614,2.865794,1.0949863,-1.8642317,0.027777778
315,-0.22524755,-0.21420866,0.83963865,0.9325824,0.67396927,0.29222924,-0.7058492,0.59619594,0.0625
316,-0.05252333,-0.6796486,0.48500186,1.2798625,-0.6435711,-0.40707397,-0.31508654,-0.38206014,0.11111111
317,-0.05252333,-0.6796486,0.48500186,1.2798625,-0.6435711,-0.40707397,-0.31508654,-0.38206014,0.11111111
318,-0.8950788,0.9949204,0.0023424774,-1.3189034,-0.3527701,2.5644124,1.2455608,-1.7090484,0.071428575
319,-0.937894,0.99997,0.01482296,-1.2996408,-0.3202775,2.6236722,1.2140548,-1.7267593,0.052631587
320,-1.5571446,0.230534,0.3570415,0.641968,1.8999603,2.0761936,-1.5727913,-0.16807824,0.07692309
321,-0.05940348,-0.53054774,2.1100314,1.9372934,0.47154564,0.35354882,-0.7013491,0.9934821,0.111111104
322,-0.8950788,0.9949204,0.0023424774,-1.3189034,-0.3527701,2.5644124,1.2455608,-1.7090484,0.071428575
324,-0.937894,0.99997,0.01482296,-1.2996408,-0.3202775,2.6236722,1.2140548,-1.7267593,0.052631587
325,0.68435544,1.1768988,0.032570317,-1.8840691,2.190907,0.29978102,0.018396273,2.3622744,0.076923065
326,-0.937894,0.99997,0.01482296,-1.2996408,-0.3202775,2.6236722,1.2140548,-1.7267593,0.052631587
327,-0.937894,0.99997,0.01482296,-1.2996408,-0.3202775,2.6236722,1.2140548,-1.7267593,0.052631587
328,-0.937894,0.99997,0.01482296,-1.2996408,-0.3202775,2.6236722,1.2140548,-1.7267593,0.052631587
329,-0.22966506,-0.43076414,1.9758619,1.811735,0.6951826,0.5824526,-0.8179988,0.9350736,0.04761904
330,-0.52265143,-0.6893167,-0.74921066,0.62371564,-2.5178185,0.15244702,0.72509915,-3.0725217,0.06666667
331,-0.5008488,0.3336622,1.3322122,0.31362402,0.51998144,1.6816398,0.09535887,0.048568197,0.047619045
332,-0.937894,0.99997,0.01482296,-1.2996408,-0.3202775,2.6236722,1.2140548,-1.7267593,0.052631587
333,-1.1835432,-0.41632667,0.68813175,1.526259,-0.050616458,1.3123275,-0.76315904,-1.1878139,0.041666675
334,-1.1835432,-0.41632667,0.68813175,1.526259,-0.050616458,1.3123275,-0.76315904,-1.1878139,0.041666675
336,-1.1126233,0.82332814,0.46695137,-0.7512557,-0.4200732,2.872025,1.0914489,-1.8628005,0.032258064
337,0.2849486,-0.0005601694,-0.92282593,-0.40779155,1.00704,-1.0384743,-0.8179143,0.94552016,0.07142857
338,0.2909829,0.048362315,0.33743173,0.12306677,1.2372572,-0.36344385,-0.7213628,1.4958681,0.04761904
339,-0.05252333,-0.6796486,0.48500186,1.2798625,-0.6435711,-0.40707397,-0.31508654,-0.38206014,0.11111111
340,0.4759577,0.24110176,1.6364512,0.23317029,0.7368387,0.47364914,0.15832877,1.4685823,0.029411769
341,-0.8950788,0.9949204,0.0023424774,-1.3189034,-0.3527701,2.5644124,1.2455608,-1.7090484,0.071428575
342,0.6291681,0.62625337,-0.18394206,-1.227647,1.1294316,-0.2405209,0.080169804,1.4229616,0.058823526
343,0.64352,0.6313353,-0.2011648,-1.2503699,1.1261067,-0.25906563,0.08935241,1.4287307,0.058823526
344,-0.8000257,0.72587895,0.509532,-0.74587095,-0.74045336,2.446257,1.3234031,-1.7576485,0.024390234
345,-0.8000257,0.72587895,0.509532,-0.74587095,-0.74045336,2.446257,1.3234031,-1.7576485,0.024390234
346,0.7092004,1.1631774,0.050132554,-1.8677851,2.1613548,0.27025288,0.03400863,2.3696773,0.09090909
347,-0.16900675,-0.23251817,0.5375382,0.8324631,0.8807651,-0.010437891,-0.92850083,0.78876436,0.052631587
348,-0.0053453445,0.35226354,-0.8283699,-0.7706854,1.3687186,-0.2707621,-0.7246634,0.8906373,0.04166666
349,0.643495,0.10233436,-1.1095159,-0.92891866,0.3121197,-1.2164406,-0.086060286,0.5508748,0.111111104
350,-1.7088665,0.2384113,0.39941734,0.7273215,2.026214,2.2936957,-1.6798875,-0.2457684,0.031249993
351,0.47241068,-0.14451545,-0.62778056,-0.20224895,0.46588248,-1.1508381,-0.50146747,0.75110686,0.040000007
354,0.7905332,-0.12337706,-0.80788094,-0.52870643,0.0383631,-1.453459,-0.068801075,0.6054883,0.11111111
355,0.7406306,-0.083982185,-0.8673038,-0.5860052,0.11297711,-1.3947012,-0.09806768,0.5956331,0.083333336
356,0.7406306,-0.083982185,-0.8673038,-0.5860052,0.11297711,-1.3947012,-0.09806768,0.5956331,0.083333336
357,1.2813649,-0.4173574,-0.7344535,-0.4729957,-1.2691032,-1.9755135,0.7089775,-0.056316078,0.111111104
361,-1.2566557,0.77539974,0.6452432,-0.5287737,-0.37688053,3.0785952,0.97697943,-1.9461483,0.11111111
364,0.37809908,-0.35644323,1.932124,0.9392343,-2.074947,0.6397362,1.587865,-1.0441855,0.010869573
371,0.70693016,0.45981592,0.1727129,-0.86449456,0.91065264,-0.31108505,0.10953926,1.4421462,0.071428575
372,-0.97331357,-0.6767809,0.13417849,1.5544366,-0.5994611,0.5381593,-0.72250617,-1.4784781,0.04761905
375,-0.8000257,0.72587895,0.509532,-0.74587095,-0.74045336,2.446257,1.3234031,-1.7576485,0.024390234
384,0.7611705,-0.56989896,-0.9339129,0.16268665,0.024972461,-2.0725374,-0.6636811,0.6693381,0.090909086
385,0.78517395,-0.0436157,-0.85547024,-0.6863678,0.037518263,-1.3730642,-0.013844356,0.55375504,0.071428575
386,-0.0048882663,-0.1736113,-2.1489923,-1.026655,-2.041053,-0.55047154,1.0685991,-2.6596649,0.062499993
388,-0.00838726,-0.17697781,-2.139327,-1.0157018,-2.045285,-0.54553914,1.066274,-2.6633227,0.05882353
389,-0.4182356,0.13173443,2.4900968,1.1901611,1.0885947,1.8076466,-0.37699878,0.95181787,0.33333334
390,-0.4182356,0.13173443,2.4900968,1.1901611,1.0885947,1.8076466,-0.37699878,0.95181787,0.33333334
391,-0.8597958,-0.57064956,-0.8071537,0.6327059,-2.1826663,0.5914101,0.523111,-3.168357,0.031249998
393,-0.8597958,-0.57064956,-0.8071537,0.6327059,-2.1826663,0.5914101,0.523111,-3.168357,0.031249998
394,0.70673186,1.2178478,1.6926869,-1.2915626,1.7786556,1.3486181,0.6434225,2.3617842,0.027777769
395,0.4879037,0.9374322,0.5453098,-1.2188828,2.0401292,0.53380865,-0.13392755,2.2140458,0.04347826
396,0.47886235,0.92952836,0.5582648,-1.1977078,2.036263,0.5419962,-0.14122294,2.2063513,0.04761905
397,-0.15701959,-0.6272825,0.39991385,1.1636238,-0.83039206,-0.19476117,-0.1491661,-0.7186551,0.041666668
398,-0.15701959,-0.6272825,0.39991385,1.1636238,-0.83039206,-0.19476117,-0.1491661,-0.7186551,0.041666668
399,0.77064276,-0.10219157,-0.8428894,-0.56466424,0.07495776,-1.4301612,-0.08004381,0.6028128,0.052631572
401,-0.7942011,-0.7208526,0.12313788,1.5071844,-0.76974773,0.29753572,-0.6106691,-1.4269472,0.111111104
402,0.91811115,0.009346108,-1.0434742,-0.9106203,0.056973066,-1.5418963,0.085064285,0.630551,0.09090909
403,0.89385307,0.026204115,-1.0673093,-0.9325991,0.08998766,-1.5135849,0.07090094,0.62532,0.11111111
404,0.27512357,-0.08071053,-2.0348144,-0.78281116,1.062742,-1.7371294,-1.1312084,0.6478977,0.03999999
405,0.7691509,-0.10129066,-0.8441291,-0.5657127,0.07685202,-1.4284041,-0.080943555,0.60245717,0.07692308
406,-0.76549375,0.052206248,0.43582535,0.661817,1.712424,0.8823589,-1.3779655,0.7351136,0.11111111
407,-0.7812537,-0.8775994,0.48857063,1.9084846,-0.9675679,0.29744363,-0.5897888,-1.4518031,0.07142857
408,-0.14116524,-0.5570088,-1.2656575,-0.014893189,-2.5249453,-0.35719413,0.97086245,-2.8657203,0.07692308
409,-0.0004995093,0.16066533,-0.15942506,-0.35546982,-0.006819539,0.18782991,0.19738069,-0.17381594,0.111111104
413,1.0611929,1.1299294,1.868251,-1.1113856,2.475811,0.7963792,0.12981251,3.465906,0.5
414,-0.80623513,-0.6750227,0.021323882,1.3972839,-0.70642424,0.30902666,-0.6219337,-1.4223474,0.111111104
415,1.3852519,-0.41005996,0.9291689,0.5237103,0.1778352,-1.710204,-0.12719473,1.9182489,0.07692308
417,0.7918069,-0.115077,-0.82568944,-0.5494997,0.048129845,-1.4551687,-0.06736465,0.60784173,0.1
418,0.8206358,-0.13516963,-0.79664725,-0.52273566,0.008386277,-1.4891108,-0.050360776,0.61398965,0.058823537
419,0.8206358,-0.13516963,-0.79664725,-0.52273566,0.008386277,-1.4891108,-0.050360776,0.61398965,0.058823537
420,0.7934037,-0.116050296,-0.8243825,-0.5483532,0.04610303,-1.4570539,-0.066408664,0.60821855,0.08333332
421,0.8010085,-0.12370971,-0.81187934,-0.5356392,0.032666378,-1.4659733,-0.06209053,0.6093272,0.07142858
422,0.8010085,-0.12370971,-0.81187934,-0.5356392,0.032666378,-1.4659733,-0.06209053,0.6093272,0.07142858
423,-0.3078125,0.23788884,0.0686874,-0.09056443,1.0368404,0.51950544,-0.5529222,0.5064,0.07142855
424,-0.3078125,0.23788884,0.0686874,-0.09056443,1.0368404,0.51950544,-0.5529222,0.5064,0.07142855
425,-0.3078125,0.23788884,0.0686874,-0.09056443,1.0368404,0.51950544,-0.5529222,0.5064,0.07142855
426,-0.31202346,0.2346495,0.07772091,-0.07965556,1.0353198,0.5255565,-0.5558959,0.5032754,0.055555563
427,0.43846935,-0.22748151,1.4554149,0.48301393,-2.0122402,0.48388004,1.6165535,-1.0778395,0.083333336
428,0.44365805,-0.2576716,-0.7239602,-0.22562854,-0.68130493,-0.98851126,0.22610667,-0.36848715,0.07692309
430,-0.25825858,0.069975935,2.5798328,1.2674749,1.0562907,1.5768094,-0.36743745,1.1577973,0.07692308
432,0.65791523,-0.033999223,-0.9333918,-0.64433545,0.21736133,-1.2966177,-0.14789507,0.57553005,0.014925369
433,0.53678685,-0.5681368,-2.1605566,-0.36582786,-0.20182748,-2.3304875,-0.71127355,-0.21231148,0.062499996
434,0.660561,-0.03559648,-0.9312768,-0.64247376,0.21402302,-1.2997551,-0.14629996,0.5761738,0.014285708
435,0.72288686,-0.07323532,-0.88160586,-0.59858316,0.13541292,-1.3736978,-0.10873168,0.59135085,0.083333336
436,0.73352885,-0.079681054,-0.87302786,-0.59103864,0.1219567,-1.3862946,-0.102336235,0.5939191,0.06666667
437,0.65937465,-0.03487998,-0.9322274,-0.6433088,0.21552046,-1.2983488,-0.14701492,0.5758859,0.014492746
438,0.65791523,-0.033999223,-0.9333918,-0.64433545,0.21736133,-1.2966177,-0.14789507,0.57553005,0.014925369
439,0.65791523,-0.033999223,-0.9333918,-0.64433545,0.21736133,-1.2966177,-0.14789507,0.57553005,0.014925369
440,0.6607903,-0.035728518,-0.9311154,-0.64232975,0.21374278,-1.300033,-0.14615569,0.5762367,0.06666666
441,0.6607903,-0.035728518,-0.9311154,-0.64232975,0.21374278,-1.300033,-0.14615569,0.5762367,0.06666666
442,0.6607903,-0.035728518,-0.9311154,-0.64232975,0.21374278,-1.300033,-0.14615569,0.5762367,0.06666666
443,0.6607903,-0.035728518,-0.9311154,-0.64232975,0.21374278,-1.300033,-0.14615569,0.5762367,0.06666666
444,0.6607903,-0.035728518,-0.9311154,-0.64232975,0.21374278,-1.300033,-0.14615569,0.5762367,0.06666666
445,0.6607903,-0.035728518,-0.9311154,-0.64232975,0.21374278,-1.300033,-0.14615569,0.5762367,0.06666666
446,0.6607903,-0.035728518,-0.9311154,-0.64232975,0.21374278,-1.300033,-0.14615569,0.5762367,0.06666666
447,0.6607903,-0.035728518,-0.9311154,-0.64232975,0.21374278,-1.300033,-0.14615569,0.5762367,0.06666666
448,0.65775067,-0.03389995,-0.9335232,-0.6444503,0.21756896,-1.2964222,-0.14799458,0.5754899,0.017241374
449,0.65791523,-0.033999223,-0.9333917,-0.64433545,0.21736133,-1.2966177,-0.14789507,0.57553005,0.01492537
450,0.65791523,-0.033999223,-0.9333917,-0.64433545,0.21736133,-1.2966177,-0.14789507,0.57553005,0.01492537
451,0.6608696,-0.03577618,-0.9310529,-0.6422743,0.2136432,-1.300127,-0.14610782,0.57625616,0.066666655
452,0.6592256,-0.03478716,-0.93235517,-0.64342165,0.2157126,-1.2981745,-0.1471023,0.5758524,0.043478265
453,0.65791523,-0.033999223,-0.9333917,-0.64433545,0.21736133,-1.2966177,-0.14789507,0.57553005,0.014925369
454,0.660408,-0.035498496,-0.9314184,-0.6425965,0.21422412,-1.2995789,-0.14638701,0.5761428,0.066666655
455,0.660408,-0.035498496,-0.9314184,-0.6425965,0.21422412,-1.2995789,-0.14638701,0.5761428,0.066666655
456,0.6600181,-0.03526386,-0.9317274,-0.6428687,0.21471503,-1.2991157,-0.1466229,0.57604706,0.055555556
457,0.65951914,-0.034963764,-0.9321228,-0.6432168,0.21534309,-1.298523,-0.14692473,0.57592446,0.047619045
458,0.65791523,-0.033999223,-0.9333917,-0.64433545,0.21736133,-1.2966177,-0.14789507,0.57553005,0.014925369
459,0.6599062,-0.035196632,-0.93181586,-0.6429466,0.21485573,-1.2989827,-0.14669052,0.5760196,0.05882353
460,0.6604081,-0.035498492,-0.93141854,-0.6425965,0.21422412,-1.2995789,-0.14638701,0.5761428,0.066666655
461,0.7193704,-0.07111038,-0.88439095,-0.6010638,0.13984455,-1.369521,-0.11085067,0.5904936,0.05882353
462,0.6604081,-0.035498492,-0.93141854,-0.6425965,0.21422412,-1.2995789,-0.14638701,0.5761428,0.066666655
463,0.72429204,-0.0740872,-0.8804704,-0.5975849,0.13363501,-1.3753605,-0.107887894,0.5916892,0.055555552
464,0.65805775,-0.034085162,-0.93327737,-0.6442353,0.21718131,-1.2967881,-0.14780861,0.57556486,0.016129026
465,0.72307736,-0.073355675,-0.8814332,-0.5984354,0.1351647,-1.3739177,-0.10862145,0.59139144,0.05882352
466,0.65791523,-0.033999223,-0.9333917,-0.64433545,0.21736133,-1.2966177,-0.14789507,0.57553005,0.014925369
467,0.6992262,-0.058920562,-0.90050447,-0.6153172,0.16527928,-1.3456403,-0.122969665,0.585611,0.09090909
468,0.65791523,-0.033999223,-0.9333917,-0.64433545,0.21736133,-1.2966177,-0.14789507,0.57553005,0.014925369
469,0.6576974,-0.033867735,-0.93356454,-0.64448816,0.2176363,-1.2963591,-0.14802699,0.5754763,0.016666675
470,0.72929484,-0.07711434,-0.876437,-0.594046,0.12731056,-1.3812821,-0.10487921,0.5928984,0.08333332
471,0.6608696,-0.03577618,-0.9310529,-0.6422743,0.2136432,-1.300127,-0.14610782,0.57625616,0.066666655
472,0.6608696,-0.03577618,-0.9310529,-0.6422743,0.2136432,-1.300127,-0.14610782,0.57625616,0.066666655
473,0.6608696,-0.03577618,-0.9310529,-0.6422743,0.2136432,-1.300127,-0.14610782,0.57625616,0.066666655
474,0.6608696,-0.03577618,-0.9310529,-0.6422743,0.2136432,-1.300127,-0.14610782,0.57625616,0.066666655
475,0.71622056,-0.06920305,-0.886955,-0.6032951,0.14383343,-1.3657994,-0.11274314,0.5897358,0.07692309
476,0.6608696,-0.03577618,-0.9310529,-0.6422743,0.2136432,-1.300127,-0.14610782,0.57625616,0.066666655
477,0.7284479,-0.07660264,-0.8771212,-0.5946431,0.12838115,-1.3802801,-0.1053891,0.5926933,0.0909091
478,0.71468866,-0.06827587,-0.8881823,-0.6043796,0.1457682,-1.363984,-0.11366433,0.58936477,0.07692308
479,0.73156,-0.07848804,-0.8746188,-0.5924356,0.124447435,-1.3839655,-0.10351898,0.5934447,0.052631587
480,0.73204386,-0.07877988,-0.8742187,-0.59209627,0.123833716,-1.3845353,-0.10322739,0.59356105,0.071428575
481,0.6608696,-0.03577618,-0.9310529,-0.6422743,0.2136432,-1.300127,-0.14610782,0.57625616,0.066666655
482,0.6608696,-0.03577618,-0.9310529,-0.6422743,0.2136432,-1.300127,-0.14610782,0.57625616,0.066666655
483,0.6608696,-0.03577618,-0.9310529,-0.6422743,0.2136432,-1.300127,-0.14610782,0.57625616,0.066666655
484,0.6608696,-0.03577618,-0.9310529,-0.6422743,0.2136432,-1.300127,-0.14610782,0.57625616,0.066666655
485,-1.1118054,-0.46445662,0.7504772,1.590317,-0.1562473,1.2124974,-0.7113085,-1.1695995,0.062499996
486,-0.08231221,-0.67178136,0.4577375,1.2144674,-0.92552626,-0.29142892,-0.102561854,-0.69686425,0.06666667
487,0.36996514,0.2981435,3.713164,1.1731621,1.5080293,1.6723818,-0.06572785,2.416033,0.0909091
488,0.43626463,-0.13469541,-0.08433868,0.10392341,0.90314394,-0.91835177,-0.7340502,1.2849752,0.083333336
489,0.43626463,-0.13469541,-0.08433868,0.10392341,0.90314394,-0.91835177,-0.7340502,1.2849752,0.083333336
490,0.9234243,-0.7275308,-1.7968924,-0.1660176,-0.50455636,-2.7005296,-0.5261077,0.062044322,0.11111111
491,0.8385645,-0.4263072,-0.5353249,-0.11837472,-1.0818899,-1.4614223,0.45549265,-0.23903117,0.111111104
493,-0.004863009,0.19841227,2.2171726,0.6078141,-0.29179454,1.5555809,0.8357499,0.103944376,0.11111113
494,-0.76495314,-0.73103064,-0.53596956,0.9312493,-2.4251246,0.46149617,0.58025604,-3.161633,0.11111111
495,0.44676626,-0.5903567,-0.41059983,0.5356754,-0.24658246,-1.4332763,-0.5773689,0.2473117,0.05555555
496,0.41297412,-0.64069307,-0.336667,0.6628978,-0.286833,-1.4173168,-0.6204294,0.21267726,0.062499993
498,0.80023026,-0.120208316,-0.81864226,-0.54346114,0.037414104,-1.465086,-0.062327784,0.6098002,0.08333332
499,0.810278,-0.12633596,-0.8103758,-0.53623486,0.02465877,-1.4769412,-0.056324266,0.61215705,0.083333336
500,0.8346961,-0.1423583,-0.78792894,-0.5159652,-0.0077649727,-1.5057306,-0.041816186,0.6176293,0.08333332
501,0.8002304,-0.120208316,-0.81864226,-0.54346114,0.037414104,-1.465086,-0.062327784,0.6098002,0.08333332
502,1.0112311,1.3541881,0.9033827,-1.896984,2.2954612,0.64246726,0.375429,2.9568322,0.05882352
503,-0.047579326,-0.54462385,2.1353784,1.9639267,0.44668502,0.33816642,-0.6926459,0.9948288,0.08333331
504,0.643495,0.10233436,-1.1095159,-0.92891866,0.3121197,-1.2164406,-0.086060286,0.5508748,0.111111104
505,-0.5490279,-0.253776,1.0566506,1.093875,-0.19320942,0.9688165,-0.19003752,-0.53960145,0.11111111
506,-0.54902786,-0.253776,1.0566506,1.093875,-0.19320942,0.9688165,-0.19003755,-0.53960145,0.11111111
507,0.83870393,-0.53186375,-0.82542807,0.073301084,-0.15796332,-2.0070696,-0.46251678,0.5820211,0.06666667
508,0.83870393,-0.53186375,-0.82542807,0.073301084,-0.15796332,-2.0070696,-0.46251678,0.5820211,0.06666667
509,-1.7088665,0.2384113,0.39941734,0.7273215,2.026214,2.2936957,-1.6798875,-0.2457684,0.031249993
510,-1.7088665,0.2384113,0.39941734,0.7273215,2.026214,2.2936957,-1.6798875,-0.2457684,0.031249993
512,0.7629848,-0.09753437,-0.84914076,-0.5701365,0.08466926,-1.4211181,-0.08463604,0.6009939,0.066666655
513,0.7629848,-0.09753437,-0.8491408,-0.5701365,0.08466926,-1.4211181,-0.08463604,0.6009939,0.066666655
515,0.5610289,0.44580698,-0.9484608,-1.2671906,1.0130435,-0.78017575,-0.18906352,1.0857491,0.058823522
517,0.52164847,0.3279139,0.57392126,-0.5062501,0.24895935,0.10858852,0.46884844,0.7666565,0.04347826
518,0.5610289,0.44580698,-0.9484608,-1.2671906,1.0130435,-0.78017575,-0.18906352,1.0857491,0.058823522
519,0.5610289,0.44580698,-0.9484608,-1.2671906,1.0130435,-0.78017575,-0.18906352,1.0857491,0.058823522
520,0.56132895,0.4456306,-0.94824886,-1.2669924,1.0126771,-0.78053564,-0.18888164,1.0858246,0.025000006
521,0.56076396,0.44540063,-0.9494132,-1.2668178,1.013396,-0.78100115,-0.19006735,1.0856442,0.021739138
522,0.56138724,0.44559643,-0.94820726,-1.2669538,1.0126047,-0.7806057,-0.18884626,1.0858401,0.022222236
523,0.56124616,0.445679,-0.94830644,-1.2670455,1.0127774,-0.7804359,-0.18893164,1.0858033,0.018518511
524,0.5227418,0.46830606,-0.97541416,-1.2923907,1.059875,-0.7342095,-0.21232599,1.0760406,0.058823537
525,0.5226561,0.46835634,-0.97547364,-1.2924469,1.0599799,-0.73410606,-0.21237823,1.0760189,0.052631587
526,0.56125724,0.4456727,-0.94829905,-1.2670385,1.0127631,-0.7804495,-0.188925,1.0858066,0.018181825
527,0.5607986,0.4454248,-0.9493271,-1.2668378,1.0133511,-0.78095174,-0.1899789,1.085656,0.020000013
528,0.56125724,0.4456727,-0.94829905,-1.2670385,1.0127631,-0.7804495,-0.188925,1.0858066,0.018181825
529,0.56119734,0.4457075,-0.9483416,-1.2670778,1.0128363,-0.7803779,-0.18896121,1.0857917,0.020000003
530,0.56073153,0.44598198,-0.948671,-1.2673867,1.0134077,-0.77981925,-0.18924412,1.085674,0.037037037
531,0.56073153,0.44598198,-0.948671,-1.2673867,1.0134077,-0.77981925,-0.18924412,1.085674,0.037037037
532,0.56082135,0.44592923,-0.9486077,-1.2673275,1.0132977,-0.77992684,-0.18918955,1.0856967,0.055555563
533,0.5609145,0.44587436,-0.94854176,-1.2672662,1.0131836,-0.78003865,-0.18913299,1.0857203,0.05882353
534,-0.16940624,-0.08469897,0.47973353,0.5034294,0.5826,0.23298098,-0.535005,0.44083396,0.099999994
536,-0.8610424,-0.5711926,-0.8054688,0.63508505,-2.1825259,0.5930236,0.5223436,-3.168836,0.030303024
538,-1.0646291,-0.49602196,0.79132265,1.6318642,-0.22522436,1.1472596,-0.6773635,-1.1575174,0.083333336
539,-0.75650275,-1.1779659,0.52799875,2.0475357,-2.9046419,0.48417687,0.4974027,-3.1787264,0.066666655
540,-1.7086786,0.23829135,0.399584,0.7275042,2.0259347,2.2934237,-1.6797462,-0.24570122,0.1111111
541,-0.66614974,0.101401486,0.5365686,0.50030893,1.0832424,1.0210685,-0.79631454,0.28140604,0.1
542,-0.66614974,0.101401486,0.5365686,0.50030893,1.0832424,1.0210685,-0.79631454,0.28140604,0.1
543,-0.66614974,0.101401486,0.5365686,0.50030893,1.0832424,1.0210685,-0.79631454,0.28140604,0.1
544,-0.66614974,0.101401486,0.5365686,0.50030893,1.0832424,1.0210685,-0.79631454,0.28140604,0.1
545,-0.66614974,0.101401486,0.5365686,0.50030893,1.0832424,1.0210685,-0.79631454,0.28140604,0.1
546,-0.66614974,0.101401486,0.5365686,0.50030893,1.0832424,1.0210685,-0.79631454,0.28140604,0.1
547,-0.66614974,0.101401486,0.5365686,0.50030893,1.0832424,1.0210685,-0.79631454,0.28140604,0.1
548,-0.4230227,0.31131703,-0.030862674,-0.18932553,1.1916307,0.6710049,-0.6283291,0.47071877,0.062499996
549,-0.3078125,0.23788884,0.0686874,-0.09056443,1.0368404,0.51950544,-0.5529222,0.5064,0.07142855
550,-0.66614974,0.101401486,0.5365686,0.50030893,1.0832424,1.0210685,-0.79631454,0.28140604,0.1
551,-0.3078125,0.23788884,0.0686874,-0.09056443,1.0368404,0.51950544,-0.5529222,0.5064,0.07142855
552,-0.32520497,0.22487685,0.104705535,-0.04655412,1.0314056,0.54423624,-0.5650066,0.49398604,0.09090907
553,-0.66614974,0.101401486,0.5365686,0.50030893,1.0832424,1.0210685,-0.79631454,0.28140604,0.1
554,-0.66614974,0.101401486,0.5365686,0.50030893,1.0832424,1.0210685,-0.79631454,0.28140604,0.1
555,-0.66614974,0.101401486,0.5365686,0.50030893,1.0832424,1.0210685,-0.79631454,0.28140604,0.1
556,-0.66614974,0.101401486,0.5365686,0.50030893,1.0832424,1.0210685,-0.79631454,0.28140604,0.1
557,-0.32520497,0.22487685,0.104705535,-0.04655412,1.0314056,0.54423624,-0.5650066,0.49398604,0.09090907
558,-0.66614974,0.101401486,0.5365686,0.50030893,1.0832424,1.0210685,-0.79631454,0.28140604,0.1
559,-0.3078125,0.23788884,0.0686874,-0.09056443,1.0368404,0.51950544,-0.5529222,0.5064,0.07142855
560,-0.66614974,0.101401486,0.5365686,0.50030893,1.0832424,1.0210685,-0.79631454,0.28140604,0.1
561,-0.31248665,0.22939509,0.088987745,-0.066494554,1.0293816,0.5265307,-0.5563006,0.5016063,0.058823537
562,-0.66614974,0.101401486,0.5365686,0.50030893,1.0832424,1.0210685,-0.79631454,0.28140604,0.1
563,-0.66614974,0.101401486,0.5365686,0.50030893,1.0832424,1.0210685,-0.79631454,0.28140604,0.1
564,-0.66614974,0.101401486,0.5365686,0.50030893,1.0832424,1.0210685,-0.79631454,0.28140604,0.1
565,-0.66614974,0.101401486,0.5365686,0.50030893,1.0832424,1.0210685,-0.79631454,0.28140604,0.1
566,-0.66614974,0.101401486,0.5365686,0.50030893,1.0832424,1.0210685,-0.79631454,0.28140604,0.1
567,-0.31473488,0.2211691,0.10754363,-0.04479216,1.020839,0.53023946,-0.5580524,0.4980932,0.10000001
568,-0.66614974,0.101401486,0.5365686,0.50030893,1.0832424,1.0210685,-0.79631454,0.28140604,0.1
569,0.36151934,0.0047004083,-1.3748527,-0.66456777,1.0058066,-1.3600705,-0.8648016,0.8742516,0.04166667
571,0.643495,0.10233436,-1.1095159,-0.92891866,0.3121197,-1.2164406,-0.086060286,0.5508748,0.111111104
572,0.643495,0.10233436,-1.1095159,-0.92891866,0.3121197,-1.2164406,-0.086060286,0.5508748,0.111111104
573,-0.05252333,-0.6796486,0.48500186,1.2798625,-0.6435711,-0.40707397,-0.31508654,-0.38206014,0.11111111
574,0.643495,0.10233436,-1.1095159,-0.92891866,0.3121197,-1.2164406,-0.086060286,0.5508748,0.111111104
575,1.4186997,-0.7470493,-1.3261524,-0.123184055,-0.3707503,-3.087078,-0.45612848,0.8320265,0.09090909
576,-0.7645472,-0.91968894,0.58036405,2.0051973,-1.0285538,0.28068978,-0.5762022,-1.4538903,0.029411761
577,-0.2746364,-0.54531646,-1.2563188,0.06050319,-2.4237034,-0.20738873,0.90348464,-2.897683,0.071428575
578,-0.2625419,-0.5064961,-1.3484129,-0.041933887,-2.3767333,-0.22595401,0.9138174,-2.8793633,0.1
579,-0.26131946,-0.48564494,-1.3943726,-0.092531964,-2.3487017,-0.22921444,0.91610503,-2.8715394,0.071428575
589,0.9801869,0.08688163,0.71345097,-0.56749904,-1.8852679,-0.13910335,1.9798424,-0.6572788,0.09999999
590,-0.27523392,-0.5877571,0.50257057,1.2731256,-0.3828131,-0.07164589,-0.4663805,-0.41284946,0.05
591,0.35788476,0.103641845,1.3735586,0.42724484,0.9791742,0.23469411,-0.2807889,1.5543636,0.062499996
592,-1.1093603,0.8199228,0.47258812,-0.7452298,-0.4262846,2.86778,1.0938021,-1.8625735,0.03030304
593,-1.1043698,0.8230372,0.46320307,-0.75660944,-0.4260481,2.860421,1.0978632,-1.8591067,0.11111111
594,-1.1043698,0.8230372,0.46320307,-0.75660944,-0.4260481,2.860421,1.0978632,-1.8591067,0.11111111
595,-1.1043698,0.8230372,0.46320307,-0.75660944,-0.4260481,2.860421,1.0978632,-1.8591067,0.11111111
596,-1.1043698,0.8230372,0.46320307,-0.75660944,-0.4260481,2.860421,1.0978632,-1.8591067,0.11111111
597,-1.1043698,0.8230372,0.46320307,-0.75660944,-0.4260481,2.860421,1.0978632,-1.8591067,0.11111111
598,-1.1043698,0.8230372,0.46320307,-0.75660944,-0.4260481,2.860421,1.0978632,-1.8591067,0.11111111
599,-1.1043698,0.8230372,0.46320307,-0.75660944,-0.4260481,2.860421,1.0978632,-1.8591067,0.11111111
600,-1.1043698,0.8230372,0.46320307,-0.75660944,-0.4260481,2.860421,1.0978632,-1.8591067,0.11111111
601,-1.1060226,0.8236495,0.4627576,-0.7569078,-0.42419827,2.8626895,1.0966045,-1.8596386,0.1
602,-1.1060226,0.8236495,0.4627576,-0.7569078,-0.42419827,2.8626895,1.0966045,-1.8596386,0.1
603,-1.1060226,0.8236495,0.4627576,-0.7569078,-0.42419827,2.8626895,1.0966045,-1.8596386,0.1
604,-1.1060226,0.8236495,0.4627576,-0.7569078,-0.42419827,2.8626895,1.0966045,-1.8596386,0.1
605,-1.1043698,0.8230372,0.46320307,-0.75660944,-0.4260481,2.860421,1.0978632,-1.8591067,0.11111111
606,-1.1060226,0.8236495,0.4627576,-0.7569078,-0.42419827,2.8626895,1.0966045,-1.8596386,0.1
611,0.42508715,-0.5129423,-2.2983463,-0.45401233,-0.1387928,-2.2182555,-0.74057204,-0.3304125,0.06666667
612,0.42508715,-0.5129423,-2.2983463,-0.45401233,-0.1387928,-2.2182555,-0.74057204,-0.3304125,0.06666667
613,0.34140486,0.11545168,1.2504997,0.35512567,0.95786667,0.21167278,-0.2734252,1.4825227,0.055555552
614,-0.43977308,-0.23960805,-1.7956023,-0.5120623,-1.8864695,-0.018555326,0.74586713,-2.830115,0.09090909
615,0.61118376,-0.5857864,-2.2444181,-0.4149331,-0.2287985,-2.4680653,-0.700213,-0.19035536,0.071428575
616,0.6188835,-0.58602273,-2.2469456,-0.42012662,-0.23253398,-2.476726,-0.6953182,-0.18738559,0.07692309
617,0.52741235,-0.534193,-2.3156924,-0.4750849,-0.122869864,-2.3758802,-0.7504248,-0.2138164,0.055555552
618,0.5819408,-0.5918924,-2.2216632,-0.37794882,-0.22353216,-2.434762,-0.71924925,-0.20281401,0.03571429
619,0.74862754,-0.92216146,-1.7518227,0.13675734,-1.2444744,-2.494587,-0.26474708,-0.7414783,0.025641026
620,0.53370094,-0.8948828,-1.7394745,0.23584181,-1.1064179,-2.2574646,-0.39065656,-0.82131433,0.11111111
621,0.7486458,-0.92617065,-1.744578,0.14636819,-1.2488973,-2.4945927,-0.26463932,-0.7415941,0.028571438
622,0.7524217,-0.9213052,-1.7560813,0.13145012,-1.2440606,-2.4993162,-0.26204735,-0.7389947,0.02702703
625,1.0907546,-0.40826747,-0.6097684,-0.30311364,-1.0571941,-1.7636788,0.5178742,0.005544603,0.11111111
626,0.28154114,-0.0021253775,-0.91819036,-0.40148234,1.0072585,-1.034189,-0.8201796,0.94407153,0.083333336
627,0.2849486,-0.0005601694,-0.92282593,-0.40779155,1.00704,-1.0384743,-0.8179143,0.94552016,0.07142857
628,0.30918676,0.005274272,-0.9448265,-0.4397906,0.9994229,-1.0684531,-0.8021744,0.9547789,0.05882352
629,0.3238889,0.008592106,-0.9547335,-0.4587381,0.99217343,-1.0849768,-0.7937745,0.95836294,0.09090909
630,0.28597432,0.0017928733,-0.9288008,-0.41407615,1.0098561,-1.0402101,-0.81677115,0.94676983,0.083333336
631,0.5631307,-0.26600355,1.681949,0.58780473,-2.102988,0.40769607,1.7012428,-0.9600924,0.09090909
632,0.70673186,1.2178478,1.6926869,-1.2915626,1.7786556,1.3486181,0.6434225,2.3617842,0.027777769
633,0.697622,1.1695734,0.04194545,-1.875376,2.1751292,0.2840141,0.026733376,2.3662302,0.062499996
634,0.25592554,-0.43345836,2.083801,1.58454,0.2388616,0.14618242,-0.30615413,1.0978894,0.076923065
635,0.25592554,-0.43345836,2.083801,1.58454,0.2388616,0.14618242,-0.30615413,1.0978894,0.076923065
636,0.25592554,-0.43345836,2.083801,1.58454,0.2388616,0.14618242,-0.30615413,1.0978894,0.076923065
637,0.25592554,-0.43345836,2.083801,1.58454,0.2388616,0.14618242,-0.30615413,1.0978894,0.076923065
638,0.25592554,-0.43345836,2.083801,1.58454,0.2388616,0.14618242,-0.30615413,1.0978894,0.076923065
639,0.25592554,-0.43345836,2.083801,1.58454,0.2388616,0.14618242,-0.30615413,1.0978894,0.076923065
640,0.25592554,-0.43345836,2.083801,1.58454,0.2388616,0.14618242,-0.30615413,1.0978894,0.076923065
641,0.26171148,-0.42871085,2.071248,1.568794,0.24131818,0.1386431,-0.30287388,1.1022168,0.0909091
642,0.26312777,-0.42720562,2.067466,1.564095,0.24232511,0.13680793,-0.30209687,1.1033912,0.11111111
643,0.2698209,-0.42139512,2.0522907,1.5451169,0.24556537,0.12810837,-0.29831988,1.1084939,0.111111104
644,0.65703017,-0.08041168,-1.6145573,-0.79731315,0.8117113,-1.8743644,-0.76593846,0.9334996,0.2
645,-1.1097146,-0.46586,0.7523055,1.5921767,-0.15931867,1.2095792,-0.7098009,-1.1690685,0.0625
647,-0.97331357,-0.6767809,0.13417849,1.5544366,-0.5994611,0.5381593,-0.72250617,-1.4784781,0.04761905
648,-0.97331357,-0.6767809,0.13417849,1.5544366,-0.5994611,0.5381593,-0.72250617,-1.4784781,0.04761905
649,-0.97991455,-0.6825716,0.1525776,1.5759627,-0.60217464,0.5480734,-0.7260334,-1.481916,0.052631587
650,-0.9782516,-0.68201053,0.14997536,1.5728582,-0.60255337,0.5455138,-0.7249779,-1.4811431,0.049999997
651,-0.97331357,-0.6767809,0.13417849,1.5544366,-0.5994611,0.5381593,-0.72250617,-1.4784781,0.047619052
652,-0.97331357,-0.6767809,0.13417849,1.5544366,-0.5994611,0.5381593,-0.72250617,-1.4784781,0.047619052
653,-0.97331357,-0.6767809,0.13417849,1.5544366,-0.5994611,0.5381593,-0.72250617,-1.4784781,0.047619052
654,-0.974617,-0.68391895,0.1519207,1.5744836,-0.6072777,0.54030895,-0.7223807,-1.480141,0.111111104
655,-0.974617,-0.68391895,0.1519207,1.5744836,-0.6072777,0.54030895,-0.7223807,-1.480141,0.111111104
656,-0.974617,-0.68391895,0.1519207,1.5744836,-0.6072777,0.54030895,-0.7223807,-1.480141,0.111111104
657,-0.974617,-0.68391895,0.1519207,1.5744836,-0.6072777,0.54030895,-0.7223807,-1.480141,0.111111104
658,-0.96362734,-0.6744063,0.12197098,1.5391546,-0.60303956,0.5242951,-0.7167551,-1.4747411,0.099999994
659,0.66471434,-0.24945539,-0.4923843,-0.1299772,-0.048094526,-1.3023038,-0.15338716,0.53478646,0.058823537
660,-0.84924895,-0.24161449,1.2302504,1.325136,0.068050936,1.3896482,-0.41872054,-0.6172211,0.09999998
661,0.40848672,-0.62711495,-2.0901673,-0.16235949,-0.18745135,-2.2364872,-0.8308541,-0.27481502,0.10000001
663,-0.1315377,-0.09271499,0.44730902,0.3661027,-0.23630108,0.3746915,0.11261631,-0.29361433,0.1
666,0.5609145,0.44587436,-0.94854176,-1.2672662,1.0131836,-0.78003865,-0.18913299,1.0857203,0.05882353
667,0.56112814,0.4457487,-0.94839084,-1.267125,1.0129223,-0.7802947,-0.18900341,1.0857743,0.045454547
668,0.56112814,0.4457487,-0.94839084,-1.267125,1.0129223,-0.7802947,-0.18900341,1.0857743,0.045454547
669,0.56112814,0.4457487,-0.94839084,-1.267125,1.0129223,-0.7802947,-0.18900341,1.0857743,0.045454547
670,0.75555027,-0.1360185,-1.3994788,-0.71769404,0.3995257,-1.8302245,-0.4668389,0.7224605,0.10000001
671,0.435341,-0.2625071,-0.5197458,0.08290007,0.71027464,-1.2637409,-0.8246587,1.0171218,0.07692309
688,-0.001888983,-1.1105382,0.6237255,2.0895576,-0.5999291,-1.0354617,-0.9458033,-0.093161374,0.055555552
689,0.015067063,-1.1493403,0.6935499,2.1744688,-0.65542674,-1.0618366,-0.9318833,-0.09079163,0.050000004
690,0.66897994,1.4650985,1.1441419,-1.7738416,2.8838108,1.199028,-0.015159778,3.145841,0.20000002
691,0.47538835,-0.49912947,-0.22689761,0.33454704,-0.9994999,-1.0239884,0.24179637,-0.41258696,0.03703703
701,0.3749649,0.035092577,-1.0313581,-0.56353027,0.98479015,-1.1478493,-0.755879,0.97187674,0.062499996
702,0.33778858,0.0076579065,-1.0015973,-0.4862646,0.98851365,-1.125635,-0.79431385,0.95541406,0.08333333
703,0.5589655,-0.13520113,-1.3032091,-0.57690006,0.48813385,-1.5936805,-0.5999841,0.64344585,0.1
704,0.094030485,-0.7393793,0.90144396,1.5581715,-0.36672378,-0.54076356,-0.49226347,0.17366734,0.076923065
705,0.25722218,-0.43166336,2.0794792,1.5792223,0.2402868,0.14452069,-0.30547085,1.0991002,0.11111109
706,0.26312777,-0.42720562,2.067466,1.564095,0.24232511,0.13680793,-0.30209687,1.1033912,0.11111111
707,0.19006509,0.042637527,-0.7854758,-0.55242723,-0.031543374,-0.49733245,0.017656446,-0.14895925,0.07692307
708,0.615833,-0.69236046,-2.1818233,-0.31982028,-0.8736448,-2.3612075,-0.3343081,-0.7507669,0.09090909
709,-0.051012844,-0.17729014,1.7974591,0.84602404,-1.64656,1.2269018,1.3257635,-1.2018181,0.045454536
710,-0.02534049,-0.16626132,1.7629554,0.8004925,-1.6503531,1.1929464,1.3431122,-1.1884663,0.039999995
711,-0.051012844,-0.17729014,1.7974591,0.84602404,-1.64656,1.2269018,1.3257635,-1.2018181,0.045454536
712,-0.06823173,-0.19483906,1.8392391,0.9005088,-1.6535462,1.2484491,1.3142871,-1.2116443,0.05
713,-0.06823173,-0.19483906,1.8392391,0.9005088,-1.6535462,1.2484491,1.3142871,-1.2116443,0.05
714,-0.06823173,-0.19483906,1.8392391,0.9005088,-1.6535462,1.2484491,1.3142871,-1.2116443,0.05
715,-0.06823173,-0.19483906,1.8392391,0.9005088,-1.6535462,1.2484491,1.3142871,-1.2116443,0.05
716,-0.06823173,-0.19483906,1.8392391,0.9005088,-1.6535462,1.2484491,1.3142871,-1.2116443,0.05
717,-0.04694467,-0.17719664,1.7973597,0.84270144,-1.6514732,1.2225883,1.3285196,-1.2018236,0.11111111
718,-0.04694467,-0.17719664,1.7973597,0.84270144,-1.6514732,1.2225883,1.3285196,-1.2018236,0.11111111
719,-0.04694467,-0.17719664,1.7973597,0.84270144,-1.6514732,1.2225883,1.3285196,-1.2018236,0.11111111
720,0.52741235,-0.534193,-2.3156924,-0.4750849,-0.122869864,-2.3758802,-0.7504248,-0.2138164,0.055555552
721,0.523498,-0.53058434,-2.3212497,-0.4807958,-0.11626859,-2.3716676,-0.7525939,-0.21462005,0.0625
722,0.52741235,-0.534193,-2.3156924,-0.4750849,-0.122869864,-2.3758802,-0.7504248,-0.2138164,0.055555552
723,0.032191478,0.3414713,-0.8265976,-0.7723232,1.3356053,-0.3201006,-0.7008157,0.9042922,0.058823537
725,-0.24563886,-0.33909982,-1.8014314,-0.42769605,-1.7422185,-0.43311405,0.5766138,-2.4546223,0.099999994
726,-1.1043698,0.8230372,0.46320307,-0.75660944,-0.4260481,2.860421,1.0978632,-1.8591067,0.11111111
727,0.8105902,-1.3544596,-0.04963082,1.6863232,-1.1470631,-2.4484744,-0.68538666,0.14820614,0.1
728,0.33562446,0.1083856,-0.45739865,-0.39448076,1.0162398,-0.70627546,-0.6040511,1.1017504,0.055555563
729,-0.70906824,-1.1191576,0.35107416,1.8482729,-2.8973658,0.42508405,0.55570644,-3.1903255,0.09090909
730,0.24225108,0.052880898,1.1739733,0.07587109,-1.566288,0.8316237,1.5368059,-1.0149883,0.09090909
731,0.24225108,0.0528809,1.1739733,0.07587109,-1.566288,0.8316237,1.5368061,-1.0149883,0.09090909
732,0.24225108,0.05288089,1.1739733,0.0758711,-1.566288,0.8316237,1.5368059,-1.0149883,0.09090909
733,0.35053223,0.09768703,1.0675412,-0.10694525,-1.6101794,0.70939356,1.5931695,-0.9858757,0.11111111
734,-0.797573,0.070775434,0.47548622,0.65033,1.6278523,0.9892819,-1.295938,0.6198815,0.10000001
735,0.58419263,0.43314916,-0.32275796,-0.9118989,1.433092,-0.59655005,-0.42677656,1.6920899,0.1
737,0.96373427,-0.053274542,-0.9348247,-0.7964128,-0.04471259,-1.5943338,0.108945616,0.63322246,0.1111111
738,0.96373427,-0.053274542,-0.9348247,-0.7964128,-0.04471259,-1.5943338,0.108945616,0.63322246,0.1111111
739,0.44300753,-0.3108103,-0.6146881,-0.09854509,-0.747528,-0.9879085,0.22493663,-0.38069364,0.055555556
740,0.4122433,-0.2930198,-0.6390807,-0.118325695,-0.71034825,-0.95076555,0.20685047,-0.38989994,0.06666667
741,0.46718013,-0.3212086,-0.60300356,-0.09167954,-0.77218866,-1.0170449,0.23911789,-0.37265202,0.05
742,0.40634125,-0.28813717,-0.64687663,-0.1256837,-0.7013272,-0.943639,0.20335767,-0.3913177,0.071428575
743,0.42094165,-0.2984132,-0.6314699,-0.11185059,-0.72130674,-0.96129066,0.21199378,-0.38735214,0.06250001
744,0.41041553,-0.28989467,-0.64473736,-0.124492794,-0.7056673,-0.9485047,0.20573983,-0.39005843,0.0909091
745,0.89025974,-1.4195538,0.0034095794,1.8223914,-1.0031989,-2.6428614,-0.85333043,0.40260842,0.111111104
746,0.78012234,-0.10797865,-0.83523643,-0.5578291,0.06294648,-1.4413737,-0.07437747,0.60506177,0.1
747,0.78012234,-0.10797865,-0.83523643,-0.5578291,0.06294648,-1.4413737,-0.07437747,0.60506177,0.1
748,0.78012234,-0.10797865,-0.83523643,-0.5578291,0.06294648,-1.4413737,-0.07437747,0.60506177,0.1
749,0.78012234,-0.10797865,-0.83523643,-0.5578291,0.06294648,-1.4413737,-0.07437747,0.60506177,0.1
750,0.78012234,-0.10797865,-0.83523643,-0.5578291,0.06294648,-1.4413737,-0.07437747,0.60506177,0.1
751,1.1776316,-0.4062365,-0.34614682,-0.13328074,-0.572668,-1.871505,0.20697492,0.6317626,0.062499996
752,1.2651511,-0.4153619,0.005603306,0.11660038,0.009043485,-1.9788027,-0.1774548,1.3798082,0.019230766
753,1.2765054,-0.4101718,-0.0087767765,0.09599892,0.011160642,-1.9917808,-0.1722539,1.3867103,0.017857147
756,0.7769503,0.44142598,1.008961,-0.5005041,0.7825514,0.055685118,0.35988215,1.6167424,0.05263158
757,0.5070595,0.5687706,1.8701704,-0.11542125,1.4889311,0.8534645,0.03671667,2.135404,0.037037045
758,0.46976042,0.22887707,1.6462833,0.2580183,0.72051036,0.47299463,0.1554197,1.4530727,0.033333324
759,-0.15979107,-0.6255835,0.39767575,1.1616162,-0.8267921,-0.1911657,-0.15090793,-0.71945035,0.0625
760,0.2680196,-0.39586583,-0.34561247,0.24246098,-0.7745018,-0.76495486,0.11528855,-0.48496398,0.1
761,-0.6975628,-0.9056374,0.49739647,1.9034163,-1.053579,0.18305825,-0.5363772,-1.4263167,0.06666666
762,-0.8096589,-0.5595652,-0.8587409,0.5607377,-2.2006335,0.52383846,0.55497056,-3.150387,0.1
764,-0.79063904,-0.62965167,0.043407664,1.5871148,0.81152725,-0.053072922,-1.7074726,0.024834104,0.083333336
765,-0.79063904,-0.6296516,0.043407656,1.5871148,0.8115273,-0.053072933,-1.7074726,0.024834104,0.083333336
766,-0.790639,-0.62965167,0.043407656,1.5871148,0.8115273,-0.053072937,-1.7074726,0.024834104,0.083333336
767,-0.79063904,-0.6296516,0.043407656,1.5871148,0.8115273,-0.053072933,-1.7074726,0.024834104,0.083333336
768,-0.4736647,-0.17191616,0.85485923,0.8305181,-0.15782987,0.87125427,-0.1438646,-0.4960768,0.10000001
769,-0.50139624,-0.18342407,0.894633,0.88050383,-0.15519239,0.90933806,-0.16273373,-0.51105726,0.111111104
770,-0.49490005,-0.20944695,0.94068533,0.9408844,-0.18212532,0.8980188,-0.15598483,-0.5102898,0.083333336
771,-0.5190417,-0.21833037,0.9722489,0.9816417,-0.17817195,0.93082225,-0.17218429,-0.52279687,0.09090909
772,0.6530783,0.3275912,0.3083347,-0.9067136,-1.3849382,0.2211013,1.7315607,-0.696908,0.099999994
773,0.6530783,0.3275912,0.3083347,-0.90671355,-1.3849382,0.2211013,1.7315607,-0.6969081,0.099999994
774,-0.08513662,-0.6706977,0.4568609,1.2140797,-0.9226241,-0.2877351,-0.10430062,-0.69779456,0.010526305
776,-0.008896045,-0.17762746,-2.138057,-1.014093,-2.0456755,-0.54529774,1.0662055,-2.6634176,0.09090909
777,-0.0048882663,-0.1736113,-2.1489923,-1.026655,-2.041053,-0.55047154,1.0685991,-2.6596649,0.062499993
778,-0.00838726,-0.17697778,-2.139327,-1.0157018,-2.045285,-0.54553914,1.066274,-2.6633227,0.05882353
779,0.7092003,1.1631773,0.050132558,-1.8677851,2.1613548,0.27025288,0.034008622,2.369677,0.09090909
780,0.4260015,-0.06146813,0.19091181,0.14399654,1.015465,-0.6944748,-0.67926204,1.4303782,0.076923065
781,0.30922145,0.03838742,0.35333997,0.1360931,1.2156469,-0.38510966,-0.7099629,1.502653,0.090909086
782,0.29395914,0.046463802,0.3397206,0.12540239,1.233202,-0.3673805,-0.7194978,1.4964981,0.041666675
783,0.2901261,0.049897075,0.3379233,0.12158082,1.2403361,-0.360815,-0.7218958,1.4974499,0.04761905
784,0.28782588,0.050973378,0.33572298,0.12007195,1.2427024,-0.35834295,-0.72332543,1.4962723,0.055555563
785,0.3154183,0.03611718,0.36013532,0.13954714,1.2104288,-0.3907079,-0.7060458,1.5069269,0.07142857
786,0.3572098,0.0076260623,0.37351477,0.16570082,1.1462481,-0.4566903,-0.67988604,1.504492,0.055555563
787,0.43626463,-0.13469517,-0.0843377,0.10392359,0.90314436,-0.9183511,-0.73405,1.284976,0.08333334
788,0.3154183,0.03611718,0.36013532,0.13954714,1.2104288,-0.3907079,-0.7060458,1.5069269,0.07142857
789,0.43626463,-0.13469517,-0.0843377,0.10392359,0.90314436,-0.9183511,-0.73405,1.284976,0.08333334
790,0.28782588,0.050973378,0.33572298,0.12007195,1.2427024,-0.35834295,-0.72332543,1.4962723,0.055555563
791,0.3154183,0.03611718,0.36013532,0.13954714,1.2104288,-0.3907079,-0.7060458,1.5069269,0.07142857
792,0.3154183,0.03611718,0.36013532,0.13954714,1.2104288,-0.3907079,-0.7060458,1.5069269,0.07142857
793,0.43626463,-0.13469534,-0.08433837,0.10392347,0.903144,-0.91835153,-0.73405004,1.2849754,0.08333333
794,0.28538343,0.052753862,0.33409852,0.11797881,1.2464631,-0.3547809,-0.7248583,1.4961493,0.062499993
795,0.5410195,-0.007006682,0.33750844,0.07780284,1.0288,-0.68437356,-0.5643072,1.5852648,0.099999994
796,-0.23213913,-0.4581536,-1.4616933,-0.17966054,-2.3296895,-0.26331395,0.93239295,-2.8544908,0.071428575
797,-0.8610424,-0.5711926,-0.8054688,0.63508505,-2.1825259,0.5930236,0.5223436,-3.168836,0.030303024
798,-0.64800006,-0.52093065,-1.0138698,0.3332306,-2.2489114,0.31858099,0.6520061,-3.0881407,0.111111104
799,-0.13430941,-0.6158045,0.36356437,1.1155268,-0.8309216,-0.22471221,-0.13610807,-0.70834565,0.0625
802,0.95101815,-0.5326209,-0.29932654,0.27872324,-0.06421906,-1.8979554,-0.41103637,0.91956544,0.06666667
803,0.9047731,-0.7136992,-1.5352955,-0.021494806,-0.2487499,-2.630122,-0.7166272,0.38223636,0.111111134
804,0.8964839,-0.72247356,-1.5462161,-0.0063272826,-0.25569922,-2.6364126,-0.72666043,0.3669576,0.083333336
805,1.4806677,0.24784088,0.21953106,-0.87188584,0.559067,-1.360464,0.3361029,1.9695624,0.083333336
806,0.8964839,-0.72247356,-1.5462161,-0.0063272826,-0.25569922,-2.6364126,-0.72666043,0.3669576,0.083333336
807,0.8964839,-0.7224735,-1.5462161,-0.0063272826,-0.25569922,-2.6364126,-0.72666043,0.3669576,0.083333336
808,0.4286021,-0.451573,-0.18064405,0.4284557,-0.15509434,-1.1328732,-0.41162774,0.3332733,0.0625
809,0.4286021,-0.451573,-0.18064405,0.4284557,-0.15509434,-1.1328732,-0.41162774,0.3332733,0.0625
810,0.49393386,0.20425224,0.7261632,-0.4727282,-1.5170141,0.49751115,1.6954372,-0.85751927,0.06666667
811,0.09449822,0.14837983,-0.3960505,-0.50371933,-0.023831978,-0.05583067,0.16720355,-0.15494493,0.111111104
812,0.09449822,0.14837983,-0.3960505,-0.50371933,-0.023831978,-0.05583067,0.16720355,-0.15494493,0.111111104
813,0.47706532,0.24006927,1.639776,0.23575383,0.7354934,0.4729982,0.15898624,1.4696833,0.03225807
814,1.2770696,-0.41606355,-0.7354236,-0.47284245,-1.2656435,-1.9705551,0.7065746,-0.057751358,0.10000001
829,0.62760466,-0.08598912,-1.1435871,-0.76923776,-0.55949026,-1.2072896,0.3367519,-0.25456545,0.0909091
830,1.4205079,-0.7481205,-1.3245581,-0.121931285,-0.3730029,-3.089011,-0.45509458,0.8324164,0.099999994
831,0.41200387,-0.29143372,-0.64230984,-0.12197934,-0.70823246,-0.950493,0.20671618,-0.3896238,0.071428575
832,-0.083161235,-0.67061204,0.45574164,1.2121898,-0.9237598,-0.29027593,-0.10316478,-0.69708574,0.0103092715
834,-0.66614974,0.101401486,0.5365686,0.50030893,1.0832424,1.0210685,-0.79631454,0.28140604,0.1
835,-0.66614974,0.101401486,0.5365686,0.50030893,1.0832424,1.0210685,-0.79631454,0.28140604,0.1
836,0.33471715,0.09002792,1.3345358,0.4365533,0.9600349,0.22766681,-0.2979384,1.5067717,0.052631587
837,0.6610687,-0.02829522,-1.5805995,-0.9020255,0.58350134,-1.7253927,-0.5168637,0.7113782,0.083333336
838,0.65703017,-0.08041167,-1.6145573,-0.79731315,0.8117113,-1.8743644,-0.76593846,0.9334996,0.2
839,0.05360506,-1.2058511,0.86393577,2.3188002,-0.75401616,-1.076187,-0.87482184,-0.07095975,0.07142858
840,-0.14950182,-1.2316837,0.93330115,2.5010705,-0.7292859,-0.8434102,-0.97844326,-0.24702266,0.076923065
841,-0.050643176,-1.2081491,0.82655853,2.3674073,-0.6867089,-0.9929158,-0.97793275,-0.13346687,0.052631587
842,0.05360506,-1.2058511,0.86393577,2.3188002,-0.75401616,-1.076187,-0.87482184,-0.07095975,0.07142858
843,-0.13315439,-1.2223175,0.8987703,2.4585843,-0.72950387,-0.8659458,-0.9707161,-0.24235263,0.07692309
844,-0.13940537,-1.2106795,0.87383366,2.4315488,-0.71841633,-0.85703295,-0.9691308,-0.2506345,0.083333336
845,-0.112909436,-1.2044258,0.8447364,2.393834,-0.7083208,-0.89671975,-0.9714741,-0.22160545,0.0625
846,-0.010244168,-1.2034695,0.78677064,2.316558,-0.7025388,-1.0492396,-0.95736724,-0.11584473,0.0625
847,-0.7229862,1.1083956,-0.2751088,-1.7049462,-0.3390904,2.3513477,1.3468397,-1.6212881,0.11111111
849,0.40260202,-0.2905792,-0.6407803,-0.1170094,-0.70210814,-0.9393099,0.20127457,-0.3931646,0.09090909
850,-0.34639406,-0.3349496,0.3204226,0.9872193,0.8463298,-0.040724438,-1.1234357,0.53797793,0.099999994
851,-0.2215416,-0.3142138,0.20668472,0.83301693,0.80044985,-0.21346913,-1.0490315,0.600964,0.066666655
852,-0.2215416,-0.3142138,0.20668472,0.83301693,0.80044985,-0.21346913,-1.0490315,0.600964,0.066666655
853,-0.257811,-0.28563654,0.16304,0.78943384,0.8568988,-0.16697983,-1.0714035,0.59236395,0.071428575
854,-0.27747905,-0.3483619,0.3142478,0.966518,0.78947896,-0.133472,-1.0807942,0.5657822,0.07692307
855,-0.34809256,-0.34135345,0.33653212,1.0052258,0.8387799,-0.03736906,-1.1241784,0.53498805,0.111111104
856,-0.33290714,-0.34831756,0.34462893,1.011087,0.82091606,-0.05722611,-1.1145952,0.5397829,0.11111111
857,-0.19584332,-0.27914727,0.11635915,0.7224169,0.8283178,-0.25157046,-1.0349942,0.6216513,0.058823537
858,-0.23852028,-0.27374482,0.12583227,0.74293464,0.8606218,-0.19470799,-1.0606197,0.6046292,0.07692307
859,-0.2870205,-0.29098693,0.19234145,0.8266957,0.86594176,-0.1255558,-1.0892854,0.576406,0.071428575
860,0.35629833,0.1310631,-1.8240812,-1.0613228,1.0933703,-1.4492056,-0.83610207,0.76691175,0.11111111
861,0.35634714,0.13103642,-1.8240478,-1.0612973,1.0933114,-1.449265,-0.8360723,0.76692414,0.09090909
862,0.35634714,0.13103642,-1.8240478,-1.0612973,1.0933114,-1.449265,-0.8360723,0.76692414,0.09090909
863,0.35629833,0.1310631,-1.8240812,-1.0613228,1.0933703,-1.4492056,-0.83610207,0.76691175,0.11111111
869,0.7883173,0.003300908,-0.959229,-0.80114824,0.09931597,-1.3801789,-0.006407652,0.5693641,0.1
870,0.7883173,0.003300908,-0.959229,-0.80114824,0.09931597,-1.3801789,-0.006407652,0.5693641,0.1
871,0.78517395,-0.043615703,-0.85547036,-0.6863679,0.037518263,-1.3730643,-0.013844345,0.5537551,0.071428575
872,-1.1043698,0.8230372,0.46320307,-0.75660944,-0.4260481,2.860421,1.0978632,-1.8591067,0.11111111
873,0.7136252,0.3671416,-1.0150135,-1.2029237,1.235967,-1.1532066,-0.42736644,1.4609036,0.10000001
874,0.7136252,0.3671416,-1.0150135,-1.2029237,1.235967,-1.1532066,-0.42736644,1.4609036,0.10000001
875,0.7216095,-0.6354518,-2.2579792,-0.33315516,0.123189606,-2.7771194,-1.0085104,0.26968622,0.25
876,0.7216095,-0.63545173,-2.2579792,-0.33315516,0.123189606,-2.7771194,-1.0085104,0.26968622,0.25
877,0.74933386,0.1930544,0.10065274,-0.6686033,-0.28687358,-0.4578014,0.6791098,0.41689685,0.11111113
878,-0.16242647,-0.3097605,0.16813576,0.77505916,0.77055615,-0.29275644,-1.0128545,0.6272017,0.090909086
879,1.0662909,-0.25659332,1.1714795,0.50550145,0.179916,-1.0143037,0.023548871,1.6193012,0.09999999
880,0.40848672,-0.62711495,-2.0901673,-0.16235949,-0.18745135,-2.2364872,-0.8308541,-0.27481502,0.10000001
881,-0.05252333,-0.6796486,0.48500186,1.2798625,-0.6435711,-0.40707397,-0.31508654,-0.38206014,0.11111111
882,0.60637,-0.0810858,-0.8424974,-0.45637298,0.55025774,-1.3518829,-0.4840016,0.8846947,0.04347826
883,1.2765054,-0.4101718,-0.0087767765,0.09599892,0.011160642,-1.9917808,-0.1722539,1.3867103,0.017857147
884,1.0621519,0.1618077,0.50595146,-0.80899924,-1.8320101,-0.24975044,2.0357485,-0.59292245,0.03571429
885,-0.14939252,-0.4987223,-1.387848,-0.1439021,-2.443208,-0.34659022,0.9671897,-2.8519175,0.10000001
893,-0.11911464,-0.34783995,-0.19185536,0.44187313,-0.6034509,-0.21189824,-0.0411563,-0.7107769,0.04545454
894,-0.12300211,-0.3494704,-0.1864549,0.44903815,-0.6030138,-0.20689626,-0.04350686,-0.7125288,0.05
895,-0.11756948,-0.3485642,-0.1911148,0.44242573,-0.6052013,-0.2138947,-0.040180445,-0.71031725,0.058823545
896,-0.32308918,-0.4981416,-0.73569375,0.5179039,-0.7421174,-0.3951223,-0.3105274,-1.1777848,0.11111111
897,-0.8047016,-0.7249167,0.14038207,1.5283318,-0.7676133,0.31307077,-0.61664677,-1.4314113,0.11111111
898,-0.32309067,-0.49814507,-0.7356845,0.51791394,-0.7421214,-0.3951198,-0.31052843,-1.1777865,0.11111111
899,-0.59728605,-0.8078259,0.19231619,1.5615962,-0.9838203,0.028869383,-0.47500512,-1.3614168,0.06666667
900,-0.7537653,-0.55926585,-0.29256952,1.0475575,-0.5923931,0.21987198,-0.5947427,-1.3761019,0.1111111
902,-0.060740173,0.5757306,1.5516475,0.038653843,2.1630557,1.2421787,-0.67379564,2.0289755,0.1111111
919,0.7569388,-0.09388051,-0.85403454,-0.5743998,0.09231545,-1.4139677,-0.08827588,0.5995307,0.05263158
920,0.6608696,-0.03577618,-0.9310529,-0.6422743,0.2136432,-1.300127,-0.14610782,0.57625616,0.066666655
921,-0.66614974,0.101401486,0.5365686,0.50030893,1.0832424,1.0210685,-0.79631454,0.28140604,0.1
924,-0.8482623,-0.5696258,-0.81346476,0.61931694,-2.19037,0.57647026,0.53008944,-3.1661813,0.11111111
925,0.64571184,-0.07091954,-1.1860453,-0.8186033,-0.5455055,-1.2307336,0.34925368,-0.24051955,0.09090909
926,0.64571184,-0.07091954,-1.1860453,-0.8186033,-0.5455055,-1.2307336,0.34925368,-0.24051955,0.09090909
928,-1.1492422,-0.4393531,0.7179998,1.5569335,-0.101159275,1.2645127,-0.73836,-1.1791162,0.04761905
929,0.27512357,-0.08071053,-2.0348144,-0.78281116,1.062742,-1.7371294,-1.1312084,0.6478977,0.03999999
930,0.2709781,-0.083496965,-2.0606794,-0.7873593,1.0660189,-1.7506763,-1.141565,0.6388478,0.04166667
931,0.38695276,-0.2023198,-0.45419306,0.000862997,0.39696008,-1.0244243,-0.5238639,0.6683805,0.062499996
932,-0.3936941,-0.20170406,0.8995192,0.99243456,0.5638078,0.57485557,-0.6495945,0.30589163,0.05263159
933,-1.1373601,-0.44732878,0.72827303,1.5676339,-0.11873229,1.247991,-0.72974217,-1.1761101,0.021739125
934,-0.7568768,-0.9103543,0.55205494,1.973078,-1.021938,0.26843983,-0.57226765,-1.4492202,0.02702703
935,-0.7600749,-0.9184312,0.57404166,1.9975103,-1.029835,0.27413154,-0.5735851,-1.4519914,0.028571432
936,-0.974617,-0.68391895,0.1519207,1.5744836,-0.6072777,0.54030895,-0.7223807,-1.480141,0.111111104
937,-0.016824052,-1.2132055,-0.0018765107,2.0093307,-0.56552005,-1.4696912,-1.2028142,-0.18288693,0.05882353
938,-1.1137966,0.66772354,0.79596454,-0.37079573,-0.5991799,2.8835115,1.0861505,-1.9151152,0.09090908
940,-0.86489743,-0.5715564,-0.8020871,0.6393883,-2.1808703,0.59836924,0.5198041,-3.1704416,0.031250004
941,-0.5462213,0.8491661,-1.3546826,-1.4738253,2.435651,0.4791208,-1.1614952,1.0006609,0.031249994
942,-0.5462213,0.8491661,-1.3546826,-1.4738253,2.435651,0.4791208,-1.1614952,1.0006609,0.031249994
944,-0.7247589,-0.27310148,1.1790249,1.2814533,-0.088305995,1.2020885,-0.3066411,-0.6123773,0.055555552
945,0.7010746,-0.060042318,-0.8990691,-0.6139999,0.16295466,-1.3478435,-0.12185874,0.5860616,0.06666667
946,-0.96175194,-0.6791339,0.13071387,1.5494319,-0.609837,0.5209004,-0.71461385,-1.4743752,0.11111111
947,0.2849486,-0.0005601694,-0.92282593,-0.40779155,1.00704,-1.0384743,-0.81791437,0.94552016,0.071428575
948,-0.095809504,0.21445622,-1.3604332,-0.75931734,1.312116,-0.61964816,-0.96975416,0.6323429,0.071428575
951,0.7630871,0.81601095,0.4272709,-1.2894046,1.2906426,0.15314455,0.33648214,1.8108171,0.06666667
952,0.6426232,0.60856056,0.7895851,-0.7733244,1.0746553,0.25429744,0.26268226,1.6361696,0.08333333
953,0.6940219,0.7045874,0.59530544,-1.0228932,1.1690569,0.19923364,0.29594028,1.7004122,0.06666667
954,0.8789134,-0.42120442,-0.56227314,-0.16078565,-1.0928916,-1.5072984,0.47840038,-0.22186935,0.058823526
957,1.4692283,0.2352719,0.25320095,-0.8330935,0.55011827,-1.3462403,0.3275813,1.9629961,0.06666668
958,0.3775608,-0.066806465,-0.8466763,-0.36095852,0.6601966,-1.1008368,-0.6101746,0.75214505,0.083333336
959,0.85577434,-0.15410292,-0.77263534,-0.503451,-0.033143237,-1.5305697,-0.029186994,0.62274003,0.1
962,0.64571184,-0.07091954,-1.1860453,-0.8186033,-0.5455055,-1.2307336,0.34925368,-0.24051955,0.09090909
964,1.4091492,-0.7413901,-1.3345855,-0.12980458,-0.35885018,-3.0768702,-0.4615875,0.8299713,0.083333336
966,0.46820307,0.2249481,1.6549582,0.26860136,0.71679944,0.47491455,0.15450957,1.4513019,0.033333324
967,-0.935933,-0.6603903,0.06908381,1.4774082,-0.6020788,0.4830079,-0.6996374,-1.4607865,0.08333334
968,-0.8793313,-0.5778472,-0.78178436,0.66651773,-2.180202,0.61724347,0.51079357,-3.1769009,0.034482762
969,0.055969186,-0.40328506,-2.2337306,-0.4628635,-0.3871901,-1.5365342,-0.51282007,-0.9500555,0.09090909
970,0.055969182,-0.40328506,-2.2337306,-0.4628635,-0.3871901,-1.5365342,-0.51282007,-0.95005536,0.09090909
971,-0.0048882663,-0.1736113,-2.1489923,-1.026655,-2.041053,-0.55047154,1.0685991,-2.6596649,0.062499993
972,-0.974617,-0.68391895,0.1519207,1.5744836,-0.6072777,0.54030895,-0.7223807,-1.480141,0.111111104
973,-0.974617,-0.68391895,0.1519207,1.5744836,-0.6072777,0.54030895,-0.7223807,-1.480141,0.111111104
974,-0.12800364,-0.608036,-1.1662325,0.091960326,-2.596329,-0.37686205,0.979348,-2.8723006,0.083333336
975,-0.12800364,-0.608036,-1.1662325,0.091960326,-2.596329,-0.37686205,0.979348,-2.8723006,0.083333336
977,-0.05252333,-0.6796486,0.48500186,1.2798625,-0.6435711,-0.40707397,-0.31508654,-0.38206014,0.11111111
978,0.6208496,-0.5775675,-2.2642062,-0.441953,-0.22212888,-2.479437,-0.6932839,-0.1850597,0.1
979,-0.22966506,-0.43076414,1.9758619,1.811735,0.6951826,0.5824526,-0.8179988,0.9350736,0.04761904
980,0.70673186,1.2178478,1.6926869,-1.2915626,1.7786556,1.3486181,0.6434225,2.3617842,0.027777769
981,-1.6234044,0.18384548,0.47592276,0.81030375,1.8992083,2.1706321,-1.6158181,-0.21551797,0.1
984,-0.59799385,-0.3122269,1.1633427,1.4647342,1.0906334,0.68743455,-1.2135825,0.64606917,0.33333334
985,0.80172515,0.043114875,-1.0629126,-0.90473443,0.17801441,-1.413049,-0.009438954,0.6135495,0.08333333
986,0.6567362,-0.41237918,-0.48921978,-0.014397286,-0.9782901,-1.2444606,0.3496779,-0.31300533,0.06666667
987,-0.38664007,-0.19728166,0.8861469,0.9760616,0.56516695,0.56491566,-0.64516103,0.31080312,0.04545455
988,-0.38497752,-0.1969667,0.8848076,0.9739946,0.5644176,0.56274337,-0.644196,0.31158584,0.04347826
989,-0.3876531,-0.19210495,0.87579644,0.9638831,0.5717348,0.56623214,-0.64626956,0.31151515,0.11111111
990,-0.3876531,-0.19210495,0.87579644,0.9638831,0.5717348,0.56623214,-0.64626956,0.31151515,0.11111111
991,-0.29756862,-0.1506091,0.74115497,0.7922894,0.5693532,0.4421755,-0.5899606,0.36733133,0.05263159
992,-0.3876531,-0.19210495,0.87579644,0.9638831,0.5717348,0.56623214,-0.64626956,0.31151515,0.11111111
993,-0.3876531,-0.19210495,0.87579644,0.9638831,0.5717348,0.56623214,-0.64626956,0.31151515,0.11111111
994,-0.3876531,-0.19210495,0.87579644,0.9638831,0.5717348,0.56623214,-0.64626956,0.31151515,0.11111111
995,-0.3876531,-0.19210495,0.87579644,0.9638831,0.5717348,0.56623214,-0.64626956,0.31151515,0.11111111
996,0.103062496,0.68989855,0.13480963,-0.8958348,1.6732565,0.5011677,-0.35546428,1.4303975,0.11111111
997,0.17080434,-0.075224504,0.02654507,0.18670365,0.8820925,-0.4725709,-0.711586,0.9796661,0.06666666
998,0.23743518,0.4767182,-0.99601734,-1.1685513,1.2761215,-0.46097243,-0.45825285,0.9716804,0.083333336
999,0.23743518,0.4767182,-0.99601734,-1.1685513,1.2761215,-0.46097243,-0.45825288,0.9716804,0.083333336
1000,0.055969186,-0.40328506,-2.2337306,-0.4628635,-0.3871901,-1.5365342,-0.51282007,-0.9500555,0.09090909
1002,-0.25825858,0.069975935,2.5798328,1.2674749,1.0562907,1.5768094,-0.36743745,1.1577973,0.07692308
1003,-0.25825858,0.069975935,2.5798328,1.2674749,1.0562907,1.5768094,-0.36743745,1.1577973,0.07692308
1004,-0.25825858,0.069975935,2.5798328,1.2674749,1.0562907,1.5768094,-0.36743745,1.1577973,0.07692308
1005,-0.25825858,0.069975935,2.5798328,1.2674749,1.0562907,1.5768094,-0.36743745,1.1577973,0.07692308
1006,-0.25825858,0.069975935,2.5798328,1.2674749,1.0562907,1.5768094,-0.36743745,1.1577973,0.07692308
1007,-0.25825858,0.069975935,2.5798328,1.2674749,1.0562907,1.5768094,-0.36743745,1.1577973,0.07692308
1008,-0.25825858,0.069975935,2.5798328,1.2674749,1.0562907,1.5768094,-0.36743745,1.1577973,0.07692308
1009,-0.25825864,0.069975935,2.5798326,1.2674749,1.0562906,1.5768094,-0.36743745,1.1577972,0.11111111
1010,-0.25825864,0.069975935,2.5798326,1.2674749,1.0562906,1.5768094,-0.36743745,1.1577972,0.11111111
1011,-0.25825864,0.069975935,2.5798326,1.2674749,1.0562906,1.5768094,-0.36743745,1.1577972,0.11111111
1012,-0.25825864,0.069975935,2.5798326,1.2674749,1.0562906,1.5768094,-0.36743745,1.1577972,0.11111111
1013,-0.0060864314,-0.17825621,-2.1386437,-1.0150119,-2.0473173,-0.54898906,1.0679493,-2.6619942,0.099999994
1014,-0.19959821,-1.1050186,-1.0873367,1.4849366,-0.14457445,-1.7383585,-1.5994827,-0.32439086,1.0
1015,-0.0034104139,-0.009966452,2.6355805,1.3584696,1.3144351,1.1240565,-0.5809422,1.7429266,0.10000001
1016,-0.0034104139,-0.009966452,2.6355805,1.3584696,1.3144351,1.1240565,-0.5809422,1.7429266,0.10000001
1017,-0.18944944,-0.2586971,0.067315325,0.6650732,0.85047674,-0.26197273,-1.0315706,0.62986547,0.062499996
1018,-0.19893344,-0.3087492,0.6555519,0.91971576,0.19377884,0.15598722,-0.48791915,0.16498417,0.071428575
1019,-0.05252333,-0.6796486,0.48500186,1.2798625,-0.6435711,-0.40707397,-0.31508654,-0.38206014,0.11111111
1020,-0.05252333,-0.6796486,0.48500186,1.2798625,-0.6435711,-0.40707397,-0.31508654,-0.38206014,0.11111111
1021,-0.05252333,-0.6796486,0.48500186,1.2798625,-0.6435711,-0.40707397,-0.31508654,-0.38206014,0.11111111
1022,-0.05252333,-0.6796486,0.48500186,1.2798625,-0.6435711,-0.40707397,-0.31508654,-0.38206014,0.11111111
1023,-0.05252333,-0.6796486,0.48500186,1.2798625,-0.6435711,-0.40707397,-0.31508654,-0.38206014,0.11111111
1024,-0.05252333,-0.6796486,0.48500186,1.2798625,-0.6435711,-0.40707397,-0.31508654,-0.38206014,0.11111111
1025,-0.05252333,-0.6796486,0.48500186,1.2798625,-0.6435711,-0.40707397,-0.31508654,-0.38206014,0.11111111
1026,-0.05252333,-0.6796486,0.48500186,1.2798625,-0.6435711,-0.40707397,-0.31508654,-0.38206014,0.11111111
1027,-0.05252333,-0.6796486,0.48500186,1.2798625,-0.6435711,-0.40707397,-0.31508654,-0.38206014,0.11111111
1028,-0.05252333,-0.6796486,0.48500186,1.2798625,-0.6435711,-0.40707397,-0.31508654,-0.38206014,0.11111111
1029,-0.41279894,-0.48133886,0.25046074,1.0739808,-0.19624786,0.066412985,-0.54847795,-0.48857382,0.055555552
1030,-0.416022,-0.47485366,0.2372497,1.0599381,-0.18625765,0.06998657,-0.55073804,-0.4881697,0.07142856
1031,-0.05252333,-0.6796486,0.48500186,1.2798625,-0.6435711,-0.40707397,-0.31508654,-0.38206014,0.11111111
1032,-0.2719223,-0.58286184,0.48635602,1.2560906,-0.37992293,-0.07785452,-0.4644524,-0.4122623,0.04761905
1033,-0.05252333,-0.6796486,0.48500186,1.2798625,-0.6435711,-0.40707397,-0.31508654,-0.38206014,0.11111111
1034,-0.05252333,-0.6796486,0.48500186,1.2798625,-0.6435711,-0.40707397,-0.31508654,-0.38206014,0.11111111
1035,-0.05252333,-0.6796486,0.48500186,1.2798625,-0.6435711,-0.40707397,-0.31508654,-0.38206014,0.11111111
1036,-0.05252333,-0.6796486,0.48500186,1.2798625,-0.6435711,-0.40707397,-0.31508654,-0.38206014,0.11111111
1037,-0.05252333,-0.6796486,0.48500186,1.2798625,-0.6435711,-0.40707397,-0.31508654,-0.38206014,0.11111111
1038,-0.05252333,-0.6796486,0.48500186,1.2798625,-0.6435711,-0.40707397,-0.31508654,-0.38206014,0.11111111
1039,-0.41618884,-0.47461218,0.23679289,1.0594561,-0.18586032,0.070187666,-0.55085367,-0.48817602,0.062499993
1040,-0.41629463,-0.4748049,0.23731922,1.0600464,-0.18604325,0.07036461,-0.5509159,-0.48827603,0.05882353
1041,-0.05252333,-0.6796486,0.48500186,1.2798625,-0.6435711,-0.40707397,-0.31508654,-0.38206014,0.11111111
1042,-0.05252333,-0.6796486,0.48500186,1.2798625,-0.6435711,-0.40707397,-0.31508654,-0.38206014,0.11111111
1043,-0.05252333,-0.6796486,0.48500186,1.2798625,-0.6435711,-0.40707397,-0.31508654,-0.38206014,0.11111111
1044,-0.41645116,-0.47459075,0.23691998,1.0596265,-0.1856861,0.070555106,-0.5510241,-0.48828557,0.049999997
1045,-0.05252333,-0.6796486,0.48500186,1.2798625,-0.6435711,-0.40707397,-0.31508654,-0.38206014,0.11111111
1046,-0.05252333,-0.6796486,0.48500186,1.2798625,-0.6435711,-0.40707397,-0.31508654,-0.38206014,0.11111111
1047,-0.21413212,-0.5329313,0.48208195,1.1551464,-0.29432178,-0.10078212,-0.43974054,-0.28175023,0.055555556
1048,-0.41043127,-0.48541638,0.25853032,1.082515,-0.2027226,0.06368202,-0.54683626,-0.48868087,0.07692308
1049,-0.05252333,-0.6796486,0.48500186,1.2798625,-0.6435711,-0.40707397,-0.31508654,-0.38206014,0.11111111
1050,-0.32127756,-0.5431366,0.3369623,1.1553518,-0.3258447,-0.052352592,-0.48836538,-0.46595255,0.06666667
1051,-0.05252333,-0.6796486,0.48500186,1.2798625,-0.6435711,-0.40707397,-0.31508654,-0.38206014,0.11111111
1052,-0.20778762,-0.32762635,0.6546404,0.9503394,0.15945083,0.14859083,-0.48925802,0.12860268,0.06666667
1053,-0.4146371,-0.47837716,0.24467239,1.0678834,-0.19148187,0.06856169,-0.5497479,-0.4885541,0.07142858
1054,-0.05252333,-0.6796486,0.48500186,1.2798625,-0.6435711,-0.40707397,-0.31508654,-0.38206014,0.11111111
1055,-0.39887947,-0.48595238,0.25185114,1.0739281,-0.20981659,0.047395334,-0.5393092,-0.48369494,0.11111111
1056,-0.05252333,-0.6796486,0.48500186,1.2798625,-0.6435711,-0.40707397,-0.31508654,-0.38206014,0.11111111
1059,-0.082589805,-0.67168415,0.4576723,1.2144531,-0.92525244,-0.29106563,-0.102732345,-0.69695747,0.0625
1064,-0.87374026,-0.573441,-0.79340816,0.6510621,-2.1786196,0.61002296,0.5142623,-3.1745079,0.04
1065,0.80729055,0.8874023,0.29682496,-1.4711428,1.3622472,0.11270495,0.3640256,1.869856,0.08333332
1066,0.8345905,0.93041337,0.23578504,-1.5720558,1.4099337,0.09561433,0.3801253,1.9148691,0.10000001
1067,0.71417606,0.73427635,0.5380574,-1.1005974,1.1971505,0.17891683,0.30876875,1.7245395,0.05882352
1068,-0.66614974,0.101401486,0.5365686,0.50030893,1.0832424,1.0210685,-0.79631454,0.28140604,0.1
1069,-0.0030200332,-0.2046537,-2.0847197,-0.955277,-2.0853393,-0.551052,1.0683095,-2.6701934,0.08333333
1070,0.94750327,0.7463449,0.48313564,-1.2445906,1.16761,-0.09296426,0.40385184,1.9252937,0.0625
1072,0.900211,-0.049829844,1.0615067,-0.18058595,-2.0268664,-0.029424187,1.9179662,-0.7482542,0.06666668
1073,-0.07433027,-0.6708074,0.45174223,1.2052497,-0.92930496,-0.30176973,-0.09794919,-0.69382477,0.05882353
1074,0.4672563,0.2213769,1.662643,0.27789333,0.71314716,0.47605592,0.15398258,1.4498987,0.034482762
1075,0.5012748,0.5642563,1.881984,-0.10079147,1.4870538,0.8609242,0.032893956,2.1312616,0.04
1076,0.52164847,0.3279139,0.57392126,-0.5062501,0.24895935,0.10858852,0.46884844,0.7666565,0.04347826
1079,0.5863885,0.33382455,0.71681184,-0.34609967,0.99202585,-0.07078521,-0.047575265,1.5691656,0.058823537
1080,0.59601706,0.5891469,-0.087541595,-1.1129155,1.1060176,-0.19476403,0.057559013,1.4023234,0.06666667
1081,-1.7086786,0.23829135,0.399584,0.7275042,2.0259347,2.2934237,-1.6797462,-0.24570122,0.1111111
1082,0.739326,0.3939319,1.1667656,-0.33432406,0.76861775,0.12090841,0.32832605,1.6185389,0.07142858
1083,0.7482161,0.40557948,1.1376739,-0.36901832,0.77693635,0.10925703,0.33403325,1.6244979,0.06666667
1084,0.7590929,0.41733947,1.0736529,-0.4259842,0.7662554,0.08140553,0.34836888,1.6065149,0.05882353
1085,0.7637391,0.42235214,1.0456786,-0.4506842,0.7613324,0.06924426,0.35463622,1.598354,0.055555563
1086,0.739326,0.3939319,1.1667656,-0.33432406,0.76861775,0.12090841,0.32832605,1.6185389,0.07142858
1087,0.7449413,0.4000477,1.1330699,-0.36416358,0.7628635,0.10630341,0.3358522,1.6088647,0.06666668
1088,1.2651511,-0.4153619,0.005603306,0.11660038,0.0090434775,-1.9788027,-0.1774548,1.3798082,0.019230764
1089,1.3036863,-0.38900667,-0.11582607,-0.02017282,-0.06585084,-2.0250015,-0.09852347,1.3025669,0.058823522
1090,1.2651511,-0.4153619,0.005603306,0.11660038,0.0090434775,-1.9788027,-0.1774548,1.3798082,0.019230764
1103,-0.17773432,-0.6313108,0.9221844,1.5335202,-0.16239063,-0.10260547,-0.6015975,0.02011919,0.090909086
1105,1.0965967,1.6745507,1.7040175,-2.0487132,2.6295302,1.3684717,0.6440658,3.4244819,0.33333334
1106,-0.5462213,0.8491661,-1.3546826,-1.4738253,2.435651,0.4791208,-1.1614952,1.0006609,0.031249994
1107,-0.5462213,0.8491661,-1.3546826,-1.4738253,2.435651,0.4791208,-1.1614952,1.0006609,0.031249994
1108,-0.05043441,-0.6005266,0.29081744,1.008335,-0.8642151,-0.33310664,-0.086448014,-0.67460954,0.09090909
1109,-0.64444864,-0.6120974,-0.17922737,1.3551599,0.65198696,-0.2812093,-1.5576382,-0.016919822,0.071428575
1110,0.81681997,-0.14859562,-0.76671195,-0.4876489,-0.0065590665,-1.4843705,-0.053692363,0.6095642,0.1111111
1111,0.81681997,-0.14859562,-0.76671195,-0.4876489,-0.0065590665,-1.4843705,-0.053692363,0.6095642,0.1111111
1112,1.0907546,-0.40826747,-0.6097684,-0.30311364,-1.0571941,-1.7636787,0.5178742,0.005544603,0.11111111
1113,-0.7131726,0.6545561,0.7408877,-0.32976592,1.0327781,1.9431403,-0.05173325,0.038867496,0.10000001
1114,-0.66614974,0.101401486,0.5365686,0.50030893,1.0832424,1.0210685,-0.79631454,0.28140604,0.1
1115,-0.66614974,0.101401486,0.5365686,0.50030893,1.0832424,1.0210685,-0.79631454,0.28140604,0.1
1116,0.5214188,-0.5296833,-2.3222785,-0.48138005,-0.11414051,-2.369358,-0.7538699,-0.21527267,0.06249999
1117,0.5250322,-0.5320436,-2.3189948,-0.47844946,-0.11891924,-2.373316,-0.751752,-0.21431866,0.05882353
1118,0.7136252,0.3671416,-1.0150135,-1.2029237,1.235967,-1.1532066,-0.42736644,1.4609038,0.10000001
1119,0.8474057,-1.2442452,0.20353852,1.5915062,-1.2164409,-2.2006047,-0.43330428,0.14561261,0.062499993
1120,0.3681994,-0.3630888,1.9486387,0.96224755,-2.075069,0.6518682,1.5816362,-1.0489086,0.0114942435
1121,0.33778858,0.007657906,-1.0015973,-0.4862646,0.9885136,-1.125635,-0.79431385,0.95541406,0.083333336
1122,0.48522586,-0.5285026,-2.301556,-0.45934087,-0.1382193,-2.3088152,-0.74270254,-0.26708722,0.0909091
1123,0.63801867,0.34464705,0.29205298,-0.9325139,-1.3696674,0.24985863,1.7347299,-0.708107,0.08333334
1124,0.6530783,0.3275912,0.3083347,-0.90671355,-1.3849384,0.2211013,1.7315608,-0.6969081,0.1
1125,0.6530783,0.3275912,0.3083347,-0.90671355,-1.3849384,0.2211013,1.7315608,-0.6969081,0.1
1126,-0.8950788,0.9949204,0.0023424774,-1.3189034,-0.3527701,2.5644124,1.2455608,-1.7090484,0.071428575
1127,-0.8950788,0.9949204,0.0023424774,-1.3189034,-0.3527701,2.5644124,1.2455608,-1.7090484,0.071428575
1128,-0.41635275,0.76861835,0.38019258,-0.80131984,0.97499716,1.5402678,0.16937259,0.22153023,0.025641035
1129,-0.41635275,0.76861835,0.38019258,-0.80131984,0.97499716,1.5402678,0.16937259,0.22153023,0.025641035
1130,-0.4236518,0.7616194,0.39825284,-0.7793981,0.9712738,1.5505843,0.16381681,0.21564607,0.024999995
1132,-0.33108854,-0.2871747,1.7024606,1.5208112,0.9394884,0.71034884,-0.8936792,0.93112373,0.11111111
1133,0.40883058,-0.001994254,0.3799951,0.15707184,1.1076436,-0.51826364,-0.64740384,1.5284401,0.083333336
1134,0.07359877,0.72285885,0.07686913,-0.9561619,1.7291601,0.5348861,-0.37270895,1.4256926,0.06666668
1135,-0.8950788,0.9949204,0.0023424774,-1.3189034,-0.3527701,2.5644124,1.2455608,-1.7090484,0.071428575
1136,0.5812901,-0.5932311,-2.218795,-0.37423915,-0.2250279,-2.4339476,-0.7197885,-0.20331374,0.03571428
1137,0.61036235,-0.58632994,-2.2430227,-0.41301268,-0.22916602,-2.4671054,-0.7007886,-0.19078255,0.071428575
1138,0.60871893,-0.5874248,-2.2402177,-0.40915412,-0.22991543,-2.4651845,-0.70194477,-0.19164088,0.071428575
1139,-0.4021561,-0.08758599,0.007408403,0.435409,0.8441051,0.2041227,-0.88481736,0.30832434,0.06666666
1140,0.46396822,0.21082258,1.685543,0.30568904,0.70267165,0.4800297,0.15212357,1.4455594,0.03999999
1141,0.46396822,0.21082258,1.685543,0.30568904,0.70267165,0.4800297,0.15212357,1.4455594,0.03999999
1142,0.46722412,0.22024912,1.6650983,0.28067487,0.711805,0.47615147,0.15396363,1.4495901,0.09999999
1143,-0.4182899,0.7648297,0.38943952,-0.7907149,0.9714625,1.54335,0.16785502,0.21925136,0.111111104
1144,0.46722412,0.22024912,1.6650983,0.28067487,0.711805,0.47615147,0.15396363,1.4495901,0.09999999
1145,0.46722412,0.22024912,1.6650983,0.28067487,0.711805,0.47615147,0.15396363,1.4495901,0.09999999
1146,0.46722412,0.22024912,1.6650983,0.28067487,0.711805,0.47615147,0.15396363,1.4495901,0.09999999
1147,0.46722412,0.22024912,1.6650983,0.28067487,0.711805,0.47615147,0.15396363,1.4495901,0.09999999
1148,0.46722412,0.22024912,1.6650983,0.28067487,0.711805,0.47615147,0.15396363,1.4495901,0.09999999
1149,0.46464652,0.21278629,1.6812841,0.30047834,0.7045743,0.47922188,0.15250695,1.446399,0.052631572
1150,0.46396822,0.21082258,1.685543,0.30568904,0.70267165,0.4800297,0.1521236,1.4455594,0.03999999
1151,0.46672517,0.21880455,1.6682315,0.28450817,0.71040535,0.47674584,0.15368164,1.4489722,0.090909086
1152,0.46672517,0.21880455,1.6682315,0.28450817,0.71040535,0.47674584,0.15368164,1.4489722,0.090909086
1153,1.2694114,-0.41569367,0.021195754,0.12793061,0.034912013,-1.9832596,-0.19409412,1.4128256,0.020408163
1154,0.46672517,0.21880455,1.6682315,0.28450817,0.71040535,0.47674584,0.15368164,1.4489722,0.090909086
1155,-0.22761075,-0.4320411,1.977684,1.8134629,0.69237566,0.57970494,-0.816579,0.9357629,0.04545454
1156,-0.14827469,-0.45103642,1.9768462,1.801222,0.6245119,0.4702248,-0.76425123,0.97302127,0.076923065
1157,-0.797573,0.070775434,0.47548622,0.65033,1.6278523,0.9892819,-1.295938,0.6198815,0.10000001
1158,0.8002304,-0.12020832,-0.81864226,-0.54346114,0.037414104,-1.465086,-0.062327784,0.6098002,0.08333332
1165,-0.8765829,-0.5770125,-0.7852786,0.66208416,-2.1807587,0.6134697,0.5125884,-3.17571,0.03333334
1166,0.68554765,1.1762409,0.03341207,-1.8832887,2.18949,0.29836422,0.019145675,2.3626306,0.07142857
1167,-0.7247589,-0.27310148,1.1790249,1.2814533,-0.088305995,1.2020885,-0.3066411,-0.6123773,0.055555552
1169,-0.8433555,-0.56635255,-0.8230724,0.6068399,-2.189816,0.5700478,0.5330368,-3.1644304,0.11111111
1170,-0.17773432,-0.6313108,0.9221844,1.5335202,-0.16239063,-0.10260547,-0.6015975,0.02011919,0.090909086
1171,-0.05252333,-0.6796486,0.48500186,1.2798625,-0.6435711,-0.40707397,-0.31508654,-0.38206014,0.11111111
1172,0.643495,0.10233436,-1.1095159,-0.92891866,0.3121197,-1.2164406,-0.086060286,0.5508748,0.111111104
1173,0.7611705,-0.56989896,-0.9339129,0.16268665,0.024972461,-2.0725374,-0.6636811,0.669338,0.090909086
1174,0.7603077,-0.56939185,-0.9346435,0.16208111,0.026061922,-2.0715573,-0.66419864,0.66912806,0.1
1175,0.7611705,-0.56989896,-0.9339129,0.16268665,0.024972461,-2.0725374,-0.6636811,0.669338,0.090909086
1176,0.7616143,-0.57015985,-0.9335381,0.16299818,0.024412379,-2.073042,-0.6634152,0.66944623,0.11111111
1177,0.76117057,-0.569899,-0.9339131,0.16268665,0.024972461,-2.0725374,-0.6636811,0.6693381,0.09090909
1178,0.7611705,-0.56989896,-0.933913,0.16268665,0.024972461,-2.0725374,-0.66368103,0.669338,0.090909086
1179,-0.28817362,-0.18365006,0.80468464,0.9023878,0.74809754,0.37581998,-0.74757415,0.5739486,0.11111113
1181,-1.1043698,0.8230372,0.46320307,-0.75660944,-0.4260481,2.860421,1.0978632,-1.8591067,0.11111111
1182,0.31160143,-0.64054966,-1.0265684,0.40274483,-0.27050698,-1.6160418,-0.67973566,-0.0751079,0.11111111
1183,-0.8950788,0.9949204,0.0023424774,-1.3189034,-0.3527701,2.5644124,1.2455608,-1.7090484,0.071428575
1184,1.3647915,-0.36519963,-0.1432466,-0.08676134,0.011237778,-2.0938802,-0.11803653,1.4174566,0.11111113
1185,1.3647915,-0.36519963,-0.1432466,-0.08676134,0.011237778,-2.0938802,-0.11803653,1.4174566,0.11111113
1186,1.3647915,-0.36519963,-0.1432466,-0.08676134,0.011237778,-2.0938802,-0.11803653,1.4174566,0.11111113
1187,-0.7247589,-0.27310148,1.1790249,1.2814533,-0.088305995,1.2020885,-0.3066411,-0.6123773,0.055555552
1188,0.56440216,0.26598984,-0.9499167,-0.97788984,1.073,-1.0372399,-0.46354783,1.2047265,0.062499996
1189,-0.23213913,-0.4581536,-1.4616933,-0.17966054,-2.3296895,-0.26331395,0.93239295,-2.8544908,0.071428575
1190,-0.85761833,-0.5772332,-0.7951859,0.6455181,-2.1927962,0.58804625,0.5244671,-3.1697757,0.07692307
1191,0.43234926,-0.3240301,-0.58171266,-0.058411717,-0.7591772,-0.9745528,0.2184501,-0.38875863,0.055555552
1192,-0.1687823,-0.21388063,-0.044094548,0.5345655,0.8955617,-0.29459983,-1.0193019,0.6516844,0.0909091
1193,-0.032907553,-0.6762271,0.44113952,1.1842635,-0.9590622,-0.35627115,-0.07284425,-0.67809415,0.090909086
1195,0.6220319,0.4561191,2.0669882,0.07921454,1.2730142,0.7142646,0.10981227,2.1384044,0.07692308
1196,0.73808926,-0.6222902,-0.0144055635,0.444839,-1.3701711,-1.2871486,0.47446075,-0.39812723,0.03999999
1199,-0.0133024305,0.0017910872,0.8325522,0.3693276,0.015978396,0.49034888,0.13703975,0.14262035,0.039999995
1200,-0.0133024305,0.0017910872,0.8325522,0.3693276,0.015978396,0.49034888,0.13703975,0.14262035,0.039999995
1201,0.643495,0.10233436,-1.1095159,-0.92891866,0.3121197,-1.2164406,-0.086060286,0.5508748,0.111111104
1202,0.28642642,0.052126102,0.33493847,0.1187703,1.2451171,-0.356108,-0.72420704,1.4964377,0.11111111
1203,-0.0048882663,-0.17361131,-2.1489923,-1.026655,-2.041053,-0.55047154,1.0685992,-2.6596649,0.062499993
1206,0.43513477,-0.67988384,-0.9912064,0.4041018,-0.38617367,-1.7596327,-0.6055894,-0.03509347,0.11111111
1207,-0.38510108,-0.309471,-1.6757694,-0.39547384,-2.0392008,-0.07250379,0.80808705,-2.8574378,0.07142857
1212,0.0033323392,-0.08315665,0.43270618,0.43445164,0.7145737,-0.026801813,-0.56466836,0.7521101,0.071428575
1222,0.7926779,-0.11560789,-0.82497656,-0.5488744,0.04702434,-1.4561973,-0.06684321,0.60804725,0.09090909
1226,0.7313299,-0.07835006,-0.8747926,-0.5925963,0.12473482,-1.3836892,-0.10365747,0.59338593,0.04
1227,-1.1101135,-0.46558917,0.75194055,1.5918146,-0.15872766,1.2101563,-0.7100887,-1.1691674,0.06666668
1228,1.4785899,0.21551237,0.28997147,-0.7922944,0.5219257,-1.3578768,0.3316066,1.9616802,0.11111111
1229,0.70673186,1.2178478,1.6926869,-1.2915626,1.7786556,1.3486181,0.6434225,2.3617842,0.027777769
1230,-1.2227814,0.7694356,0.63776726,-0.53960925,-0.4063958,3.0300555,1.0045124,-1.9310158,0.043478265
1231,-0.8950788,0.9949204,0.0023424774,-1.3189034,-0.3527701,2.5644124,1.2455608,-1.7090484,0.071428575
1232,-0.8950788,0.9949204,0.0023424774,-1.3189034,-0.3527701,2.5644124,1.2455608,-1.7090484,0.071428575
1233,-0.8950788,0.9949204,0.0023424774,-1.3189034,-0.3527701,2.5644124,1.2455608,-1.7090484,0.071428575
1234,-0.8950788,0.9949204,0.0023424774,-1.3189034,-0.3527701,2.5644124,1.2455608,-1.7090484,0.071428575
1235,-0.8950788,0.9949204,0.0023424774,-1.3189034,-0.3527701,2.5644124,1.2455608,-1.7090484,0.071428575
1236,-0.8950788,0.9949204,0.0023424774,-1.3189034,-0.3527701,2.5644124,1.2455608,-1.7090484,0.071428575
1237,-0.8950788,0.9949204,0.0023424774,-1.3189034,-0.3527701,2.5644124,1.2455608,-1.7090484,0.071428575
1238,-0.8950788,0.9949204,0.0023424774,-1.3189034,-0.3527701,2.5644124,1.2455608,-1.7090484,0.071428575
1239,-1.2262145,0.7580091,0.6629465,-0.5095407,-0.4166919,3.035191,1.0017079,-1.9358903,0.050000004
1240,-0.8950788,0.9949204,0.0023424774,-1.3189034,-0.3527701,2.5644124,1.2455608,-1.7090484,0.071428575
1241,-0.8950788,0.9949204,0.0023424774,-1.3189034,-0.3527701,2.5644124,1.2455608,-1.7090484,0.071428575
1242,-0.8950788,0.9949204,0.0023424774,-1.3189034,-0.3527701,2.5644124,1.2455608,-1.7090484,0.071428575
1243,-1.2236465,0.77035016,0.63630015,-0.54121095,-0.4047587,3.0312283,1.0038568,-1.9311293,0.040000007
1244,-0.8950788,0.9949204,0.0023424774,-1.3189034,-0.3527701,2.5644124,1.2455608,-1.7090484,0.071428575
1245,-0.8950788,0.9949204,0.0023424774,-1.3189034,-0.3527701,2.5644124,1.2455608,-1.7090484,0.071428575
1246,-0.8950788,0.9949204,0.0023424774,-1.3189034,-0.3527701,2.5644124,1.2455608,-1.7090484,0.071428575
1247,-0.8950788,0.9949204,0.0023424774,-1.3189034,-0.3527701,2.5644124,1.2455608,-1.7090484,0.071428575
1248,-0.8950788,0.9949204,0.0023424774,-1.3189034,-0.3527701,2.5644124,1.2455608,-1.7090484,0.071428575
1249,-0.8950788,0.9949204,0.0023424774,-1.3189034,-0.3527701,2.5644124,1.2455608,-1.7090484,0.071428575
1250,-0.8950788,0.9949204,0.0023424774,-1.3189034,-0.3527701,2.5644124,1.2455608,-1.7090484,0.071428575
1251,-0.8950788,0.9949204,0.0023424774,-1.3189034,-0.3527701,2.5644124,1.2455608,-1.7090484,0.071428575
1252,-0.8950788,0.9949204,0.0023424774,-1.3189034,-0.3527701,2.5644124,1.2455608,-1.7090484,0.071428575
1253,-0.8950788,0.9949204,0.0023424774,-1.3189034,-0.3527701,2.5644124,1.2455608,-1.7090484,0.071428575
1254,-0.8950788,0.9949204,0.0023424774,-1.3189034,-0.3527701,2.5644124,1.2455608,-1.7090484,0.071428575
1255,-0.8950788,0.9949204,0.0023424774,-1.3189034,-0.3527701,2.5644124,1.2455608,-1.7090484,0.071428575
1256,-0.8950788,0.9949204,0.0023424774,-1.3189034,-0.3527701,2.5644124,1.2455608,-1.7090484,0.071428575
1257,-1.2237526,0.73632985,0.7129072,-0.4553625,-0.44364297,3.035736,0.99909765,-1.9449142,0.062499985
1258,-0.9308009,1.0103046,-0.010369942,-1.3296574,-0.31207705,2.6133046,1.2189223,-1.7199447,0.055555545
1259,-1.2455502,0.69725204,0.82722235,-0.33861727,-0.483567,3.0804272,0.9733483,-1.980476,0.076923065
1260,-0.8950788,0.9949204,0.0023424774,-1.3189034,-0.3527701,2.5644124,1.2455608,-1.7090484,0.071428575
1261,-1.0955459,0.6495265,0.8249294,-0.33974594,-0.63274163,2.8590996,1.0997665,-1.9127733,0.1
1262,-1.0955459,0.6495265,0.8249294,-0.33974594,-0.63274163,2.8590996,1.0997665,-1.9127733,0.1
1263,-1.2167152,0.7979167,0.57626414,-0.6128202,-0.37880015,3.0207667,1.0094395,-1.9199289,0.08333334
1264,-1.1154467,0.69798636,0.73275065,-0.4434325,-0.563348,2.8841941,1.0861617,-1.9060541,0.0625
1265,-0.8950788,0.9949204,0.0023424774,-1.3189034,-0.3527701,2.5644124,1.2455608,-1.7090484,0.071428575
1266,-0.8950788,0.9949204,0.0023424774,-1.3189034,-0.3527701,2.5644124,1.2455608,-1.7090484,0.071428575
1267,0.95807445,-1.0472347,-1.0158743,0.6432871,-0.99183,-2.6553667,-0.46530846,0.013119131,0.099999994
1270,0.8405575,0.067243874,-0.79604703,-0.75243455,0.7218634,-1.4395345,-0.34492865,1.2552896,0.1
1278,0.59713125,-0.2270781,1.4986645,0.42091024,-2.0931616,0.32687247,1.7176951,-0.97376454,0.08333334
1279,0.5840788,-0.22409649,1.4888444,0.41947055,-2.0817823,0.3403002,1.7095921,-0.9806682,0.09090909
1280,-0.006268926,-0.18093568,-2.1319103,-1.0079135,-2.052168,-0.5476974,1.0672883,-2.6642196,0.090909086
1281,0.80876064,0.072983585,-0.84061366,-0.7772148,0.6648936,-1.4032391,-0.31009427,1.1523857,0.08333334
1282,0.46672517,0.21880455,1.6682315,0.28450817,0.71040535,0.47674584,0.15368164,1.4489722,0.090909086
1283,0.77488863,-0.6037734,-0.070291325,0.37161225,-1.3671008,-1.3298788,0.49340996,-0.38024595,0.062499996
1285,-0.74046266,-0.2733024,1.1888884,1.2943661,-0.07860492,1.2242224,-0.3180464,-0.62018824,0.06666668
1287,0.643495,0.10233436,-1.1095159,-0.92891866,0.3121197,-1.2164406,-0.086060286,0.5508748,0.111111104
1288,-0.0133024305,0.0017910872,0.8325522,0.3693276,0.015978396,0.49034888,0.13703975,0.14262035,0.039999995
1289,0.7998185,-0.4388761,-1.030996,-0.07801692,0.2993858,-2.0654972,-0.7066292,0.8958702,0.11111113
1290,0.7998185,-0.4388761,-1.030996,-0.07801692,0.2993858,-2.0654972,-0.7066292,0.8958702,0.11111113
1291,-0.07433027,-0.6708074,0.45174223,1.2052497,-0.92930496,-0.30176973,-0.09794919,-0.69382477,0.05882353
1292,0.62760466,-0.08598911,-1.1435871,-0.76923776,-0.5594903,-1.2072896,0.33675185,-0.25456545,0.0909091
1293,0.7998185,-0.4388761,-1.030996,-0.07801692,0.2993858,-2.0654972,-0.7066292,0.8958702,0.11111113
1294,-0.4182356,0.13173443,2.4900968,1.1901611,1.0885947,1.8076466,-0.37699878,0.95181787,0.33333334
1295,0.66856897,-0.24861984,-0.4957034,-0.13492703,-0.049254194,-1.3069011,-0.15098977,0.53628623,0.055555552
1296,0.3049367,0.46514338,-1.1183835,-1.2304411,1.2763829,-0.623943,-0.47218245,1.0141624,0.1111111
1297,0.3049367,0.46514338,-1.1183835,-1.2304411,1.2763829,-0.623943,-0.47218245,1.0141624,0.1111111
1301,0.5405228,-0.5496076,-2.2826889,-0.4500268,-0.18269189,-2.374908,-0.71612334,-0.241593,0.071428575
1302,0.749147,-0.089158595,-0.86037105,-0.57992613,0.10218296,-1.4047602,-0.09295905,0.5976616,0.058823526
1303,1.4681865,0.24164036,0.24075876,-0.8478388,0.5578061,-1.3446966,0.32740915,1.9637394,0.11111111
1304,1.368624,0.119023815,0.62309563,-0.44382435,0.45778775,-1.1849359,0.28423235,1.9128935,0.08333332
1305,0.643495,0.10233436,-1.1095159,-0.92891866,0.3121197,-1.2164406,-0.086060286,0.5508748,0.111111104
1306,0.46672517,0.21880455,1.6682315,0.28450817,0.71040535,0.47674584,0.15368164,1.4489722,0.090909086
1307,0.643495,0.10233436,-1.1095159,-0.92891866,0.3121197,-1.2164406,-0.086060286,0.5508748,0.111111104
1308,0.74056715,-0.083942,-0.8673487,-0.5860549,0.11305663,-1.3946245,-0.09810451,0.59561825,0.090909086
1309,0.6608696,-0.03577618,-0.9310529,-0.6422743,0.2136432,-1.300127,-0.14610782,0.57625616,0.066666655
1310,0.6608696,-0.03577618,-0.9310529,-0.6422743,0.2136432,-1.300127,-0.14610782,0.57625616,0.066666655
1311,-0.04694467,-0.17719664,1.7973597,0.84270144,-1.6514732,1.2225883,1.3285196,-1.2018236,0.11111111
1312,0.7914966,-0.11488549,-0.8257182,-0.5497327,0.04848396,-1.4547616,-0.06755635,0.6077242,0.049999993
1313,0.72295207,-0.0732635,-0.88153964,-0.5985672,0.13533284,-1.3737721,-0.108684145,0.59137255,0.0909091
1314,0.20734128,-0.57562244,0.44611198,1.0264242,-0.229589,-0.7121618,-0.45743027,0.2449518,0.08333332
1315,0.2416954,-0.924868,0.9761315,1.786713,-0.7285734,-0.8479622,-0.413703,0.07881888,0.06666667
1316,0.68672895,-0.2536619,-0.49255854,-0.1363431,-0.06564152,-1.3286564,-0.13992342,0.54163706,0.1
1317,0.69781864,-0.24911502,-0.5066423,-0.15571563,-0.06615433,-1.3418633,-0.13284531,0.54645073,0.09090909
1318,0.6616972,-0.25280324,-0.82912296,-0.27898765,0.005850427,-1.4889947,-0.2802429,0.4765709,0.08333334
1319,0.63740563,-0.2524788,-0.47485936,-0.1020817,-0.036608145,-1.2697082,-0.17043337,0.5246198,0.083333336
1320,0.63740563,-0.2524788,-0.47485936,-0.1020817,-0.036608145,-1.2697082,-0.17043337,0.5246198,0.083333336
1321,0.66856897,-0.24861984,-0.4957034,-0.13492703,-0.049254194,-1.3069011,-0.15098977,0.53628623,0.055555552
1322,0.69922626,-0.058920566,-0.9005046,-0.6153173,0.1652793,-1.3456403,-0.122969665,0.585611,0.0909091
1323,0.85577434,-0.15410292,-0.77263534,-0.503451,-0.033143237,-1.5305697,-0.029186994,0.62274003,0.1
1324,0.79527223,-0.20314066,-0.6443974,-0.3398652,-0.061585188,-1.4581465,-0.06968277,0.59076035,0.07142857
1325,0.78872395,-0.113197744,-0.827999,-0.5517177,0.0520036,-1.4514902,-0.06921693,0.6070707,0.052631587
1326,0.8030203,-0.12576115,-0.80852187,-0.5322152,0.029081069,-1.4683328,-0.06095057,0.60961455,0.09090909
1327,0.19062479,-0.5904748,0.49135578,1.0802245,-0.23835362,-0.6877909,-0.46409744,0.23600811,0.07692308
1328,0.23343436,-0.9521642,0.97863287,1.8414656,-0.7122981,-0.87867695,-0.4637373,0.09591998,0.07692307
1329,0.7721044,-0.10309012,-0.8416085,-0.56359726,0.07308303,-1.4318707,-0.0791769,0.6031343,0.0625
1330,0.099413075,-0.7389776,0.91666245,1.558059,-0.3881054,-0.53316903,-0.4710784,0.16255035,0.090909086
1331,0.6249571,-0.30554268,-0.7556913,-0.1515818,-0.035227373,-1.4727664,-0.3295956,0.43867242,0.071428575
1332,0.08176349,-0.66508555,0.9675565,1.4404844,-0.5039731,-0.35076177,-0.28276193,0.015401468,0.09999999
1333,0.53430104,-0.37653977,-0.48530048,0.12245101,-0.09530248,-1.3174027,-0.36984596,0.3883205,0.06250001
1334,0.7297083,-0.077367626,-0.8761039,-0.5937462,0.12678644,-1.3817708,-0.104632,0.5929955,0.043478258
1335,0.72814673,-0.07642077,-0.8773671,-0.5948554,0.12876253,-1.3799242,-0.10556989,0.59262025,0.045454543
1336,1.1772535,-0.94804084,-1.3006959,0.22824971,-0.9725168,-2.8997161,-0.33289203,0.10431965,0.11111111
1337,1.1772535,-0.94804084,-1.3006959,0.22824971,-0.9725168,-2.8997161,-0.33289203,0.10431965,0.11111111
1338,0.7416009,-0.23418391,-0.55686784,-0.2246285,-0.07108827,-1.3940452,-0.10482465,0.56516325,0.07692309
1339,1.6534427,1.0866286,1.5477085,-1.5881376,1.1458434,0.1483679,1.1957073,2.7728865,0.071428575
1340,0.49994004,-0.711378,-1.9542567,-0.026676089,-0.34179634,-2.3353503,-0.77812624,-0.25434622,0.07142857
1341,0.7432897,-0.090763584,-0.8542549,-0.57175505,0.103106044,-1.3976388,-0.09689513,0.5950203,0.06250001
1342,0.84623104,-0.17172007,-0.7318457,-0.45400172,-0.0502332,-1.519026,-0.036341913,0.6154402,0.06666666
1343,0.6608696,-0.03577618,-0.9310529,-0.6422743,0.2136432,-1.300127,-0.14610782,0.57625616,0.066666655
1344,0.32503366,-0.10440286,1.4618502,0.38816577,-1.7897961,0.72415906,1.572493,-1.0216836,0.11111111
1345,0.9994824,-1.0401874,-1.0436969,0.59366053,-1.0045445,-2.7011178,-0.4412442,0.027903661,0.07142858
1346,0.6606966,-0.27146107,1.6475135,0.5266582,-2.1628373,0.28047645,1.757969,-0.9197341,0.090909086
1347,1.4804603,0.22927713,0.25950283,-0.8269319,0.5371615,-1.360165,0.3341267,1.9652996,0.09090909
1349,1.0714391,-0.2566083,1.1684122,0.50162476,0.17696437,-1.0208496,0.02672524,1.6206762,0.099999994
1350,-0.2944417,-0.15783688,0.74949884,0.8096317,0.5726631,0.43280017,-0.59368676,0.38028622,0.11111111
1351,0.9047731,-0.7136993,-1.5352955,-0.021494806,-0.2487499,-2.6301222,-0.71662724,0.38223636,0.111111134
1353,1.5777034,0.96342415,1.8532057,-1.2430274,1.0435525,0.2487752,1.1438909,2.7094047,0.055555567
1354,0.53592384,-0.540658,-2.2976246,-0.46822786,-0.17436768,-2.3675447,-0.7139376,-0.24686164,0.083333336
1355,0.4999401,-0.7113781,-1.9542569,-0.026676103,-0.34179646,-2.335351,-0.7781264,-0.25434634,0.07142858
1356,-0.01863423,-0.65537494,0.74254847,1.4882432,0.17241916,-0.5076867,-0.8590869,0.4930225,0.07142858
1357,0.7691509,-0.10129066,-0.8441291,-0.56571263,0.07685202,-1.4284041,-0.080943555,0.60245717,0.07692308
1358,0.7629848,-0.09753437,-0.84914076,-0.5701365,0.08466926,-1.4211181,-0.08463604,0.6009939,0.066666655
1359,0.16076359,-0.6078402,0.579056,1.1645848,-0.24968679,-0.6305065,-0.46959996,0.223878,0.0909091
1360,0.7691509,-0.10129066,-0.8441291,-0.56571263,0.07685202,-1.4284041,-0.080943555,0.60245717,0.07692308
1361,0.86121905,-0.15738529,-0.7681361,-0.49964195,-0.040055394,-1.5369866,-0.025890503,0.62404984,0.07692308
1362,-0.7148473,0.63931996,0.7737478,-0.2914822,1.0160285,1.9463714,-0.053546317,0.033058614,0.09090909
1364,-0.5008488,0.3336622,1.3322122,0.31362402,0.51998144,1.6816398,0.09535887,0.048568197,0.047619045
1365,0.8824647,-1.3987175,0.044390313,1.7965881,-1.0560645,-2.5701563,-0.7787089,0.3457798,0.099999994
1366,-0.5132526,-0.649439,-0.6630358,1.1510311,0.63106346,-0.74042284,-1.6014638,0.02325026,0.125
1367,-0.5132526,-0.649439,-0.6630358,1.1510311,0.63106346,-0.74042284,-1.6014638,0.02325026,0.125
1368,0.6863524,1.1757977,0.033979237,-1.8827627,2.1885345,0.29740822,0.019651607,2.3628724,0.07692309
1369,0.011733703,-0.5583931,0.1711123,0.8562909,-0.8463224,-0.41277927,-0.048904117,-0.639686,0.07692309
1371,0.647916,0.582379,0.83628637,-0.7165074,1.0445043,0.24479203,0.26147282,1.6332551,0.090909086
1372,0.8732494,-0.75049007,-1.5747049,0.04229957,-0.28013718,-2.6566923,-0.75606394,0.3211956,0.11111111
1373,-0.974617,-0.68391895,0.1519207,1.5744836,-0.6072777,0.54030895,-0.7223807,-1.480141,0.111111104
1374,-0.974617,-0.68391895,0.1519207,1.5744836,-0.6072777,0.54030895,-0.7223807,-1.480141,0.111111104
1375,1.3794054,-0.41274416,0.93726087,0.53508276,0.17820817,-1.703458,-0.13030846,1.9161978,0.090909086
1376,0.8964839,-0.7224735,-1.546216,-0.0063272826,-0.25569922,-2.6364126,-0.72666043,0.3669576,0.083333336
1377,0.87324935,-0.75049,-1.5747045,0.04229957,-0.28013712,-2.6566923,-0.7560638,0.3211956,0.1111111
1378,0.20404236,0.05594095,-0.020173416,-0.26030147,-0.25472254,-0.06795384,0.29537705,-0.12611991,0.11111113
1379,0.7319599,-0.07873233,-0.8742859,-0.5921477,0.12393826,-1.3844349,-0.10327944,0.5935375,0.04347826
1380,0.8964839,-0.7224735,-1.5462161,-0.0063272826,-0.25569922,-2.6364126,-0.72666043,0.3669576,0.083333336
1381,1.4917992,0.274653,0.15651472,-0.9450126,0.5844303,-1.3739445,0.34566793,1.9786618,0.1
1382,0.7297083,-0.07736762,-0.8761039,-0.5937462,0.12678644,-1.3817708,-0.104632,0.5929955,0.043478254
1383,0.53370094,-0.89488286,-1.7394745,0.2358418,-1.1064179,-2.2574646,-0.39065656,-0.82131433,0.11111111
1384,0.7472006,-0.89569676,-1.7894654,0.07649104,-1.2226794,-2.4899333,-0.26928106,-0.74717915,0.090909086
1385,0.7276793,-0.13487627,-1.0963895,-0.7293943,-0.66039985,-1.3294301,0.3984426,-0.21705386,0.07142855
1386,0.6947331,-0.41001952,-0.51094913,-0.048982233,-0.99305165,-1.2903277,0.37211013,-0.2957633,0.05882353
1387,0.6608696,-0.03577618,-0.9310529,-0.6422743,0.2136432,-1.300127,-0.14610782,0.57625616,0.066666655
1388,0.7276793,-0.13487627,-1.0963895,-0.7293943,-0.66039985,-1.3294301,0.3984426,-0.21705386,0.07142855
1389,-0.09457034,-0.6461293,-1.1415368,0.14668792,-2.6343114,-0.43667394,1.008038,-2.843251,0.07692308
1390,0.2849486,-0.0005601694,-0.92282593,-0.40779155,1.00704,-1.0384743,-0.81791437,0.94552016,0.071428575
1391,-0.3876531,-0.19210495,0.87579644,0.9638831,0.5717348,0.56623214,-0.64626956,0.31151515,0.11111111
1392,-0.3876531,-0.19210495,0.87579644,0.9638831,0.5717348,0.56623214,-0.64626956,0.31151515,0.11111111
1393,0.40395504,-0.29117888,-0.640101,-0.11657952,-0.70352215,-0.9409528,0.2020837,-0.3927109,0.1
1394,0.8400386,-1.39638,-0.030822664,1.7852062,-1.0191491,-2.5675964,-0.82855606,0.32109427,0.08333333
1395,0.8377575,-1.3834529,-0.0017856732,1.7702416,-1.0498849,-2.5240145,-0.78253084,0.29100952,0.066666655
1396,0.8535981,-1.4005357,-0.025805116,1.796456,-0.98536015,-2.595164,-0.8559156,0.3690681,0.10000001
1397,0.070482105,-1.0017025,0.42221832,1.7867072,-0.5147534,-1.0909947,-0.87949634,-0.031071916,0.11111111
1398,-0.01797799,-6.640941e-05,0.8370051,0.37714416,0.019623533,0.4949413,0.13155863,0.14272144,0.041666664
1399,0.68332213,0.6383653,-0.15611337,-1.2594073,1.1189971,-0.26941863,0.12260305,1.4732875,0.071428575
1400,-0.4182899,0.7648297,0.38943952,-0.7907149,0.9714625,1.54335,0.16785502,0.21925136,0.111111104
1401,-0.18415461,-0.59361327,0.34264362,1.1008561,-0.7762683,-0.15932512,-0.16722997,-0.7243359,0.08333332
1402,-0.1860555,-0.5908648,0.33782148,1.0954722,-0.772045,-0.1568369,-0.16851816,-0.7246859,0.09090908
1405,1.2668556,-0.41699398,0.024935223,0.13310415,0.034698457,-1.9803344,-0.19551891,1.4116975,0.020833327
1406,1.2688513,-0.41331312,-0.00024668127,0.108178735,0.010331623,-1.984153,-0.1767331,1.3829142,0.11111111
1407,1.2688513,-0.41331312,-0.00024668127,0.108178735,0.010331623,-1.984153,-0.1767331,1.3829142,0.11111111
1408,-0.029194884,-0.32990235,0.939513,1.0020137,0.1667997,0.073621474,-0.40567514,0.40379402,0.07142857
1409,-0.38278753,-0.2175955,1.8661201,1.5569065,1.416054,0.8569436,-1.1533779,1.3131608,0.10000001
1410,-0.38278753,-0.2175955,1.8661201,1.5569065,1.416054,0.8569436,-1.1533779,1.3131608,0.10000001
1411,0.0917679,-0.68307966,0.7788974,1.4140495,-0.29877526,-0.53867686,-0.5011892,0.18271048,0.10000001
1412,0.082272924,-0.7005772,0.8222356,1.4672985,-0.313789,-0.5258644,-0.50416625,0.17592281,0.09090909
1413,0.72295207,-0.0732635,-0.88153964,-0.5985672,0.13533284,-1.3737721,-0.108684145,0.59137255,0.0909091
1414,0.7844876,-0.13461168,-0.7818746,-0.4971323,0.027681231,-1.4461362,-0.073210254,0.6009441,0.1
1415,-0.05940348,-0.53054774,2.1100314,1.9372934,0.47154564,0.35354882,-0.7013491,0.9934821,0.111111104
1416,-0.14827468,-0.45103642,1.9768461,1.8012221,0.6245119,0.4702248,-0.7642512,0.97302115,0.07692307
1417,-0.22761075,-0.4320411,1.977684,1.8134629,0.69237566,0.57970494,-0.816579,0.9357629,0.04545454
1418,-0.2252716,-0.43348306,1.979761,1.815434,0.68918335,0.57660687,-0.8149581,0.93656814,0.111111104
1419,-0.2248999,-0.43371356,1.9800903,1.8157467,0.68867576,0.57611173,-0.81470084,0.93669355,0.07142856
1420,-0.22966506,-0.43076414,1.9758619,1.811735,0.6951826,0.5824526,-0.8179988,0.9350736,0.04761904
1421,-0.22515674,-0.43355432,1.9798627,1.8155305,0.68902653,0.5764539,-0.8148786,0.9366069,0.099999994
1422,-0.2252716,-0.43348312,1.979761,1.815434,0.6891834,0.57660687,-0.8149581,0.93656814,0.111111104
1423,-0.065297276,-0.53350824,2.1199691,1.9491737,0.47084326,0.36200577,-0.70480996,0.9890994,0.083333336
1424,-0.27506375,-0.34923017,1.9965311,1.7183491,0.84824824,0.7315374,-0.83986706,0.9961215,0.083333336
1425,-0.06547411,-0.5334061,2.11979,1.9490131,0.47108978,0.36221814,-0.7049403,0.9890194,0.111111104
1426,-0.2252716,-0.43348312,1.979761,1.815434,0.6891834,0.57660687,-0.8149581,0.93656814,0.111111104
1427,-0.2252716,-0.43348312,1.979761,1.815434,0.6891834,0.57660687,-0.8149581,0.93656814,0.111111104
1428,-0.2252716,-0.43348312,1.979761,1.815434,0.6891834,0.57660687,-0.8149581,0.93656814,0.111111104
1429,-0.051483147,-0.54216874,2.1320033,1.9606866,0.45200318,0.34343702,-0.69531924,0.99358344,0.076923065
1430,-0.22687744,-0.43248957,1.9783357,1.814082,0.6913762,0.57874376,-0.8160696,0.9360218,0.0625
1431,-0.18608768,-0.45809686,2.0139117,1.8480842,0.63571143,0.52383846,-0.78803664,0.94921565,0.1
1432,0.55118966,-0.37141877,-0.5330408,-0.03373962,-0.8757309,-1.1184598,0.2885486,-0.34786853,0.083333336
1433,0.4045053,-0.04703851,-0.96566033,-0.45731598,0.66651493,-1.1689317,-0.5959661,0.742735,0.06666667
1434,1.3647915,-0.36519963,-0.1432466,-0.08676134,0.011237778,-2.0938802,-0.11803653,1.4174566,0.11111113
1435,0.6058492,0.5877267,-0.087980896,-1.1166679,1.0976716,-0.20647316,0.06330206,1.4049717,0.052631587
1436,0.67895555,0.6153983,-0.107981965,-1.2031513,1.0930358,-0.2633418,0.117471226,1.4635342,0.06666667
1437,0.54207486,0.47335652,0.19256732,-0.7914843,1.0010024,-0.11365147,0.017576486,1.3546063,0.07692307
1438,0.64556384,0.5584085,-0.01064723,-1.0606127,1.0406874,-0.23761268,0.08915796,1.4217471,0.055555563
1439,0.81647277,-0.13108513,-0.8032462,-0.52945197,0.015572406,-1.4842297,-0.0526981,0.6133853,0.071428575
1440,0.8203928,-0.13341466,-0.8001403,-0.5267781,0.010674037,-1.4888537,-0.050355375,0.6143132,0.06666668
1441,-0.8950788,0.9949204,0.0023424774,-1.3189034,-0.3527701,2.5644124,1.2455608,-1.7090484,0.071428575
1442,-0.8950788,0.9949204,0.0023424774,-1.3189034,-0.3527701,2.5644124,1.2455608,-1.7090484,0.071428575
1443,-1.2254095,0.75551957,0.6676851,-0.50408673,-0.42004293,3.0341508,1.0022963,-1.936267,0.055555563
1444,-0.93011785,1.0126748,-0.015734836,-1.3358728,-0.30944717,2.6121686,1.2193111,-1.7187166,0.05882353
1445,-0.93287146,1.008692,-0.005796075,-1.3242484,-0.31294614,2.61633,1.2175027,-1.7215387,0.071428575
1446,-1.2254095,0.75551957,0.6676851,-0.50408673,-0.42004293,3.0341508,1.0022963,-1.936267,0.055555563
1447,-1.1200385,0.70419633,0.7221837,-0.45511806,-0.5531077,2.8902824,1.082742,-1.9061748,0.076923065
1448,0.044393625,-1.1433195,0.6631341,2.1331975,-0.6640626,-1.1006608,-0.91518176,-0.076746225,0.052631587
1449,0.6220319,0.4561191,2.0669882,0.07921454,1.2730142,0.7142646,0.10981227,2.1384044,0.07692308
1450,0.37192482,-0.36060473,1.9424723,0.95364505,-2.0750604,0.6472929,1.5839974,-1.0471374,0.011235945
1451,-0.8433555,-0.56635255,-0.8230724,0.6068399,-2.189816,0.5700478,0.5330368,-3.1644304,0.11111111
1452,0.7601856,-0.5693202,-0.93474746,0.16199598,0.026216283,-2.0714183,-0.6642722,0.66909814,0.11111111
1453,0.46672517,0.21880455,1.6682315,0.28450817,0.71040535,0.47674584,0.15368164,1.4489722,0.090909086
1454,-0.05252333,-0.6796486,0.48500186,1.2798625,-0.6435711,-0.40707397,-0.31508654,-0.38206014,0.11111111
1455,-0.28748983,-0.5364157,0.61568534,1.2667421,-0.23797683,0.03487909,-0.49042833,-0.2777045,0.071428575
1456,0.8820405,-0.5171114,-1.074622,-0.059580155,0.0075524896,-2.2063653,-0.59563994,0.70545614,0.09090909
1457,-0.04694467,-0.17719664,1.7973597,0.84270144,-1.6514732,1.2225883,1.3285196,-1.2018236,0.11111111
1458,-0.08231221,-0.67178136,0.4577375,1.2144674,-0.92552626,-0.29142892,-0.102561854,-0.69686425,0.06666667
1459,-0.08231221,-0.67178136,0.4577375,1.2144674,-0.92552626,-0.29142892,-0.102561854,-0.69686425,0.06666667
1460,0.7828802,-0.10964597,-0.8328421,-0.55588835,0.05942457,-1.4446027,-0.07271852,0.6056969,0.07692309
1461,0.7828802,-0.10964597,-0.8328421,-0.55588835,0.05942457,-1.4446027,-0.07271852,0.6056969,0.07692309
1463,-0.3230906,-0.4981449,-0.73568493,0.5179136,-0.7421213,-0.3951199,-0.3105284,-1.1777864,0.11111111
1464,-0.56629443,0.6725935,0.64837945,-0.46792597,0.95600474,1.7477574,0.054872178,0.113699555,0.08333332
1465,0.46868247,0.32553607,0.48200238,-0.74357784,-1.3696609,0.52267414,1.6886415,-0.8378086,0.07692309
1466,-0.74385643,-1.1620253,0.47697663,1.988819,-2.9170322,0.4723134,0.5202037,-3.1976948,0.09999999
1469,0.80729055,0.8874023,0.29682496,-1.4711426,1.3622472,0.11270495,0.3640256,1.869856,0.083333336
1470,0.740641,0.39883047,1.1559757,-0.3471461,0.7735928,0.119269624,0.3290813,1.6202463,0.11111113
1471,-0.8950788,0.9949204,0.0023424774,-1.3189034,-0.3527701,2.5644124,1.2455608,-1.7090484,0.071428575
1472,-1.1390417,-0.44620144,0.726811,1.5661392,-0.11626282,1.2503278,-0.7309553,-1.176538,0.023255814
1473,-1.1407521,-0.44505507,0.7253258,1.5646205,-0.113750964,1.2527026,-0.73218966,-1.1769739,0.024390243
1474,0.5242227,-0.79153603,-0.788827,0.6150171,-0.56884736,-1.8597128,-0.5495547,-0.01708126,0.04761905
1475,1.150262,-0.4134504,-0.688187,-0.38371915,-1.2075521,-1.8242147,0.63437253,-0.108786136,0.11111111
1476,0.24253464,-0.06203399,1.4218925,0.3520543,-1.7009159,0.8378578,1.523692,-1.0510578,0.11111113
1477,0.24253465,-0.06203399,1.4218925,0.3520543,-1.7009158,0.83785784,1.523692,-1.0510579,0.11111111
1478,0.81438166,-0.15281187,-0.75722086,-0.4756152,-0.010193668,-1.4814703,-0.055268697,0.6080035,0.06666666
1479,0.80498946,0.47681612,0.6862484,-0.7371238,0.6860195,-0.07374687,0.43186793,1.4620385,0.090909086
1480,0.24225108,0.052880894,1.1739733,0.07587109,-1.566288,0.8316237,1.5368059,-1.0149883,0.09090909
1481,0.7611469,-0.5698853,-0.9339335,0.16267058,0.025002427,-2.0725107,-0.66369563,0.66933227,0.10000001
1484,1.2688513,-0.41331312,-0.00024668127,0.108178735,0.010331623,-1.984153,-0.1767331,1.3829142,0.11111111
1485,1.2688513,-0.41331312,-0.00024668127,0.108178735,0.010331623,-1.984153,-0.1767331,1.3829142,0.11111111
1486,1.2688513,-0.41331312,-0.00024668127,0.108178735,0.010331623,-1.984153,-0.1767331,1.3829142,0.11111111
1487,1.2688513,-0.41331312,-0.00024668127,0.108178735,0.010331623,-1.984153,-0.1767331,1.3829142,0.11111111
1488,1.2688513,-0.41331312,-0.00024668127,0.108178735,0.010331623,-1.984153,-0.1767331,1.3829142,0.11111111
1489,1.2688513,-0.41331312,-0.00024668127,0.108178735,0.010331623,-1.984153,-0.1767331,1.3829142,0.11111111
1490,1.2688513,-0.41331312,-0.00024668127,0.108178735,0.010331623,-1.984153,-0.1767331,1.3829142,0.11111111
1491,1.2688513,-0.41331312,-0.00024668127,0.108178735,0.010331623,-1.984153,-0.1767331,1.3829142,0.11111111
1492,1.2688513,-0.41331312,-0.00024668127,0.108178735,0.010331623,-1.984153,-0.1767331,1.3829142,0.11111111
1493,1.2688513,-0.41331312,-0.00024668127,0.108178735,0.010331623,-1.984153,-0.1767331,1.3829142,0.11111111
1494,1.2688513,-0.41331312,-0.00024668127,0.108178735,0.010331623,-1.984153,-0.1767331,1.3829142,0.11111111
1495,1.2688513,-0.41331312,-0.00024668127,0.108178735,0.010331623,-1.984153,-0.1767331,1.3829142,0.11111111
1496,1.2688513,-0.41331312,-0.00024668127,0.108178735,0.010331623,-1.984153,-0.1767331,1.3829142,0.11111111
1497,1.2688513,-0.41331312,-0.00024668127,0.108178735,0.010331623,-1.984153,-0.1767331,1.3829142,0.11111111
1498,1.2688513,-0.41331312,-0.00024668127,0.108178735,0.010331623,-1.984153,-0.1767331,1.3829142,0.11111111
1499,1.2688513,-0.41331312,-0.00024668127,0.108178735,0.010331623,-1.984153,-0.1767331,1.3829142,0.11111111
1500,1.2688513,-0.41331312,-0.00024668127,0.108178735,0.010331623,-1.984153,-0.1767331,1.3829142,0.11111111
1501,1.2688513,-0.41331312,-0.00024668127,0.108178735,0.010331623,-1.984153,-0.1767331,1.3829142,0.11111111
1502,1.2688513,-0.41331312,-0.00024668127,0.108178735,0.010331623,-1.984153,-0.1767331,1.3829142,0.11111111
1503,1.2688513,-0.41331312,-0.00024668127,0.108178735,0.010331623,-1.984153,-0.1767331,1.3829142,0.11111111
1504,1.2688513,-0.41331312,-0.00024668127,0.108178735,0.010331623,-1.984153,-0.1767331,1.3829142,0.11111111
1505,1.2688513,-0.41331312,-0.00024668127,0.108178735,0.010331623,-1.984153,-0.1767331,1.3829142,0.11111111
1506,1.2688513,-0.41331312,-0.00024668127,0.108178735,0.010331623,-1.984153,-0.1767331,1.3829142,0.11111111
1507,1.2688513,-0.41331312,-0.00024668127,0.108178735,0.010331623,-1.984153,-0.1767331,1.3829142,0.11111111
1508,1.2688513,-0.41331312,-0.00024668127,0.108178735,0.010331623,-1.984153,-0.1767331,1.3829142,0.11111111
1509,1.2688513,-0.41331312,-0.00024668127,0.108178735,0.010331623,-1.984153,-0.1767331,1.3829142,0.11111111
1510,1.2688513,-0.41331312,-0.00024668127,0.108178735,0.010331623,-1.984153,-0.1767331,1.3829142,0.11111111
1511,1.2688513,-0.41331312,-0.00024668127,0.108178735,0.010331623,-1.984153,-0.1767331,1.3829142,0.11111111
1512,0.3764078,-0.036588512,-0.66303575,-0.3254816,0.71269983,-0.97516364,-0.5878243,0.8409225,0.1
1513,0.60308456,0.37764794,0.2603448,-0.97934455,-1.3338364,0.31022543,1.7343156,-0.7298604,0.055555563
1514,0.55633414,0.3713308,0.23742561,-0.9467637,-1.2573913,0.32281423,1.6489073,-0.7100619,0.06666666
1515,0.5191967,0.40862533,0.22411948,-0.9949984,-1.2419047,0.4070204,1.6705835,-0.75085545,0.071428575
1516,0.5607994,0.39693835,0.23889227,-0.99466056,-1.2880466,0.3624305,1.7070948,-0.742751,0.058823537
1517,0.542069,0.41683418,0.18578136,-1.0334564,-1.2346593,0.37081796,1.6810479,-0.73124635,0.07692307
1518,0.5227418,0.46830606,-0.97541416,-1.2923907,1.059875,-0.7342095,-0.21232599,1.0760406,0.058823537
1519,-0.059333384,-0.24312252,0.51736015,0.7777428,0.79636014,-0.1518969,-0.8623209,0.82987034,0.11111113
1524,-0.39124817,-0.17823863,0.8462858,0.9325121,0.5976251,0.56842476,-0.65298426,0.32010755,0.07142857
1525,-0.34789377,-0.1632784,0.78968835,0.86340994,0.5977848,0.5061425,-0.6292336,0.35276648,0.06666668
1526,0.5366851,0.41418478,0.20408928,-1.0206505,-1.2450448,0.38545394,1.6851724,-0.7416868,0.06666666
1527,0.5191967,0.40862533,0.22411948,-0.9949984,-1.2419049,0.4070204,1.6705835,-0.75085545,0.07142856
1528,0.542069,0.41683418,0.18578136,-1.0334564,-1.2346593,0.3708179,1.6810479,-0.73124635,0.07692307
1529,0.542069,0.41683418,0.18578136,-1.0334564,-1.2346593,0.3708179,1.6810479,-0.73124635,0.07692307
1530,0.542069,0.41683418,0.18578136,-1.0334564,-1.2346593,0.3708179,1.6810479,-0.73124635,0.07692307
1532,-0.31467056,-0.16215982,0.76919496,0.835322,0.5779339,0.4608184,-0.6056051,0.36794585,0.099999994
1533,0.103100896,-0.74488866,0.908889,1.5649207,-0.3786819,-0.55265313,-0.48643333,0.1762179,0.08333334
1534,-0.494833,0.32193777,1.3542724,0.33809835,0.5025325,1.6743727,0.09938466,0.04813665,0.05263159
1536,0.72452945,-0.074226946,-0.88029337,-0.59742624,0.13334055,-1.3756455,-0.10774213,0.5917507,0.07142857
1537,0.4761446,0.3043913,-0.91529,-0.971855,1.1481639,-0.8907446,-0.5045077,1.1806986,0.076923065
1538,1.0219036,1.3719945,0.888929,-1.9332434,2.315584,0.6422961,0.38283622,2.9778476,0.062499996
1539,-0.08231221,-0.67178136,0.4577375,1.2144674,-0.92552626,-0.29142892,-0.102561854,-0.69686425,0.06666667
1541,0.4761446,0.3043913,-0.91529,-0.971855,1.1481639,-0.8907446,-0.5045077,1.1806986,0.076923065
1543,0.50092643,0.5638739,1.8829304,-0.09964375,1.4867989,0.8613749,0.03266345,2.1309693,0.040000007
1544,0.77105707,0.8231934,0.4663493,-1.28481,1.320131,0.1680501,0.3317496,1.8550324,0.071428575
1545,0.40848672,-0.62711495,-2.0901673,-0.16235949,-0.18745135,-2.2364872,-0.8308542,-0.27481502,0.10000001
1546,-0.08231221,-0.67178136,0.4577375,1.2144674,-0.92552626,-0.29142892,-0.102561854,-0.69686425,0.06666667
1547,-0.16878228,-0.21388061,-0.044094533,0.53456545,0.8955617,-0.29459983,-1.0193017,0.6516844,0.09090909
1548,-0.16878228,-0.21388061,-0.044094533,0.53456545,0.8955617,-0.29459983,-1.0193017,0.6516844,0.09090909
1549,0.003538452,0.1889347,2.232905,0.6245462,-0.307639,1.5445096,0.8410296,0.105165124,0.11111111
1550,1.2721889,-0.4147543,-0.7361941,-0.47228837,-1.2619001,-1.964923,0.70384085,-0.059414923,0.090909086
1552,-0.031746216,-0.61481124,0.6602812,1.3923765,0.22387762,-0.48959756,-0.8669216,0.49075574,0.07142857
1556,1.150262,-0.4134504,-0.688187,-0.38371915,-1.2075521,-1.8242148,0.6343726,-0.108786136,0.11111113
1557,-0.45718127,0.44370914,-0.7543495,-0.66921496,1.6165241,0.38594943,-0.92490995,0.6126584,0.06666668
1558,0.63852185,-0.25235555,-0.4755476,-0.10323058,-0.037101462,-1.2710414,-0.16974336,0.52502614,0.09999999
1559,0.63852185,-0.25235555,-0.4755476,-0.10323058,-0.037101462,-1.2710414,-0.16974336,0.52502614,0.09999999
1560,0.086817,-0.73500156,0.89553064,1.5528105,-0.35721886,-0.5313165,-0.49689648,0.17164095,0.10000001
1561,0.088511325,-0.73602337,0.8969199,1.5540582,-0.3594404,-0.533534,-0.49582127,0.17211056,0.058823526
1562,0.08361875,-0.7330553,0.892906,1.5504243,-0.35299617,-0.52712375,-0.49895963,0.17073801,0.09090909
1563,0.089418,-0.73658025,0.8976627,1.5547439,-0.36064655,-0.534723,-0.49522534,0.17237188,0.09090908
1564,0.09565483,-0.74036527,0.90277916,1.5593792,-0.36886388,-0.54289454,-0.49122155,0.17412308,0.0625
1565,0.08763751,-0.7354914,0.89620215,1.5534061,-0.35828638,-0.53238773,-0.49638504,0.1718638,0.062499993
1566,0.08941801,-0.73658025,0.89766276,1.5547439,-0.3606465,-0.534723,-0.49522534,0.17237188,0.090909086
1567,0.8678018,-0.17273526,0.82317036,-0.11765717,-2.1519673,-0.22964756,1.797924,-0.9270642,0.06666667
1568,1.2688513,-0.41331312,-0.00024668127,0.108178735,0.010331623,-1.984153,-0.1767331,1.3829142,0.11111111
1569,0.23343436,-0.9521642,0.97863287,1.8414656,-0.7122981,-0.87867695,-0.4637373,0.09591998,0.07692307
1570,-1.4591473,0.41985407,1.3325735,0.46879214,-0.21255694,3.2035937,0.439945,-1.825983,0.1
1571,-1.4591473,0.41985407,1.3325735,0.46879214,-0.21255694,3.2035937,0.439945,-1.825983,0.1
1572,-1.4591473,0.41985407,1.3325735,0.46879214,-0.21255694,3.2035937,0.439945,-1.825983,0.1
1574,-0.24250339,-0.5305164,0.64486134,1.2466393,-0.23426907,0.0024929494,-0.4687248,-0.21793377,0.04545455
1575,1.3794054,-0.41274416,0.93726087,0.53508276,0.17820817,-1.7034581,-0.13030846,1.9161978,0.090909086
1576,1.3821094,-0.4115109,0.9335066,0.5298698,0.17806439,-1.7065933,-0.12884334,1.9171706,0.08333333
1577,0.6699432,-0.8291287,-1.8690816,-0.000846494,-1.0237126,-2.4205747,-0.366069,-0.6825912,0.071428575
1578,0.20703807,-0.83914447,0.9886908,1.6689575,-0.66159993,-0.69538534,-0.35542968,0.074159116,0.058823522
1579,0.7793535,-0.59729457,-0.08594783,0.3524719,-1.3619221,-1.334818,0.49551657,-0.3774322,0.07692308
1580,1.385252,-0.41006,0.9291689,0.52371037,0.1778352,-1.7102041,-0.12719472,1.9182488,0.07692308
1581,0.7421512,-0.08490362,-0.86607695,-0.5849262,0.11105386,-1.3965008,-0.097154126,0.5959996,0.09090909
1582,-0.012149341,-0.66317636,0.4040631,1.1339369,-0.957543,-0.38254112,-0.061514027,-0.6691892,0.06666667
1583,-0.08231221,-0.67178136,0.4577375,1.2144674,-0.92552626,-0.29142892,-0.102561854,-0.69686425,0.06666667
1584,0.22155032,-0.91839105,0.98936176,1.7952827,-0.69483334,-0.81549436,-0.43241897,0.08886084,0.0625
1585,-0.44656718,0.48627597,-0.8411946,-0.7793049,1.6556206,0.37065548,-0.91645724,0.6248878,0.06666667
1586,0.07775055,0.24622017,-0.44461268,-0.65277636,0.07054676,0.044322386,0.2239449,-0.120055586,0.030303031
1587,0.88906467,0.8294487,2.1481369,-0.55574167,1.7494808,0.8750053,0.3056174,2.7730148,0.1
1588,0.46672517,0.21880455,1.6682315,0.28450817,0.71040535,0.47674584,0.15368164,1.4489722,0.090909086
1589,0.46247023,0.292408,0.009437911,-0.69522816,0.00933674,-0.105538,0.5138701,0.34542528,0.09090909
1590,0.6608696,-0.03577618,-0.9310529,-0.6422743,0.2136432,-1.300127,-0.14610782,0.57625616,0.066666655
1591,0.6608696,-0.03577618,-0.9310529,-0.6422743,0.2136432,-1.300127,-0.14610782,0.57625616,0.066666655
1592,0.6608696,-0.03577618,-0.9310529,-0.6422743,0.2136432,-1.300127,-0.14610782,0.57625616,0.066666655
1593,0.6608696,-0.03577618,-0.9310529,-0.6422743,0.2136432,-1.300127,-0.14610782,0.57625616,0.066666655
1594,0.6608696,-0.03577618,-0.9310529,-0.6422743,0.2136432,-1.300127,-0.14610782,0.57625616,0.066666655
1595,0.6608696,-0.03577618,-0.9310529,-0.6422743,0.2136432,-1.300127,-0.14610782,0.57625616,0.066666655
1596,0.6608696,-0.03577618,-0.9310529,-0.6422743,0.2136432,-1.300127,-0.14610782,0.57625616,0.066666655
1597,0.7479338,-0.08838525,-0.86134386,-0.5808853,0.103734575,-1.403327,-0.09366283,0.5974,0.111111104
1598,0.85537,-0.17107932,-0.7372638,-0.4624046,-0.054203227,-1.5298704,-0.030596968,0.61885726,0.08333332
1599,0.6608696,-0.03577618,-0.9310529,-0.6422743,0.2136432,-1.300127,-0.14610782,0.57625616,0.066666655
1600,-0.121646,-1.1888565,0.80568266,2.350377,-0.7137443,-0.8807845,-0.95578206,-0.2542339,0.09090909
1601,0.38115406,-0.103320464,1.4344175,0.34214705,-1.822268,0.65056425,1.6044443,-0.9996135,0.1111111
1602,0.08852327,-1.157218,-0.22184955,1.7492942,-0.53714025,-1.6223489,-1.1560657,-0.12835535,0.111111104
1603,0.43857652,-0.32018253,1.8392857,0.80876356,-2.0785606,0.565281,1.6256061,-1.0162977,0.055555552
1604,-0.0036780909,-0.1728402,-2.151516,-1.0295074,-2.0401516,-0.5521279,1.0693713,-2.658564,0.066666655
1605,0.53017145,0.4439906,0.19724688,-1.0718644,-1.2600231,0.43478054,1.7317466,-0.7745137,0.0909091
1606,-0.28748983,-0.5364157,0.61568534,1.266742,-0.23797683,0.03487909,-0.49042833,-0.27770454,0.071428575
1607,-0.76734865,-1.1873981,0.5576713,2.081839,-2.908147,0.49932057,0.49055955,-3.1824446,0.08333332
1608,-0.10678202,-0.6008073,-1.19013,0.057987805,-2.597724,-0.40306026,0.99187094,-2.8618987,0.09090909
1609,-0.11864978,-0.5716626,-1.2428193,0.0006948896,-2.552939,-0.38735932,0.98469466,-2.8584697,0.11111111
1610,0.86121905,-0.15738529,-0.7681361,-0.49964195,-0.040055394,-1.5369866,-0.025890503,0.62404984,0.07692308
1611,0.8262628,-1.3693681,-0.041241303,1.7219629,-1.0926129,-2.4980688,-0.7416621,0.22349733,0.071428575
1613,0.4414559,-0.3257951,1.8488762,0.8194764,-2.0860307,0.5611371,1.6267904,-1.01633,0.071428575
1614,-0.03185472,-0.6737249,0.79442513,1.5473305,0.15475693,-0.4870715,-0.8651507,0.48110598,0.062499996
1615,-0.08231221,-0.67178136,0.4577375,1.2144674,-0.92552626,-0.29142892,-0.102561854,-0.69686425,0.06666667
1616,-0.08231221,-0.67178136,0.4577375,1.2144674,-0.92552626,-0.29142892,-0.102561854,-0.69686425,0.06666667
1618,0.62452257,-0.6633345,-2.248372,-0.39818013,-0.83533216,-2.3745337,-0.32625335,-0.7389531,0.111111104
1619,0.37813932,-0.00072343013,0.30908936,0.13201436,1.1062461,-0.5168993,-0.66771966,1.4743415,0.083333336
1620,-0.17773432,-0.6313108,0.92218447,1.5335203,-0.16239063,-0.10260546,-0.6015975,0.020119198,0.09090908
1621,-0.05043441,-0.6005266,0.29081744,1.0083349,-0.8642151,-0.33310664,-0.086448014,-0.67460954,0.090909086
1622,-0.24393807,-0.48651248,-1.4034009,-0.105449304,-2.3565214,-0.25258368,0.92726785,-2.8628688,0.027027018
1623,-0.06945646,-1.2467499,0.12266572,2.1543853,-0.58805525,-1.392288,-1.225704,-0.21165234,0.06666667
1624,-0.06945646,-1.2467498,0.12266572,2.1543853,-0.58805525,-1.3922877,-1.225704,-0.21165234,0.06666667
1625,0.3737461,-0.3593783,1.9394581,0.9494101,-2.0750601,0.6450649,1.5851489,-1.0462834,0.0111111095
1626,-0.05252333,-0.6796486,0.48500186,1.2798625,-0.6435711,-0.40707397,-0.31508654,-0.38206014,0.11111111
1627,0.77167875,-0.613059,-0.049149618,0.3965788,-1.3762609,-1.3265702,0.49206427,-0.38308445,0.07692308
1629,0.08852327,-1.1572181,-0.22184955,1.7492942,-0.5371403,-1.622349,-1.1560658,-0.12835538,0.11111111
1630,-0.7431963,-0.25348893,1.227602,1.2896919,0.015190423,1.2517643,-0.35818854,-0.53387845,0.083333336
1631,-0.7431963,-0.25348893,1.227602,1.2896919,0.015190423,1.2517643,-0.35818854,-0.53387845,0.083333336
1632,-1.1835432,-0.41632664,0.6881318,1.526259,-0.050616458,1.3123275,-0.76315904,-1.1878138,0.041666675
1633,0.7549765,-0.92139876,-1.7572895,0.12957081,-1.2448515,-2.502364,-0.26031905,-0.73759174,0.027777791
1634,-0.4182899,0.7648297,0.38943952,-0.7907149,0.9714625,1.54335,0.16785502,0.21925136,0.111111104
1635,0.643495,0.10233436,-1.1095159,-0.92891866,0.3121197,-1.2164406,-0.086060286,0.5508748,0.111111104
1636,0.740641,0.39883047,1.1559757,-0.3471461,0.7735928,0.119269624,0.3290813,1.6202463,0.11111113
1637,-0.79063904,-0.62965167,0.043407664,1.5871148,0.81152725,-0.053072926,-1.7074726,0.024834104,0.083333336
1638,0.91811115,0.009346108,-1.0434742,-0.9106203,0.056973062,-1.5418963,0.085064285,0.630551,0.09090909
1639,0.2709781,-0.083496965,-2.0606794,-0.7873593,1.0660189,-1.7506763,-1.141565,0.6388478,0.04166667
1640,-0.7229862,1.1083956,-0.2751088,-1.7049462,-0.3390904,2.3513477,1.3468397,-1.6212881,0.11111111
1641,0.9546049,-1.0379432,-1.0359935,0.6225781,-0.97737896,-2.6521654,-0.46690193,0.013863027,0.1
1642,0.9626139,-1.03098,-1.0527356,0.59889704,-0.9734689,-2.6611283,-0.46248823,0.01711905,0.052631576
1643,1.0841839,-0.9972583,-1.1631559,0.422207,-0.9909246,-2.795454,-0.38971555,0.06381967,0.06250001
1644,1.0254456,-1.0295522,-1.0734333,0.5475425,-1.0047215,-2.7296884,-0.42591354,0.03785765,0.09090909
1645,0.740641,0.39883047,1.1559757,-0.3471461,0.7735928,0.119269624,0.3290813,1.6202463,0.11111113
1646,-0.112282455,-0.65248597,-1.1197536,0.17641015,-2.6339974,-0.4141466,0.99725276,-2.852506,0.083333336
1647,0.88722026,0.6556388,0.620457,-1.031533,1.035412,-0.0437357,0.3961104,1.8005909,0.11111111
1648,-0.5190417,-0.21833037,0.9722489,0.9816417,-0.17817195,0.93082225,-0.17218429,-0.52279687,0.09090909
1649,0.6047568,0.39504045,-0.858553,-1.1330045,1.2675732,-0.9158055,-0.4228081,1.4196866,0.07142856
1650,-0.7064833,-1.1838644,0.5653866,2.0902905,-2.712606,0.36695397,0.36601993,-2.9213855,0.09090909
1651,0.50583375,-0.76938546,-0.82860005,0.57376534,-0.53222173,-1.8390176,-0.5610531,-0.020922825,0.04
1652,-1.4439775,0.230866,0.31290635,0.56209004,1.8129345,1.9139687,-1.4933785,-0.1084255,0.11111111
1653,0.5714085,0.39985195,0.34406656,-0.63475347,0.8928915,-0.14106253,0.0308083,1.3442615,0.0909091
1654,-0.5190416,-0.21833031,0.9722487,0.98164153,-0.17817189,0.9308221,-0.17218426,-0.52279675,0.090909086
1655,0.9444709,1.1746228,0.52820045,-1.8083913,1.8868433,0.35815406,0.3917076,2.4703724,0.05882353
1656,-0.5274037,-0.2293192,0.99802935,1.0160831,-0.18369438,0.94139427,-0.17711475,-0.5277535,0.1
1658,0.037357092,0.75183403,0.030459657,-1.0025401,1.7843803,0.5780703,-0.39474165,1.4169475,0.11111111
1659,0.40812343,-0.86101997,-1.700105,0.2863822,-0.94735074,-2.1152015,-0.5282542,-0.7974396,0.07142856
1660,-0.14179708,-0.16884238,2.3154352,1.5231731,1.0992283,0.94199663,-0.71128625,1.3786801,0.06250001
1661,-0.7088371,0.49960378,1.068505,0.046297044,0.8474928,1.9483315,-0.054981794,-0.0106090605,0.09090909
1662,-0.6963733,0.5130174,1.0353885,0.005504228,0.8549615,1.9309424,-0.045358405,-0.00020191073,0.083333336
1663,0.70673186,1.2178478,1.6926869,-1.2915626,1.7786556,1.3486181,0.6434225,2.3617842,0.027777769
1664,1.0062965,0.8354288,0.68562895,-1.2930244,1.3730617,0.02315016,0.40209743,2.1999135,0.076923065
1665,-1.2727627,0.673629,0.8678558,-0.26764762,-0.47934276,3.107623,0.95844716,-1.9868451,0.08333333
1666,-1.2616457,0.69118786,0.8470844,-0.31176817,-0.47870553,3.103033,0.96052414,-1.989307,0.05263158
1667,-1.2668195,0.69601595,0.8377425,-0.3195768,-0.46727252,3.1094275,0.9560017,-1.9890972,0.058823522
1677,0.35655355,-0.37108374,1.9682255,0.98974305,-2.0749595,0.66603684,1.5742939,-1.054184,0.012820501
1678,0.3709287,-0.36125204,1.9440846,0.9559126,-2.0750098,0.64850736,1.5833719,-1.0475788,0.011363629
1679,0.37395602,-0.35912743,1.938854,0.94865876,-2.0748353,0.64480245,1.5852783,-1.0460893,0.011235962
1680,0.36486572,-0.36550274,1.9543517,0.9703963,-2.0748932,0.6558702,1.5795039,-1.0502592,0.012195131
1681,0.35779673,-0.3702708,1.966202,0.9869016,-2.0750163,0.6645211,1.5750757,-1.0536331,0.012658217
1682,0.3699507,-0.3619551,1.945838,0.95828223,-2.0751238,0.64972436,1.5827425,-1.0481015,0.011363631
1683,0.36622876,-0.36856055,1.9598562,0.9764065,-2.0789807,0.6538164,1.5801824,-1.0503553,0.09090909
1684,0.36622876,-0.36856055,1.9598562,0.9764065,-2.0789807,0.6538164,1.5801824,-1.0503553,0.09090909
1685,0.36622876,-0.36856055,1.9598562,0.9764065,-2.0789807,0.6538164,1.5801824,-1.0503553,0.09090909
1686,0.36622876,-0.36856055,1.9598562,0.9764065,-2.0789807,0.6538164,1.5801824,-1.0503553,0.09090909
1687,0.36622876,-0.36856055,1.9598562,0.9764065,-2.0789807,0.6538164,1.5801824,-1.0503553,0.09090909
1688,0.36622876,-0.36856055,1.9598562,0.9764065,-2.0789807,0.6538164,1.5801824,-1.0503553,0.09090909
1689,0.36622876,-0.36856055,1.9598562,0.9764065,-2.0789807,0.6538164,1.5801824,-1.0503553,0.09090909
1690,0.36622876,-0.36856055,1.9598562,0.9764065,-2.0789807,0.6538164,1.5801824,-1.0503553,0.09090909
1691,0.36622876,-0.36856055,1.9598562,0.9764065,-2.0789807,0.6538164,1.5801824,-1.0503553,0.09090909
1692,0.36622876,-0.36856055,1.9598562,0.9764065,-2.0789807,0.6538164,1.5801824,-1.0503553,0.09090909
1693,0.36622876,-0.36856055,1.9598562,0.9764065,-2.0789807,0.6538164,1.5801824,-1.0503553,0.09090909
1694,0.36622876,-0.36856055,1.9598562,0.9764065,-2.0789807,0.6538164,1.5801824,-1.0503553,0.09090909
1695,0.36622876,-0.36856055,1.9598562,0.9764065,-2.0789807,0.6538164,1.5801824,-1.0503553,0.09090909
1696,0.36622876,-0.36856055,1.9598562,0.9764065,-2.0789807,0.6538164,1.5801824,-1.0503553,0.09090909
1697,0.36622876,-0.36856055,1.9598562,0.9764065,-2.0789807,0.6538164,1.5801824,-1.0503553,0.09090909
1698,0.36622876,-0.36856055,1.9598562,0.9764065,-2.0789807,0.6538164,1.5801824,-1.0503553,0.09090909
1699,0.36622876,-0.36856055,1.9598562,0.9764065,-2.0789807,0.6538164,1.5801824,-1.0503553,0.09090909
1700,0.36622876,-0.36856055,1.9598562,0.9764065,-2.0789807,0.6538164,1.5801824,-1.0503553,0.09090909
1701,0.36622876,-0.36856055,1.9598562,0.9764065,-2.0789807,0.6538164,1.5801824,-1.0503553,0.09090909
1702,0.36622876,-0.36856055,1.9598562,0.9764065,-2.0789807,0.6538164,1.5801824,-1.0503553,0.09090909
1703,0.36622876,-0.36856055,1.9598562,0.9764065,-2.0789807,0.6538164,1.5801824,-1.0503553,0.09090909
1704,0.36622876,-0.36856055,1.9598562,0.9764065,-2.0789807,0.6538164,1.5801824,-1.0503553,0.09090909
1705,0.36622876,-0.36856055,1.9598562,0.9764065,-2.0789807,0.6538164,1.5801824,-1.0503553,0.09090909
1706,-0.4357171,-0.2252816,-1.8376331,-0.5486372,-1.8303803,-0.042496555,0.71865785,-2.7898004,0.06666667
1707,0.36622876,-0.36856055,1.9598562,0.9764065,-2.0789807,0.6538164,1.5801824,-1.0503553,0.09090909
1708,0.36622876,-0.36856055,1.9598562,0.9764065,-2.0789807,0.6538164,1.5801824,-1.0503553,0.09090909
1709,0.36622876,-0.36856055,1.9598562,0.9764065,-2.0789807,0.6538164,1.5801824,-1.0503553,0.09090909
1710,0.36622876,-0.36856055,1.9598562,0.9764065,-2.0789807,0.6538164,1.5801824,-1.0503553,0.09090909
1711,0.36622876,-0.36856055,1.9598562,0.9764065,-2.0789807,0.6538164,1.5801824,-1.0503553,0.09090909
1712,0.36622876,-0.36856055,1.9598562,0.9764065,-2.0789807,0.6538164,1.5801824,-1.0503553,0.09090909
1713,0.36622876,-0.36856055,1.9598562,0.9764065,-2.0789807,0.6538164,1.5801824,-1.0503553,0.09090909
1714,0.36622876,-0.36856055,1.9598562,0.9764065,-2.0789807,0.6538164,1.5801824,-1.0503553,0.09090909
1715,0.36622876,-0.36856055,1.9598562,0.9764065,-2.0789807,0.6538164,1.5801824,-1.0503553,0.09090909
1716,0.36622876,-0.36856055,1.9598562,0.9764065,-2.0789807,0.6538164,1.5801824,-1.0503553,0.09090909
1717,0.36622876,-0.36856055,1.9598562,0.9764065,-2.0789807,0.6538164,1.5801824,-1.0503553,0.09090909
1718,0.36622876,-0.36856055,1.9598562,0.9764065,-2.0789807,0.6538164,1.5801824,-1.0503553,0.09090909
1719,0.36622876,-0.36856055,1.9598562,0.9764065,-2.0789807,0.6538164,1.5801824,-1.0503553,0.09090909
1720,0.36622876,-0.36856055,1.9598562,0.9764065,-2.0789807,0.6538164,1.5801824,-1.0503553,0.09090909
1721,0.36622876,-0.36856055,1.9598562,0.9764065,-2.0789807,0.6538164,1.5801824,-1.0503553,0.09090909
1722,0.5095906,-0.2644188,1.7051631,0.6248061,-2.0690286,0.4784751,1.671146,-0.9803164,0.08333333
1723,0.52243304,-0.26672807,1.6272976,0.58222425,-2.0825908,0.42966378,1.6729949,-1.0000069,0.071428575
1724,0.36622876,-0.36856055,1.9598562,0.9764065,-2.0789807,0.6538164,1.5801824,-1.0503553,0.09090909
1725,0.36622876,-0.36856055,1.9598562,0.9764065,-2.0789807,0.6538164,1.5801824,-1.0503553,0.09090909
1726,0.36622876,-0.36856055,1.9598562,0.9764065,-2.0789807,0.6538164,1.5801824,-1.0503553,0.09090909
1727,0.36622876,-0.36856055,1.9598562,0.9764065,-2.0789807,0.6538164,1.5801824,-1.0503553,0.09090909
1728,0.36622876,-0.36856055,1.9598562,0.9764065,-2.0789807,0.6538164,1.5801824,-1.0503553,0.09090909
1729,0.36622876,-0.36856055,1.9598562,0.9764065,-2.0789807,0.6538164,1.5801824,-1.0503553,0.09090909
1730,0.36622876,-0.36856055,1.9598562,0.9764065,-2.0789807,0.6538164,1.5801824,-1.0503553,0.09090909
1731,0.36622876,-0.36856055,1.9598562,0.9764065,-2.0789807,0.6538164,1.5801824,-1.0503553,0.09090909
1732,0.36622876,-0.36856055,1.9598562,0.9764065,-2.0789807,0.6538164,1.5801824,-1.0503553,0.09090909
1733,0.36622876,-0.36856055,1.9598562,0.9764065,-2.0789807,0.6538164,1.5801824,-1.0503553,0.09090909
1734,0.36622876,-0.36856055,1.9598562,0.9764065,-2.0789807,0.6538164,1.5801824,-1.0503553,0.09090909
1735,0.36622876,-0.36856055,1.9598562,0.9764065,-2.0789807,0.6538164,1.5801824,-1.0503553,0.09090909
1736,0.36622876,-0.36856055,1.9598562,0.9764065,-2.0789807,0.6538164,1.5801824,-1.0503553,0.09090909
1737,0.36622876,-0.36856055,1.9598562,0.9764065,-2.0789807,0.6538164,1.5801824,-1.0503553,0.09090909
1738,0.36622876,-0.36856055,1.9598562,0.9764065,-2.0789807,0.6538164,1.5801824,-1.0503553,0.09090909
1739,0.36622876,-0.36856055,1.9598562,0.9764065,-2.0789807,0.6538164,1.5801824,-1.0503553,0.09090909
1740,0.36622876,-0.36856055,1.9598562,0.9764065,-2.0789807,0.6538164,1.5801824,-1.0503553,0.09090909
1741,0.36622876,-0.36856055,1.9598562,0.9764065,-2.0789807,0.6538164,1.5801824,-1.0503553,0.09090909
1742,0.36622876,-0.36856055,1.9598562,0.9764065,-2.0789807,0.6538164,1.5801824,-1.0503553,0.09090909
1743,0.36622876,-0.36856055,1.9598562,0.9764065,-2.0789807,0.6538164,1.5801824,-1.0503553,0.09090909
1744,0.4471941,0.06620774,-1.1184849,-0.69476855,0.9657897,-1.2330399,-0.70774126,0.9901029,0.11111111
1747,-0.80044943,0.71808875,0.5244708,-0.7271071,-0.74871135,2.446264,1.323751,-1.7594855,0.025641015
1748,0.49898994,0.56400365,1.8834606,-0.098701224,1.4880414,0.86385465,0.031355947,2.129962,0.04166667
1754,0.055969182,-0.40328506,-2.2337306,-0.4628635,-0.3871901,-1.5365342,-0.51282007,-0.95005536,0.09090909
1755,0.055969182,-0.40328506,-2.2337306,-0.4628635,-0.3871901,-1.5365342,-0.51282007,-0.95005536,0.09090909
1756,-1.2254095,0.75551957,0.6676851,-0.50408673,-0.42004293,3.0341508,1.0022963,-1.936267,0.055555563
1757,1.1821948,-0.41212016,-0.66522986,-0.38136113,-1.1469083,-1.8659853,0.60192126,-0.011239216,0.06666667
1760,0.17956516,0.07458134,-0.7970589,-0.59829766,0.00048823655,-0.45649827,0.033252522,-0.14061567,0.07142857
1761,0.7620383,-0.5704088,-0.93317926,0.16329505,0.023877203,-2.0735235,-0.66316074,0.6695496,0.11111111
1762,0.7488839,-0.4896647,-0.4468646,0.18182026,-0.41945797,-1.5955601,-0.17003852,0.34236532,0.049999997
1764,0.26986033,-0.53018486,0.27203423,0.84192246,-0.19944851,-0.81700754,-0.43554857,0.27603185,0.07692307
1765,0.26986033,-0.53018486,0.27203423,0.84192246,-0.19944851,-0.81700754,-0.43554857,0.27603185,0.07692307
1766,1.200519,1.1079832,1.5401009,-1.292787,2.2946742,0.45882422,0.23073152,3.3861778,0.33333334
1767,1.200519,1.1079832,1.5401009,-1.292787,2.2946742,0.45882422,0.23073152,3.3861778,0.33333334
1768,0.7905332,-0.12337706,-0.80788094,-0.5287064,0.0383631,-1.453459,-0.068801075,0.6054883,0.11111111
1769,0.2709781,-0.083496965,-2.0606794,-0.7873593,1.0660189,-1.7506763,-1.141565,0.6388478,0.04166667
1770,0.8327662,0.034591705,-1.0586979,-0.9074534,0.14579338,-1.4472281,0.016385369,0.6177565,0.05882353
1771,-0.8433555,-0.56635255,-0.8230724,0.6068399,-2.189816,0.5700478,0.5330368,-3.1644304,0.11111111
1773,-0.7487236,0.45897526,1.1663482,0.17049883,0.82863647,2.0023668,-0.0854512,-0.042059228,0.07142855
1775,0.6238949,-0.6637401,-2.2474115,-0.39674342,-0.8355609,-2.3738241,-0.32664546,-0.7392652,0.09090908
1776,0.6238949,-0.6637401,-2.2474115,-0.39674342,-0.8355609,-2.3738241,-0.32664546,-0.7392652,0.09090908
1777,0.62576455,-0.66537744,-2.2450697,-0.39430088,-0.83837134,-2.3759248,-0.32549757,-0.7386627,0.1111111
1778,0.6237129,-0.66592145,-2.2430253,-0.39137948,-0.8384426,-2.3734965,-0.32689008,-0.7397928,0.1
1780,1.6669604,1.0925347,1.527239,-1.611412,1.1451472,0.13047753,1.2045985,2.7794397,0.071428575
1781,0.7405672,-0.083942,-0.8673487,-0.5860549,0.11305663,-1.3946245,-0.09810451,0.59561825,0.090909086
1782,0.7570065,-0.09392147,-0.85397965,-0.57435185,0.09222984,-1.4140478,-0.08823517,0.59954715,0.052631572
1784,0.74320465,0.48967847,0.097558156,-0.9602478,0.9316893,-0.3569364,0.13037562,1.4717394,0.09090909
1785,-0.3289001,-0.548189,0.35271463,1.1750016,-0.32713842,-0.041759152,-0.49253723,-0.46978268,0.07142858
1786,0.74320465,0.48967847,0.097558156,-0.9602478,0.9316893,-0.3569364,0.13037562,1.4717394,0.09090909
1787,-0.058987767,0.5596322,1.5864975,0.077036105,2.1418467,1.2413946,-0.67283183,2.0237193,0.071428575
1788,-0.31027812,-0.15666345,0.75498605,0.8194555,0.5894686,0.45279002,-0.60837483,0.37858677,0.09090909
1789,-0.41077006,-0.123267554,0.12886976,0.55016315,0.79908395,0.24242602,-0.8754012,0.29807684,0.090909116
1790,-0.08231221,-0.67178136,0.4577375,1.2144674,-0.92552626,-0.29142892,-0.102561854,-0.69686425,0.06666667
1791,-0.4421016,-0.19802092,-1.9082595,-0.605611,-1.7186463,-0.0679491,0.65712774,-2.7208803,0.11111111
1792,1.5343791,0.8540787,2.1081436,-0.953294,0.9398204,0.30466992,1.1137652,2.66172,0.07142857
1793,0.6445352,-0.2509572,-0.48095942,-0.111170545,-0.038765743,-1.2782137,-0.16599154,0.52739656,0.07692309
1794,0.6581103,-0.25265524,-0.4829589,-0.117243946,-0.048393726,-1.2944419,-0.15761739,0.5318222,0.06666668
1795,0.7276793,-0.13487627,-1.0963895,-0.7293943,-0.66039985,-1.3294301,0.3984426,-0.21705386,0.07142855
1796,0.6556111,-0.25472918,-0.4776175,-0.11029421,-0.04951656,-1.291489,-0.15921363,0.530562,0.083333336
1797,0.6535058,-0.82953215,-1.8611147,0.012929857,-1.0180207,-2.4018197,-0.37641898,-0.6901536,0.07692307
1798,0.6440012,-0.9671816,-1.5962532,0.33431846,-1.2782785,-2.364489,-0.33853695,-0.80960774,0.07142856
1808,0.2402089,0.06276659,1.1530325,0.05364148,-1.5533637,0.83349806,1.5361879,-1.0129184,0.09090908
1809,-0.08231221,-0.67178136,0.4577375,1.2144674,-0.92552626,-0.29142892,-0.102561854,-0.69686425,0.06666667
1810,0.47538835,-0.49912947,-0.22689761,0.33454704,-0.9994999,-1.0239884,0.24179637,-0.41258696,0.03703703
1811,0.6608696,-0.03577618,-0.9310529,-0.6422743,0.2136432,-1.300127,-0.14610782,0.57625616,0.066666655
1812,0.6608696,-0.03577618,-0.9310529,-0.6422743,0.2136432,-1.300127,-0.14610782,0.57625616,0.066666655
1813,0.6608696,-0.03577618,-0.9310529,-0.6422743,0.2136432,-1.300127,-0.14610782,0.57625616,0.066666655
1814,0.6608696,-0.03577618,-0.9310529,-0.6422743,0.2136432,-1.300127,-0.14610782,0.57625616,0.066666655
1815,0.749161,-0.92303336,-1.7504724,0.13843785,-1.2456415,-2.4951873,-0.26439843,-0.7412665,0.026315805
1816,0.41301817,-0.2100243,1.6371223,0.571753,-1.9535784,0.6056115,1.6207743,-1.0063806,0.099999994
1817,0.62389493,-0.6637401,-2.2474115,-0.39674342,-0.83556086,-2.3738241,-0.3266455,-0.7392652,0.09090908
1818,0.62389493,-0.6637401,-2.2474115,-0.39674342,-0.83556086,-2.3738241,-0.3266455,-0.7392652,0.09090908
1819,0.62389493,-0.6637401,-2.2474115,-0.39674342,-0.83556086,-2.3738241,-0.3266455,-0.7392652,0.09090908
1820,0.62389493,-0.6637401,-2.2474115,-0.39674342,-0.83556086,-2.3738241,-0.3266455,-0.7392652,0.09090908
1821,0.72295207,-0.0732635,-0.88153964,-0.5985672,0.13533284,-1.3737721,-0.108684145,0.59137255,0.0909091
1822,0.69922626,-0.058920566,-0.9005046,-0.6153173,0.1652793,-1.3456403,-0.12296967,0.585611,0.0909091
1823,0.6922874,-0.05473234,-0.90603137,-0.62019765,0.17402938,-1.3374071,-0.12715438,0.5839196,0.08333334
1824,0.698936,-0.05874577,-0.9007391,-0.61552024,0.16564605,-1.3452969,-0.123145014,0.5855403,0.0909091
1827,0.7754844,0.37605724,0.18021844,-1.1049653,-1.4288051,0.097020194,1.8478708,-0.6613029,0.04545454
1828,0.7754844,0.37605724,0.18021844,-1.1049653,-1.4288051,0.097020194,1.8478708,-0.6613029,0.04545454
1829,0.7074432,0.25472978,0.33373454,-0.8105734,-1.4278499,0.09054856,1.6915798,-0.65820074,0.034482762
1830,0.7448029,0.2715968,0.2629381,-0.88358235,-1.4143485,0.030060843,1.7033921,-0.6283783,0.03703704
1831,0.7990873,0.4177542,0.108683385,-1.2111496,-1.4129491,0.08655525,1.8904189,-0.6516644,0.055555552
1832,0.7990873,0.4177542,0.108683385,-1.2111496,-1.4129491,0.08655525,1.8904189,-0.6516644,0.055555552
1833,0.7990873,0.4177542,0.108683385,-1.2111496,-1.4129491,0.08655525,1.8904189,-0.6516644,0.055555552
1834,0.7990873,0.4177542,0.108683385,-1.2111496,-1.4129491,0.08655525,1.8904189,-0.6516644,0.055555552
1835,0.7915152,0.40683222,0.13891158,-1.1790316,-1.4253975,0.098349065,1.8850715,-0.66058767,0.07692308
1836,0.7915152,0.40683222,0.13891158,-1.1790316,-1.4253975,0.098349065,1.8850715,-0.66058767,0.07692308
1837,0.7915152,0.40683222,0.13891158,-1.1790316,-1.4253975,0.098349065,1.8850715,-0.66058767,0.07692308
1838,0.7915152,0.40683222,0.13891158,-1.1790316,-1.4253975,0.098349065,1.8850715,-0.66058767,0.07692308
1839,0.7771699,0.4004305,0.16267541,-1.15268,-1.4283594,0.118225396,1.8761024,-0.6706523,0.06666667
1840,0.7786331,0.39291173,0.17606078,-1.1362827,-1.4369602,0.11584383,1.8768739,-0.67120755,0.04761905
1841,0.7754844,0.37605727,0.18021844,-1.1049653,-1.4288051,0.097020194,1.8478708,-0.6613029,0.04545454
1844,0.64262354,0.608561,0.78958416,-0.7733257,1.0746557,0.25429702,0.26268247,1.6361699,0.083333336
1846,0.5767892,0.42738402,-0.29078132,-0.8844153,1.4334875,-0.5785711,-0.43193835,1.6949209,0.11111113
1847,0.9692321,-1.0097567,-1.1002846,0.5404595,-0.95051014,-2.6692128,-0.45869777,0.022129007,0.11111113
1848,0.14940682,-0.481155,-0.058748454,0.5520938,-0.8369809,-0.5903159,0.03168378,-0.57329535,0.11111111
1849,-0.2268774,-0.43248957,1.9783357,1.814082,0.6913762,0.57874376,-0.8160696,0.9360217,0.0625
1850,0.6494945,-0.97317636,-1.5877167,0.34443277,-1.2867891,-2.3706908,-0.3349236,-0.8071927,0.08333332
1851,0.26883674,0.05812735,1.1479012,0.043451022,-1.5707129,0.79607606,1.5528755,-0.9995029,0.111111104
1852,0.2688408,0.058130007,1.147894,0.043441717,-1.5707127,0.7960708,1.552878,-0.99950063,0.11111111
1856,-0.08231221,-0.67178136,0.4577375,1.2144674,-0.92552626,-0.29142892,-0.102561854,-0.69686425,0.06666667
1857,-0.08231221,-0.67178136,0.4577375,1.2144674,-0.92552626,-0.29142892,-0.102561854,-0.69686425,0.06666667
1858,-1.5377156,0.4530714,1.4774292,0.46815884,-0.5213458,3.5019822,0.71144515,-2.1880193,0.09090909
1859,0.99430156,-0.41989544,-0.6121483,-0.2508911,-1.1442472,-1.6426268,0.54486734,-0.17382938,0.062499993
1860,0.6897796,-0.11201693,-0.6147859,-0.32616556,0.6479218,-1.3946643,-0.53793794,1.1433537,0.09090909
1861,0.07430842,-1.1995858,0.8468903,2.2884822,-0.7585707,-1.0987784,-0.8597129,-0.059387803,0.07692308
1862,0.35634714,0.13103642,-1.8240478,-1.0612973,1.0933114,-1.449265,-0.8360723,0.76692414,0.09090909
1864,-0.10878128,-0.64883476,0.4211744,1.178099,-0.88365674,-0.25746745,-0.11943362,-0.70356166,0.076923065
1865,-0.11782335,-0.6512634,0.4315853,1.1919141,-0.8811185,-0.24551031,-0.12463544,-0.70735836,0.08333334
1867,-0.14732265,-0.6332142,0.4077496,1.17062,-0.84293705,-0.20731385,-0.14309977,-0.7158592,0.033333335
1868,0.23786396,-0.8145732,1.0042256,1.6157972,-0.67505014,-0.6862575,-0.29887533,0.08922084,0.07692308
1869,0.25370955,-0.82622164,1.0065374,1.6265858,-0.6945437,-0.71565586,-0.29468,0.093088284,0.083333336
1870,0.23397683,-0.8623091,1.008373,1.6978674,-0.71124274,-0.7386699,-0.33796746,0.07043326,0.083333336
1871,0.55890036,-0.19377857,1.2881783,0.2876019,-2.0515356,0.31045038,1.6846926,-1.0398886,0.058823526
1872,0.70091087,-0.40882558,-0.51520115,-0.056484684,-0.99474156,-1.2972324,0.3755285,-0.29335615,0.0625
1873,0.104447424,-0.7457031,0.90999144,1.5659167,-0.38045174,-0.5544145,-0.48557326,0.17659378,0.11111111
1874,0.083792254,-0.72379106,0.9206041,1.5400549,-0.38966733,-0.48996985,-0.45364037,0.13857685,0.07692308
1875,0.08021327,-0.71937823,0.9242597,1.5348808,-0.3936702,-0.4763388,-0.44511938,0.12986155,0.071428575
1876,0.9472495,-1.0092722,-1.0949873,0.5563508,-0.93781173,-2.645109,-0.47115934,0.015175089,0.07692309
1877,0.96874344,-1.0468483,-1.020705,0.6339725,-0.99645793,-2.6672819,-0.45895985,0.017061286,0.07692308
1879,0.94452536,-1.0093051,-1.0940231,0.5585503,-0.9364593,-2.6420903,-0.47275236,0.014234066,0.07142858
1880,0.9896147,-1.0457054,-1.028647,0.61512864,-1.006451,-2.6900349,-0.44703025,0.023773655,0.05882353
1881,0.97204983,-1.0239108,-1.0713062,0.57378525,-0.9692291,-2.6719089,-0.45687374,0.021464884,0.07142856
1882,0.96065754,-1.0466393,-1.0183724,0.639757,-0.9921082,-2.658337,-0.46366593,0.014290497,0.07692308
1883,0.96874344,-1.0468483,-1.0207049,0.63397247,-0.99645793,-2.6672819,-0.45895985,0.017061286,0.07692309
1884,0.9252035,-0.99689525,-1.1140809,0.54243964,-0.9111967,-2.6211526,-0.48407075,0.009172067,0.11111111
1885,0.92520344,-0.99689513,-1.1140809,0.54243964,-0.9111966,-2.6211526,-0.48407075,0.009172082,0.111111104
1886,0.0094571635,-0.6116856,0.2763145,0.9876463,-0.9063982,-0.41379356,-0.04822374,-0.64884686,0.0909091
1887,0.4948991,0.5578525,1.8979366,-0.081236765,1.4833837,0.8691424,0.028702341,2.1263413,0.043478258
1888,-0.11667171,-0.347474,-0.19385855,0.43899626,-0.60449785,-0.21504557,-0.0396595,-0.7098005,0.049999997
1890,1.1772532,-0.94804084,-1.3006959,0.22824971,-0.97251666,-2.899716,-0.33289203,0.10431965,0.11111111
1891,0.47186297,0.41623124,-0.83554167,-1.1329039,1.0219115,-0.6612257,-0.25223425,1.0420971,0.083333336
1892,0.475832,0.42008722,-0.84601104,-1.1448598,1.0246209,-0.6668893,-0.24914366,1.0446922,0.07692308
1893,1.1776316,-0.4062365,-0.34614682,-0.13328074,-0.572668,-1.8715053,0.20697495,0.6317626,0.062499996
1894,0.52432,0.3428179,-0.1355546,-0.865745,0.038857684,-0.19084676,0.55350596,0.3864746,0.090909086
1895,-0.08231221,-0.67178136,0.4577375,1.2144674,-0.92552626,-0.29142892,-0.102561854,-0.69686425,0.06666667
1896,0.3721369,-0.06924322,-0.82603574,-0.34532952,0.66072834,-1.0873108,-0.6129235,0.7541965,0.1
1897,-1.5301293,0.45694464,1.4651419,0.45307785,-0.5230626,3.4908192,0.7185169,-2.1830144,0.083333336
1898,0.6276046,-0.08598912,-1.143587,-0.7692378,-0.5594902,-1.2072896,0.33675185,-0.2545654,0.09090909
1900,0.5976131,0.40454534,0.24723129,-1.0276135,-1.3407615,0.34967315,1.7713438,-0.75464344,0.052631587
1901,0.4786663,0.24635147,1.6056559,0.20928925,0.7360853,0.461684,0.16080564,1.4612571,0.08333334
1902,0.4799472,0.25067317,1.596196,0.197927,0.740441,0.4601211,0.16153178,1.4629549,0.0909091
1904,0.6604279,-0.027918652,-1.5810704,-0.90244424,0.58428323,-1.724653,-0.51724726,0.71121836,0.099999994
1905,0.6604279,-0.027918652,-1.5810704,-0.90244424,0.58428323,-1.724653,-0.51724726,0.71121836,0.099999994
1909,0.52460784,-0.5168891,-2.3482795,-0.5144683,-0.09850015,-2.3738062,-0.7506013,-0.21149325,0.090909086
1910,0.52231854,-0.5159651,-2.349287,-0.5149487,-0.09624742,-2.371261,-0.7520135,-0.21222657,0.0909091
1911,0.018071871,-0.6501393,0.35970795,1.0761231,-0.9597738,-0.42229396,-0.043702945,-0.65507925,0.06666667
1912,0.69491655,-0.15941024,0.18959658,-0.14766708,-1.0790585,-0.6066701,0.8496686,-0.26287803,0.066666685
1940,0.7110775,-0.06609505,-0.8910334,-0.6069238,0.15031624,-1.3596925,-0.11584185,0.5884826,0.06250001
1941,-0.3230906,-0.49814504,-0.7356847,0.5179137,-0.7421212,-0.39511985,-0.3105284,-1.1777865,0.11111111
1943,-0.7200095,0.48380515,1.1058472,0.0920053,0.8365932,1.9640591,-0.06371831,-0.02103436,0.1
1944,-0.70883703,0.49960378,1.0685049,0.046297044,0.8474928,1.9483314,-0.054981794,-0.0106090605,0.09090909
1945,-0.7183775,0.63823223,0.77741766,-0.28657502,1.0170883,1.9511583,-0.056261867,0.030866206,0.1
1946,0.0035287812,0.19536215,2.2198722,0.60930663,-0.30036652,1.5445007,0.84151363,0.10717709,0.09090909
1947,-0.09367244,-0.27321902,0.048493654,0.62677234,0.77804667,-0.3904978,-0.9713703,0.66909575,0.08333333
1948,-0.09367244,-0.27321902,0.048493646,0.62677234,0.77804667,-0.39049774,-0.97137034,0.66909575,0.08333333
1949,-0.22533159,-0.4334459,1.9797081,1.8153837,0.6892654,0.57668686,-0.8149997,0.9365479,0.111111104
1950,-0.05252333,-0.6796486,0.48500186,1.2798625,-0.6435711,-0.40707397,-0.31508654,-0.38206014,0.11111111
1951,-0.5008488,0.3336622,1.3322122,0.31362402,0.51998144,1.6816398,0.09535887,0.048568197,0.047619045
1952,0.750223,0.79597545,0.46557736,-1.2372872,1.2712404,0.16573328,0.328407,1.794837,0.06250001
1953,-0.115865454,-0.65246093,0.43316644,1.1933271,-0.8836536,-0.24804507,-0.123409525,-0.706794,0.099999994
1955,-0.8402933,0.9433414,0.10768717,-1.2317287,-0.4655453,2.5079827,1.2792222,-1.7190032,0.09090908
1956,-0.7991524,0.715785,0.52831745,-0.7225742,-0.7520919,2.4444306,1.3247963,-1.7595012,0.026315786
1957,-0.80321586,0.7207496,0.52056116,-0.73141026,-0.7440571,2.4500341,1.321714,-1.7599854,0.07692308
1958,-0.80321586,0.7207496,0.52056116,-0.73141026,-0.7440571,2.4500341,1.321714,-1.7599854,0.07692308
1959,-0.80321586,0.7207496,0.52056116,-0.73141026,-0.7440571,2.4500341,1.321714,-1.7599854,0.07692308
1960,-0.80321586,0.7207496,0.52056116,-0.73141026,-0.7440571,2.4500341,1.321714,-1.7599854,0.07692308
1961,-0.8046242,0.72122186,0.5203058,-0.73151106,-0.7424677,2.4518938,1.320684,-1.7603517,0.03571427
1962,-0.8015739,0.72056866,0.52021724,-0.7321805,-0.74525654,2.4478815,1.3228118,-1.7593645,0.024999987
1963,-0.8010949,0.7166111,0.5275895,-0.7231253,-0.74986243,2.4470131,1.3234086,-1.7600393,0.027027028
1964,-0.7991524,0.715785,0.52831745,-0.7225742,-0.7520919,2.4444306,1.3247963,-1.7595012,0.026315786
1965,-0.7995424,0.7202749,0.51986593,-0.7329575,-0.74701965,2.4452186,1.3242372,-1.7587028,0.03999999
1966,-0.9719087,0.90256083,0.24058452,-1.041939,-0.42267066,2.6792858,1.1916858,-1.7794188,0.1
1967,-0.8037331,0.72108406,0.52014345,-0.7318253,-0.7433404,2.4507267,1.3213372,-1.7601047,0.076923065
1968,-0.8037331,0.72108406,0.52014345,-0.7318253,-0.7433404,2.4507267,1.3213372,-1.7601047,0.076923065
1969,-0.8037331,0.72108406,0.52014345,-0.7318253,-0.7433404,2.4507267,1.3213372,-1.7601047,0.076923065
1970,-0.8037331,0.72108406,0.52014345,-0.7318253,-0.7433404,2.4507267,1.3213372,-1.7601047,0.076923065
1971,-0.8037331,0.72108406,0.52014345,-0.7318253,-0.7433404,2.4507267,1.3213372,-1.7601047,0.076923065
1972,-0.8037331,0.72108406,0.52014345,-0.7318253,-0.7433404,2.4507267,1.3213372,-1.7601047,0.076923065
1973,-0.96709657,0.89512193,0.25434437,-1.027648,-0.4357264,2.6735833,1.195332,-1.7804589,0.09090909
1974,-0.8037331,0.72108406,0.52014345,-0.7318253,-0.7433404,2.4507267,1.3213372,-1.7601047,0.076923065
1975,-0.8037331,0.72108406,0.52014345,-0.7318253,-0.7433404,2.4507267,1.3213372,-1.7601047,0.076923065
1976,0.79884255,-0.11936395,-0.8196579,-0.5444536,0.039155655,-1.4634265,-0.06316595,0.6094454,0.045454536
1978,0.2673128,-0.41560745,-0.29929096,0.2916372,-0.8004091,-0.7621462,0.11388894,-0.4914072,0.09090908
1981,0.36996514,0.2981435,3.713164,1.1731621,1.5080293,1.6723818,-0.06572785,2.416033,0.0909091
1982,0.36996514,0.2981435,3.713164,1.1731621,1.5080293,1.6723818,-0.06572785,2.416033,0.0909091
1983,0.36996514,0.2981435,3.713164,1.1731621,1.5080293,1.6723818,-0.06572785,2.416033,0.0909091
1984,0.36996514,0.2981435,3.713164,1.1731621,1.5080293,1.6723818,-0.06572785,2.416033,0.0909091
1985,0.36996514,0.2981435,3.713164,1.1731621,1.5080293,1.6723818,-0.06572785,2.416033,0.0909091
1986,0.36996514,0.2981435,3.713164,1.1731621,1.5080293,1.6723818,-0.06572785,2.416033,0.0909091
1987,0.36996514,0.2981435,3.713164,1.1731621,1.5080293,1.6723818,-0.06572785,2.416033,0.0909091
1988,-0.04694467,-0.17719664,1.7973597,0.84270144,-1.6514732,1.2225883,1.3285196,-1.2018236,0.11111111
1989,0.4343267,0.42492643,-0.83317524,-1.1269535,1.0508815,-0.6135819,-0.27698395,1.0289918,0.06666668
1990,0.5609145,0.44587436,-0.94854176,-1.2672662,1.0131836,-0.78003865,-0.18913299,1.0857203,0.05882353
1991,-1.1172512,-0.4608194,0.7458226,1.585509,-0.14827253,1.219971,-0.715236,-1.1709962,0.058823526
1993,0.4220996,-0.1758301,0.6095856,0.49925363,0.84864235,-0.5968135,-0.67000735,1.4111812,0.2
1995,0.5896231,-0.58710086,-2.234006,-0.39531767,-0.22075634,-2.4437058,-0.71407086,-0.19900018,0.038461544
1996,0.81895936,-0.23800194,0.70853895,-0.06587374,-2.2082179,-0.29247236,1.7229307,-1.0439047,0.062499996
1997,1.281365,-0.41735744,-0.73445356,-0.47299576,-1.2691033,-1.9755139,0.7089775,-0.056316093,0.11111111
1998,0.47538835,-0.49912947,-0.22689761,0.33454704,-0.9994999,-1.0239884,0.24179637,-0.41258696,0.03703703
1999,0.47538835,-0.49912947,-0.22689761,0.33454704,-0.9994999,-1.0239884,0.24179637,-0.41258696,0.03703703
2000,0.47538835,-0.49912947,-0.22689761,0.33454704,-0.9994999,-1.0239884,0.24179637,-0.41258696,0.03703703
2003,-0.8037331,0.72108406,0.52014345,-0.7318253,-0.7433404,2.4507267,1.3213372,-1.7601047,0.076923065
2004,-0.08231221,-0.67178136,0.4577375,1.2144674,-0.92552626,-0.29142892,-0.102561854,-0.69686425,0.06666667
2005,1.0450997,1.4151465,0.88352495,-2.0046146,2.3772771,0.6583927,0.39433238,3.044842,0.111111104
2006,-0.32117093,-0.64157194,-1.0058582,0.33373213,-2.5299249,-0.1332638,0.86432713,-2.9494982,0.1
2008,0.08852327,-1.1572181,-0.22184952,1.7492942,-0.5371403,-1.6223491,-1.1560658,-0.12835538,0.11111111
2009,-0.06945646,-1.2467499,0.12266572,2.1543853,-0.58805525,-1.392288,-1.225704,-0.21165234,0.06666667
2010,-0.85761833,-0.5772332,-0.7951859,0.6455181,-2.1927962,0.58804625,0.5244671,-3.1697757,0.07692307
2012,0.25722218,-0.43166336,2.0794792,1.5792223,0.2402868,0.14452069,-0.30547085,1.0991002,0.11111109
2013,0.9947096,0.8233266,0.6503242,-1.287948,1.354036,0.0054420307,0.39251432,2.1651037,0.071428575
2014,0.4828753,0.5425794,1.9343772,-0.036710285,1.4729211,0.8845328,0.020946942,2.1163237,0.050000004
2015,0.47335398,0.5339858,1.9556853,-0.009921528,1.468723,0.89657,0.014818266,2.10924,0.05882353
2016,0.4828753,0.5425794,1.9343772,-0.036710285,1.4729211,0.8845328,0.020946942,2.1163237,0.050000004
2017,0.46755004,0.5255291,1.9754797,0.0141550265,1.4622244,0.9039908,0.0110787,2.1038322,0.11111111
2018,1.3095334,0.6331216,2.6774473,-0.27529138,0.81314135,0.5870117,0.9716343,2.5173917,0.10000001
2019,0.68976146,-0.13704653,-1.3634228,-0.66745555,0.42648375,-1.7500726,-0.51215935,0.69474125,0.058823537
2020,0.42582625,-0.01930089,-1.0312686,-0.53966856,0.68786496,-1.1962548,-0.5802754,0.7558726,0.071428575
2021,0.6274773,0.48905274,-0.6533795,-1.173528,1.4368923,-0.75186515,-0.39570847,1.6336938,0.07692308
2022,-1.6438994,0.19696741,0.45738673,0.7903955,1.9296364,2.2000675,-1.6311125,-0.2227183,0.06666667
2023,-0.8950788,0.9949204,0.0023424774,-1.3189034,-0.3527701,2.5644124,1.2455608,-1.7090484,0.071428575
2024,-0.8433555,-0.56635255,-0.8230724,0.6068399,-2.189816,0.5700478,0.5330368,-3.1644304,0.11111111
2025,-0.27655137,-0.59127337,-1.1553158,0.17125098,-2.485196,-0.20154668,0.89899033,-2.9139826,0.09090909
2027,0.89385307,0.026204115,-1.0673093,-0.9325991,0.08998766,-1.5135849,0.07090094,0.62532,0.11111111
2030,0.7479338,-0.088385254,-0.86134386,-0.5808853,0.103734575,-1.403327,-0.09366283,0.5974,0.111111104
2031,0.7638464,-0.0980742,-0.8483232,-0.5694834,0.08354719,-1.4221141,-0.08413378,0.60116255,0.0909091
2032,-0.2288108,-0.5101946,-0.8863971,0.5220318,0.06731525,-0.8645295,-1.0720879,-0.35827342,0.11111111
2033,0.32143033,-0.6355194,-1.0405656,0.3825432,-0.26983196,-1.6278031,-0.6738616,-0.070786074,0.10000001
2034,0.35169,-0.6189678,-1.0858214,0.31775224,-0.2664135,-1.6640468,-0.6557467,-0.05730039,0.06666666
2035,0.5609145,0.44587436,-0.94854176,-1.2672662,1.0131836,-0.78003865,-0.18913299,1.0857203,0.05882353
2036,0.643495,0.10233436,-1.1095159,-0.92891866,0.3121197,-1.2164406,-0.086060286,0.5508748,0.111111104
2037,-0.25361234,-0.52824587,-0.8395401,0.5886688,0.06284453,-0.83270395,-1.0845832,-0.3676062,0.1
2038,0.35169,-0.6189678,-1.0858214,0.31775218,-0.2664135,-1.6640468,-0.6557467,-0.057300404,0.06666666
2039,0.70673186,1.2178478,1.6926869,-1.2915626,1.7786556,1.3486181,0.6434225,2.3617842,0.027777769
2040,0.36622876,-0.36856055,1.9598562,0.9764065,-2.0789807,0.6538164,1.5801824,-1.0503553,0.09090909
2041,0.43846935,-0.22748151,1.4554149,0.48301393,-2.0122402,0.48388004,1.6165535,-1.0778395,0.083333336
2042,0.39785975,-0.18825531,-0.51946056,-0.03941352,0.51299125,-1.0813153,-0.60139126,0.7665349,0.049999997
2043,0.342892,-0.10829331,1.4621404,0.38322753,-1.8044649,0.7006476,1.5818466,-1.0157251,0.09090908
2044,0.36622876,-0.36856055,1.9598562,0.9764065,-2.0789807,0.6538164,1.5801824,-1.0503553,0.09090909
2045,0.07008161,0.23982279,-0.36114645,-0.60272753,0.04619947,0.09160897,0.24190414,-0.12579328,0.07142856
2046,-0.08231221,-0.67178136,0.4577375,1.2144674,-0.92552626,-0.29142892,-0.102561854,-0.69686425,0.06666667
2047,0.5778504,-0.385604,-0.51434255,-0.01957427,-0.9064599,-1.1505882,0.3041782,-0.33967942,0.09999999
2048,0.49684238,-0.36055356,-0.53222597,-0.018858269,-0.83597195,-1.0523397,0.25631297,-0.36927775,0.058823526
2049,1.1821948,-0.41212016,-0.66522986,-0.3813612,-1.1469083,-1.8659853,0.60192126,-0.011239216,0.06666667
2050,-0.159678,-0.62565297,0.3977673,1.1616983,-0.8269392,-0.19131272,-0.1508368,-0.7194179,0.062499993
2051,0.47538835,-0.49912947,-0.22689761,0.33454704,-0.9994999,-1.0239884,0.24179637,-0.41258696,0.03703703
2052,-0.08231221,-0.67178136,0.4577375,1.2144674,-0.92552626,-0.29142892,-0.102561854,-0.69686425,0.06666667
2053,0.66897994,1.4650985,1.1441419,-1.7738415,2.8838108,1.199028,-0.015159778,3.145841,0.20000002
2054,0.7754844,0.37605727,0.18021844,-1.1049653,-1.4288051,0.097020194,1.8478708,-0.6613029,0.04545454
2055,-0.16900675,-0.23251817,0.5375382,0.8324631,0.8807651,-0.010437891,-0.92850083,0.78876436,0.052631587
2056,-0.18415461,-0.59361327,0.34264362,1.1008561,-0.7762683,-0.15932512,-0.16722997,-0.724336,0.08333332
2057,0.04586119,0.042780235,0.945798,0.3721705,0.33157855,0.46049803,-0.015615519,0.51808196,0.10000001
2058,1.2688513,-0.41331312,-0.00024668127,0.108178735,0.010331623,-1.984153,-0.1767331,1.3829142,0.11111111
2059,-0.018764742,0.35059252,-0.8193879,-0.7572415,1.3751167,-0.2533754,-0.7333865,0.88561165,0.050000004
2060,-0.026843145,0.36326233,-0.8386043,-0.78162074,1.3925476,-0.24246922,-0.73828524,0.883373,0.049999997
2061,0.69922626,-0.05892057,-0.9005046,-0.6153173,0.1652793,-1.3456404,-0.12296967,0.58561105,0.09090909
2062,-1.1175804,-0.46059823,0.745529,1.5852195,-0.14779146,1.2204347,-0.71547234,-1.1710802,0.04761905
2063,-1.1164685,-0.46134076,0.74646693,1.586213,-0.1494293,1.2189146,-0.7146668,-1.1707962,0.062499993
2064,-1.1152287,-0.46217602,0.7475867,1.5873045,-0.15124168,1.2171544,-0.7137777,-1.1704814,0.0625
2065,-1.2664497,0.7010652,0.80682343,-0.33941275,-0.45369565,3.0968437,0.9656679,-1.9748887,0.062499996
2067,-1.0664696,-0.49479792,0.7897921,1.6302203,-0.22250707,1.1497461,-0.6787037,-1.1579905,0.1
2068,-0.8433555,-0.56635255,-0.8230724,0.6068399,-2.189816,0.5700478,0.5330368,-3.1644304,0.11111111
2070,0.74320465,0.4896785,0.097558156,-0.9602478,0.9316893,-0.3569364,0.13037562,1.4717393,0.09090909
2072,0.0035287812,0.19536215,2.2198722,0.60930663,-0.30036652,1.5445007,0.84151363,0.10717709,0.09090909
2073,0.0035287812,0.19536215,2.2198722,0.60930663,-0.30036652,1.5445007,0.84151363,0.10717709,0.09090909
2074,0.0035287738,0.19536215,2.2198722,0.60930663,-0.30036652,1.5445006,0.84151363,0.10717709,0.090909086
2075,0.35634714,0.13103642,-1.8240478,-1.0612973,1.0933114,-1.449265,-0.8360724,0.76692414,0.09090909
2076,0.8054666,-0.4162192,-1.0157381,-0.11063595,0.29973745,-2.0347795,-0.67417204,0.8994827,0.1
2077,0.92065656,-0.696422,-1.8604313,-0.23930188,-0.46165353,-2.699107,-0.5254168,0.0662977,0.07142856
2078,0.9206566,-0.696422,-1.8604313,-0.23930188,-0.46165353,-2.699107,-0.5254168,0.06629771,0.07142856
2079,0.8842479,-0.6562441,-1.9311868,-0.30940884,-0.39131927,-2.6611521,-0.54542464,0.059403084,0.07692308
2080,0.7136252,0.3671416,-1.0150135,-1.2029237,1.235967,-1.1532066,-0.42736644,1.4609038,0.10000001
2081,0.7136252,0.3671416,-1.0150135,-1.2029237,1.235967,-1.1532066,-0.42736644,1.4609036,0.10000001
2082,0.7146111,-0.6122939,-0.023336872,0.43876553,-1.3481028,-1.2581843,0.46102807,-0.40686032,0.06666667
2085,-0.13576736,-0.09028513,0.4443699,0.36339545,-0.23094617,0.38025004,0.10984837,-0.29477242,0.09090908
2088,0.706645,-0.048749164,0.13944009,-0.3547156,-1.1063743,-0.49490273,1.0136354,-0.3169612,0.058823537
2089,-0.8433555,-0.56635255,-0.8230724,0.6068399,-2.189816,0.5700478,0.5330368,-3.1644304,0.11111111
2090,0.40848672,-0.62711495,-2.0901673,-0.16235949,-0.18745135,-2.2364872,-0.8308541,-0.27481502,0.10000001
2095,0.7933632,0.013425755,-0.9838648,-0.8287132,0.11116159,-1.3873252,-0.001461301,0.574828,0.11111113
2096,0.53370094,-0.89488286,-1.7394745,0.2358418,-1.1064179,-2.2574646,-0.39065656,-0.82131433,0.11111111
2097,0.02901458,0.61842465,0.11370002,-0.74567837,1.7836498,0.45838207,-0.55014366,1.4684807,0.16666667
2098,-0.74890846,0.46006688,1.1641418,0.16795121,0.83001053,2.002564,-0.08555506,-0.041823357,0.06666667
2099,-0.74890846,0.46006688,1.1641418,0.16795121,0.83001053,2.002564,-0.08555506,-0.041823357,0.06666667
2100,-0.7507264,0.45402703,1.1775055,0.18385014,0.82423955,2.0053155,-0.087141335,-0.044665277,0.07142857
2101,-0.7507264,0.45402703,1.1775055,0.18385014,0.82423955,2.0053155,-0.087141335,-0.044665277,0.07142857
2102,-0.7507264,0.45402703,1.1775055,0.18385014,0.82423955,2.0053155,-0.087141335,-0.044665277,0.07142857
2103,-0.7507264,0.45402703,1.1775055,0.18385014,0.82423955,2.0053155,-0.087141335,-0.044665277,0.07142857
2104,-0.3290702,-0.13218927,2.2959688,1.4862722,0.80238044,1.2785013,-0.494798,0.86564994,1.0
2108,0.56127316,-1.2927861,0.50892144,2.0774198,-0.7040942,-1.9689292,-0.93236566,0.4659022,0.12499999
2109,0.76117057,-0.5698991,-0.9339131,0.16268665,0.024972454,-2.0725377,-0.66368115,0.6693381,0.09090909
2110,0.35407907,0.012606786,0.3098615,0.12617186,1.1403649,-0.47804517,-0.6826038,1.476527,0.06666668
2112,0.46672517,0.21880455,1.6682315,0.28450817,0.71040535,0.47674584,0.15368164,1.4489722,0.090909086
2113,-1.1408315,-0.44500324,0.7252618,1.5645548,-0.11363794,1.2528065,-0.7322463,-1.1769955,0.06666667
2114,0.77488863,-0.60377324,-0.07029131,0.3716122,-1.3671008,-1.3298787,0.4934099,-0.38024595,0.062499993
2115,1.3288282,0.54773015,2.7419126,-0.13029154,0.7107244,0.5011516,0.96007854,2.485585,0.08333332
2116,0.4879037,0.9374322,0.5453098,-1.2188828,2.0401292,0.53380865,-0.13392755,2.2140458,0.04347826
2127,0.28623092,0.05224347,0.3347813,0.118622355,1.2453691,-0.35585922,-0.72432905,1.496383,0.0625
2128,1.3984641,-0.4036587,0.9100993,0.4972567,0.17753386,-1.725488,-0.12009895,1.923072,0.1
2129,0.5944831,-0.5796412,-2.2505782,-0.41700965,-0.21323963,-2.4496214,-0.71054614,-0.19585365,0.049999993
2130,0.7479338,-0.08838525,-0.86134386,-0.5808853,0.103734575,-1.403327,-0.09366283,0.5974,0.111111104
2131,-0.68591607,0.5211962,-0.7872333,-0.69917566,1.8363653,0.7028129,-1.0756025,0.5206257,0.11111113
2135,0.8895902,-1.4009274,0.046514526,1.8027271,-1.0366156,-2.585358,-0.794515,0.37241966,0.1
2136,0.8895902,-1.4009274,0.046514526,1.8027271,-1.0366156,-2.585358,-0.794515,0.37241966,0.1
2140,0.7126012,-0.91106915,-1.7467151,0.14105359,-1.2269084,-2.4497,-0.29109365,-0.7642623,0.055555567
2141,0.7573604,-0.921997,-1.7590219,0.1287618,-1.2450887,-2.5056114,-0.25836998,-0.7355242,0.031249993
2142,1.4055288,-0.73924625,-1.3377792,-0.13230945,-0.3543396,-3.0729995,-0.4636593,0.8291898,0.11111111
2147,0.66169715,-0.25280324,-0.829123,-0.27898765,0.005850427,-1.4889946,-0.2802429,0.4765709,0.08333334
2148,0.8964839,-0.7224735,-1.5462161,-0.0063272826,-0.25569922,-2.6364126,-0.72666043,0.3669576,0.083333336
2150,0.49076962,0.9363123,0.54233944,-1.2200123,2.0370352,0.528067,-0.13244371,2.214014,0.045454558
2151,0.49660397,0.94038093,0.61942345,-1.1896049,2.044913,0.5674094,-0.118401386,2.2441614,0.055555567
2152,0.4880376,0.9329453,0.6389386,-1.1659878,2.041896,0.5790871,-0.12448341,2.2390912,0.06250002
2153,0.49782908,0.9523805,0.5941703,-1.2193177,2.0568993,0.56500816,-0.11712145,2.2468832,0.11111111
2154,0.49782908,0.9523805,0.5941703,-1.2193177,2.0568993,0.56500816,-0.11712145,2.2468832,0.11111111
2155,0.49782908,0.9523805,0.5941703,-1.2193177,2.0568993,0.56500816,-0.11712145,2.2468832,0.11111111
2156,0.49782908,0.9523805,0.5941703,-1.2193177,2.0568993,0.56500816,-0.11712145,2.2468832,0.11111111
2157,0.5370755,0.992174,0.4928267,-1.3413383,2.076808,0.51100624,-0.08904761,2.2709527,0.11111111
2158,0.5370755,0.99217397,0.4928267,-1.3413383,2.076808,0.51100624,-0.08904761,2.2709527,0.11111111
2159,0.49782908,0.9523805,0.5941703,-1.2193177,2.0568993,0.56500816,-0.11712145,2.2468832,0.11111111
2161,1.4294186,0.52748793,2.6868708,-0.1720353,0.6316333,0.34377927,1.0104593,2.5087845,0.11111111
2162,0.5646848,-0.3050358,0.58716804,0.0957475,-2.2589982,-0.091559455,1.6150954,-1.3968804,0.055555563
2163,0.7283875,-0.5027363,-0.4103207,0.23046705,-0.42621243,-1.5658975,-0.17732912,0.33178705,0.1
2164,1.4147563,0.504557,2.7475622,-0.10453951,0.6130864,0.36501682,1.0030293,2.498076,0.11111111
2165,1.37176,0.39174432,2.5729487,0.009306423,0.5446865,0.17961717,0.874372,2.389549,0.09090909
2166,0.7252282,-0.615875,-0.021683946,0.43921614,-1.3567431,-1.2714245,0.46721902,-0.4025021,0.07692306
2167,0.5382899,-0.31202745,-0.8586728,-0.070103146,0.53143376,-1.5786049,-0.7852,0.87111855,0.1
2168,0.7386718,-0.3596164,-0.14654218,-0.27653933,-2.4871879,-0.6404044,1.6582328,-1.6164876,0.055555556
2169,0.92342436,-0.7275308,-1.7968924,-0.1660176,-0.5045563,-2.7005296,-0.5261077,0.062044322,0.11111111
2171,0.475798,-0.29520234,1.7776309,0.7221941,-2.0783386,0.51959866,1.6490993,-0.9984803,0.07692307
2172,0.475798,-0.29520234,1.7776309,0.7221941,-2.0783386,0.51959866,1.6490993,-0.9984803,0.07692307
2173,0.02227825,-0.6723789,0.40433127,1.1284479,-0.9865955,-0.4283353,-0.04000101,-0.65590525,0.1
2174,0.010355212,-0.67040604,0.40652907,1.1334594,-0.97749996,-0.41263884,-0.047224887,-0.6603222,0.1
2175,0.36622876,-0.36856055,1.9598562,0.9764065,-2.0789807,0.6538164,1.5801824,-1.0503553,0.09090909
2176,0.36622876,-0.36856055,1.9598562,0.9764065,-2.0789807,0.6538164,1.5801824,-1.0503553,0.09090909
2177,0.36622876,-0.36856055,1.9598562,0.9764065,-2.0789807,0.6538164,1.5801824,-1.0503553,0.09090909
2179,-0.17773432,-0.6313108,0.92218447,1.5335202,-0.16239063,-0.10260546,-0.6015975,0.020119198,0.090909086
2180,-0.08761975,-0.65689874,-1.1217343,0.16642323,-2.6519077,-0.44481277,1.0113986,-2.8435915,0.08333332
2181,0.69491655,-0.15941025,0.18959658,-0.14766707,-1.0790585,-0.60667,0.8496685,-0.262878,0.06666668
2182,0.6949165,-0.15941022,0.18959658,-0.14766707,-1.0790583,-0.60666996,0.84966844,-0.262878,0.06666667
2183,0.69491655,-0.15941022,0.18959656,-0.14766707,-1.0790584,-0.60667,0.84966856,-0.26287797,0.06666668
2186,-0.31168288,-0.12846819,0.4253673,0.6303212,0.6628827,0.3016914,-0.69627154,0.35612044,0.058823526
2187,0.8719382,-1.3995218,0.014833838,1.7980453,-1.0169327,-2.5850859,-0.8180776,0.36598885,0.058823526
2188,0.9223981,-0.72226775,-1.8074986,-0.17801827,-0.49704266,-2.6996667,-0.52636063,0.06255,0.1
2189,1.406851,-0.7400295,-1.3366133,-0.13139404,-0.355987,-3.0744133,-0.46290278,0.8294753,0.10000001
2190,0.64885134,-0.27341163,-0.80885774,-0.23229866,-0.0101334825,-1.4893064,-0.30119893,0.4610414,0.076923065
2191,0.6530783,0.3275912,0.3083347,-0.9067136,-1.3849384,0.2211013,1.7315608,-0.6969081,0.1
2192,0.74888396,-0.4896648,-0.4468646,0.18182027,-0.41945803,-1.5955603,-0.17003854,0.34236532,0.05
2193,0.7488839,-0.4896647,-0.44686455,0.18182026,-0.41945797,-1.5955601,-0.17003852,0.34236532,0.049999993
2194,0.74888384,-0.4896647,-0.44686466,0.18182026,-0.41945797,-1.5955602,-0.17003852,0.34236532,0.049999993
2195,1.0965967,1.6745507,1.7040175,-2.0487132,2.6295302,1.3684717,0.6440658,3.4244819,0.33333334
2196,1.0965967,1.6745507,1.7040175,-2.0487132,2.6295302,1.3684717,0.6440658,3.4244819,0.33333334
2197,0.35634714,0.13103642,-1.8240478,-1.0612973,1.0933114,-1.4492649,-0.8360723,0.76692414,0.09090909
2199,0.8732495,-0.75049007,-1.5747049,0.04229957,-0.28013718,-2.6566923,-0.75606394,0.3211956,0.11111113
2200,0.7142868,-0.06803246,-0.8885102,-0.6046643,0.1462773,-1.3635095,-0.11390569,0.58926827,0.08333333
2201,0.072306946,0.25777894,-0.43896317,-0.6634439,0.08087697,0.066149205,0.23213503,-0.11707747,0.033333328
2202,0.221392,-0.2660769,0.69012845,0.54940426,-0.7437546,-0.050751075,0.40997875,-0.26287976,0.05882353
2210,-0.6623946,-0.7296114,-0.59408,0.8387376,-2.4839137,0.32978594,0.64144427,-3.127066,0.05263158
2211,-0.69830847,-0.9051667,0.49680382,1.9028744,-1.0525618,0.18405426,-0.5368791,-1.4265288,0.06666667
2212,-0.2167892,-0.44654197,-1.4867911,-0.21710224,-2.3267236,-0.27760607,0.93862146,-2.849754,0.055555556
2213,-0.22708158,-0.4558134,-1.466985,-0.18865928,-2.3304641,-0.26828423,0.9345694,-2.8531313,0.09090909
2214,-0.6617408,-0.8979409,0.45141697,1.8473831,-1.0674596,0.12990335,-0.5150807,-1.411387,0.111111104
2215,0.6227657,0.4787017,-0.60052514,-1.1310052,1.4333435,-0.7305989,-0.39937174,1.6431935,0.05882353
2222,-0.11420302,-0.27795985,0.61595666,0.9081709,0.7894906,-0.07885651,-0.8931299,0.7991476,0.111111104
2223,-0.5370234,0.4108028,1.1853117,0.1500658,0.63283557,1.7249669,0.07129938,0.05335471,0.11111111
2224,0.5277401,-0.5447375,-2.2873137,-0.45212144,-0.17299493,-2.3593793,-0.722062,-0.24805683,0.07692308
2225,-1.3493129,0.5041813,1.2676764,0.20405148,-0.609609,3.228908,0.8795186,-2.0794334,0.11111111
2226,-1.473342,0.47626862,1.3934021,0.36384636,-0.54555374,3.40804,0.76985943,-2.1487958,0.11111111
2227,-1.473342,0.47626862,1.3934021,0.36384636,-0.54555374,3.40804,0.76985943,-2.1487958,0.11111111
2228,0.2709781,-0.083496965,-2.0606794,-0.7873593,1.0660189,-1.7506763,-1.141565,0.6388478,0.04166667
2229,-0.5472983,0.8488027,-1.3533767,-1.4722527,2.4358153,0.4807005,-1.1622748,1.0000407,0.03333332
2230,-0.54838777,0.8483121,-1.3518054,-1.4703715,2.4358387,0.48231584,-1.1630772,0.99938,0.035714272
2231,-0.54544073,0.8507541,-1.3582035,-1.4781748,2.4369822,0.47784638,-1.1608161,1.0014411,0.03703705
2232,-0.55413663,0.8426582,-1.3370093,-1.4533648,2.4320908,0.4913785,-1.1677058,0.9950515,0.11111111
2233,-0.55413663,0.8426582,-1.3370093,-1.4533648,2.4320908,0.4913785,-1.1677058,0.9950515,0.11111111
2234,-0.55413663,0.8426582,-1.3370093,-1.4533648,2.4320908,0.4913785,-1.1677058,0.9950515,0.11111111
2235,-0.55413663,0.8426582,-1.3370093,-1.4533648,2.4320908,0.4913785,-1.1677058,0.9950515,0.11111111
2236,-0.55413663,0.8426582,-1.3370093,-1.4533648,2.4320908,0.4913785,-1.1677058,0.9950515,0.11111111
2237,-0.55413663,0.8426582,-1.3370093,-1.4533648,2.4320908,0.4913785,-1.1677058,0.9950515,0.11111111
2238,-0.55413663,0.8426582,-1.3370093,-1.4533648,2.4320908,0.4913785,-1.1677058,0.9950515,0.11111111
2239,-0.55413663,0.8426582,-1.3370093,-1.4533648,2.4320908,0.4913785,-1.1677058,0.9950515,0.11111111
2240,-0.55413663,0.8426582,-1.3370093,-1.4533648,2.4320908,0.4913785,-1.1677058,0.9950515,0.11111111
2241,-0.55413663,0.8426582,-1.3370093,-1.4533648,2.4320908,0.4913785,-1.1677058,0.9950515,0.11111111
2242,-0.55413663,0.8426582,-1.3370093,-1.4533648,2.4320908,0.4913785,-1.1677058,0.9950515,0.11111111
2243,-0.55413663,0.8426582,-1.3370093,-1.4533648,2.4320908,0.4913785,-1.1677058,0.9950515,0.11111111
2244,-0.55413663,0.8426582,-1.3370093,-1.4533648,2.4320908,0.4913785,-1.1677058,0.9950515,0.11111111
2246,0.5609145,0.44587436,-0.94854176,-1.2672662,1.0131836,-0.78003865,-0.18913299,1.0857203,0.05882353
2247,-1.114362,-0.4627556,0.7483145,1.5880848,-0.1525219,1.2159699,-0.7131491,-1.1702614,0.055555556
2248,0.33778858,0.007657906,-1.0015973,-0.4862646,0.9885136,-1.125635,-0.79431385,0.95541406,0.083333336
2250,0.12055987,-0.4263301,-2.2376745,-0.4518246,-0.34697354,-1.6563727,-0.5545722,-0.840603,0.07692309
2251,0.18708402,-0.45186976,-2.275336,-0.4339438,-0.18213202,-1.8417677,-0.6993436,-0.61637354,0.0909091
2252,0.92133355,-0.99912804,-1.1080428,0.5510503,-0.91198814,-2.616787,-0.4863275,0.0075536966,0.11111111
2253,-1.1408315,-0.44500324,0.7252618,1.5645548,-0.11363794,1.2528065,-0.7322463,-1.1769955,0.06666667
2254,-1.1408315,-0.44500324,0.7252618,1.5645548,-0.11363794,1.2528065,-0.7322463,-1.1769955,0.06666667
2255,-1.0527565,-0.50396824,0.80162394,1.6423082,-0.2425711,1.1308227,-0.6688276,-1.1544765,0.07692308
2256,-1.1408315,-0.44500324,0.7252618,1.5645548,-0.11363794,1.2528065,-0.7322463,-1.1769955,0.06666667
2257,0.7939327,-0.65483373,0.030218907,0.48079473,-1.4357566,-1.354976,0.5055406,-0.3812153,0.066666655
2258,0.77045435,-0.6405037,0.009582475,0.46408206,-1.4071653,-1.3265162,0.4925346,-0.3880317,0.07692307
2259,-0.8950788,0.9949204,0.0023424774,-1.3189034,-0.3527701,2.5644124,1.2455608,-1.7090484,0.071428575
2260,0.44676626,-0.5903567,-0.41059983,0.53567547,-0.2465825,-1.4332763,-0.5773689,0.2473117,0.055555556
2261,0.8492815,-0.4237677,-0.5447395,-0.13238885,-1.0829512,-1.473034,0.46141693,-0.23451823,0.07142857
2262,0.005767539,-0.16946645,-2.1653838,-1.0455086,-2.0372732,-0.5648581,1.0753355,-2.651273,0.09090909
2263,-0.40764683,-0.25069565,-1.8070766,-0.51293576,-1.8677951,-0.08341068,0.7299011,-2.776948,0.055555556
2264,-0.24531345,-0.4766215,-1.4240274,-0.1277493,-2.342642,-0.25146532,0.92714244,-2.86031,0.028571414
2265,-0.24531345,-0.4766215,-1.4240274,-0.1277493,-2.342642,-0.25146532,0.92714244,-2.86031,0.028571414
2266,0.6095057,-0.58037513,-0.7940531,-0.2142521,-2.7462482,-0.97760314,1.4572638,-2.1289885,0.05882353
2267,0.0036655292,-0.17220326,-2.1578567,-1.0371761,-2.0410998,-0.56176776,1.0739012,-2.6539574,0.090909086
2268,0.21466658,-0.46073112,-2.274476,-0.43199956,-0.17988168,-1.8850907,-0.7040055,-0.58385515,0.083333336
2269,-0.17040329,-0.4341621,-1.5132624,-0.27675354,-2.3494694,-0.31894565,0.9557629,-2.8437934,0.1111111
2270,-0.12411095,-0.62031466,-1.1417731,0.117593914,-2.6138992,-0.38138658,0.9809293,-2.8738387,0.08333333
2271,0.3953172,-0.5314567,-2.1498895,-0.39945716,-0.52841836,-2.0037398,-0.45363405,-0.68149066,0.0909091
2272,-0.08761975,-0.65689874,-1.1217343,0.16642323,-2.6519077,-0.44481277,1.0113986,-2.8435915,0.08333332
2273,-0.056732237,-0.6743356,0.4493361,1.1994305,-0.94298923,-0.32519746,-0.08710511,-0.68702424,0.08333334
2274,0.5382899,-0.31202745,-0.8586728,-0.07010314,0.53143376,-1.5786049,-0.78520006,0.87111855,0.1
2275,0.82476187,-0.42399824,-0.5342716,-0.113365114,-1.0720788,-1.4443944,0.44734225,-0.24465376,0.07692308
2276,0.82419604,-0.42582977,-0.5305133,-0.10866423,-1.0744898,-1.444418,0.4471968,-0.24490437,0.1
2277,0.7833873,-0.42479718,-0.5157844,-0.080274716,-1.0540254,-1.3958944,0.42350456,-0.26191866,0.07692308
2278,0.8385645,-0.4263072,-0.53532493,-0.11837472,-1.08189,-1.4614223,0.45549265,-0.23903114,0.11111111
2279,-1.2267404,0.7566289,0.6660261,-0.5058396,-0.4178279,3.0359457,1.0012853,-1.9364995,0.1
2281,0.30263272,-0.07281078,0.88367194,0.31988907,-0.34566075,0.121028766,0.40929085,0.17988989,0.076923065
2282,0.28070182,-0.09050564,0.9297602,0.37970155,-0.3523022,0.14896841,0.39595073,0.16796362,0.0909091
2283,0.72295207,-0.0732635,-0.88153964,-0.5985672,0.13533284,-1.3737721,-0.108684145,0.59137255,0.0909091
2284,0.33198696,0.03831163,1.1866609,0.046903946,-1.6544486,0.72718155,1.5815083,-0.99902606,0.09090908
2287,-0.08787294,0.22716413,-1.3539771,-0.7801209,1.3244201,-0.6118114,-0.9597582,0.6506368,0.06666667
2288,-0.08787295,0.22716413,-1.3539771,-0.7801209,1.3244201,-0.6118114,-0.9597582,0.6506368,0.06666667
2289,-0.030476712,0.30668256,-1.1858568,-0.8520953,1.405003,-0.5001965,-0.8775433,0.8094518,0.0625
2290,0.41025627,-0.18806812,-0.4909373,-0.05184385,0.39022505,-1.0494002,-0.5002536,0.67037964,0.06666667
2291,0.56928146,-0.5878161,-2.225025,-0.37823725,-0.2125655,-2.42074,-0.72712886,-0.20709929,0.0625
2292,0.58092535,-0.57551086,-2.2536619,-0.4167171,-0.20173635,-2.434607,-0.71891874,-0.20044479,0.071428575
2293,0.63801867,0.34464705,0.29205298,-0.9325139,-1.3696673,0.2498586,1.7347299,-0.708107,0.08333334
2294,0.54665035,0.5217247,0.08255912,-0.9128338,1.0566158,-0.12515613,0.023353137,1.3687435,0.09090909
2295,0.46755004,0.5255291,1.9754797,0.0141550265,1.4622244,0.9039908,0.0110787,2.1038322,0.11111111
2296,0.46755004,0.5255291,1.9754797,0.0141550265,1.4622244,0.9039908,0.0110787,2.1038322,0.11111111
2297,-1.1863496,-0.41444004,0.6856743,1.5237374,-0.0464703,1.3162571,-0.76519126,-1.1885232,0.04545455
2298,-0.75650275,-1.1779658,0.52799875,2.0475357,-2.9046416,0.48417687,0.49740276,-3.1787264,0.066666655
2299,-0.7235099,-1.1998365,0.61644334,2.1494396,-2.714043,0.39001226,0.35183358,-2.9217436,0.099999994
2301,1.6661463,1.0933627,1.5258541,-1.6128345,1.1465877,0.13147104,1.2041092,2.7793946,0.06666667
2304,-0.15035062,0.10689277,2.5977194,1.2635714,1.7970623,1.3544759,-0.8452994,1.9479169,0.19999999
2305,-0.3942998,-0.26967552,-1.781172,-0.47937196,-1.8853545,-0.107065216,0.7267992,-2.7648988,0.0625
2306,0.4220996,-0.1758301,0.6095856,0.49925363,0.8486423,-0.5968135,-0.67000735,1.4111812,0.2
2307,-0.05778238,0.54771185,1.6122454,0.1054489,2.1261826,1.2408592,-0.67218316,2.0197349,0.071428575
2308,0.6161826,-0.9605408,-1.596923,0.34041572,-1.2591906,-2.3323455,-0.355818,-0.821754,0.11111111
2309,1.3852518,-0.41005993,0.9291688,0.5237103,0.1778352,-1.7102039,-0.12719472,1.9182487,0.07692307
2310,-0.062211588,-1.2363234,0.08949581,2.1177669,-0.5767963,-1.4045403,-1.2235539,-0.20633411,0.083333336
2311,-0.053394713,-1.2288394,0.06325252,2.087931,-0.5705,-1.4181564,-1.2201235,-0.20108801,0.1
2312,-0.076282665,-1.2511073,0.13896473,2.1733925,-0.59087896,-1.3821712,-1.2285653,-0.21533194,0.071428575
2313,0.27662084,0.91387624,-0.90504,-1.7451051,2.0207427,-0.07791369,-0.44948843,1.6126332,0.090909086
2314,0.7276793,-0.13487627,-1.0963895,-0.7293943,-0.66039985,-1.3294301,0.3984426,-0.21705386,0.07142855
2315,0.16421282,-1.1266346,0.916777,2.1471512,-0.7733233,-1.0617474,-0.6940942,0.016346648,0.071428575
2316,0.8054666,-0.4162192,-1.0157381,-0.11063595,0.29973745,-2.0347795,-0.67417204,0.8994827,0.1
2318,-0.04694467,-0.17719664,1.7973597,0.84270144,-1.6514732,1.2225883,1.3285196,-1.2018236,0.11111111
2319,-0.04694467,-0.17719664,1.7973597,0.84270144,-1.6514732,1.2225883,1.3285196,-1.2018236,0.11111111
2320,0.7828377,-0.05363154,-0.83245474,-0.6608988,0.024756238,-1.3693142,-0.016819905,0.54953325,0.07692308
2321,1.3860396,0.625047,2.5788412,-0.3428936,0.7644216,0.4442553,1.0007952,2.5304437,0.055555563
2322,1.4171486,0.62011564,2.5565307,-0.35993284,0.74189436,0.39414972,1.0161424,2.5378516,0.066666655
2323,1.4215294,0.6247966,2.5363274,-0.3778749,0.74532515,0.38404596,1.0167962,2.5393422,0.07142856
2324,-0.27655137,-0.59127337,-1.1553158,0.17125098,-2.485196,-0.20154668,0.89899033,-2.9139826,0.09090909
2326,-0.15035063,0.10689277,2.5977194,1.2635714,1.7970623,1.3544759,-0.84529936,1.9479169,0.19999999
2327,-0.08231221,-0.67178136,0.4577375,1.2144674,-0.92552626,-0.29142892,-0.102561854,-0.69686425,0.06666667
2328,-0.08231221,-0.67178136,0.4577375,1.2144674,-0.92552626,-0.29142892,-0.102561854,-0.69686425,0.06666667
2329,-0.08231221,-0.67178136,0.4577375,1.2144674,-0.92552626,-0.29142892,-0.102561854,-0.69686425,0.06666667
2330,-0.08231221,-0.67178136,0.4577375,1.2144674,-0.92552626,-0.29142892,-0.102561854,-0.69686425,0.06666667
2331,-0.08231221,-0.67178136,0.4577375,1.2144674,-0.92552626,-0.29142892,-0.102561854,-0.69686425,0.06666667
2332,-0.08231221,-0.67178136,0.4577375,1.2144674,-0.92552626,-0.29142892,-0.102561854,-0.69686425,0.06666667
2333,-0.08231221,-0.67178136,0.4577375,1.2144674,-0.92552626,-0.29142892,-0.102561854,-0.69686425,0.06666667
2334,-0.08231221,-0.67178136,0.4577375,1.2144674,-0.92552626,-0.29142892,-0.102561854,-0.69686425,0.06666667
2335,-0.08231221,-0.67178136,0.4577375,1.2144674,-0.92552626,-0.29142892,-0.102561854,-0.69686425,0.06666667
2336,-0.08231221,-0.67178136,0.4577375,1.2144674,-0.92552626,-0.29142892,-0.102561854,-0.69686425,0.06666667
2337,-0.08231221,-0.67178136,0.4577375,1.2144674,-0.92552626,-0.29142892,-0.102561854,-0.69686425,0.06666667
2338,-0.08231221,-0.67178136,0.4577375,1.2144674,-0.92552626,-0.29142892,-0.102561854,-0.69686425,0.06666667
2339,-0.08231221,-0.67178136,0.4577375,1.2144674,-0.92552626,-0.29142892,-0.102561854,-0.69686425,0.06666667
2340,-0.08231221,-0.67178136,0.4577375,1.2144674,-0.92552626,-0.29142892,-0.102561854,-0.69686425,0.06666667
2341,-0.08231221,-0.67178136,0.4577375,1.2144674,-0.92552626,-0.29142892,-0.102561854,-0.69686425,0.06666667
2342,-0.08231221,-0.67178136,0.4577375,1.2144674,-0.92552626,-0.29142892,-0.102561854,-0.69686425,0.06666667
2343,-0.08231221,-0.67178136,0.4577375,1.2144674,-0.92552626,-0.29142892,-0.102561854,-0.69686425,0.06666667
2344,-0.15701959,-0.62728244,0.39991385,1.1636238,-0.83039206,-0.19476117,-0.1491661,-0.7186551,0.041666668
2345,-0.08231221,-0.67178136,0.4577375,1.2144674,-0.92552626,-0.29142892,-0.102561854,-0.69686425,0.06666667
2346,-0.11168575,-0.6550089,0.43654656,1.1963233,-0.88902676,-0.2534361,-0.12081376,-0.7055799,0.0909091
2347,-0.08231221,-0.67178136,0.4577375,1.2144674,-0.92552626,-0.29142892,-0.102561854,-0.69686425,0.06666667
2348,-0.11168575,-0.655009,0.43654656,1.1963234,-0.88902676,-0.2534361,-0.12081375,-0.7055799,0.0909091
2349,-0.08231221,-0.67178136,0.4577375,1.2144674,-0.92552626,-0.29142892,-0.102561854,-0.69686425,0.06666667
2350,0.7276793,-0.13487627,-1.0963895,-0.7293943,-0.66039985,-1.3294301,0.3984426,-0.21705386,0.07142855
2351,-0.08231221,-0.67178136,0.4577375,1.2144674,-0.92552626,-0.29142892,-0.102561854,-0.69686425,0.06666667
2352,-0.08231221,-0.67178136,0.4577375,1.2144674,-0.92552626,-0.29142892,-0.102561854,-0.69686425,0.06666667
2353,-0.08231221,-0.67178136,0.4577375,1.2144674,-0.92552626,-0.29142892,-0.102561854,-0.69686425,0.06666667
2354,-0.08291787,-0.672117,0.4588169,1.2158425,-0.9255601,-0.29059362,-0.10292211,-0.69716275,0.07692308
2355,-0.08231221,-0.67178136,0.4577375,1.2144674,-0.92552626,-0.29142892,-0.102561854,-0.69686425,0.06666667
2356,-0.08231221,-0.67178136,0.4577375,1.2144674,-0.92552626,-0.29142892,-0.102561854,-0.69686425,0.06666667
2357,-0.08231221,-0.67178136,0.4577375,1.2144674,-0.92552626,-0.29142892,-0.102561854,-0.69686425,0.06666667
2358,-0.08231221,-0.67178136,0.4577375,1.2144674,-0.92552626,-0.29142892,-0.102561854,-0.69686425,0.06666667
2359,-0.08231221,-0.67178136,0.4577375,1.2144674,-0.92552626,-0.29142892,-0.102561854,-0.69686425,0.06666667
2360,-0.08231221,-0.67178136,0.4577375,1.2144674,-0.92552626,-0.29142892,-0.102561854,-0.69686425,0.06666667
2361,-0.08231221,-0.67178136,0.4577375,1.2144674,-0.92552626,-0.29142892,-0.102561854,-0.69686425,0.06666667
2362,0.72982997,-0.13806613,-1.090853,-0.7235035,-0.6653901,-1.3319888,0.39968377,-0.2168245,0.076923065
2363,-1.7086786,0.23829135,0.399584,0.7275042,2.0259347,2.2934237,-1.6797462,-0.24570122,0.1111111
2364,-0.08231221,-0.67178136,0.4577375,1.2144674,-0.92552626,-0.29142892,-0.102561854,-0.69686425,0.06666667
2365,-0.08231221,-0.67178136,0.4577375,1.2144674,-0.92552626,-0.29142892,-0.102561854,-0.69686425,0.06666667
2366,-0.08231221,-0.67178136,0.4577375,1.2144674,-0.92552626,-0.29142892,-0.102561854,-0.69686425,0.06666667
2367,-0.15701959,-0.62728244,0.39991385,1.1636238,-0.83039206,-0.19476117,-0.1491661,-0.7186551,0.041666668
2368,-0.15580446,-0.6280277,0.40089566,1.1645049,-0.8319714,-0.19633892,-0.14840183,-0.71830654,0.047619037
2369,-0.15701959,-0.62728244,0.39991385,1.1636238,-0.83039206,-0.19476117,-0.1491661,-0.7186551,0.041666668
2370,-0.08231221,-0.67178136,0.4577375,1.2144674,-0.92552626,-0.29142892,-0.102561854,-0.69686425,0.06666667
2371,-0.08231221,-0.67178136,0.4577375,1.2144674,-0.92552626,-0.29142892,-0.102561854,-0.69686425,0.06666667
2372,-0.08231221,-0.67178136,0.4577375,1.2144674,-0.92552626,-0.29142892,-0.102561854,-0.69686425,0.06666667
2373,-0.08231221,-0.67178136,0.4577375,1.2144674,-0.92552626,-0.29142892,-0.102561854,-0.69686425,0.06666667
2374,-0.08231221,-0.67178136,0.4577375,1.2144674,-0.92552626,-0.29142892,-0.102561854,-0.69686425,0.06666667
2375,-0.08231221,-0.67178136,0.4577375,1.2144674,-0.92552626,-0.29142892,-0.102561854,-0.69686425,0.06666667
2376,-0.08231221,-0.67178136,0.4577375,1.2144674,-0.92552626,-0.29142892,-0.102561854,-0.69686425,0.06666667
2377,-0.08231221,-0.67178136,0.4577375,1.2144674,-0.92552626,-0.29142892,-0.102561854,-0.69686425,0.06666667
2378,-0.08231221,-0.67178136,0.4577375,1.2144674,-0.92552626,-0.29142892,-0.102561854,-0.69686425,0.06666667
2379,-0.08231221,-0.67178136,0.4577375,1.2144674,-0.92552626,-0.29142892,-0.102561854,-0.69686425,0.06666667
2380,-0.08231221,-0.67178136,0.4577375,1.2144674,-0.92552626,-0.29142892,-0.102561854,-0.69686425,0.06666667
2381,-0.08231221,-0.67178136,0.4577375,1.2144674,-0.92552626,-0.29142892,-0.102561854,-0.69686425,0.06666667
2382,0.05493041,-0.6368526,0.3114869,1.011604,-0.9662411,-0.47061747,-0.022429977,-0.6389849,0.08333332
2383,-0.08231221,-0.67178136,0.4577375,1.2144674,-0.92552626,-0.29142892,-0.102561854,-0.69686425,0.06666667
2384,-0.08231221,-0.67178136,0.4577375,1.2144674,-0.92552626,-0.29142892,-0.102561854,-0.69686425,0.06666667
2385,-0.08231221,-0.67178136,0.4577375,1.2144674,-0.92552626,-0.29142892,-0.102561854,-0.69686425,0.06666667
2386,0.72982997,-0.13806613,-1.090853,-0.7235035,-0.6653901,-1.3319888,0.39968377,-0.2168245,0.076923065
2387,-0.08231221,-0.67178136,0.4577375,1.2144674,-0.92552626,-0.29142892,-0.102561854,-0.69686425,0.06666667
2388,-0.08231221,-0.67178136,0.4577375,1.2144674,-0.92552626,-0.29142892,-0.102561854,-0.69686425,0.06666667
2389,-0.08231221,-0.67178136,0.4577375,1.2144674,-0.92552626,-0.29142892,-0.102561854,-0.69686425,0.06666667
2390,-0.55413663,0.8426582,-1.3370093,-1.4533648,2.4320908,0.4913785,-1.1677058,0.9950515,0.11111111
2391,-0.116069525,-0.5790027,0.7753041,1.3550367,-0.12775785,-0.18725537,-0.56669056,0.061652206,0.07142858
2392,-0.17773432,-0.6313108,0.92218447,1.5335202,-0.16239063,-0.10260546,-0.6015975,0.020119198,0.09090908
2393,-0.917412,0.9696972,0.07888384,-1.2395946,-0.37505174,2.6043031,1.2253402,-1.7356778,0.1111111
2395,0.643495,0.10233436,-1.1095159,-0.92891866,0.3121197,-1.2164406,-0.086060286,0.5508748,0.111111104
2396,-1.0516554,-0.5047023,0.8025662,1.6432685,-0.24417348,1.1293154,-0.6680368,-1.1541919,0.08333333
2397,-1.1408315,-0.44500324,0.7252618,1.5645548,-0.11363794,1.2528065,-0.7322463,-1.1769955,0.06666667
2398,-1.1408315,-0.44500324,0.7252618,1.5645548,-0.11363794,1.2528065,-0.7322463,-1.1769955,0.06666667
2399,-1.1408315,-0.44500324,0.72526175,1.5645548,-0.11363794,1.2528065,-0.7322463,-1.1769955,0.06666667
2400,-1.1408315,-0.44500324,0.72526175,1.5645548,-0.11363794,1.2528065,-0.7322463,-1.1769955,0.06666667
2401,-1.1408315,-0.44500324,0.72526175,1.5645548,-0.11363794,1.2528065,-0.7322463,-1.1769955,0.06666667
2402,-1.1408315,-0.44500324,0.72526175,1.5645548,-0.11363794,1.2528065,-0.7322463,-1.1769955,0.06666667
2403,-1.1395721,-0.44584635,0.72634894,1.5656743,-0.115489095,1.2510642,-0.73133624,-1.1766738,0.030303037
2404,-1.140203,-0.4454231,0.7258005,1.5651102,-0.114559695,1.2519414,-0.73179215,-1.176834,0.024999997
2405,-1.052356,-0.50423044,0.8019416,1.6426488,-0.24314816,1.1303053,-0.66853935,-1.1543698,0.11111113
2406,-1.1404244,-0.44527578,0.7256126,1.5649166,-0.1142364,1.2522438,-0.731952,-1.1768913,0.05263158
2407,-1.1393915,-0.44596753,0.7265054,1.5658354,-0.11575486,1.2508137,-0.7312055,-1.1766279,0.02631579
2408,-1.1364099,-0.44796664,0.7291048,1.5684763,-0.12012604,1.2466652,-0.72905797,-1.1758687,0.050000004
2409,-1.1408315,-0.44500324,0.7252618,1.5645548,-0.11363794,1.2528065,-0.7322463,-1.1769955,0.06666667
2410,-1.1408315,-0.44500324,0.7252618,1.5645548,-0.11363794,1.2528065,-0.7322463,-1.1769955,0.06666667
2411,-1.1408315,-0.44500324,0.7252618,1.5645548,-0.11363794,1.2528065,-0.7322463,-1.1769955,0.06666667
2412,-1.1408315,-0.44500324,0.7252618,1.5645548,-0.11363794,1.2528065,-0.7322463,-1.1769955,0.06666667
2413,-1.0527823,-0.5039564,0.801631,1.6422939,-0.24253877,1.1308231,-0.66884726,-1.1544862,0.0909091
2414,-1.1408315,-0.44500324,0.7252618,1.5645548,-0.11363794,1.2528065,-0.7322463,-1.1769955,0.06666667
2415,-1.1408315,-0.44500324,0.7252618,1.5645548,-0.11363794,1.2528065,-0.7322463,-1.1769955,0.06666667
2416,-1.1408315,-0.44500324,0.7252618,1.5645548,-0.11363794,1.2528065,-0.7322463,-1.1769955,0.06666667
2417,-1.1408315,-0.44500324,0.7252618,1.5645548,-0.11363794,1.2528065,-0.7322463,-1.1769955,0.06666667
2418,-1.1408315,-0.44500324,0.7252618,1.5645548,-0.11363794,1.2528065,-0.7322463,-1.1769955,0.06666667
2419,-1.1408315,-0.44500324,0.7252618,1.5645548,-0.11363794,1.2528065,-0.7322463,-1.1769955,0.06666667
2420,-1.1408315,-0.44500324,0.7252618,1.5645548,-0.11363794,1.2528065,-0.7322463,-1.1769955,0.06666667
2421,-0.797573,0.070775434,0.47548622,0.65033,1.6278523,0.9892819,-1.295938,0.6198815,0.10000001
2422,0.5609145,0.44587436,-0.94854176,-1.2672662,1.0131836,-0.78003865,-0.18913299,1.0857203,0.05882353
2423,0.96072495,-1.046278,-1.0195042,0.6387915,-0.9914211,-2.6584892,-0.4635248,0.014535099,0.083333336
2424,1.0134288,1.3537529,0.89405483,-1.9020917,2.2907295,0.6351834,0.37781334,2.9527268,0.07142858
2425,1.0112311,1.3541881,0.9033827,-1.896984,2.2954612,0.64246726,0.37542903,2.9568322,0.05882352
2426,1.0252041,1.3828663,0.9133304,-1.9369715,2.3413763,0.66131234,0.38084573,3.0075445,0.066666655
2427,1.0112311,1.3541881,0.9033827,-1.896984,2.2954612,0.64246726,0.37542903,2.9568322,0.05882352
2428,1.0112311,1.3541881,0.9033827,-1.896984,2.2954612,0.64246726,0.37542903,2.9568322,0.05882352
2429,-0.016824052,-1.2132055,-0.0018765107,2.0093305,-0.56552,-1.469691,-1.2028142,-0.1828869,0.05882353
2431,0.4607225,-0.5593612,-2.081172,-0.30302227,-0.17856957,-2.2041783,-0.73293096,-0.23753446,0.111111104
2432,0.4607225,-0.5593612,-2.0811722,-0.3030222,-0.17856957,-2.2041783,-0.73293096,-0.23753446,0.111111104
2433,0.76880485,-0.88931394,-1.8118366,0.043808013,-1.2223955,-2.515238,-0.25534698,-0.7359102,0.111111104
2434,0.76880485,-0.88931394,-1.8118366,0.043808013,-1.2223955,-2.515238,-0.25534698,-0.7359102,0.111111104
2435,0.7235626,-0.073642716,-0.8810726,-0.5981081,0.13456236,-1.374501,-0.1083242,0.59151644,0.06666666
2437,0.88246465,-1.3987173,0.044390313,1.7965881,-1.0560645,-2.5701566,-0.7787088,0.34577978,0.09999999
2438,0.8762001,-1.3979143,0.030543879,1.7958513,-1.0376277,-2.5740469,-0.79596466,0.35355192,0.08333333
2439,0.8377575,-1.3834529,-0.0017856732,1.7702416,-1.049885,-2.5240145,-0.78253084,0.29100952,0.06666667
2440,0.8377575,-1.3834529,-0.0017856732,1.7702416,-1.049885,-2.5240145,-0.7825309,0.29100952,0.06666667
2441,0.83399177,-1.3946038,-0.032875866,1.7801543,-1.0353979,-2.5549624,-0.8155084,0.29861778,0.07692308
2442,0.8895903,-1.4009274,0.046514533,1.8027271,-1.0366156,-2.5853577,-0.79451495,0.37241966,0.1
2443,0.30081612,0.043458622,0.34654328,0.12969881,1.226528,-0.3744158,-0.7152186,1.500383,0.09999999
2444,0.30081612,0.043458622,0.34654328,0.12969881,1.226528,-0.3744158,-0.7152186,1.500383,0.09999999
2445,-0.43571705,-0.2252816,-1.8376331,-0.5486372,-1.8303803,-0.042496562,0.71865785,-2.7898004,0.06666667
2446,-0.43004864,-0.2343594,-1.8249537,-0.53193617,-1.8378038,-0.05316209,0.71609455,-2.7838078,0.071428575
2447,-0.43004864,-0.2343594,-1.8249536,-0.5319361,-1.8378037,-0.05316209,0.71609455,-2.7838075,0.07142858
2450,-0.08231221,-0.67178136,0.4577375,1.2144674,-0.92552626,-0.29142892,-0.102561854,-0.69686425,0.06666667
2451,0.110593855,-0.698477,0.97347695,1.4834701,-0.52988267,-0.42268562,-0.297738,0.036465496,0.083333336
2452,0.722409,-0.099038735,-0.9159436,-0.57535136,0.123799995,-1.4205164,-0.13745481,0.5765233,0.076923065
2454,0.18795028,-0.073926896,1.2519183,0.6931711,0.69193256,0.19801861,-0.36003974,1.1301906,0.07692308
2455,0.2726038,-0.08148809,-2.0557158,-0.78917694,1.0663592,-1.7473085,-1.138088,0.64193344,0.07692307
2456,0.18795025,-0.073926896,1.2519183,0.693171,0.6919325,0.1980186,-0.3600397,1.1301906,0.07692307
2457,-0.7494029,-0.9157532,0.5599998,1.9804468,-1.0331439,0.2585712,-0.56718254,-1.4475343,0.062499993
2458,-0.7701989,-0.9295546,0.60897255,2.0369983,-1.0370317,0.29044718,-0.5789251,-1.4580364,0.037037022
2459,-0.76957214,-0.92907023,0.6070759,2.035115,-1.0367172,0.28931695,-0.5784763,-1.4575499,0.03333333
2460,-0.7719237,-0.9283239,0.6070981,2.0353825,-1.0343984,0.29264003,-0.5800355,-1.4583805,0.033333324
2461,-0.7782691,-0.93168545,0.62015355,2.0504873,-1.0344881,0.30235368,-0.5836932,-1.4614587,0.03846155
2462,-0.77166957,-0.9289811,0.6088089,2.0366879,-1.0357336,0.2924577,-0.5799688,-1.4586635,0.07692308
2463,-0.77166957,-0.9289811,0.6088089,2.0366879,-1.0357336,0.2924577,-0.5799688,-1.4586635,0.07692308
2464,-0.77166957,-0.9289811,0.6088089,2.0366879,-1.0357336,0.2924577,-0.5799688,-1.4586635,0.07692308
2465,-0.77091056,-0.9293689,0.6090503,2.037024,-1.0365652,0.29135227,-0.5794021,-1.458332,0.07142857
2466,-0.77061474,-0.92958426,0.6094166,2.0374382,-1.0368261,0.29109037,-0.57921517,-1.4582362,0.045454536
2467,-0.76734674,-0.9263914,0.59899044,2.0257967,-1.0349115,0.28578675,-0.57738566,-1.4562881,0.031249998
2468,-0.7703056,-0.92851585,0.60653734,2.0341187,-1.0359952,0.29035336,-0.57913005,-1.4579995,0.07692308
2469,-0.66868055,-0.8939315,0.44687033,1.8443884,-1.0573063,0.13956816,-0.51941764,-1.412949,0.083333336
2470,-0.7703056,-0.92851585,0.60653734,2.0341187,-1.0359952,0.29035336,-0.57913005,-1.4579995,0.07692308
2471,-0.7703056,-0.92851585,0.60653734,2.0341187,-1.0359952,0.29035336,-0.57913005,-1.4579995,0.07692308
2472,-0.7598648,-0.9266942,0.59397256,2.0192082,-1.0401595,0.27489007,-0.57272696,-1.4534749,0.066666655
2473,-0.7567388,-0.9157934,0.56561714,1.9876691,-1.0286638,0.26910114,-0.57168007,-1.4503703,0.07142857
2474,-0.774904,-0.9284263,0.60964143,2.0384996,-1.0327291,0.29696667,-0.5818989,-1.4595981,0.040000007
2475,-0.7788482,-0.93164647,0.62055045,2.0509357,-1.0341172,0.30320787,-0.5840738,-1.4617103,0.04
2476,-0.7703607,-0.9284801,0.60649157,2.0340762,-1.0359187,0.29042685,-0.57916737,-1.4580151,0.07692308
2477,-0.77508813,-0.93008226,0.613967,2.0430217,-1.0347577,0.29753995,-0.58193374,-1.4600776,0.058823522
2478,0.2775728,0.09409418,1.1139281,-0.04334937,-1.5737778,0.8081727,1.5459712,-1.0204685,0.1111111
2479,0.27757657,0.09409708,1.1139203,-0.043359056,-1.5737768,0.8081677,1.5459735,-1.0204662,0.11111109
2480,0.5940871,-0.06607922,-0.86615735,-0.4811899,0.5542607,-1.3284167,-0.4631166,0.86281216,0.09090907
2481,-0.20523183,-0.10945347,0.5670302,0.60133666,0.5721541,0.29222584,-0.5480989,0.42033574,0.071428575
2482,-0.20523183,-0.10945347,0.5670302,0.60133666,0.5721541,0.29222584,-0.5480989,0.42033574,0.071428575
2483,-0.159678,-0.62565297,0.39776725,1.1616983,-0.8269393,-0.19131272,-0.1508368,-0.7194179,0.062499993
2484,-0.4182899,0.7648297,0.38943952,-0.7907149,0.9714625,1.54335,0.16785502,0.21925136,0.111111104
2485,0.7883173,0.003300907,-0.9592289,-0.80114824,0.09931597,-1.3801789,-0.006407652,0.5693641,0.09999999
2486,0.72066885,-0.07189665,-0.883373,-0.6001432,0.13821,-1.3710661,-0.110069126,0.5908102,0.071428575
2487,0.42988676,-0.3262546,1.8542033,0.829348,-2.0789435,0.576068,1.6199858,-1.0206622,0.07692307
2488,0.36622876,-0.36856055,1.9598562,0.9764065,-2.0789807,0.6538164,1.5801824,-1.0503553,0.09090909
2492,0.53370094,-0.8948828,-1.7394745,0.23584181,-1.1064179,-2.2574646,-0.39065656,-0.82131433,0.11111111
2493,0.53370094,-0.89488286,-1.7394745,0.2358418,-1.1064179,-2.2574646,-0.39065656,-0.82131433,0.11111111
2494,0.53370094,-0.8948828,-1.7394745,0.23584181,-1.1064179,-2.2574646,-0.39065656,-0.8213142,0.11111111
2497,0.4755814,-0.49922597,-0.22677518,0.33463454,-0.99971473,-1.0242234,0.24190924,-0.41252556,0.03846155
2498,0.4759801,-0.499421,-0.22653006,0.33480567,-1.0001533,-1.0247089,0.24214253,-0.41239747,0.04166667
2499,0.47455162,-0.4991572,-0.22649105,0.3352576,-0.99910855,-1.022967,0.24130425,-0.41295013,0.08333333
2500,0.47455162,-0.4991572,-0.22649105,0.3352576,-0.99910855,-1.022967,0.24130425,-0.41295013,0.08333333
2501,0.47455162,-0.4991572,-0.22649105,0.3352576,-0.99910855,-1.022967,0.24130425,-0.41295013,0.08333333
2502,0.4733864,-0.49845096,-0.22749163,0.33442652,-0.9976635,-1.0215495,0.24062333,-0.41329518,0.07692307
2503,0.47455162,-0.4991572,-0.22649105,0.3352576,-0.99910855,-1.022967,0.24130425,-0.41295013,0.08333333
2504,0.4733864,-0.49845096,-0.22749163,0.33442652,-0.9976635,-1.0215495,0.24062333,-0.41329518,0.07692307
2505,0.47455162,-0.4991572,-0.22649105,0.3352576,-0.99910855,-1.022967,0.24130425,-0.41295013,0.08333333
2506,0.47455162,-0.4991572,-0.22649105,0.3352576,-0.99910855,-1.022967,0.24130425,-0.41295013,0.08333333
2507,0.47455162,-0.4991572,-0.22649105,0.3352576,-0.99910855,-1.022967,0.24130425,-0.41295013,0.08333333
2508,0.643495,0.10233436,-1.1095159,-0.92891866,0.3121197,-1.2164406,-0.086060286,0.5508748,0.111111104
2511,0.7610482,-0.25240433,0.27013797,-0.23877607,-2.3235533,-0.39370167,1.722076,-1.3486956,0.058823537
2512,0.47455162,-0.4991572,-0.22649105,0.3352576,-0.99910855,-1.022967,0.24130425,-0.41295013,0.08333333
2513,0.47455162,-0.4991572,-0.22649105,0.3352576,-0.99910855,-1.022967,0.24130425,-0.41295013,0.08333333
2514,0.47455162,-0.4991572,-0.22649105,0.3352576,-0.99910855,-1.022967,0.24130425,-0.41295013,0.08333333
2517,0.6674018,-0.17594767,1.449165,0.29603824,-2.0569305,0.2787069,1.7681937,-0.89308524,0.07692308
2518,-1.0527823,-0.5039564,0.801631,1.6422939,-0.24253877,1.1308231,-0.66884726,-1.1544863,0.0909091
2522,0.5410195,-0.007006682,0.33750844,0.07780284,1.0288,-0.68437356,-0.5643072,1.5852648,0.099999994
2523,0.5410195,-0.007006682,0.33750847,0.07780284,1.0288,-0.68437356,-0.5643072,1.5852648,0.099999994
2524,0.5410195,-0.007006682,0.33750847,0.07780284,1.0288,-0.68437356,-0.5643072,1.5852648,0.099999994
2525,-0.7148473,0.63931996,0.7737478,-0.2914822,1.0160285,1.9463714,-0.053546317,0.033058614,0.09090909
2526,-0.55847377,-0.7165251,-0.67589366,0.7177704,-2.5302057,0.19725265,0.70335925,-3.0904765,0.07692307
2527,-0.55847377,-0.7165251,-0.67589366,0.7177704,-2.5302057,0.19725265,0.70335925,-3.0904765,0.07692307
2528,-0.55847377,-0.7165251,-0.67589366,0.7177704,-2.5302057,0.19725265,0.70335925,-3.0904765,0.07692307
2529,-0.5513632,-0.7133189,-0.68634254,0.7045796,-2.529143,0.1877316,0.70797604,-3.086163,0.083333336
2530,-0.55847394,-0.71652514,-0.6758937,0.71777046,-2.5302062,0.19725266,0.7033593,-3.0904768,0.07692309
2531,-0.5226514,-0.6893167,-0.74921066,0.62371564,-2.5178185,0.152447,0.72509915,-3.0725217,0.06666667
2532,-0.537604,-0.70064574,-0.718634,0.66284585,-2.5231252,0.17121817,0.7159807,-3.0801728,0.07142856
2533,1.0662909,-0.25659332,1.1714795,0.50550145,0.179916,-1.0143037,0.023548871,1.6193012,0.09999999
2534,1.4887531,0.2646946,0.1794053,-0.9187431,0.57429236,-1.3702042,0.3427054,1.975531,0.0625
2538,-1.5266829,0.45891982,1.4591185,0.44570398,-0.5236451,3.4857438,0.7217571,-2.18068,0.07692308
2539,-1.5301293,0.45694467,1.4651419,0.45307785,-0.5230626,3.4908192,0.71851695,-2.1830144,0.083333336
2540,-0.12161836,-0.34943002,-0.1872421,0.44782257,-0.60379696,-0.20867786,-0.042655032,-0.7120048,0.05263158
2541,0.42085248,-0.12471404,-1.2551068,-0.50059885,0.56217855,-1.424434,-0.6936604,0.5875256,0.111111104
2543,-0.046279028,-0.6777705,0.45123875,1.1994047,-0.9529611,-0.33885628,-0.08070725,-0.6834475,0.1
2547,0.71678597,-0.91589785,-1.7439353,0.14822425,-1.2305933,-2.4561765,-0.28687978,-0.7598479,0.0625
2554,0.4607225,-0.5593612,-2.0811722,-0.30302227,-0.17856957,-2.2041783,-0.73293096,-0.23753446,0.111111104
2582,0.078771256,0.76332563,-1.3336782,-1.6481057,1.8246417,-0.22971597,-0.6200292,1.1421438,0.07692308
2583,0.078771256,0.7633256,-1.3336782,-1.6481057,1.8246417,-0.22971597,-0.6200292,1.1421438,0.07692308
2584,0.078771256,0.7633256,-1.3336782,-1.6481057,1.8246417,-0.22971597,-0.6200292,1.1421438,0.07692308
2585,0.055642888,0.75048596,-1.3746102,-1.6382799,1.810273,-0.2380881,-0.6389916,1.0955936,0.09090909
2588,0.4607225,-0.5593612,-2.0811722,-0.3030222,-0.17856957,-2.2041783,-0.73293096,-0.23753446,0.111111104
2589,0.8363973,-0.18467094,-0.70044327,-0.41546398,-0.061142728,-1.5071805,-0.04325686,0.6091113,0.090909086
2590,-1.6669511,0.21168798,0.43673038,0.76800996,1.9638951,2.2332525,-1.6483898,-0.23087007,0.07142858
2591,-1.5223714,0.11899196,0.5680681,0.9083003,1.7495531,2.026194,-1.540831,-0.18023652,0.06250001
2593,0.28842378,0.08609807,-0.13548616,-0.40040135,-0.26330823,-0.18550771,0.35226515,-0.07890266,0.111111104
2594,-0.59799385,-0.3122269,1.1633427,1.4647342,1.0906334,0.68743455,-1.2135825,0.64606917,0.33333334
2595,-0.30941045,0.23998174,0.0650478,-0.09454928,1.0402488,0.5215248,-0.55393547,0.5062024,0.11111111
2596,-0.014855221,-0.65644515,0.38981694,1.119074,-0.94816315,-0.37952477,-0.06336916,-0.6691545,0.06250001
2597,0.27540743,-0.08045684,-2.0333984,-0.78274673,1.0626293,-1.736335,-1.1305393,0.6484858,0.04166666
2600,-0.4414233,-0.19849133,-1.9077622,-0.6050878,-1.719561,-0.06885411,0.6575553,-2.7207067,0.11111111
2601,-0.4182899,0.7648297,0.38943952,-0.7907149,0.9714625,1.54335,0.16785502,0.21925136,0.111111104
2602,-0.4182899,0.7648297,0.38943952,-0.7907149,0.9714625,1.54335,0.16785502,0.21925136,0.111111104
2603,-0.4182899,0.7648297,0.38943952,-0.7907149,0.9714625,1.54335,0.16785502,0.21925136,0.111111104
2604,-0.4182899,0.7648297,0.38943952,-0.7907149,0.9714625,1.54335,0.16785502,0.21925136,0.111111104
2605,-0.4182899,0.7648297,0.38943952,-0.7907149,0.9714625,1.54335,0.16785502,0.21925136,0.111111104
2606,-0.4182899,0.7648297,0.38943952,-0.7907149,0.9714625,1.54335,0.16785502,0.21925136,0.111111104
2607,-0.4182899,0.7648297,0.38943952,-0.7907149,0.9714625,1.54335,0.16785502,0.21925136,0.111111104
2608,-0.4182899,0.7648297,0.38943952,-0.7907149,0.9714625,1.54335,0.16785502,0.21925136,0.111111104
2609,-0.4182899,0.7648297,0.38943952,-0.7907149,0.9714625,1.54335,0.16785502,0.21925136,0.111111104
2610,-0.4182899,0.7648297,0.38943952,-0.7907149,0.9714625,1.54335,0.16785502,0.21925136,0.111111104
2611,-0.4182899,0.7648297,0.38943952,-0.7907149,0.9714625,1.54335,0.16785502,0.21925136,0.111111104
2612,-0.4182899,0.7648297,0.38943952,-0.7907149,0.9714625,1.54335,0.16785502,0.21925136,0.111111104
2613,-0.4182899,0.7648297,0.38943952,-0.7907149,0.9714625,1.54335,0.16785502,0.21925136,0.111111104
2614,-0.4182899,0.7648297,0.38943952,-0.7907149,0.9714625,1.54335,0.16785502,0.21925136,0.111111104
2615,-0.4182899,0.7648297,0.38943952,-0.7907149,0.9714625,1.54335,0.16785502,0.21925136,0.111111104
2616,-0.4182899,0.7648297,0.38943952,-0.7907149,0.9714625,1.54335,0.16785502,0.21925136,0.111111104
2617,-0.4182899,0.7648297,0.38943952,-0.7907149,0.9714625,1.54335,0.16785502,0.21925136,0.111111104
2618,-0.4182899,0.7648297,0.38943952,-0.7907149,0.9714625,1.54335,0.16785502,0.21925136,0.111111104
2619,-0.4182899,0.7648297,0.38943952,-0.7907149,0.9714625,1.54335,0.16785502,0.21925136,0.111111104
2620,-0.4182899,0.7648297,0.38943952,-0.7907149,0.9714625,1.54335,0.16785502,0.21925136,0.111111104
2621,-0.4182899,0.7648297,0.38943952,-0.7907149,0.9714625,1.54335,0.16785502,0.21925136,0.111111104
2622,0.5714085,0.39985195,0.34406656,-0.63475347,0.8928915,-0.14106253,0.0308083,1.3442615,0.0909091
2623,-0.68484485,0.52020854,-0.78588206,-0.6975096,1.8346506,0.701357,-1.074927,0.5209191,0.1
2624,0.7844876,-0.13461168,-0.78187454,-0.4971323,0.027681231,-1.4461362,-0.073210254,0.60094416,0.1
2625,0.7844876,-0.13461168,-0.78187454,-0.4971323,0.027681231,-1.4461362,-0.073210254,0.60094416,0.1
2626,0.07607242,0.24864131,-0.45422012,-0.6593546,0.07661342,0.043482356,0.22167164,-0.11934778,0.032258064
2627,0.07443005,0.24576205,-0.44494492,-0.6501455,0.073189974,0.047131874,0.22140583,-0.120927244,0.031250004
2628,0.07781462,0.2501127,-0.46072447,-0.66526705,0.07832248,0.03967379,0.22199142,-0.118077815,0.033333343
2629,0.07781818,0.2501182,-0.46073723,-0.66528094,0.07832827,0.03966797,0.22199422,-0.11807412,0.03333334
2630,0.07531471,0.27490664,-0.44508153,-0.6918647,0.09216123,0.078733176,0.24724337,-0.10889563,0.040000007
2631,0.07779721,0.27774405,-0.45257443,-0.7005333,0.094520286,0.0751466,0.24886769,-0.106872514,0.04545454
2632,0.08666051,0.27746633,-0.45551097,-0.7064953,0.08863229,0.063928984,0.2542259,-0.10377833,0.09090909
2633,0.08666051,0.27746633,-0.45551097,-0.7064953,0.08863229,0.063928984,0.2542259,-0.10377833,0.09090909
2634,0.08666051,0.27746633,-0.45551097,-0.7064953,0.08863229,0.063928984,0.2542259,-0.10377833,0.09090909
2635,0.07986175,0.2602065,-0.4143194,-0.6596724,0.06999676,0.07466039,0.24962652,-0.11239609,0.0909091
2636,0.08666051,0.27746633,-0.45551097,-0.7064953,0.08863229,0.063928984,0.2542259,-0.10377833,0.09090909
2637,0.08666051,0.27746633,-0.45551097,-0.7064953,0.08863229,0.063928984,0.2542259,-0.10377833,0.09090909
2638,0.08491972,0.27486596,-0.44906056,-0.69894797,0.086274214,0.06644232,0.25311315,-0.10532293,0.08333333
2639,0.07836171,0.27521038,-0.446971,-0.69487345,0.09066306,0.07483251,0.24909323,-0.10769354,0.055555556
2640,0.08476977,0.27704203,-0.45398718,-0.7040597,0.08936354,0.06629902,0.253116,-0.10451099,0.07692308
2641,0.079738215,0.26028156,-0.41441095,-0.65976065,0.07015624,0.07482003,0.24954692,-0.112428516,0.09090909
2642,0.07992334,0.27724203,-0.45235378,-0.7009147,0.09255525,0.07249265,0.25015077,-0.10626541,0.06250001
2643,0.24271354,-0.41818985,-0.282412,0.31795067,-0.7893875,-0.7305483,0.09889356,-0.5017674,0.0909091
2644,0.2680196,-0.39586583,-0.34561247,0.24246098,-0.7745018,-0.76495486,0.11528855,-0.48496398,0.1
2645,0.35071743,0.119680166,1.2577136,0.34864187,0.9656081,0.2084326,-0.2703305,1.5002205,0.052631576
2646,0.36474937,0.12734517,1.2690912,0.33690614,0.9765099,0.2057358,-0.2631461,1.5256891,0.055555563
2647,0.42774022,0.17322642,1.2947869,0.25528693,1.0367523,0.19289263,-0.22970194,1.6404825,0.071428575
2648,-0.17773435,-0.6313108,0.9221844,1.5335203,-0.1623907,-0.10260548,-0.6015975,0.020119183,0.09090909
2652,-0.8433555,-0.56635255,-0.8230724,0.6068399,-2.189816,0.5700478,0.5330368,-3.1644304,0.11111111
2653,0.3161582,0.1313094,-0.4944479,-0.43529642,1.05261,-0.682493,-0.61518115,1.0978435,0.07692308
2654,0.4088238,0.1051799,-0.48891586,-0.44192648,0.9726979,-0.8008284,-0.5571404,1.1310405,0.1
2655,0.3161582,0.1313094,-0.4944479,-0.43529642,1.05261,-0.682493,-0.61518115,1.0978435,0.07692308
2656,-0.19942684,-0.25836265,0.60648096,0.9217533,0.86844045,0.031053774,-0.9443181,0.7685187,0.083333336
2657,-0.16225143,-0.22606307,0.5207995,0.81099993,0.884302,-0.019610465,-0.9248304,0.7932768,0.049999993
2658,-0.2022642,-0.2636544,0.6189406,0.93736404,0.8640934,0.034749523,-0.94559854,0.7664287,0.07692308
2659,0.27512357,-0.08071053,-2.0348144,-0.78281116,1.062742,-1.7371294,-1.1312084,0.6478977,0.03999999
2660,-0.20400263,-0.26010218,0.61142224,0.9295646,0.86990845,0.03659454,-0.94678307,0.7669071,0.08333334
2661,-0.21585612,-0.26871094,0.63598,0.9603637,0.86608243,0.053091034,-0.9535355,0.7589195,0.090909086
2662,-0.20990904,-0.26273772,0.6186672,0.9403912,0.87092,0.0440166,-0.9501013,0.76425016,0.11111111
2663,0.15548374,-0.023580674,-0.07635002,0.07028333,0.95239735,-0.45834458,-0.7208287,0.9880475,0.06666667
2664,0.2946695,0.12783079,-0.47559124,-0.4106834,1.0600086,-0.6542463,-0.62937933,1.0881383,0.090909086
2666,0.082839385,0.2648634,-0.472569,-0.6940599,0.08820347,0.044335157,0.23443148,-0.110224456,0.04545453
2667,1.5503043,0.8943546,2.0168808,-1.0597278,0.9779377,0.28596896,1.1241527,2.6795049,0.076923065
2668,-0.44686818,-0.14714317,0.79192394,0.74750245,-0.15042876,0.8364848,-0.12732205,-0.48144493,0.11111113
2673,0.103062496,0.6898985,0.13480961,-0.89583474,1.6732564,0.5011677,-0.35546428,1.4303973,0.11111111
2674,0.85788274,0.69784325,1.3318942,-0.721595,1.3806242,0.35035747,0.27636248,2.246305,0.071428575
2675,0.7112536,0.3685411,-1.0167112,-1.2045029,1.2388685,-1.1503942,-0.4287761,1.4603394,0.11111111
2677,-0.4352293,-0.5969696,-0.97777,0.33155864,-2.4617667,0.045260213,0.77749544,-3.0284557,0.1
2690,-0.24973018,-0.52212846,-1.3223603,-0.01590287,-2.4025006,-0.24221472,0.9209505,-2.8777084,0.05882353
2691,-0.1842374,-0.5595856,-1.2803732,0.01698675,-2.4787877,-0.32646465,0.9594458,-2.8568823,0.043478254
2713,-0.2912122,-0.5587826,-0.75856715,0.7171777,0.107294,-0.7956256,-1.1200194,-0.32150584,0.06666667
2715,0.78517395,-0.0436157,-0.8554703,-0.6863679,0.037518263,-1.3730643,-0.013844352,0.55375504,0.07142857
2718,0.96681315,-1.0346483,-1.046187,0.6048386,-0.9802635,-2.6656175,-0.46007222,0.018025912,0.05882353
2719,-0.10022025,-0.6416995,-1.1506737,0.14039388,-2.6240766,-0.43110883,1.0058118,-2.8427284,0.09090909
2720,0.70673186,1.2178478,1.6926869,-1.2915626,1.7786556,1.3486181,0.6434225,2.3617842,0.027777769
2721,0.70615464,1.2177821,1.6930627,-1.2910401,1.7789294,1.349347,0.6430268,2.3614974,0.028571438
2722,0.7089482,1.2180247,1.6914151,-1.2933872,1.7775201,1.3458242,0.64494365,2.3628724,0.11111111
2723,0.7089482,1.2180247,1.6914151,-1.2933872,1.7775201,1.3458242,0.64494365,2.3628724,0.11111111
2724,0.7089482,1.2180247,1.6914151,-1.2933872,1.7775201,1.3458242,0.64494365,2.3628724,0.11111111
2725,0.7089482,1.2180247,1.6914151,-1.2933872,1.7775201,1.3458242,0.64494365,2.3628724,0.11111111
2726,0.7089482,1.2180247,1.6914151,-1.2933872,1.7775201,1.3458242,0.64494365,2.3628724,0.11111111
2727,0.7089482,1.2180247,1.6914151,-1.2933872,1.7775201,1.3458242,0.64494365,2.3628724,0.11111111
2728,0.7089482,1.2180247,1.6914151,-1.2933872,1.7775201,1.3458242,0.64494365,2.3628724,0.11111111
2729,0.7089482,1.2180247,1.6914151,-1.2933872,1.7775201,1.3458242,0.64494365,2.3628724,0.11111111
2730,0.7089482,1.2180247,1.6914151,-1.2933872,1.7775201,1.3458242,0.64494365,2.3628724,0.11111111
2731,0.7089482,1.2180247,1.6914151,-1.2933872,1.7775201,1.3458242,0.64494365,2.3628724,0.11111111
2732,0.7089482,1.2180247,1.6914151,-1.2933872,1.7775201,1.3458242,0.64494365,2.3628724,0.11111111
2733,0.7089482,1.2180247,1.6914151,-1.2933872,1.7775201,1.3458242,0.64494365,2.3628724,0.11111111
2734,0.7089482,1.2180247,1.6914151,-1.2933872,1.7775201,1.3458242,0.64494365,2.3628724,0.11111111
2735,0.7089482,1.2180247,1.6914151,-1.2933872,1.7775201,1.3458242,0.64494365,2.3628724,0.11111111
2736,0.7089482,1.2180247,1.6914151,-1.2933872,1.7775201,1.3458242,0.64494365,2.3628724,0.11111111
2737,0.7089482,1.2180247,1.6914151,-1.2933872,1.7775201,1.3458242,0.64494365,2.3628724,0.11111111
2738,0.7089482,1.2180247,1.6914151,-1.2933872,1.7775201,1.3458242,0.64494365,2.3628724,0.11111111
2739,0.7089482,1.2180247,1.6914151,-1.2933872,1.7775201,1.3458242,0.64494365,2.3628724,0.11111111
2740,0.7089482,1.2180247,1.6914151,-1.2933872,1.7775201,1.3458242,0.64494365,2.3628724,0.11111111
2741,0.7089482,1.2180247,1.6914151,-1.2933872,1.7775201,1.3458242,0.64494365,2.3628724,0.11111111
2742,0.43419784,-0.62308013,-2.1071205,-0.19158508,-0.19452594,-2.2658815,-0.8144312,-0.2643882,0.08333332
2743,1.061341,0.1622191,0.5054334,-0.8093511,-1.8311052,-0.24875179,2.0353403,-0.5931319,0.037037034
2744,1.0607725,0.16186546,0.50643456,-0.80808365,-1.8312458,-0.24805169,2.0350277,-0.5934571,0.037037034
2745,1.0621519,0.1618077,0.50595146,-0.80899924,-1.8320101,-0.24975044,2.0357485,-0.59292245,0.03571429
2746,1.0627474,0.14613184,0.5424155,-0.77175486,-1.8540864,-0.24877086,2.034045,-0.59986234,0.055555563
2747,0.43846935,-0.22748151,1.4554149,0.48301393,-2.0122402,0.48388004,1.6165535,-1.0778395,0.083333336
2748,1.0632668,0.16017596,0.50835997,-0.8060737,-1.8340391,-0.25140965,2.0364547,-0.5924851,0.066666655
2749,1.0629511,0.15764518,0.51498336,-0.7996945,-1.8378832,-0.25047255,2.0358312,-0.5941659,0.06666666
2750,1.0588672,0.14682391,0.543142,-0.77034456,-1.8517264,-0.24373835,2.0318594,-0.60161865,0.058823526
2751,1.0562245,0.16492198,0.5020594,-0.8118115,-1.8253722,-0.24240057,2.0327373,-0.5945102,0.058823537
2752,1.0685446,0.15699664,0.5124984,-0.80263895,-1.840267,-0.25805482,2.0391846,-0.59103036,0.0909091
2753,1.0577658,0.16352291,0.5043896,-0.8096793,-1.8278695,-0.24427223,2.0334706,-0.59431756,0.04545454
2754,1.0591952,0.16273713,0.50534487,-0.80892736,-1.8294615,-0.2460742,2.0342152,-0.5938989,0.04
2755,1.0581387,0.16381204,0.50349224,-0.81066424,-1.8276008,-0.24479787,2.0337212,-0.59398985,0.05263158
2756,1.056754,0.16443183,0.50274,-0.81107557,-1.8261181,-0.24311607,2.033035,-0.5943365,0.07142858
2757,1.0476743,0.11603098,0.6208265,-0.68806994,-1.8891995,-0.22614147,2.021139,-0.6209693,0.07692309
2758,1.056754,0.16443183,0.50274,-0.81107557,-1.8261181,-0.24311607,2.033035,-0.5943365,0.07142858
2759,1.0590458,0.1632081,0.50429416,-0.8099416,-1.8287139,-0.24595664,2.0341995,-0.59373105,0.06666667
2760,1.0614091,0.14065702,0.5564336,-0.757477,-1.861549,-0.24620856,2.0324237,-0.60339093,0.07692308
2761,1.0589473,0.15072532,0.53403956,-0.77977836,-1.8464084,-0.24423058,2.032378,-0.59985614,0.045454547
2762,1.0640786,0.15964587,0.50905937,-0.80545044,-1.8350264,-0.25244197,2.0368822,-0.5922544,0.08333333
2763,1.061986,0.1457869,0.54377973,-0.77030545,-1.8543726,-0.24768442,2.0335217,-0.60050225,0.058823545
2765,-0.8433555,-0.56635255,-0.8230724,0.6068399,-2.189816,0.5700478,0.5330368,-3.1644304,0.11111111
2766,1.0613412,0.16221914,0.50543344,-0.8093511,-1.8311058,-0.24875183,2.0353405,-0.593132,0.037037034
2767,0.28554428,0.12563728,0.997121,-0.12990402,-1.5048852,0.771606,1.5668294,-0.9757141,0.09090909
2768,0.5759823,-0.81405663,-1.8610904,0.035102244,-0.96765995,-2.3155375,-0.42419678,-0.72216606,0.11111113
2769,0.5759823,-0.81405663,-1.8610904,0.035102244,-0.96765995,-2.3155375,-0.42419678,-0.72216606,0.11111113
2770,0.12639524,-0.13812946,1.1190596,0.75235873,0.5316647,0.15718463,-0.36179778,0.89589274,0.041666668
2772,0.7975414,0.41591373,0.11401733,-1.2055157,-1.4149933,0.08892737,1.8893527,-0.65334666,0.058823526
2773,0.7329499,-0.090425275,-0.8878388,-0.58143055,0.11747644,-1.405717,-0.114767626,0.5875095,0.05263158
2774,-0.76495314,-0.7310306,-0.53596956,0.9312493,-2.4251246,0.46149617,0.58025604,-3.161633,0.11111111
2783,0.8967967,-0.5118466,-1.0910786,-0.08373959,0.0060371757,-2.2233768,-0.586277,0.7110965,0.099999994
2784,0.8967967,-0.51184654,-1.0910788,-0.08373959,0.0060371757,-2.2233768,-0.586277,0.7110965,0.10000001
2785,-0.106782034,-0.60080737,-1.19013,0.057987805,-2.597724,-0.40306026,0.99187094,-2.8618987,0.09090909
2788,-0.77459717,-0.93040025,0.61437696,2.0433998,-1.0354371,0.2968852,-0.5816025,-1.4599391,0.05882353
2789,0.6608696,-0.03577618,-0.9310529,-0.6422743,0.2136432,-1.300127,-0.14610782,0.57625616,0.066666655
2790,-0.7703607,-0.9284801,0.60649157,2.0340762,-1.0359187,0.29042685,-0.57916737,-1.4580151,0.07692308
2791,-0.8209745,-0.23994236,1.2546208,1.322483,0.089999646,1.3637064,-0.41958085,-0.557531,0.06666667
2792,0.071050815,0.24321163,-0.36847007,-0.6116844,0.04954763,0.09032397,0.2423855,-0.124696344,0.083333336
2793,0.6608696,-0.03577618,-0.9310529,-0.6422743,0.2136432,-1.300127,-0.14610782,0.57625616,0.066666655
2794,1.4042548,-0.40002382,0.90001154,0.48356158,0.17838232,-1.7321157,-0.11702435,1.9253651,0.11111111
2795,-0.76495314,-0.7310306,-0.53596956,0.9312493,-2.4251246,0.46149617,0.58025604,-3.161633,0.11111111
2796,-0.038712367,0.3516843,-0.81086934,-0.7453201,1.387207,-0.22662352,-0.74652624,0.87719023,0.052631572
2797,-0.040015467,0.35996467,-0.826793,-0.7644801,1.3971677,-0.22545105,-0.7468913,0.8783344,0.05882353
2798,-0.043591075,0.3662016,-0.8375046,-0.7771928,1.4061482,-0.2211173,-0.7488992,0.8782017,0.07142856
2799,-0.05187182,0.35232145,-0.8053231,-0.7373621,1.3952665,-0.20909122,-0.7551554,0.87181795,0.058823526
2800,0.086181894,0.32439488,-0.8210922,-0.77004373,1.2869312,-0.39129746,-0.66611534,0.92379403,0.09999999
2801,-0.056587532,0.3562174,-0.81109107,-0.7438751,1.4024278,-0.20324272,-0.7580617,0.8710258,0.11111111
2802,-0.056587532,0.3562174,-0.81109107,-0.7438751,1.4024278,-0.20324272,-0.7580617,0.8710258,0.11111111
2803,0.086181894,0.32439488,-0.8210922,-0.7700438,1.2869313,-0.39129746,-0.66611534,0.92379403,0.1
2804,0.17489183,0.3700691,-0.8993294,-0.92144775,1.2607161,-0.47151172,-0.57682174,0.95608497,0.07692307
2805,0.037357092,0.75183403,0.030459665,-1.0025401,1.7843803,0.5780703,-0.39474165,1.4169475,0.11111111
2810,0.45509285,0.81798565,3.2415495,0.15103889,2.1162038,1.91344,0.058928877,2.7935836,1.0
2811,-0.38278753,-0.2175955,1.8661201,1.5569065,1.416054,0.8569436,-1.1533779,1.3131608,0.10000001
2812,0.36996514,0.29814348,3.713164,1.173162,1.5080293,1.6723818,-0.06572784,2.4160328,0.11111111
2813,0.45997834,0.37056813,3.5375156,0.87286144,0.92967296,1.674989,0.46042177,1.9454594,0.10000001
2814,-0.45950705,0.24760109,0.12209639,-0.00818529,1.1365899,0.7264763,-0.65545917,0.43270302,0.08333332
2815,-0.8950788,0.9949204,0.0023424774,-1.3189034,-0.3527701,2.5644124,1.2455608,-1.7090484,0.071428575
2816,0.7089482,1.2180247,1.6914151,-1.2933872,1.7775201,1.3458242,0.64494365,2.3628724,0.11111111
2817,0.7089482,1.2180247,1.6914151,-1.2933872,1.7775201,1.3458242,0.64494365,2.3628724,0.11111111
2818,-0.003410399,-0.009966445,2.6355798,1.3584694,1.314435,1.1240563,-0.5809422,1.7429262,0.1
2821,1.5503063,0.8943573,2.0168746,-1.0597357,0.9779402,0.285967,1.1241539,2.679507,0.07692309
2822,0.25370955,-0.8262217,1.0065374,1.626586,-0.69454384,-0.7156559,-0.29467997,0.093088284,0.08333334
2823,0.93414104,-1.0192466,-1.069184,0.59157807,-0.9436704,-2.6301892,-0.47888884,0.009256408,0.083333336
2825,-0.24563886,-0.33909982,-1.8014314,-0.42769605,-1.7422185,-0.43311405,0.5766138,-2.454622,0.099999994
2826,1.3171808,0.67200774,2.5918016,-0.37304854,0.8545836,0.5780984,0.97709435,2.5314605,0.11111111
2827,0.12055987,-0.4263301,-2.2376745,-0.4518246,-0.34697354,-1.6563727,-0.5545722,-0.840603,0.07692309
2828,0.67198837,-0.07730155,-0.87837815,-0.5141769,0.51646906,-1.4309636,-0.4409621,0.9067149,0.1
2829,-0.12525673,-1.203787,0.84768224,2.3990781,-0.7137698,-0.8777653,-0.9685729,-0.24012372,0.076923065
2830,0.017924223,-1.096435,0.5905699,2.0393116,-0.5957241,-1.056367,-0.9330625,-0.08172144,0.06666667
2831,0.08420974,-1.0988153,0.55273145,1.9862071,-0.63389593,-1.1468103,-0.8943845,-0.052363127,0.06666668
2832,0.006578535,-0.16586821,-2.1745572,-1.0553312,-2.0311582,-0.5670791,1.0764323,-2.6482217,0.11111113
2833,-0.24487607,-0.48153812,-1.4136375,-0.11645754,-2.3494358,-0.2517046,0.9270576,-2.8616955,0.027777784
2836,-0.25487602,-0.2960193,-1.9673427,-0.5077503,-1.3431183,-0.5770538,0.29610613,-2.1466048,0.043478258
2837,0.2855443,0.12563728,0.997121,-0.12990403,-1.5048851,0.7716061,1.5668293,-0.97571397,0.0909091
2838,0.44469255,-0.6981306,-0.9562479,0.44250953,-0.41329592,-1.7701823,-0.5993568,-0.033930182,0.0909091
2839,0.087204926,0.27713564,-0.45510936,-0.7061066,0.08793027,0.063225046,0.25457647,-0.103635356,0.09090909
2840,-0.27051437,-0.57531744,0.4043101,1.2046192,-0.3915516,-0.107324764,-0.4588929,-0.4446731,0.055555552
2841,-0.08231221,-0.67178136,0.4577375,1.2144674,-0.92552626,-0.29142892,-0.102561854,-0.69686425,0.06666667
2842,0.27512357,-0.08071053,-2.0348144,-0.78281116,1.062742,-1.7371294,-1.1312084,0.6478977,0.03999999
2844,-0.32117093,-0.64157194,-1.0058582,0.33373213,-2.5299249,-0.1332638,0.86432713,-2.9494982,0.1
2845,0.89623135,-0.6760287,-1.8940376,-0.27040058,-0.4233004,-2.6733253,-0.5393132,0.060540617,0.07692309
2847,-0.05252333,-0.6796486,0.48500186,1.2798625,-0.6435711,-0.40707397,-0.31508654,-0.38206014,0.11111111
2848,-0.55413663,0.8426582,-1.3370093,-1.4533648,2.4320908,0.4913785,-1.1677058,0.9950515,0.11111111
2849,0.51514745,0.18314582,1.7185563,0.33648378,0.64037496,0.41257763,0.18572947,1.4608262,0.090909086
2850,-0.38278753,-0.2175955,1.8661201,1.5569065,1.416054,0.8569436,-1.1533779,1.3131608,0.10000001
2851,-0.38278753,-0.2175955,1.8661201,1.5569065,1.416054,0.8569436,-1.1533779,1.3131608,0.10000001
2852,-0.38278753,-0.2175955,1.8661201,1.5569065,1.416054,0.8569436,-1.1533779,1.3131608,0.10000001
2853,-0.38278753,-0.2175955,1.8661201,1.5569065,1.416054,0.8569436,-1.1533779,1.3131608,0.10000001
2854,-0.38278753,-0.2175955,1.8661201,1.5569065,1.416054,0.8569436,-1.1533779,1.3131608,0.10000001
2855,-0.38278747,-0.21759552,1.8661201,1.5569068,1.4160541,0.8569436,-1.1533778,1.313161,0.11111111
2856,-0.031746216,-0.61481124,0.6602812,1.3923765,0.22387762,-0.48959756,-0.8669216,0.49075574,0.07142857
2857,0.6377678,-0.036020122,-0.95379007,-0.58752185,0.58615506,-1.391638,-0.45202488,0.90270686,0.09090909
2858,-0.024341136,-0.6753576,0.793566,1.5453391,0.14864281,-0.49733377,-0.86046064,0.48416984,0.1
2859,0.6598432,-0.0883507,-0.8481841,-0.47896367,0.5078905,-1.4150156,-0.45054317,0.89897907,0.1
2860,0.67198837,-0.07730155,-0.87837815,-0.5141769,0.5164691,-1.4309636,-0.44096208,0.9067149,0.099999994
2861,0.6081098,-0.056596857,-0.8946314,-0.51682633,0.5757183,-1.3540297,-0.47644025,0.8873913,0.06666666
2862,0.037357092,0.75183403,0.030459657,-1.0025401,1.7843803,0.5780703,-0.39474165,1.4169475,0.11111111
2863,0.037357092,0.75183403,0.030459657,-1.0025401,1.7843803,0.5780703,-0.39474165,1.4169475,0.11111111
2864,0.643495,0.10233436,-1.1095159,-0.92891866,0.3121197,-1.2164406,-0.086060286,0.5508748,0.111111104
2865,0.643495,0.10233436,-1.1095159,-0.92891866,0.3121197,-1.2164406,-0.086060286,0.5508748,0.111111104
2866,0.643495,0.10233436,-1.1095159,-0.92891866,0.3121197,-1.2164406,-0.086060286,0.5508748,0.111111104
2867,0.643495,0.10233436,-1.1095159,-0.92891866,0.3121197,-1.2164406,-0.086060286,0.5508748,0.111111104
2868,0.643495,0.10233436,-1.1095159,-0.92891866,0.3121197,-1.2164406,-0.086060286,0.5508748,0.111111104
2869,0.643495,0.10233436,-1.1095159,-0.92891866,0.3121197,-1.2164406,-0.086060286,0.5508748,0.111111104
2870,0.643495,0.10233436,-1.1095159,-0.92891866,0.3121197,-1.2164406,-0.086060286,0.5508748,0.111111104
2871,0.643495,0.10233436,-1.1095159,-0.92891866,0.3121197,-1.2164406,-0.086060286,0.5508748,0.111111104
2872,0.643495,0.10233436,-1.1095159,-0.92891866,0.3121197,-1.2164406,-0.086060286,0.5508748,0.111111104
2873,0.643495,0.10233436,-1.1095159,-0.92891866,0.3121197,-1.2164406,-0.086060286,0.5508748,0.111111104
2874,0.643495,0.10233436,-1.1095159,-0.92891866,0.3121197,-1.2164406,-0.086060286,0.5508748,0.111111104
2875,0.643495,0.10233436,-1.1095159,-0.92891866,0.3121197,-1.2164406,-0.086060286,0.5508748,0.111111104
2876,0.643495,0.10233436,-1.1095159,-0.92891866,0.3121197,-1.2164406,-0.086060286,0.5508748,0.111111104
2877,0.643495,0.10233436,-1.1095159,-0.92891866,0.3121197,-1.2164406,-0.086060286,0.5508748,0.111111104
2878,0.6081098,-0.056596857,-0.8946314,-0.51682633,0.5757183,-1.3540297,-0.47644025,0.8873913,0.06666666
2879,0.643495,0.10233436,-1.1095159,-0.92891866,0.3121197,-1.2164406,-0.086060286,0.5508748,0.111111104
2880,0.643495,0.10233436,-1.1095159,-0.92891866,0.3121197,-1.2164406,-0.086060286,0.5508748,0.111111104
2881,0.643495,0.10233436,-1.1095159,-0.92891866,0.3121197,-1.2164406,-0.086060286,0.5508748,0.111111104
2882,0.643495,0.10233436,-1.1095159,-0.92891866,0.3121197,-1.2164406,-0.086060286,0.5508748,0.111111104
2883,0.643495,0.10233436,-1.1095159,-0.92891866,0.3121197,-1.2164406,-0.086060286,0.5508748,0.111111104
2884,0.643495,0.10233436,-1.1095159,-0.92891866,0.3121197,-1.2164406,-0.086060286,0.5508748,0.111111104
2885,0.643495,0.10233436,-1.1095159,-0.92891866,0.3121197,-1.2164406,-0.086060286,0.5508748,0.111111104
2886,0.061287142,-0.4980912,0.3565293,1.0175886,0.30057818,-0.6121501,-0.8041223,0.5418523,0.08333333
2887,-0.02760677,-0.649646,0.7346343,1.4806746,0.1846978,-0.49587643,-0.8651634,0.49047133,0.0625
2888,0.42823392,-0.16316514,-0.5895374,-0.124496534,0.5450062,-1.1278077,-0.60041016,0.8001416,0.05882353
2889,0.643495,0.10233436,-1.1095159,-0.92891866,0.3121197,-1.2164406,-0.086060286,0.5508748,0.111111104
2890,0.643495,0.10233436,-1.1095159,-0.92891866,0.3121197,-1.2164406,-0.086060286,0.5508748,0.111111104
2891,0.39344853,-0.17905095,-0.5256585,-0.058835626,0.49217248,-1.0620397,-0.5763692,0.73716354,0.055555563
2892,0.643495,0.10233436,-1.1095159,-0.92891866,0.3121197,-1.2164406,-0.086060286,0.5508748,0.111111104
2893,0.643495,0.10233436,-1.1095159,-0.92891866,0.3121197,-1.2164406,-0.086060286,0.5508748,0.111111104
2894,0.42045116,-0.1542594,-0.5941729,-0.14056739,0.52756095,-1.1051595,-0.5785863,0.77123487,0.06666668
2895,0.36380953,-0.20000903,-0.4838031,0.01489985,0.52998775,-1.0437392,-0.63293463,0.7624464,0.06666668
2896,0.45382208,-0.13749352,-0.64390004,-0.20746024,0.5324187,-1.1487464,-0.56273705,0.7903131,0.055555563
2897,0.643495,0.10233436,-1.1095159,-0.92891866,0.3121197,-1.2164406,-0.086060286,0.5508748,0.111111104
2898,-0.031854704,-0.67372483,0.794425,1.5473306,0.15475693,-0.48707145,-0.86515063,0.481106,0.062499996
2899,0.643495,0.10233436,-1.1095159,-0.92891866,0.3121197,-1.2164406,-0.086060286,0.5508748,0.111111104
2900,0.07568128,-0.40775576,0.30397618,0.7802431,-0.013731815,-0.44759846,-0.4532073,0.19046043,0.058823526
2901,0.643495,0.10233436,-1.1095159,-0.92891866,0.3121197,-1.2164406,-0.086060286,0.5508748,0.111111104
2902,0.643495,0.10233436,-1.1095159,-0.92891866,0.3121197,-1.2164406,-0.086060286,0.5508748,0.111111104
2903,0.70408523,0.003108414,-0.94712174,-0.7382081,0.22995855,-1.3169774,-0.12275202,0.61526674,0.04761905
2904,0.42280883,-0.12778357,-0.54903936,-0.18976481,0.30612153,-0.98962945,-0.36930847,0.5495893,0.07692309
2905,0.71994233,0.01872829,-0.98593843,-0.7870992,0.23899806,-1.3357993,-0.11036961,0.6228207,0.055555563
2906,0.643495,0.10233436,-1.1095159,-0.92891866,0.3121197,-1.2164406,-0.086060286,0.5508748,0.111111104
2907,0.8072841,-0.6553161,0.025607161,0.4717021,-1.4431041,-1.370744,0.51260185,-0.37607017,0.090909086
2908,1.2027688,-0.41279632,-0.6764872,-0.39854127,-1.165294,-1.8892415,0.6194311,-0.012675032,0.058823522
2909,1.1857433,-0.4128695,-0.70408446,-0.4118067,-1.2223032,-1.8651669,0.65459687,-0.0942329,0.08333334
2910,1.1542635,-0.41203076,-0.69260156,-0.39014494,-1.2077823,-1.8288255,0.63665265,-0.106925905,0.111111104
2911,0.643495,0.10233436,-1.1095159,-0.92891866,0.3121197,-1.2164406,-0.086060286,0.5508748,0.111111104
2912,0.36622876,-0.36856055,1.9598562,0.9764065,-2.0789807,0.6538164,1.5801824,-1.0503553,0.09090909
2913,0.63833857,-0.07743005,-1.1723053,-0.7979401,-0.5477858,-1.2230718,0.3457084,-0.24325871,0.09090908
2914,0.45131516,-0.12981197,-0.6539289,-0.22492488,0.52694213,-1.1394854,-0.5514491,0.7772598,0.083333336
2915,0.36622876,-0.36856055,1.9598562,0.9764065,-2.0789807,0.6538164,1.5801824,-1.0503553,0.09090909
2919,0.63833857,-0.07743005,-1.1723053,-0.7979401,-0.5477858,-1.2230718,0.3457084,-0.24325871,0.09090908
2921,0.65703017,-0.08041168,-1.6145571,-0.79731315,0.8117113,-1.8743644,-0.76593846,0.9334996,0.2
2922,0.50320446,0.53826386,1.9346187,-0.039614663,1.4562801,0.85842836,0.034768194,2.125621,0.07692308
2923,0.46755004,0.5255291,1.9754797,0.0141550265,1.4622244,0.9039908,0.0110787,2.1038322,0.11111111
2924,0.5699727,0.5818324,1.8184558,-0.18768811,1.4662468,0.7735957,0.07834666,2.1697347,0.111111104
2925,1.0155677,1.3589429,0.8948029,-1.9097457,2.298557,0.6385665,0.37888092,2.9607885,0.066666655
2926,0.11312007,-0.047036223,0.43690777,0.32228285,0.70171064,-0.10348479,-0.47728407,0.8502399,0.111111104
2927,0.99529254,-0.06051169,-0.9340433,-0.80243844,-0.06896557,-1.631523,0.12865454,0.64337695,0.11111111
2928,-0.76495314,-0.7310306,-0.53596956,0.9312493,-2.4251246,0.46149617,0.58025604,-3.161633,0.11111111
2929,-0.76495314,-0.7310306,-0.53596956,0.9312493,-2.4251246,0.46149617,0.58025604,-3.161633,0.11111111
2930,-0.15035062,0.10689277,2.5977194,1.2635714,1.7970623,1.3544759,-0.8452994,1.9479169,0.19999999
2931,0.79149663,-0.11488549,-0.8257182,-0.5497327,0.04848396,-1.4547616,-0.06755636,0.6077243,0.05
2932,0.76227206,-0.09710284,-0.8497201,-0.5706407,0.085571766,-1.4202759,-0.08506492,0.60082245,0.07692307
2933,0.6608696,-0.03577618,-0.9310529,-0.6422743,0.2136432,-1.300127,-0.14610782,0.57625616,0.066666655
2934,0.66897994,1.4650985,1.1441419,-1.7738416,2.8838108,1.199028,-0.015159778,3.145841,0.2
2936,0.7121771,-0.06675608,-0.8902004,-0.6061566,0.1489416,-1.3610094,-0.11517489,0.58875704,0.1
2937,0.7421512,-0.08490362,-0.86607695,-0.5849262,0.11105386,-1.3965008,-0.097154126,0.5959996,0.090909086
2938,0.8011546,-0.1240316,-0.8112772,-0.53497577,0.03218983,-1.4661413,-0.06202124,0.6093087,0.076923065
2939,0.090993695,-0.73753214,0.89895225,1.5559075,-0.36271572,-0.53678316,-0.49422097,0.17281072,0.071428575
2940,0.7296184,-0.13714953,-1.092592,-0.7254987,-0.66415423,-1.3317295,0.39957127,-0.2167261,0.09090909
2941,0.7257684,-0.07497976,-0.8792871,-0.5965424,0.13177082,-1.3771099,-0.10699899,0.5920471,0.052631576
2942,-0.38278747,-0.21759552,1.8661201,1.5569068,1.4160541,0.8569436,-1.1533778,1.313161,0.11111111
2943,0.21237363,0.9287101,3.5821545,0.17083734,1.8743495,2.5974448,0.34895805,2.2905796,1.0
2944,0.70249176,0.15072034,0.40803128,-0.60897195,-1.432662,-0.0070911646,1.5619959,-0.6182445,0.06666667
2945,0.13213052,0.26170474,-0.36062616,-0.5107955,1.0500423,-0.21870229,-0.47710672,0.89225805,0.1
2946,-0.17284895,-0.42383814,-1.5372827,-0.30025572,-2.33158,-0.31893152,0.9563542,-2.838706,0.09090909
2947,0.7779896,-0.52597183,-0.702854,0.14183074,-0.21172263,-1.8535699,-0.40644082,0.5048356,0.11111111
2948,-0.032907546,-0.6762271,0.44113958,1.1842635,-0.95906234,-0.35627115,-0.07284425,-0.67809415,0.090909086
2949,0.6940218,0.7045874,0.5953055,-1.0228932,1.1690568,0.19923364,0.29594025,1.7004123,0.06666667
2950,-0.93190885,1.01152,-0.012275174,-1.3317726,-0.30989748,2.614768,1.2180749,-1.7200038,0.07692307
2951,0.27662084,0.91387624,-0.90504,-1.7451051,2.0207427,-0.07791369,-0.44948843,1.6126332,0.090909086
2952,-0.4182899,0.7648297,0.38943952,-0.7907149,0.9714625,1.54335,0.16785502,0.21925136,0.111111104
2954,1.125068,-0.97762483,-1.2191337,0.3419609,-0.9854841,-2.8411868,-0.36479315,0.081262976,0.08333332
2955,1.125068,-0.97762483,-1.2191337,0.3419609,-0.9854841,-2.8411868,-0.36479315,0.081262976,0.08333332
2956,1.1542635,-0.41203076,-0.69260156,-0.39014494,-1.2077823,-1.8288255,0.63665265,-0.106925905,0.111111104
2957,0.7197809,-0.124190465,-1.1127809,-0.748297,-0.64387095,-1.31993,0.3933861,-0.21860778,0.06666666
2958,0.34083033,-0.37526754,-0.4265898,0.13588063,-0.7824298,-0.8577732,0.16081822,-0.4455643,0.08333333
2959,0.34083033,-0.37526754,-0.4265898,0.13588063,-0.7824298,-0.8577732,0.16081822,-0.4455643,0.08333333
2960,0.6608696,-0.03577618,-0.9310529,-0.6422743,0.2136432,-1.300127,-0.14610782,0.57625616,0.066666655
2961,0.5371761,-0.54314566,-2.2924616,-0.46340597,-0.18179981,-2.3672059,-0.7104973,-0.25004974,0.090909086
2962,0.7257868,-0.07498081,-0.879263,-0.5965558,0.13175039,-1.3771299,-0.10698101,0.59205735,0.06666667
2963,1.0627853,0.16049051,0.50794446,-0.8064434,-1.833453,-0.2507965,2.0362012,-0.59262204,0.06666667
2964,0.43419784,-0.62308013,-2.1071205,-0.19158508,-0.19452594,-2.2658815,-0.8144312,-0.2643882,0.08333332
2965,0.40848672,-0.62711495,-2.0901673,-0.1623595,-0.18745135,-2.2364872,-0.8308542,-0.274815,0.10000001
2966,0.6419387,-0.2538944,-0.47374457,-0.102039546,-0.04086639,-1.2751436,-0.16765618,0.5259384,0.11111111
2967,0.6606761,-0.27147716,1.6475551,0.5267116,-2.162843,0.28050202,1.757956,-0.91974616,0.09090909
2968,0.7250747,-0.07455721,-0.87985533,-0.5970396,0.1326514,-1.3762916,-0.1074144,0.5918825,0.07692309
2969,0.50099087,-0.71860665,-1.9402245,-0.009835914,-0.35153115,-2.3361363,-0.7777179,-0.2549961,0.08333333
2970,0.5609145,0.44587436,-0.94854176,-1.2672662,1.0131836,-0.78003865,-0.18913299,1.0857203,0.05882353
2971,0.34083033,-0.37526754,-0.4265898,0.13588063,-0.7824298,-0.8577732,0.16081822,-0.4455643,0.08333333
2972,-0.39887953,-0.48595238,0.25185114,1.0739282,-0.20981656,0.04739534,-0.53930926,-0.483695,0.11111113
2973,0.8405575,0.067243874,-0.796047,-0.75243455,0.72186345,-1.4395345,-0.34492862,1.2552896,0.10000001
2974,0.8405575,0.067243874,-0.796047,-0.75243455,0.72186345,-1.4395345,-0.34492862,1.2552896,0.10000001
2975,0.38933414,-0.8510745,-1.7126974,0.27616972,-0.92822444,-2.095331,-0.539815,-0.80466545,0.06666667
2976,0.060539495,-1.1959404,0.83079284,2.2827153,-0.7450566,-1.0887367,-0.87559026,-0.06802258,0.066666655
2977,0.060539495,-1.1959404,0.83079284,2.2827153,-0.7450566,-1.0887367,-0.87559026,-0.06802258,0.066666655
2978,0.76914364,-0.14072855,-1.3941504,-0.7164682,0.38538194,-1.8452758,-0.45916104,0.7254292,0.07692309
2979,0.3436656,0.057590615,-0.20729674,-0.4014337,-0.20833574,-0.33756542,0.2816399,0.019304499,0.1
2980,0.7445354,-0.30314174,-0.8935348,-0.22524439,0.23560266,-1.7366779,-0.48481485,0.7736759,0.16666667
2983,0.6606916,-0.27146497,1.6475235,0.52667123,-2.1628387,0.2804827,1.7579656,-0.9197371,0.09090908
2984,0.660693,-0.27146396,1.6475211,0.5266678,-2.1628382,0.28048098,1.7579666,-0.91973627,0.09090909
2985,0.66067606,-0.27147716,1.6475551,0.5267116,-2.162843,0.28050202,1.757956,-0.91974616,0.09090909
2986,0.66067606,-0.27147716,1.6475551,0.5267116,-2.162843,0.28050202,1.757956,-0.91974616,0.09090909
2987,-0.66614974,0.101401486,0.5365686,0.50030893,1.0832424,1.0210685,-0.79631454,0.28140604,0.1
2988,-0.056587532,0.3562174,-0.81109107,-0.7438751,1.4024278,-0.20324272,-0.7580617,0.8710258,0.11111111
2989,0.6897796,-0.11201693,-0.61478597,-0.32616556,0.64792174,-1.3946643,-0.53793794,1.1433537,0.09090909
2990,-0.27791005,-0.33397016,0.2810728,0.9295325,0.80836177,-0.13480839,-1.0818505,0.5700809,0.0625
2992,0.35964864,0.12912297,-1.8218592,-1.0592183,1.0893202,-1.4532378,-0.83407986,0.76774347,0.11111113
2993,0.54381377,-0.5894782,-2.1353204,-0.32527006,-0.22840317,-2.3459187,-0.71390104,-0.21389052,0.05263157
2994,-0.36397886,-0.50794244,0.28038645,1.100834,-0.25687653,0.0015101805,-0.5161984,-0.47429577,0.10000001
2995,0.49782908,0.9523805,0.5941703,-1.2193177,2.0568993,0.56500816,-0.11712145,2.2468832,0.11111111
2996,0.7777595,-0.59632355,-0.087340966,0.35134214,-1.3599846,-1.3328859,0.49463412,-0.37789544,0.07692308
2997,0.7777595,-0.59632355,-0.087340966,0.35134214,-1.3599846,-1.3328859,0.49463412,-0.37789544,0.07692308
2998,0.8616486,-0.62202173,-1.9934489,-0.37514096,-0.33536607,-2.6381855,-0.5569626,0.056679428,0.11111113
2999,-1.116628,-0.46123427,0.7463283,1.586074,-0.14919765,1.2191354,-0.71478075,-1.1708373,0.0625
3000,0.010476369,-0.4999305,0.4349355,1.0851284,0.31360012,-0.51407963,-0.8032585,0.5259577,0.11111111
3001,-0.49762964,-0.462892,-0.6949742,0.5774147,-0.6068156,-0.14997318,-0.42982098,-1.2456657,0.08333334
3002,0.28604257,0.05235721,0.3346293,0.11847891,1.2456125,-0.35561955,-0.7244467,1.4963318,0.1
3003,0.47455162,-0.4991572,-0.22649105,0.3352576,-0.99910855,-1.022967,0.24130425,-0.41295013,0.08333333
3005,0.7287769,-0.07679567,-0.87684363,-0.59442693,0.12796538,-1.3806661,-0.10518685,0.5927753,0.0625
3006,0.42368507,-0.32929304,1.8632269,0.8410642,-2.0791626,0.58384955,1.6162931,-1.0240233,0.076923065
3007,-0.04694467,-0.17719664,1.7973597,0.84270144,-1.6514732,1.2225883,1.3285196,-1.2018236,0.11111111
3008,-0.68484485,0.52020854,-0.78588206,-0.6975096,1.8346506,0.701357,-1.0749269,0.5209191,0.1
3009,-0.68484485,0.52020854,-0.7858821,-0.69750965,1.8346506,0.701357,-1.0749269,0.5209191,0.1
3010,0.46755004,0.5255291,1.9754797,0.0141550265,1.4622244,0.9039908,0.0110787,2.1038322,0.11111111
3011,0.54438615,-0.5973568,-2.1972487,-0.33679467,-0.21297373,-2.3921301,-0.7432007,-0.21801358,0.071428575
3012,0.5467767,-0.59766847,-2.1975293,-0.33784342,-0.21443142,-2.3948004,-0.74167836,-0.217121,0.071428575
3013,0.6190896,0.44360337,-0.7080397,-1.133331,1.3619661,-0.8118243,-0.4067086,1.5521072,0.055555556
3014,0.6047568,0.39504045,-0.858553,-1.1330045,1.2675732,-0.9158055,-0.4228081,1.4196866,0.07142856
3015,0.5084432,-0.78360355,-0.7997136,0.6074409,-0.5507047,-1.8416283,-0.5590758,-0.021724835,0.09090909
3016,0.6172545,0.4468063,-0.5577171,-1.0636508,1.3953761,-0.73328394,-0.40623447,1.6229225,0.07692307
3018,-0.05252333,-0.6796486,0.48500186,1.2798625,-0.6435711,-0.40707397,-0.31508654,-0.38206014,0.11111111
3019,0.28553936,-0.0007410559,-0.9226495,-0.40780765,1.0064217,-1.0391622,-0.8175818,0.9456507,0.07692307
3020,0.28604257,0.05235721,0.3346293,0.11847891,1.2456125,-0.35561955,-0.7244467,1.4963318,0.1
3021,-1.1407521,-0.44505507,0.7253258,1.5646205,-0.113750964,1.2527026,-0.7321896,-1.1769739,0.024390243
3022,0.094873935,-0.57014114,0.1392699,0.8138832,-0.9035318,-0.5275455,0.0039365888,-0.60486555,0.06666667
3023,-1.1195061,-0.45930865,0.7438431,1.5835297,-0.14498036,1.2231117,-0.7168557,-1.1715733,0.071428575
3024,0.5194541,-0.51171345,-2.3564923,-0.5229994,-0.089260295,-2.368295,-0.7534404,-0.21249542,0.111111104
3025,0.5132397,-0.6752271,-2.0309875,-0.12428422,-0.30079383,-2.3524668,-0.76766515,-0.24326536,0.06666666
3028,-1.1166406,-0.46122837,0.74634975,1.586051,-0.14916922,1.2191263,-0.7147952,-1.1708404,0.055555552
3029,-1.1168634,-0.46107724,0.7461273,1.5858672,-0.14885356,1.2194576,-0.7149504,-1.1708975,0.058823526
3030,0.48661602,0.2499897,1.5996019,0.19836341,0.7404211,0.4533887,0.1638946,1.4709084,0.083333336
3031,0.5425312,-0.10595604,-0.6718469,-0.35343897,0.25873113,-1.1483644,-0.2894454,0.5979468,0.07142858
3032,0.5620218,-0.09423976,-0.7030156,-0.39590973,0.25546,-1.1691372,-0.26956218,0.60102296,0.06666666
3033,-0.64444864,-0.6120974,-0.1792273,1.3551599,0.65198684,-0.2812093,-1.5576382,-0.016919807,0.07142857
3034,1.6538202,1.0849273,1.5512702,-1.5843345,1.1436148,0.14800487,1.1958821,2.7725148,0.07692308
3035,1.281365,-0.4173574,-0.73445356,-0.47299576,-1.2691033,-1.9755139,0.7089775,-0.056316108,0.11111111
3036,-0.7169885,0.65497005,0.741494,-0.3283443,1.0357869,1.9482105,-0.054611955,0.03701262,0.111111104
3037,-0.71317255,0.6545561,0.7408877,-0.3297658,1.0327781,1.9431398,-0.051733255,0.03886751,0.1
3038,-0.71317255,0.6545561,0.7408877,-0.32976586,1.0327781,1.9431398,-0.051733255,0.03886751,0.1
3050,0.28837538,-0.86464083,-1.6430156,0.38881522,-0.90329576,-1.9777213,-0.6031209,-0.851094,0.062499996
3051,0.35841662,-0.85518354,-1.6914833,0.31072778,-0.9202111,-2.0592797,-0.55905825,-0.81863904,0.06250001
3052,0.27431166,-0.866356,-1.6346604,0.40437782,-0.89852726,-1.9611741,-0.6118323,-0.8569509,0.066666685
3053,0.38992065,-0.8589652,-1.6952704,0.29480565,-0.9400457,-2.095305,-0.53998613,-0.8065976,0.06666666
3054,0.4163453,-0.8573998,-1.7092199,0.2701382,-0.9491961,-2.1257842,-0.5235407,-0.79489326,0.062499996
3055,0.2937295,-0.862397,-1.649815,0.37885886,-0.90309095,-1.9841987,-0.59986717,-0.84868157,0.058823537
3056,0.30162752,-0.86221987,-1.6530584,0.3722204,-0.9064301,-1.9933462,-0.5949257,-0.8452951,0.058823537
3057,0.26399648,-0.87228644,-1.6180841,0.42785734,-0.90057874,-1.9484534,-0.61790985,-0.8615134,0.083333336
3058,0.26399648,-0.87228644,-1.6180841,0.42785734,-0.90057874,-1.9484534,-0.61790985,-0.8615134,0.083333336
3059,0.36901164,-0.85535616,-1.6963807,0.30326176,-0.92361975,-2.0712223,-0.5522751,-0.8133106,0.06666667
3060,0.29372948,-0.862397,-1.6498147,0.37885886,-0.90309083,-1.9841985,-0.59986717,-0.84868157,0.058823526
3061,0.3899206,-0.8589652,-1.6952703,0.29480565,-0.9400457,-2.0953047,-0.53998613,-0.8065976,0.06666666
3065,0.7094418,-0.06510234,-0.8923845,-0.608088,0.15239367,-1.3577653,-0.11682203,0.5880927,0.0909091
3066,0.010630384,0.3621018,-1.1096544,-0.9224368,1.45769,-0.44614214,-0.8242233,0.9069333,0.09090909
3067,-0.4182899,0.7648297,0.38943952,-0.7907149,0.9714625,1.54335,0.16785502,0.21925136,0.111111104
3068,-0.88207585,-0.2175718,1.2917861,1.3410388,0.19807974,1.4637371,-0.4874731,-0.530264,0.111111104
3069,-0.8616505,-0.17928591,1.3573221,1.3155828,0.369794,1.4847882,-0.5498993,-0.34593704,0.09090909
3071,-0.15035063,0.10689277,2.5977194,1.2635714,1.7970623,1.3544759,-0.84529936,1.9479167,0.2
3072,-0.27463633,-0.5453164,-1.2563186,0.060503185,-2.423703,-0.20738871,0.9034845,-2.8976824,0.07142857
3073,-0.24629472,-0.48517728,-1.4048129,-0.106576934,-2.3538463,-0.24950086,0.9258548,-2.8636718,0.05555555
3074,-0.24795695,-0.47677153,-1.4219215,-0.12506932,-2.3419945,-0.24781336,0.9254005,-2.861871,0.07692309
3075,-0.24795695,-0.47677153,-1.4219215,-0.12506932,-2.3419945,-0.24781336,0.9254005,-2.861871,0.07692309
3076,-0.24795695,-0.47677153,-1.4219215,-0.12506932,-2.3419945,-0.24781336,0.9254005,-2.861871,0.07692309
3077,-0.24527909,-0.4774651,-1.4221926,-0.12576959,-2.3438325,-0.25143737,0.9271006,-2.8606024,0.03225804
3078,-0.24527909,-0.4774651,-1.4221926,-0.12576959,-2.3438325,-0.25143737,0.9271006,-2.8606024,0.03225804
3079,-0.24531345,-0.4766215,-1.4240274,-0.1277493,-2.342642,-0.25146532,0.9271424,-2.86031,0.028571414
3080,-0.24531345,-0.4766215,-1.4240274,-0.1277493,-2.342642,-0.25146532,0.9271424,-2.86031,0.028571414
3081,-0.24471428,-0.4747642,-1.4284542,-0.13267863,-2.3403177,-0.252414,0.92766005,-2.8593488,0.029411754
3082,-0.24531345,-0.4766215,-1.4240274,-0.1277493,-2.342642,-0.25146532,0.9271424,-2.86031,0.028571414
3083,-0.2611285,-0.4797465,-1.407297,-0.10671398,-2.340702,-0.22993651,0.9166593,-2.8693955,0.07692308
3084,-0.24229647,-0.47224703,-1.4318763,-0.13974215,-2.3401105,-0.25369364,0.9280564,-2.8595102,0.1
3085,-0.20269476,-0.43679667,-1.5083683,-0.24958046,-2.3248289,-0.29118717,0.94461006,-2.8452723,0.06666666
3086,-0.24531345,-0.4766215,-1.4240274,-0.1277493,-2.342642,-0.25146532,0.9271424,-2.86031,0.028571414
3087,-0.24439453,-0.4946485,-1.3853928,-0.085715264,-2.3673797,-0.25132924,0.92632955,-2.8658426,0.052631572
3088,-0.19615828,-0.5892923,-1.2042408,0.09853661,-2.5174096,-0.30634868,0.94847625,-2.8756378,0.0625
3089,-0.17199343,-0.602418,-1.1890438,0.109276004,-2.5456357,-0.33681113,0.9623113,-2.8686616,0.083333336
3090,-0.221974,-0.46255752,-1.4420536,-0.17254125,-2.350369,-0.26513016,0.93138474,-2.8618681,0.0625
3091,-0.27442908,-0.55260575,-1.2406431,0.07762529,-2.433642,-0.20716782,0.9031255,-2.8999963,0.07692308
3092,-0.24591209,-0.47363314,-1.4301987,-0.13433146,-2.3383126,-0.25088888,0.9269752,-2.8595831,0.076923065
3093,-0.24591209,-0.47363314,-1.4301987,-0.13433146,-2.3383126,-0.25088888,0.9269752,-2.8595831,0.076923065
3094,-0.24591209,-0.47363314,-1.4301987,-0.13433146,-2.3383126,-0.25088888,0.9269752,-2.8595831,0.076923065
3095,-0.24591209,-0.47363314,-1.4301987,-0.13433146,-2.3383126,-0.25088888,0.9269752,-2.8595831,0.076923065
3096,-0.26280838,-0.46979934,-1.4277601,-0.12889375,-2.3264198,-0.22840972,0.91625845,-2.8668082,0.1
3097,-0.24591209,-0.47363314,-1.4301987,-0.13433146,-2.3383126,-0.25088888,0.9269752,-2.8595831,0.076923065
3098,-0.26131946,-0.48564494,-1.3943725,-0.09253195,-2.3487017,-0.22921444,0.916105,-2.8715394,0.071428575
3099,-0.26280838,-0.46979937,-1.4277601,-0.12889375,-2.32642,-0.22840972,0.91625845,-2.8668082,0.1
3100,-0.24591209,-0.47363314,-1.4301987,-0.13433146,-2.3383126,-0.25088888,0.9269752,-2.8595831,0.076923065
3101,-0.24591209,-0.47363314,-1.4301987,-0.13433146,-2.3383126,-0.25088888,0.9269752,-2.8595831,0.076923065
3102,-0.26622534,-0.5253462,-1.3050982,0.005948238,-2.4006464,-0.21976343,0.91015434,-2.887365,0.08333332
3103,-0.24591209,-0.47363314,-1.4301987,-0.13433146,-2.3383126,-0.25088888,0.9269752,-2.8595831,0.076923065
3104,-0.26131946,-0.48564494,-1.3943726,-0.092531964,-2.3487017,-0.22921444,0.916105,-2.8715394,0.071428575
3105,-0.24591209,-0.47363314,-1.4301987,-0.13433146,-2.3383126,-0.25088888,0.9269752,-2.8595831,0.076923065
3106,-0.24591209,-0.47363314,-1.4301987,-0.13433146,-2.3383126,-0.25088888,0.9269752,-2.8595831,0.076923065
3107,-0.234607,-0.46010175,-1.4580663,-0.17361367,-2.3297224,-0.261505,0.93167216,-2.8547225,0.076923065
3108,-0.24591209,-0.47363314,-1.4301987,-0.13433146,-2.3383126,-0.25088888,0.9269752,-2.8595831,0.076923065
3109,-0.09737404,-0.66572285,-1.0896658,0.19720794,-2.6643288,-0.4275987,1.0022744,-2.855577,0.07692308
3110,-0.24928834,-0.46750745,-1.4373356,-0.14485894,-2.331249,-0.24439883,0.92372817,-2.8617709,0.11111111
3111,-0.24591209,-0.47363314,-1.4301987,-0.13433146,-2.3383126,-0.25088888,0.9269752,-2.8595831,0.076923065
3112,-0.10268998,-0.6675303,-1.0872858,0.20492098,-2.6616635,-0.42270672,1.0001625,-2.8560824,0.083333336
3113,-0.24591209,-0.47363314,-1.4301987,-0.13433146,-2.3383126,-0.25088888,0.9269752,-2.8595831,0.076923065
3114,-0.10534313,-0.6726729,-1.0741171,0.21940947,-2.6677117,-0.41880113,0.9980486,-2.8592203,0.083333336
3115,-0.24591209,-0.47363314,-1.4301987,-0.13433146,-2.3383126,-0.25088888,0.9269752,-2.8595831,0.076923065
3116,-0.24928834,-0.46750745,-1.4373356,-0.14485894,-2.331249,-0.24439883,0.92372817,-2.8617709,0.11111111
3117,-0.08231221,-0.67178136,0.4577375,1.2144674,-0.92552626,-0.29142892,-0.102561854,-0.69686425,0.06666667
3118,-0.49889666,0.32829994,1.3426163,0.3253358,0.5125218,1.6793694,0.09660601,0.047960415,0.050000004
3119,1.2688513,-0.41331312,-0.00024668127,0.108178735,0.010331623,-1.984153,-0.1767331,1.3829142,0.11111111
3121,0.5609145,0.44587436,-0.94854176,-1.2672662,1.0131836,-0.78003865,-0.18913299,1.0857203,0.05882353
3122,0.94191384,-1.006168,-1.0998629,0.5527102,-0.9312265,-2.6393101,-0.47428694,0.013741046,0.07692308
3123,0.4220996,-0.1758301,0.6095855,0.49925363,0.84864235,-0.5968135,-0.67000735,1.4111812,0.2
3124,0.7844876,-0.13461168,-0.78187454,-0.4971323,0.027681231,-1.4461362,-0.073210254,0.60094416,0.1
3125,-1.1459885,-0.4415435,0.7207868,1.5599374,-0.10603206,1.2599791,-0.7359791,-1.1783037,0.06666667
3126,-0.12843113,-0.609179,-1.1641825,0.0954953,-2.5970325,-0.37500006,0.9779343,-2.8726566,0.1
3127,-0.3230906,-0.4981449,-0.73568493,0.5179136,-0.7421212,-0.3951199,-0.3105284,-1.1777864,0.11111113
3128,0.96321976,-1.0307539,-1.0535413,0.59786683,-0.9733732,-2.661841,-0.46207023,0.017440982,0.05882353
3129,0.36996514,0.29814348,3.713164,1.173162,1.5080293,1.6723818,-0.06572784,2.4160328,0.11111111
3130,0.46672517,0.21880455,1.6682315,0.28450817,0.71040535,0.47674584,0.15368164,1.4489722,0.090909086
3131,0.6608696,-0.03577618,-0.9310529,-0.6422743,0.2136432,-1.300127,-0.14610782,0.57625616,0.066666655
3132,0.27512357,-0.08071053,-2.0348144,-0.78281116,1.062742,-1.7371294,-1.1312084,0.6478977,0.03999999
3134,-0.68484485,0.52020854,-0.7858821,-0.69750965,1.8346506,0.701357,-1.074927,0.5209191,0.1
3135,-0.45065165,0.44143602,-0.75383955,-0.66813713,1.6111333,0.37648535,-0.92036146,0.6157423,0.071428575
3136,-0.08231221,-0.67178136,0.4577375,1.2144674,-0.92552626,-0.29142892,-0.102561854,-0.69686425,0.06666667
3137,1.4125654,-0.7434135,-1.3315703,-0.12743895,-0.36310637,-3.0805213,-0.4596339,0.8307073,0.06666667
3149,-1.7086786,0.23829135,0.399584,0.7275042,2.0259347,2.2934237,-1.6797462,-0.24570122,0.1111111
3150,-0.020693868,0.014706575,0.8427731,0.3531112,0.0010026619,0.52632344,0.16502234,0.11844209,0.05
3151,-0.01797799,-6.640941e-05,0.8370051,0.37714416,0.019623533,0.4949413,0.13155863,0.14272144,0.041666664
3152,-0.020380996,0.012799877,0.8408112,0.35491478,-0.0015949905,0.5230324,0.16437215,0.116453916,0.045454558
3153,-1.7086786,0.23829135,0.399584,0.7275042,2.0259347,2.2934237,-1.6797462,-0.24570122,0.1111111
3154,-0.013686232,0.010105537,0.84261316,0.36031735,0.018392824,0.50687534,0.14789698,0.14446,0.1
3155,-0.013686232,0.010105537,0.84261316,0.36031735,0.018392824,0.50687534,0.14789698,0.14446,0.1
3156,-0.013686232,0.010105537,0.84261316,0.36031735,0.018392824,0.50687534,0.14789698,0.14446,0.1
3157,-0.013686232,0.010105537,0.84261316,0.36031735,0.018392824,0.50687534,0.14789698,0.14446,0.1
3158,-0.013686232,0.010105537,0.84261316,0.36031735,0.018392824,0.50687534,0.14789698,0.14446,0.1
3159,0.28206718,-0.08860378,0.9249449,0.37396103,-0.3508225,0.14717303,0.396773,0.16895413,0.09090909
3160,-0.013686232,0.010105537,0.84261316,0.36031735,0.018392824,0.50687534,0.14789698,0.14446,0.1
3161,0.28604257,0.05235721,0.3346293,0.11847891,1.2456125,-0.35561955,-0.7244467,1.4963318,0.1
3162,-1.6316193,0.18910292,0.46850306,0.80232364,1.9114077,2.182437,-1.6219536,-0.21840721,0.07142857
3163,-1.7086786,0.23829135,0.399584,0.7275042,2.0259347,2.2934237,-1.6797462,-0.24570122,0.1111111
3164,-1.7086786,0.23829135,0.399584,0.7275042,2.0259347,2.2934237,-1.6797462,-0.24570122,0.1111111
3165,-1.7086786,0.23829135,0.399584,0.7275042,2.0259347,2.2934237,-1.6797462,-0.24570122,0.1111111
3166,-1.7086786,0.23829135,0.399584,0.7275042,2.0259347,2.2934237,-1.6797462,-0.24570122,0.1111111
3167,-1.7086786,0.23829135,0.399584,0.7275042,2.0259347,2.2934237,-1.6797462,-0.24570122,0.1111111
3168,-1.7086786,0.23829135,0.399584,0.7275042,2.0259347,2.2934237,-1.6797462,-0.24570122,0.1111111
3169,-1.6234045,0.18384546,0.47592282,0.81030375,1.8992085,2.1706321,-1.6158181,-0.21551803,0.10000001
3170,-1.7086786,0.23829135,0.399584,0.7275042,2.0259347,2.2934237,-1.6797462,-0.24570122,0.1111111
3171,-1.7086786,0.23829135,0.399584,0.7275042,2.0259347,2.2934237,-1.6797462,-0.24570122,0.1111111
3172,-1.7086786,0.23829135,0.399584,0.7275042,2.0259347,2.2934237,-1.6797462,-0.24570122,0.1111111
3173,-1.7086786,0.23829135,0.399584,0.7275042,2.0259347,2.2934237,-1.6797462,-0.24570122,0.1111111
3174,-1.7086786,0.23829135,0.399584,0.7275042,2.0259347,2.2934237,-1.6797462,-0.24570122,0.1111111
3175,-1.6484203,0.19985653,0.45332485,0.7860047,1.9363537,2.2065718,-1.634497,-0.22431403,0.0909091
3176,-1.6717117,0.21472639,0.43247515,0.7633872,1.9709712,2.240108,-1.6519613,-0.23255664,0.071428575
3177,-1.7086786,0.23829135,0.399584,0.7275042,2.0259347,2.2934237,-1.6797462,-0.24570122,0.1111111
3178,-1.7086786,0.23829135,0.399584,0.7275042,2.0259347,2.2934237,-1.6797462,-0.24570122,0.1111111
3179,-1.7086786,0.23829135,0.399584,0.7275042,2.0259347,2.2934237,-1.6797462,-0.24570122,0.1111111
3180,1.6500268,1.0777941,1.5689441,-1.564745,1.137288,0.15330282,1.1931868,2.7689884,0.0909091
3181,-0.088693276,0.22049916,-1.3649558,-0.7744164,1.315363,-0.6235748,-0.96365666,0.6397675,0.083333336
3182,-0.093110085,0.21758354,-1.3628869,-0.76666695,1.314335,-0.62069285,-0.9673014,0.6356059,0.07692307
3184,-0.13437401,-0.6373471,0.40977627,1.1702836,-0.8553364,-0.22420086,-0.13521099,-0.71156156,0.03703704
3185,1.3370594,0.63708097,2.6568677,-0.30321896,0.8015152,0.5523371,0.9883916,2.5285332,0.08333334
3186,-0.031854704,-0.67372483,0.794425,1.5473306,0.15475693,-0.48707145,-0.86515063,0.481106,0.062499996
3187,-0.031854704,-0.67372483,0.794425,1.5473306,0.15475693,-0.48707145,-0.86515063,0.481106,0.062499996
3188,0.27512357,-0.08071053,-2.0348144,-0.78281116,1.062742,-1.7371294,-1.1312084,0.6478977,0.03999999
3189,0.4999873,0.34229094,0.9906187,-0.30860597,0.44226044,0.32599205,0.40476456,1.030161,0.066666655
3190,0.52164847,0.3279139,0.57392126,-0.5062501,0.24895935,0.10858852,0.46884838,0.7666565,0.04347826
3191,0.5061436,0.35437205,1.0331365,-0.30720627,0.48022598,0.34869945,0.39997542,1.0795928,0.071428575
3192,0.42675918,0.21294318,0.55838805,-0.31185734,0.049331196,0.09767756,0.44932142,0.51642597,0.071428575
3193,0.45821983,0.23868603,0.4179691,-0.4323244,0.035127208,0.02676887,0.4758034,0.48992443,0.05882353
3194,0.46763283,0.24620432,0.38339752,-0.46426922,0.03370753,0.008523803,0.4829853,0.48675323,0.055555552
3195,0.45129,0.23185128,0.45315373,-0.40188038,0.037994146,0.043152437,0.46985158,0.4970787,0.062499996
3197,-0.04694467,-0.17719664,1.7973597,0.84270144,-1.6514732,1.2225883,1.3285196,-1.2018236,0.11111111
3198,1.6582032,1.0908837,1.5358393,-1.601522,1.1480194,0.14200072,1.1988862,2.7756772,0.055555545
3200,0.68285173,1.177729,0.031508453,-1.8850542,2.1926947,0.3015682,0.01745113,2.3618255,0.08333334
3201,-1.2263443,0.7563722,0.66636354,-0.50549793,-0.41840255,3.035407,1.0015893,-1.9364051,0.06249999
3202,-1.2267404,0.7566289,0.6660261,-0.5058396,-0.4178279,3.0359457,1.0012853,-1.9364995,0.1
3204,-0.32309073,-0.4981451,-0.7356846,0.517914,-0.74212146,-0.3951198,-0.31052843,-1.1777866,0.11111111
3205,1.6585099,1.0858457,1.5467193,-1.5897117,1.1419947,0.14190632,1.1989101,2.77441,0.062499996
3206,-0.66614974,0.101401486,0.5365686,0.50030893,1.0832424,1.0210685,-0.79631454,0.28140604,0.1
3210,-0.12866868,-0.09411808,0.44878083,0.3673361,-0.23964085,0.37090254,0.114496656,-0.29276437,0.11111113
3211,0.47221988,-0.21962285,-0.77619344,-0.3311484,-0.6649426,-1.0056374,0.23505071,-0.3656601,0.07692308
3212,0.42003918,-0.2656236,-0.65043706,-0.18173233,-0.70301193,-0.9379044,0.20046386,-0.40387294,0.10000001
3213,0.28842378,0.08609807,-0.13548614,-0.40040135,-0.26330823,-0.1855077,0.35226515,-0.07890268,0.111111104
3219,1.0353817,-0.37330496,-0.65998995,-0.34469408,-0.9877093,-1.6988455,0.48696616,-0.009317189,0.11111111
3220,0.7422747,-0.1408535,-1.3823683,-0.69664437,0.3989061,-1.813615,-0.47658294,0.7156998,0.07142858
3221,0.76914364,-0.14072855,-1.3941503,-0.71646816,0.38538194,-1.8452758,-0.45916104,0.7254292,0.07692309
3222,0.7021557,-0.13720867,-1.3687229,-0.6760598,0.42027402,-1.7647108,-0.5040151,0.69933486,0.0625
3223,0.66135216,-0.028461747,-1.5803913,-0.9018404,0.58315563,-1.72572,-0.51669425,0.71144915,0.07692309
3224,0.7869836,-0.14070164,-1.4034966,-0.7294735,0.37783933,-1.8667847,-0.44692355,0.73279476,0.08333334
3225,0.76914364,-0.14072855,-1.3941503,-0.71646816,0.38538194,-1.8452758,-0.459161,0.7254292,0.07692309
3226,0.7311997,-0.13587873,-1.3883158,-0.70035744,0.41115755,-1.8012332,-0.48303753,0.71311975,0.09090909
3227,0.81188107,-0.14218064,-1.4131173,-0.744029,0.3651061,-1.8965096,-0.4301668,0.7425014,0.11111111
3228,0.81188107,-0.14218064,-1.4131173,-0.744029,0.3651061,-1.8965096,-0.4301668,0.7425014,0.11111111
3229,0.088523276,-1.1572181,-0.22184958,1.7492944,-0.53714037,-1.6223493,-1.1560658,-0.12835538,0.11111113
3230,0.088523276,-1.157218,-0.22184955,1.7492942,-0.5371403,-1.622349,-1.1560658,-0.12835538,0.11111111
3233,1.0907546,-0.4082675,-0.6097684,-0.30311364,-1.0571944,-1.7636788,0.5178741,0.005544603,0.11111111
3234,0.45704687,-0.37305224,-0.96376145,0.013025865,0.52513015,-1.617121,-0.89846706,0.770982,0.14285715
3235,0.45704693,-0.37305224,-0.96376145,0.013025869,0.5251301,-1.617121,-0.89846706,0.770982,0.14285715
3236,-0.0029936805,-1.2039776,-0.03591536,1.9698892,-0.55908865,-1.4902438,-1.1969311,-0.17523777,0.06666667
3238,1.3095332,0.63312155,2.677447,-0.27529138,0.81314135,0.58701175,0.9716342,2.5173914,0.1
3239,1.3095332,0.63312155,2.677447,-0.27529138,0.81314135,0.58701175,0.9716342,2.5173914,0.1
3240,1.3095332,0.6331216,2.677447,-0.27529138,0.81314135,0.5870117,0.9716342,2.5173914,0.09999999
3241,-0.76495314,-0.7310306,-0.53596956,0.9312493,-2.4251246,0.46149617,0.58025604,-3.161633,0.11111111
3242,1.4851563,0.25542513,0.20102695,-0.89349335,0.5655873,-1.3659507,0.33975488,1.972567,0.083333336
3243,-0.2054603,-0.43926722,-1.5039225,-0.24222876,-2.3251722,-0.28922606,0.9438347,-2.8455477,0.071428575
3244,0.4341979,-0.62308013,-2.1071208,-0.1915851,-0.19452597,-2.265882,-0.81443125,-0.26438823,0.083333336
3245,0.9307431,-0.04697931,0.8309696,-0.32663578,-2.086692,-0.15883759,1.9172012,-0.83501744,0.09090909
3246,-0.16071528,0.63354844,1.4602605,-0.0442833,2.2925632,1.3679965,-0.74287206,1.9894387,0.111111104
3247,0.73265713,-0.13943961,-1.0892216,-0.722357,-0.668452,-1.3353133,0.40133122,-0.21595344,0.08333334
3248,0.7638464,-0.098074205,-0.8483232,-0.5694834,0.08354719,-1.4221141,-0.08413378,0.60116255,0.0909091
3249,0.7479338,-0.08838525,-0.8613438,-0.5808853,0.103734575,-1.4033271,-0.09366283,0.5974,0.111111104
3252,-0.011064999,-0.579929,0.6047675,1.300735,0.23955776,-0.4967087,-0.8309216,0.5031872,0.07142858
3253,0.47405618,-0.130977,-1.2697507,-0.52474564,0.5314679,-1.489835,-0.6574981,0.6090627,0.07692309
3254,-0.05252333,-0.6796486,0.48500186,1.2798625,-0.6435711,-0.40707397,-0.31508654,-0.38206014,0.11111111
3255,-0.797573,0.070775434,0.47548622,0.65033,1.6278523,0.9892819,-1.295938,0.6198815,0.10000001
3256,1.2688513,-0.41331312,-0.00024668127,0.108178735,0.010331623,-1.984153,-0.1767331,1.3829142,0.11111111
3257,1.3306797,-0.38341224,-0.089631304,-0.014318831,0.010395266,-2.0548787,-0.13945109,1.4058368,0.071428575
3258,1.2688513,-0.41331312,-0.00024668127,0.108178735,0.010331623,-1.984153,-0.1767331,1.3829142,0.11111111
3259,-0.30254102,-0.3430077,0.31512725,0.9727878,0.81081903,-0.10003168,-1.0963398,0.55601037,0.07692308
3260,1.0598778,0.16229483,0.5059153,-0.80841374,-1.830277,-0.24694967,2.0345764,-0.59369516,0.038461532
3261,-0.7247589,-0.27310148,1.1790249,1.2814533,-0.088305995,1.2020885,-0.3066411,-0.6123773,0.055555552
3262,-0.0088960305,-0.17762743,-2.1380568,-1.0140929,-2.0456753,-0.5452977,1.0662053,-2.6634173,0.09090907
3263,-0.75604504,-1.1744704,0.5158317,2.0336459,-2.9183376,0.48811078,0.509932,-3.1969206,0.08333334
3264,-0.12610498,-0.6039209,-1.1747983,0.08102366,-2.5926366,-0.3786986,0.98030514,-2.8710973,0.09090909
3265,0.740641,0.39883047,1.1559757,-0.3471461,0.7735928,0.119269624,0.3290813,1.6202463,0.11111113
3266,-0.28184658,-0.5734152,0.4079703,1.2107836,-0.38068897,-0.09197947,-0.46525234,-0.44643834,0.0625
3267,0.45997834,0.37056813,3.5375156,0.87286144,0.92967296,1.674989,0.46042177,1.9454594,0.10000001
3268,0.45997834,0.37056813,3.5375156,0.87286144,0.92967296,1.674989,0.46042177,1.9454594,0.10000001
3269,0.45997834,0.37056813,3.5375156,0.87286144,0.92967296,1.674989,0.46042177,1.9454594,0.10000001
3270,0.45997834,0.37056813,3.5375156,0.87286144,0.92967296,1.674989,0.46042177,1.9454594,0.10000001
3271,0.45997834,0.37056813,3.5375156,0.87286144,0.92967296,1.674989,0.46042177,1.9454594,0.10000001
3272,0.45997834,0.37056813,3.5375156,0.87286144,0.92967296,1.674989,0.46042177,1.9454594,0.10000001
3273,0.45997834,0.37056813,3.5375156,0.87286144,0.92967296,1.674989,0.46042177,1.9454594,0.10000001
3274,0.45997828,0.3705681,3.5375156,0.8728613,0.92967284,1.6749889,0.4604217,1.945459,0.1111111
3275,1.0662905,-0.2565935,1.1714844,0.5055044,0.17991598,-1.0143013,0.023549475,1.6193023,0.1
3276,1.3820068,-0.41217023,0.9349969,0.53155893,0.17725176,-1.7064836,-0.12893346,1.9169306,0.09090909
3278,-1.1403261,-0.4453405,0.72569346,1.5650011,-0.1143786,1.2521124,-0.73188096,-1.1768655,0.025641022
3279,-0.34100497,-0.3157053,-1.7244956,-0.4172665,-1.961707,-0.18192297,0.754804,-2.7470696,0.11111111
3280,-0.8037331,0.72108406,0.52014345,-0.7318253,-0.7433404,2.4507267,1.3213372,-1.7601047,0.076923065
3281,-0.08231221,-0.67178136,0.4577375,1.2144674,-0.92552626,-0.29142892,-0.102561854,-0.69686425,0.06666667
3284,-0.25361234,-0.52824587,-0.83954024,0.5886688,0.06284453,-0.83270395,-1.0845832,-0.3676062,0.1
3286,-0.013686232,0.010105537,0.84261316,0.36031735,0.018392824,0.50687534,0.14789698,0.14446,0.1
3287,0.79705995,-0.1678301,1.3771201,0.17963363,-2.1289337,0.109503046,1.8450181,-0.8403547,0.111111104
3289,0.72522825,-0.615875,-0.021683931,0.43921614,-1.356743,-1.2714245,0.46721897,-0.4025021,0.076923065
3290,-0.68484485,0.52020854,-0.7858821,-0.69750965,1.8346506,0.701357,-1.074927,0.5209191,0.1
3292,1.5105222,0.7583991,2.2086158,-0.75606453,0.8515593,0.27034175,1.0757457,2.6112463,0.07692308
3293,-0.4189372,-0.18769133,0.8820676,0.976064,0.59582037,0.6086527,-0.6666724,0.297446,0.10000001
3294,-0.4182899,0.7648297,0.38943952,-0.7907149,0.9714625,1.54335,0.16785502,0.21925136,0.111111104
3295,-0.4189372,-0.18769133,0.8820676,0.976064,0.59582037,0.6086527,-0.6666724,0.297446,0.10000001
3296,-0.40719593,-0.18086949,0.8609169,0.9513435,0.6047767,0.5903978,-0.66456515,0.31223327,0.09090909
3297,-0.40170777,-0.18453959,0.8656712,0.955212,0.5900048,0.58457506,-0.6553529,0.30743986,0.07142858
3298,-0.34789377,-0.1632784,0.78968835,0.86340994,0.5977848,0.5061425,-0.6292336,0.35276645,0.06666668
3299,-0.85761833,-0.5772332,-0.7951859,0.6455181,-2.1927962,0.58804625,0.5244671,-3.1697757,0.07692307
3300,0.89376974,-0.5209695,-1.0702037,-0.058959432,-0.0042781234,-2.2195103,-0.58888197,0.7082349,0.09090908
3301,-0.013686232,0.010105537,0.84261316,0.36031735,0.018392824,0.50687534,0.14789698,0.14446,0.1
3302,0.28604257,0.05235721,0.3346293,0.11847891,1.2456125,-0.35561955,-0.7244467,1.4963318,0.1
3303,-0.1860555,-0.5908648,0.33782148,1.0954722,-0.772045,-0.1568369,-0.16851816,-0.7246859,0.09090908
3304,-0.1860555,-0.5908648,0.33782148,1.0954722,-0.772045,-0.1568369,-0.16851816,-0.7246859,0.09090908
3305,-0.18415461,-0.59361327,0.34264362,1.100856,-0.7762683,-0.15932512,-0.16722997,-0.724336,0.08333332
3306,-0.18415461,-0.59361327,0.34264362,1.100856,-0.7762683,-0.15932512,-0.16722997,-0.724336,0.08333332
3307,-0.1860555,-0.5908648,0.33782148,1.0954722,-0.772045,-0.15683688,-0.16851816,-0.7246859,0.09090908
3308,-0.1860555,-0.5908648,0.33782148,1.0954722,-0.772045,-0.15683688,-0.16851816,-0.7246859,0.09090908
3309,0.51536185,-0.6834276,-2.0153387,-0.10604094,-0.31254506,-2.354367,-0.7668174,-0.24380842,0.055555563
3310,0.33198696,0.03831163,1.186661,0.046903946,-1.6544486,0.72718155,1.5815083,-0.99902606,0.09090908
3311,1.0588431,0.16295867,0.50508535,-0.80917424,-1.829066,-0.24561307,2.0340214,-0.5940211,0.043478258
3312,1.0591952,0.16273713,0.5053449,-0.80892736,-1.8294615,-0.2460742,2.0342152,-0.5938989,0.04
3317,-0.08231221,-0.67178136,0.4577375,1.2144674,-0.92552626,-0.29142892,-0.102561854,-0.69686425,0.06666667
3318,0.79335356,-0.6544728,0.029735431,0.48036903,-1.4350598,-1.3542821,0.50522727,-0.38138,0.09090909
3319,0.70249176,0.15072034,0.40803128,-0.60897195,-1.432662,-0.0070911646,1.5619959,-0.6182445,0.06666667
3320,-0.25825864,0.069975935,2.5798326,1.2674749,1.0562906,1.5768094,-0.36743745,1.1577972,0.11111111
3321,1.1504362,-0.41311997,-0.6891787,-0.38463134,-1.2069894,-1.8243443,0.6344523,-0.10860944,0.1
3322,0.36996514,0.29814348,3.713164,1.173162,1.5080293,1.6723818,-0.06572784,2.4160328,0.11111111
3323,0.7089482,1.2180247,1.6914151,-1.2933872,1.7775201,1.3458242,0.64494365,2.3628724,0.11111111
3324,0.71357113,1.2186459,1.688206,-1.2977992,1.7754402,1.3399802,0.64811534,2.3651993,0.11111113
3325,0.7089482,1.2180247,1.6914151,-1.2933872,1.7775201,1.3458242,0.64494365,2.3628724,0.11111111
3326,0.7089482,1.2180247,1.6914151,-1.2933872,1.7775201,1.3458242,0.64494365,2.3628724,0.11111111
3327,-0.13364096,-0.6017881,-1.1748506,0.08259939,-2.5868597,-0.36813468,0.97518796,-2.874526,0.11111111
3328,-0.26171356,-0.45910582,-1.4516271,-0.15524738,-2.3122375,-0.23071808,0.91773885,-2.8625627,0.111111104
3329,0.6111401,-0.81445295,-1.8749973,0.008673869,-0.98199487,-2.35558,-0.40217698,-0.7064676,0.1
3330,0.83399177,-1.3946038,-0.032875866,1.7801543,-1.0353979,-2.5549624,-0.8155084,0.29861778,0.07692308
3331,0.81686735,-1.3560665,-0.04834354,1.6924542,-1.1231487,-2.4635394,-0.70417416,0.17778707,0.099999994
3332,0.8400752,-1.3616472,-1.9058585e-05,1.7181692,-1.1070901,-2.478014,-0.70894957,0.22948757,0.071428575
3333,0.4137655,0.405779,-0.78155476,-1.065476,1.0392945,-0.5847499,-0.29194677,1.0160761,0.062499996
3334,0.50896823,0.4729943,-0.9777461,-1.2935096,1.072453,-0.7171413,-0.22113451,1.0716554,0.07142857
3335,0.5220527,0.46871006,-0.97589195,-1.2928425,1.060716,-0.73337907,-0.21274543,1.0758644,0.07692309
3336,0.5110446,0.47219947,-0.9772049,-1.2931356,1.0704466,-0.7197011,-0.21981785,1.0722936,0.062499996
3337,0.5220527,0.46871006,-0.97589195,-1.2928425,1.060716,-0.73337907,-0.21274543,1.0758644,0.07692309
3338,0.521786,0.46886665,-0.9760783,-1.2930173,1.0610418,-0.73305833,-0.21290764,1.0757965,0.083333336
3339,0.5220527,0.4687101,-0.97589195,-1.2928424,1.060716,-0.73337907,-0.21274543,1.0758644,0.07692309
3340,-0.87998253,-0.6220755,-0.05777514,1.3270274,-0.59012,0.40229648,-0.6680381,-1.4335375,0.066666655
3341,0.39313436,-0.008517434,0.31269827,0.13704412,1.0867996,-0.53870094,-0.65839726,1.475614,0.090909086
3342,0.8616486,-0.62202173,-1.9934489,-0.37514096,-0.33536607,-2.6381855,-0.5569626,0.056679428,0.11111113
3343,-0.93190885,1.01152,-0.012275174,-1.3317726,-0.30989748,2.614768,1.2180749,-1.7200038,0.07692307
3344,-0.93190885,1.01152,-0.012275174,-1.3317726,-0.30989748,2.614768,1.2180749,-1.7200038,0.07692307
3345,0.7784193,-0.5905746,-0.09982112,0.33688897,-1.3537236,-1.3333731,0.4947404,-0.3767108,0.099999994
3346,-0.18064027,-0.24355315,0.8849816,0.9739725,0.6096089,0.23542605,-0.6767401,0.60706246,0.0625
3352,0.643495,0.10233436,-1.1095159,-0.92891866,0.3121197,-1.2164406,-0.086060286,0.5508748,0.111111104
3353,1.4117007,-0.74290276,-1.3323333,-0.12803368,-0.36202925,-3.0795975,-0.46013007,0.83052003,0.06666667
3354,1.41912,-0.7472981,-1.3257831,-0.12289353,-0.37127364,-3.0875273,-0.45588785,0.8321177,0.071428575
3355,1.4112656,-0.74264306,-1.3327171,-0.12834074,-0.36148715,-3.0791323,-0.46037635,0.83042765,0.071428575
3356,1.4106526,-0.7422802,-1.3332583,-0.12876432,-0.36072314,-3.0784767,-0.4607275,0.8302952,0.06666666
3357,1.4212955,-0.74858713,-1.3238635,-0.1213855,-0.37398398,-3.0898528,-0.4546444,0.83258617,0.08333334
3358,1.4205079,-0.74812055,-1.3245581,-0.121931285,-0.3730029,-3.089011,-0.45509458,0.83241653,0.10000001
3359,1.4152495,-0.7450062,-1.3292054,-0.12557258,-0.3664505,-3.083391,-0.45810148,0.83128536,0.11111111
3360,1.4095244,-0.7416133,-1.3342533,-0.12954171,-0.35931802,-3.0772707,-0.46137413,0.83005106,0.07692307
3362,0.26986033,-0.53018486,0.27203423,0.84192246,-0.19944851,-0.81700754,-0.43554857,0.27603185,0.07692307
3377,0.747332,-0.08805854,-0.8618383,-0.5812145,0.104479276,-1.4026134,-0.094049424,0.59722507,0.055555552
3384,0.86740875,-0.63419974,-1.9704579,-0.35007805,-0.3542757,-2.6438391,-0.55431455,0.056770734,0.071428575
3385,0.45970172,-0.83894473,-1.7654566,0.19000223,-0.9443644,-2.177717,-0.49622202,-0.7733674,0.06666666
3386,-0.41003036,-0.29761818,-1.673198,-0.40252978,-2.046645,-0.023635793,0.8187587,-2.8952732,0.08333333
3387,0.8738314,-0.1306665,-0.7083242,-0.5456351,-0.121760055,-1.4750048,0.033829585,0.56340766,0.11111111
3388,0.90632457,-0.11326301,-0.7647483,-0.6113991,-0.11058332,-1.5165908,0.058509372,0.58380836,0.10000001
3389,0.8975251,-0.118819185,-0.74714434,-0.5916901,-0.115262344,-1.5051413,0.051474117,0.57772183,0.11111111
3390,0.89752513,-0.118819185,-0.74714434,-0.5916901,-0.11526236,-1.5051413,0.051474117,0.57772183,0.11111111
3391,0.87383133,-0.13066648,-0.70832413,-0.54563504,-0.121759996,-1.4750046,0.033829562,0.5634076,0.111111104
3392,-0.42053705,-0.07773799,-0.069454625,0.3972143,0.881046,0.19112423,-0.9186048,0.30009758,0.07692307
3393,0.32871234,0.024820307,0.32098985,0.12804402,1.175762,-0.43405092,-0.6981625,1.481766,0.07692308
3394,-0.27506375,-0.34923017,1.9965311,1.7183491,0.84824824,0.7315374,-0.83986706,0.9961215,0.083333336
3395,-0.22533159,-0.4334459,1.9797081,1.8153837,0.6892654,0.57668686,-0.8149997,0.9365479,0.111111104
3396,0.08176349,-0.6650857,0.9675566,1.4404846,-0.5039732,-0.35076177,-0.282762,0.015401453,0.1
3397,-0.6994974,-0.2816522,1.1828237,1.2829609,-0.114387706,1.1672708,-0.28860113,-0.6026391,0.083333336
3398,-0.701438,-0.28126362,1.1831313,1.2835289,-0.11271697,1.1699549,-0.28998792,-0.6034639,0.07692308
3399,-0.74202025,-0.26998362,1.1824694,1.2872775,-0.07371183,1.2261186,-0.3190463,-0.6198853,0.0625
3400,-0.694473,-0.28297895,1.1827371,1.2823199,-0.11911802,1.1603043,-0.28500527,-0.60058534,0.083333336
3401,-0.7868359,-0.25660238,1.2069455,1.3034273,-0.005754389,1.296891,-0.36454177,-0.610342,0.05555555
3402,-0.6952171,-0.2795989,1.1756787,1.2744203,-0.11463456,1.1610576,-0.28542528,-0.59987307,0.07692308
3403,0.9576742,-0.067178145,-0.89791286,-0.75910944,-0.064379975,-1.5845724,0.101388894,0.6238965,0.07692308
3404,0.61648494,-0.5801773,-2.2573428,-0.4324351,-0.22367202,-2.474405,-0.6962725,-0.18723422,0.0909091
3406,0.663556,0.03973929,0.53547937,-0.35720193,-1.4441847,-0.044416886,1.4335024,-0.60413706,0.1111111
3407,0.5343011,-0.3765398,-0.48530054,0.122451015,-0.09530249,-1.3174028,-0.369846,0.3883205,0.06250001
3408,0.7253721,-0.07473696,-0.8796152,-0.59682953,0.13227549,-1.3766435,-0.10723553,0.59195447,0.083333336
3409,0.72768813,-0.076142095,-0.87774205,-0.5951824,0.12934428,-1.3793828,-0.10584514,0.5925109,0.06250001
3410,0.7299016,-0.077483304,-0.875953,-0.59361225,0.1265439,-1.3820014,-0.10451508,0.59304404,0.05
3411,0.73003364,-0.07756517,-0.87584096,-0.5935144,0.12637463,-1.3821558,-0.10443667,0.59307337,0.04761905
3412,0.7309923,-0.07814596,-0.87506723,-0.5928344,0.12516226,-1.38329,-0.103860766,0.59330446,0.045454547
3413,-0.7284241,-1.1880054,0.5735772,2.1000295,-2.7700777,0.41166604,0.39914396,-2.99872,0.06666667
3414,-0.7595882,-1.179375,0.5316643,2.0518506,-2.9129539,0.49080902,0.5018397,-3.1890624,0.07142857
3415,-0.727258,-1.190176,0.5814503,2.1090407,-2.7583566,0.4067102,0.38943467,-2.982735,0.07142856
3416,-0.7639054,-1.1870133,0.55767345,2.0816848,-2.8941534,0.49031436,0.481438,-3.1644945,0.08333332
3417,-0.72501194,-1.1938843,0.5952967,2.125027,-2.7377858,0.3982492,0.37262467,-2.9547625,0.08333332
3418,-0.17109556,-0.40568003,-1.5761353,-0.34401488,-2.308607,-0.3211273,0.957854,-2.832877,0.10000001
3421,-0.23143594,-0.16203205,0.5697425,0.78472334,1.0875552,0.1329342,-1.0011988,0.89497733,0.09090909
3422,-0.13940537,-1.2106795,0.8738337,2.4315488,-0.71841633,-0.85703295,-0.96913075,-0.2506345,0.08333334
3423,0.8661511,-1.4071603,-0.0155784935,1.805271,-0.9930378,-2.611116,-0.8539315,0.3791756,0.071428575
3424,-0.16812485,-1.239726,0.962678,2.5376496,-0.73841053,-0.81578285,-0.9790716,-0.26525697,0.09090909
3427,0.8152652,-0.36367983,0.8311499,0.23918016,-2.0678523,-0.4423954,1.4727241,-0.8374363,0.083333336
3428,0.7136252,0.3671416,-1.0150136,-1.2029237,1.235967,-1.1532065,-0.42736644,1.4609036,0.10000001
3429,0.8465734,-0.22022785,0.7916565,-0.05310686,-2.174295,-0.274969,1.7430774,-0.9642638,0.07142858
3430,0.7953388,-0.41003004,0.8310895,0.32396072,-2.062874,-0.4812444,1.4042583,-0.839049,0.09090908
3433,-0.12690963,-0.3521247,-0.17890178,0.4587677,-0.6037118,-0.20187353,-0.04583907,-0.71444535,0.0625
3434,-0.12383409,-0.35119036,-0.18242066,0.45397067,-0.6044894,-0.20583175,-0.0439697,-0.7131375,0.06250001
3435,-0.12690963,-0.3521247,-0.17890178,0.4587677,-0.6037118,-0.20187353,-0.04583908,-0.71444535,0.0625
3436,-0.12330797,-0.35225165,-0.18045159,0.45617557,-0.60602605,-0.20651744,-0.043612376,-0.71312404,0.07692308
3437,-0.12579624,-0.35355544,-0.17645131,0.46141404,-0.60602665,-0.20331885,-0.04510796,-0.71427643,0.08333333
3438,-0.49238384,0.3154491,1.3668276,0.35221398,0.49344897,1.6715113,0.100958504,0.04744593,0.055555556
3439,-0.71921927,-1.1795181,0.5463917,2.068786,-2.7734451,0.40150368,0.4099211,-3.0031624,0.071428575
3440,-0.17284894,-0.42383814,-1.5372825,-0.30025572,-2.33158,-0.31893152,0.9563543,-2.8387065,0.09090909
3441,-0.37852412,-0.2820745,-1.7712444,-0.46345323,-1.8902678,-0.13664314,0.72204465,-2.7452602,0.07142858
3442,-0.26280844,-0.46979937,-1.4277601,-0.12889375,-2.32642,-0.22840972,0.91625845,-2.8668082,0.1
3443,-0.3140006,-1.2261134,0.86749923,2.4313385,-1.238009,-0.50329745,-0.6408976,-0.94610465,0.06666667
3444,-0.16071528,0.63354844,1.4602605,-0.0442833,2.2925632,1.3679965,-0.74287206,1.9894387,0.111111104
3445,-0.16071528,0.63354844,1.4602605,-0.044283293,2.2925632,1.3679965,-0.74287206,1.9894387,0.111111104
3446,-0.05880344,0.5463478,1.6156179,0.10938531,2.12505,1.2423233,-0.6729195,2.01856,0.07692309
3449,0.93448865,-0.7298674,-1.795942,-0.16864187,-0.51270974,-2.712576,-0.51926726,0.06582307,0.11111111
3451,-1.3105848,0.66059387,0.9176406,-0.20710798,-0.46323353,3.1638212,0.921144,-2.0105016,0.11111111
3452,-1.247221,0.52426696,1.1702371,0.07948984,-0.66375047,3.0820293,0.96808165,-2.023728,0.043478258
3453,-1.2385817,0.5299288,1.1540347,0.05940391,-0.66399115,3.0696158,0.97555155,-2.018113,0.038461536
3454,-1.2505707,0.52207196,1.1765181,0.08727449,-0.66365564,3.0868416,0.965185,-2.0259042,0.047619052
3455,-1.2360765,0.53157115,1.1493366,0.05358068,-0.6640612,3.0660176,0.977717,-2.0164862,0.03703704
3456,-1.2355208,0.5319368,1.1482925,0.052285466,-0.6640756,3.0652196,0.97819716,-2.016126,0.03846154
3457,-1.2505707,0.52207196,1.1765181,0.08727449,-0.66365564,3.0868416,0.965185,-2.0259042,0.047619052
3458,-1.2505707,0.52207196,1.1765181,0.08727449,-0.66365564,3.0868416,0.965185,-2.0259042,0.047619052
3459,-1.2502891,0.5217204,1.1771169,0.08792659,-0.6642482,3.0864704,0.96538323,-2.0258884,0.0625
3460,-1.2505955,0.5220622,1.1765522,0.08731674,-0.663648,3.086877,0.9651634,-2.0259187,0.049999993
3461,-1.2505513,0.52208316,1.1764838,0.08723304,-0.6636573,3.0868137,0.96520203,-2.0258908,0.045454536
3462,-1.2505513,0.52208316,1.1764838,0.08723304,-0.6636573,3.0868137,0.96520203,-2.0258908,0.045454536
3463,-1.2495048,0.5218879,1.1763403,0.08693506,-0.66463953,3.085348,0.9660533,-2.0254617,0.047619052
3464,-1.2494726,0.52186644,1.1763693,0.08696371,-0.6646866,3.085304,0.96607786,-2.0254533,0.050000004
3465,-1.1135808,-0.46328166,0.7490291,1.5887662,-0.15365924,1.2148551,-0.7125904,-1.1700622,0.07142856
3466,-1.1860632,-0.41462395,0.68591404,1.5239456,-0.046855718,1.3158963,-0.7649925,-1.1884407,0.05263158
3467,-1.1873891,-0.41373357,0.6847542,1.5227609,-0.044902623,1.3177497,-0.76595044,-1.1887766,0.058823526
3468,-1.188595,-0.41292405,0.6837043,1.5216806,-0.043123826,1.31943,-0.76682365,-1.1890825,0.045454543
3469,-1.1879739,-0.4133392,0.68423676,1.5222299,-0.04403369,1.3185765,-0.7663755,-1.1889232,0.058823537
3470,-1.1868594,-0.41408902,0.6852017,1.5232422,-0.045688182,1.3170192,-0.76556593,-1.188643,0.05263158
3471,-1.1835432,-0.41632664,0.6881318,1.526259,-0.050616458,1.3123275,-0.76315904,-1.1878139,0.04166667
3472,-1.1881616,-0.41322246,0.6841043,1.5221034,-0.04378991,1.3187828,-0.7665046,-1.1889805,0.05263158
3473,-1.1820722,-0.4173159,0.6893918,1.5275986,-0.052801713,1.3102825,-0.76208967,-1.187444,0.062499993
3474,-1.1809697,-0.41805685,0.69035244,1.5285906,-0.05443123,1.3087417,-0.76129097,-1.1871654,0.058823522
3475,-1.1863496,-0.41444004,0.6856743,1.5237374,-0.0464703,1.3162571,-0.7651912,-1.1885232,0.04545455
3476,-1.1857158,-0.4148675,0.6862391,1.5243119,-0.04741153,1.3153591,-0.7647309,-1.188364,0.043478265
3477,-1.1835432,-0.4163267,0.6881318,1.526259,-0.050616458,1.3123275,-0.76315904,-1.1878138,0.04166667
3478,0.75941604,-0.6239745,-0.020806894,0.43247384,-1.382498,-1.3126446,0.4860061,-0.3896545,0.058823526
3479,0.7473869,-0.6263991,-0.010555923,0.44760478,-1.3790704,-1.2985709,0.47973356,-0.39473262,0.09999999
3480,0.7473869,-0.6263991,-0.010555923,0.44760478,-1.3790704,-1.2985709,0.47973356,-0.39473262,0.09999999
3481,0.77046084,-0.6405077,0.0095882565,0.46408677,-1.4071734,-1.3265243,0.49253818,-0.38802978,0.08333333
3482,0.7473869,-0.6263991,-0.010555923,0.44760478,-1.3790704,-1.2985709,0.47973356,-0.39473262,0.09999999
3483,0.77857316,-0.61656165,-0.044722736,0.39978045,-1.3837899,-1.3348753,0.49585566,-0.38094988,0.09090909
3484,-0.8716562,-0.18141937,1.3644228,1.3268982,0.370507,1.4979141,-0.5554898,-0.35521704,0.09090909
3485,0.7268357,-0.6168599,-0.020287156,0.4403684,-1.358701,-1.2733715,0.46811143,-0.4020352,0.07692307
3486,0.73819125,-0.6221785,-0.014754772,0.44448668,-1.3700395,-1.2872928,0.47453186,-0.39802197,0.035714287
3487,0.7248359,-0.6172449,-0.017918617,0.44286966,-1.3585608,-1.2707075,0.4667972,-0.40331504,0.033333328
3488,0.7312925,-0.6196285,-0.016395584,0.443649,-1.3641074,-1.2787229,0.4705368,-0.4007567,0.03448276
3489,0.7268357,-0.6168599,-0.020287156,0.4403684,-1.358701,-1.2733715,0.46811143,-0.4020352,0.07692307
3490,0.7268357,-0.6168599,-0.020287156,0.4403684,-1.358701,-1.2733715,0.46811143,-0.4020352,0.07692307
3491,0.7268357,-0.6168599,-0.020287156,0.4403684,-1.358701,-1.2733715,0.46811143,-0.4020352,0.07692307
3492,0.7268357,-0.6168599,-0.020287156,0.4403684,-1.358701,-1.2733715,0.46811143,-0.4020352,0.07692307
3493,0.7268357,-0.6168599,-0.020287156,0.4403684,-1.358701,-1.2733715,0.46811143,-0.4020352,0.07692307
3494,-0.12260333,-0.35115066,-0.18312497,0.452879,-0.6051848,-0.20741813,-0.04321134,-0.71267176,0.06666668
3495,-1.169695,0.59712255,0.9801557,-0.15451618,-0.6415386,2.9705663,1.0347481,-1.9676117,0.071428575
3496,0.77965516,-0.59714407,-0.08617841,0.3518862,-1.3619678,-1.3351996,0.4956965,-0.37728384,0.1
3499,0.8465734,-0.22022787,0.7916565,-0.05310686,-2.1742947,-0.274969,1.7430774,-0.9642638,0.07142859
3500,-1.1168631,-0.4610772,0.7461272,1.5858669,-0.14885356,1.2194576,-0.7149503,-1.1708975,0.058823526
3501,-1.0275708,-0.49477428,0.7660889,1.5973407,-0.24569811,1.0960453,-0.6532697,-1.1416981,0.10000001
3502,0.77046084,-0.6405077,0.0095882565,0.46408677,-1.4071734,-1.3265243,0.49253818,-0.38802978,0.08333333
3503,0.77046084,-0.6405077,0.0095882565,0.46408677,-1.4071734,-1.3265243,0.49253818,-0.38802978,0.08333333
3504,0.77046084,-0.6405077,0.0095882565,0.46408677,-1.4071734,-1.3265243,0.49253818,-0.38802978,0.08333333
3505,0.77046084,-0.6405077,0.0095882565,0.46408677,-1.4071734,-1.3265243,0.49253818,-0.38802978,0.08333333
3506,0.77046084,-0.6405077,0.0095882565,0.46408677,-1.4071734,-1.3265243,0.49253818,-0.38802978,0.08333333
3507,0.77046084,-0.6405077,0.0095882565,0.46408677,-1.4071734,-1.3265243,0.49253818,-0.38802978,0.08333333
3508,0.77046084,-0.6405077,0.0095882565,0.46408677,-1.4071734,-1.3265243,0.49253818,-0.38802978,0.08333333
3509,0.8072841,-0.6553161,0.025607169,0.4717021,-1.4431041,-1.370744,0.51260185,-0.3760701,0.090909086
3510,0.77046084,-0.6405077,0.0095882565,0.46408677,-1.4071734,-1.3265243,0.49253818,-0.38802978,0.08333333
3511,0.77046084,-0.6405077,0.0095882565,0.46408677,-1.4071734,-1.3265243,0.49253818,-0.38802978,0.08333333
3512,0.77046084,-0.6405077,0.0095882565,0.46408677,-1.4071734,-1.3265243,0.49253818,-0.38802978,0.08333333
3513,0.77046084,-0.6405077,0.0095882565,0.46408677,-1.4071734,-1.3265243,0.49253818,-0.38802978,0.08333333
3514,0.77046084,-0.6405077,0.0095882565,0.46408677,-1.4071734,-1.3265243,0.49253818,-0.38802978,0.08333333
3515,0.77046084,-0.6405077,0.0095882565,0.46408677,-1.4071734,-1.3265243,0.49253818,-0.38802978,0.08333333
3516,0.77046084,-0.6405077,0.0095882565,0.46408677,-1.4071734,-1.3265243,0.49253818,-0.38802978,0.08333333
3517,0.77046084,-0.6405077,0.0095882565,0.46408677,-1.4071734,-1.3265243,0.49253818,-0.38802978,0.08333333
3518,0.77046084,-0.6405077,0.0095882565,0.46408677,-1.4071734,-1.3265243,0.49253818,-0.38802978,0.08333333
3519,-0.6630783,-0.89588183,0.44705713,1.8431677,-1.0640613,0.13141878,-0.5160641,-1.4114525,0.11111111
3520,-0.8209745,-0.23994236,1.2546208,1.322483,0.08999964,1.3637064,-0.41958085,-0.557531,0.06666667
3540,0.79267794,-0.11560789,-0.8249767,-0.5488744,0.047024336,-1.4561973,-0.06684321,0.6080473,0.09090909
3541,0.6608696,-0.03577618,-0.9310529,-0.6422743,0.2136432,-1.300127,-0.14610782,0.57625616,0.066666655
3542,0.643495,0.10233436,-1.1095159,-0.92891866,0.3121197,-1.2164406,-0.086060286,0.5508748,0.111111104
3543,1.4911944,0.27326322,0.15980658,-0.9412098,0.5831126,-1.3732095,0.34514096,1.9781702,0.11111111
3544,0.61083645,0.47466207,-0.46956408,-1.0537302,1.4566339,-0.65771425,-0.405927,1.6898748,0.058823526
3545,-0.12859215,-0.07045898,0.3988213,0.30918384,-0.21168442,0.37000656,0.114369415,-0.2870811,0.11111111
3546,-0.4142524,-0.47713304,0.24144694,1.064322,-0.19012408,0.06782468,-0.54952854,-0.488031,0.071428575
3547,-0.119454816,-0.34912962,-0.1889617,0.44533092,-0.60475737,-0.2114676,-0.041327678,-0.71114695,0.05882353
3548,0.48146313,-0.7233639,-1.9239737,0.01669664,-0.3481074,-2.3138409,-0.7899913,-0.26307544,0.11111113
3549,-0.25416028,-0.41037178,0.6149413,1.0724096,-0.0016826168,0.11005932,-0.4961981,-0.05924785,0.05555555
3550,0.73500824,-0.08057648,-0.8718301,-0.589992,0.120085016,-1.3880446,-0.10144647,0.5942759,0.055555556
3552,0.54042846,-0.6558534,-2.0793407,-0.19176601,-0.28813148,-2.3842409,-0.74939275,-0.22954604,0.043478265
3553,0.6608696,-0.03577618,-0.9310529,-0.6422743,0.2136432,-1.300127,-0.14610782,0.57625616,0.066666655
3554,0.6203111,0.44292718,-0.7546077,-1.1560091,1.3519896,-0.83665127,-0.40641302,1.5313102,0.062499993
3555,-1.5571446,0.230534,0.3570415,0.641968,1.8999603,2.0761936,-1.5727913,-0.16807824,0.07692309
3556,1.4692284,0.2352719,0.25320095,-0.8330936,0.55011827,-1.3462403,0.3275813,1.9629962,0.06666668
3557,-0.8219686,-0.5663107,-0.8386718,0.58778197,-2.2008328,0.53996813,0.5472853,-3.1553319,0.08333333
3558,0.5256794,-0.79192024,-0.7885557,0.6148387,-0.5701087,-1.8613967,-0.5486902,-0.016609251,0.049999993
3559,0.5191781,-0.7854381,-0.799792,0.6036447,-0.558774,-1.8540366,-0.5527116,-0.018132165,0.045454547
3560,0.5242227,-0.79153603,-0.788827,0.6150171,-0.56884736,-1.8597128,-0.5495547,-0.01708126,0.04761905
3561,0.5284465,-0.79628086,-0.7803421,0.62365144,-0.576853,-1.8644764,-0.54690295,-0.01615721,0.049999993
3562,0.3728714,-0.61046004,-1.1111476,0.27996874,-0.2678526,-1.6893427,-0.6430796,-0.048334435,0.083333336
3563,0.5234483,-0.79706943,-0.7767339,0.6295739,-0.57508147,-1.8586503,-0.5497858,-0.018038511,0.10000001
3564,0.5218456,-0.79612505,-0.778126,0.6284562,-0.57307863,-1.8568225,-0.5507557,-0.018489867,0.1
3565,0.3388089,-0.6255302,-1.0675225,0.34403807,-0.26739526,-1.6486557,-0.66351163,-0.063028306,0.07692308
3566,0.44469255,-0.6981306,-0.9562479,0.44250953,-0.41329598,-1.7701823,-0.5993568,-0.033930182,0.0909091
3567,0.3786227,-0.60426784,-1.1260107,0.26001275,-0.26357853,-1.6963378,-0.6397037,-0.045386165,0.09090909
3568,0.52230626,-0.7899405,-0.7915035,0.61250174,-0.56588537,-1.8575389,-0.5507376,-0.017563969,0.050000004
3569,0.5105765,-0.78484833,-0.7978295,0.60890347,-0.55338746,-1.8440815,-0.55777335,-0.021114305,0.09090908
3570,0.5218456,-0.79612505,-0.778126,0.6284562,-0.57307863,-1.8568225,-0.5507557,-0.018489867,0.1
3571,0.52966875,-0.80185694,-0.76888394,0.6367534,-0.5842172,-1.8657098,-0.54595727,-0.016426027,0.06666667
3572,0.5238556,-0.79761606,-0.7757168,0.6306331,-0.57596314,-1.8591079,-0.5495216,-0.017959908,0.09090909
3573,0.3728714,-0.61046004,-1.1111476,0.27996874,-0.2678526,-1.6893427,-0.6430796,-0.048334435,0.083333336
3574,0.34962213,-0.21577294,-0.44035798,0.064628676,0.5011869,-1.0181863,-0.6252914,0.73782,0.06666667
3575,0.42045116,-0.1542594,-0.59417295,-0.14056738,0.52756095,-1.1051595,-0.5785863,0.77123487,0.06666668
3576,0.41026825,-0.17592208,-0.553862,-0.07914525,0.5340013,-1.102559,-0.6055237,0.78549135,0.052631572
3577,0.37814397,-5.2823394e-05,0.3183064,0.13587612,1.109558,-0.5119483,-0.6676234,1.4797236,0.07692307
3578,-0.10053666,-1.2714922,0.21068539,2.254925,-0.6078973,-1.3447288,-1.2380279,-0.22972867,0.11111113
3579,-0.06395994,-0.6373602,0.37297362,1.1118499,-0.8967564,-0.31610358,-0.09315002,-0.6845379,0.07692308
3582,1.2688513,-0.41331312,-0.00024668127,0.108178735,0.010331623,-1.984153,-0.1767331,1.3829142,0.11111111
3583,-0.05252333,-0.6796486,0.48500186,1.2798625,-0.6435711,-0.40707397,-0.31508654,-0.38206014,0.11111111
3585,-0.2018124,0.6352011,-0.5177634,-1.0115263,1.4306544,0.49656248,-0.43593186,0.7200967,0.11111111
3586,0.81836504,-0.14661834,-0.77193475,-0.49350613,-0.004582159,-1.4862739,-0.052419994,0.6107681,0.07142857
3587,0.8363973,-0.18467094,-0.70044327,-0.41546398,-0.061142728,-1.5071805,-0.04325686,0.6091113,0.090909086
3588,0.8249066,-0.13524884,-0.79837406,-0.5257384,0.006092444,-1.4942067,-0.047570065,0.6156045,0.11111113
3589,-1.0938334,0.67371863,0.77375746,-0.39940935,-0.60549366,2.8556418,1.1009674,-1.9042674,0.08333334
3591,0.62084466,0.62421,-0.1766171,-1.2161967,1.1328686,-0.23045455,0.07534232,1.4200387,0.0625
3592,-0.10053666,-1.2714922,0.21068539,2.254925,-0.6078973,-1.3447288,-1.2380279,-0.22972867,0.11111113
3593,0.7555058,-0.92308974,-1.7552105,0.13307375,-1.2464095,-2.5031443,-0.25979227,-0.73703885,0.030303031
3617,0.58419263,0.43314916,-0.32275796,-0.91189885,1.4330919,-0.59655005,-0.42677656,1.6920899,0.1
3619,0.785174,-0.0436157,-0.8554703,-0.6863679,0.037518263,-1.3730643,-0.013844352,0.55375516,0.071428575
3620,0.7883173,0.003300907,-0.9592289,-0.80114824,0.09931597,-1.3801788,-0.006407652,0.5693641,0.1
3621,0.64121604,-0.40264648,-0.50405914,-0.026284255,-0.9585631,-1.2263403,0.3409678,-0.31692073,0.08333333
3626,0.62389493,-0.6637401,-2.2474115,-0.39674342,-0.83556086,-2.3738241,-0.3266455,-0.7392652,0.09090908
3627,-0.8616505,-0.17928593,1.3573221,1.3155828,0.369794,1.4847882,-0.5498993,-0.34593698,0.09090909
3628,-0.8573789,-0.574983,-0.7994035,0.6399521,-2.1905465,0.588003,0.52452,-3.1695797,0.083333336
3629,0.4127373,0.21108398,0.6082878,-0.27795285,0.06986077,0.1324381,0.43616626,0.53519917,0.10000001
3630,0.78901803,0.40576592,0.14342631,-1.1744539,-1.4262635,0.10200624,1.8834734,-0.66262126,0.07692308
3631,0.081769906,-0.7319314,0.89139426,1.5490469,-0.35055625,-0.5247057,-0.50015277,0.170216,0.071428575
3632,0.7268357,-0.6168599,-0.020287156,0.4403684,-1.358701,-1.2733715,0.46811143,-0.4020352,0.07692307
3633,0.7268357,-0.6168599,-0.020287156,0.4403684,-1.358701,-1.2733715,0.46811143,-0.4020352,0.07692307
3634,0.72956663,-0.6178089,-0.01980023,0.4405514,-1.3609371,-1.2767562,0.46968153,-0.4009265,0.05882353
3635,0.73028785,-0.61924666,-0.016649663,0.44350064,-1.3632349,-1.2774823,0.46995917,-0.40114918,0.03703703
3636,0.7292964,-0.618767,-0.017175347,0.4431035,-1.3622192,-1.2762666,0.4693978,-0.40149292,0.038461532
3637,0.7292964,-0.618767,-0.017175347,0.4431035,-1.3622192,-1.2762666,0.4693978,-0.40149292,0.038461532
3638,0.77046084,-0.6405077,0.0095882565,0.46408677,-1.4071734,-1.3265243,0.49253818,-0.38802978,0.08333333
3639,0.77046084,-0.6405077,0.0095882565,0.46408677,-1.4071734,-1.3265243,0.49253818,-0.38802978,0.08333333
3640,0.77046084,-0.6405077,0.0095882565,0.46408677,-1.4071734,-1.3265243,0.49253818,-0.38802978,0.08333333
3641,0.77046084,-0.6405077,0.0095882565,0.46408677,-1.4071734,-1.3265243,0.49253818,-0.38802978,0.08333333
3642,0.8092309,-0.6642084,0.04355283,0.49174875,-1.4543254,-1.3734684,0.5139527,-0.37680098,0.1
3643,0.77046084,-0.6405077,0.0095882565,0.46408677,-1.4071734,-1.3265243,0.49253818,-0.38802978,0.08333333
3644,0.70793366,-0.6092038,-0.026535213,0.4364429,-1.3414053,-1.2499177,0.45720324,-0.4092438,0.071428575
3645,0.77046084,-0.6405077,0.0095882565,0.46408677,-1.4071734,-1.3265243,0.49253818,-0.38802978,0.08333333
3646,0.7928291,-0.65417486,0.029197462,0.4800365,-1.4343973,-1.3536239,0.50491613,-0.38154218,0.1
3647,0.77046084,-0.6405077,0.0095882565,0.46408677,-1.4071734,-1.3265243,0.49253818,-0.38802978,0.08333333
3648,0.7286791,-0.61777145,-0.019264892,0.44115484,-1.3606135,-1.2756258,0.46914992,-0.4014047,0.071428575
3649,0.77046084,-0.6405077,0.0095882565,0.46408677,-1.4071734,-1.3265243,0.49253818,-0.38802978,0.08333333
3650,0.7931861,-0.6543921,0.029513143,0.48028934,-1.434832,-1.3540562,0.5051139,-0.38143858,0.08333334
3651,0.77058065,-0.640581,0.009692885,0.46417224,-1.4073192,-1.3266693,0.49260464,-0.38799503,0.052631587
3652,0.77046084,-0.6405077,0.0095882565,0.46408677,-1.4071734,-1.3265243,0.49253818,-0.38802978,0.08333333
3653,0.79188746,-0.6535968,0.028380081,0.47936016,-1.4332544,-1.3524853,0.50439817,-0.38181403,0.1
3654,0.88022685,-0.52303505,-1.0043643,-0.02561985,-0.046851337,-2.162426,-0.5519579,0.6738491,0.083333336
3656,0.38817912,0.03832226,-1.0419146,-0.5807524,0.9804691,-1.1635354,-0.7482044,0.9769325,0.055555556
3658,-1.1872969,-0.41379732,0.6848516,1.5228441,-0.04503998,1.3176041,-0.7658845,-1.1887542,0.040000007
3659,-1.4542173,0.075182565,0.6305351,0.97440577,1.6486659,1.9288718,-1.4903647,-0.15651369,0.11111111
3709,-0.5132526,-0.649439,-0.6630358,1.1510311,0.63106346,-0.74042284,-1.6014638,0.02325026,0.125
3710,-0.51325256,-0.649439,-0.66303587,1.1510311,0.63106346,-0.7404229,-1.6014638,0.023250267,0.125
3711,-1.6515136,0.20183134,0.45055532,0.7829998,1.9409523,2.2110302,-1.6368175,-0.22540891,0.07692308
3712,1.4095244,-0.7416133,-1.3342533,-0.12954174,-0.35931808,-3.077271,-0.46137413,0.83005106,0.07692308
3713,0.7323725,0.90156275,1.2458783,-0.9816112,1.7784771,0.6430684,0.18599337,2.402569,0.111111104
3714,0.2024745,-0.7832122,1.0006552,1.5831785,-0.63242733,-0.61222035,-0.30034778,0.07820151,0.071428575
3715,0.8054666,-0.4162192,-1.0157381,-0.110635966,0.29973745,-2.0347795,-0.674172,0.8994827,0.1
3717,0.84567386,-0.52433085,-0.85619193,0.04586039,-0.14149113,-2.0242963,-0.4669254,0.59231377,0.0625
3718,0.83746606,-0.5296227,-0.81545275,0.07352574,-0.16602708,-1.995171,-0.45122713,0.57472193,0.071428575
3719,0.6276046,-0.08598911,-1.143587,-0.7692377,-0.55949026,-1.2072895,0.33675185,-0.25456536,0.09090909
3721,0.2423671,-0.7956507,1.0300236,1.5893095,-0.69317895,-0.64791346,-0.2537301,0.075997844,0.1
3722,-0.16071534,0.6335485,1.4602607,-0.044283308,2.2925634,1.3679967,-0.74287206,1.9894388,0.11111111
3723,0.037357092,0.75183403,0.030459657,-1.0025401,1.7843803,0.5780703,-0.39474165,1.4169475,0.11111111
3724,-0.15624638,-0.6277567,0.40053856,1.1641845,-0.83139706,-0.19576511,-0.1486798,-0.7184334,0.045454543
3725,-0.15639997,-0.62766266,0.40041488,1.1640735,-0.8311977,-0.19556627,-0.1487763,-0.7184775,0.05882353
3726,-0.15427883,-0.62896115,0.40212858,1.165606,-0.83394563,-0.19831409,-0.14744727,-0.7178669,0.05
3727,-0.15222363,-0.63021886,0.40378892,1.16709,-0.836607,-0.20097587,-0.14616007,-0.717275,0.043478254
3728,-0.15544274,-0.6282476,0.40118784,1.1647627,-0.83243424,-0.19680361,-0.14817846,-0.7182009,0.04
3729,-0.15458329,-0.628772,0.40188283,1.1653799,-0.8335409,-0.19791342,-0.1476436,-0.7179518,0.039999995
3730,-0.15701957,-0.6272824,0.39991385,1.1636237,-0.83039194,-0.19476117,-0.1491661,-0.718655,0.04166666
3731,-0.15791899,-0.62673163,0.3991872,1.1629734,-0.8292259,-0.19359544,-0.14973018,-0.7189138,0.055555552
3732,0.72767943,-0.13487627,-1.0963897,-0.7293944,-0.66039985,-1.3294302,0.39844266,-0.21705389,0.07142856
3733,-0.15530485,-0.62833416,0.40129954,1.164867,-0.8326205,-0.19698758,-0.14808784,-0.7181634,0.052631572
3734,-0.15406999,-0.6290855,0.4022979,1.1657493,-0.83420306,-0.19857693,-0.14732352,-0.7178031,0.047619037
3735,-0.15751451,-0.6269794,0.39951384,1.1632661,-0.82975054,-0.19411983,-0.14947623,-0.71879745,0.04545454
3736,0.72767943,-0.13487627,-1.0963897,-0.7293944,-0.66039985,-1.3294302,0.39844266,-0.21705389,0.07142856
3737,0.72767943,-0.13487627,-1.0963897,-0.7293944,-0.66039985,-1.3294302,0.39844266,-0.21705389,0.07142856
3738,-0.15701957,-0.62728244,0.39991385,1.1636238,-0.8303919,-0.19476117,-0.1491661,-0.7186551,0.041666664
3739,-0.7169885,0.65497,0.74149394,-0.3283443,1.0357869,1.9482104,-0.05461195,0.03701262,0.111111104
3740,0.3049367,0.46514338,-1.1183835,-1.2304411,1.2763829,-0.623943,-0.47218245,1.0141624,0.1111111
3741,-0.45501328,0.27000856,0.072183914,-0.06613394,1.1608732,0.7183248,-0.6516093,0.44194815,0.09090909
3742,0.38287365,-0.35198757,0.7612365,0.62244076,-0.94789875,-0.27561092,0.5120046,-0.23169643,0.050000004
3743,0.7136252,0.3671416,-1.0150136,-1.2029237,1.235967,-1.1532065,-0.42736644,1.4609036,0.10000001
3744,0.7136252,0.3671416,-1.0150136,-1.2029237,1.235967,-1.1532065,-0.42736644,1.4609036,0.10000001
3745,-1.1386435,-0.4464678,0.72715724,1.566485,-0.116840094,1.2497782,-0.7306709,-1.1764355,0.021276595
3746,-0.790639,-0.6296516,0.043407656,1.5871148,0.8115273,-0.05307293,-1.7074726,0.024834104,0.083333336
3747,-0.017063692,-0.6342033,0.7336556,1.4464768,0.17215945,-0.4840846,-0.8318075,0.48468748,0.07142856
3748,-0.018470459,-0.63707,0.7383465,1.4540964,0.1710259,-0.48378915,-0.8343772,0.48424402,0.066666685
3749,-0.018634222,-0.65537494,0.74254847,1.4882432,0.17241916,-0.5076867,-0.8590869,0.4930225,0.07142858
3750,0.31568876,0.036066048,0.36049324,0.13965711,1.2102919,-0.39087623,-0.7058728,1.5071961,0.07692307
3751,-0.76495314,-0.73103064,-0.53596956,0.9312493,-2.4251246,0.46149617,0.58025604,-3.161633,0.11111111
3752,-0.76495314,-0.73103064,-0.53596956,0.9312493,-2.4251246,0.46149617,0.58025604,-3.161633,0.11111111
3753,0.6215236,-0.8325526,-1.8422501,0.045617696,-1.007904,-2.364671,-0.3963486,-0.70429873,0.07142858
3754,-0.17109555,-0.40568003,-1.5761353,-0.34401488,-2.308607,-0.3211273,0.957854,-2.832877,0.10000001
3755,1.2721889,-0.41475427,-0.736194,-0.47228837,-1.2619001,-1.964923,0.7038409,-0.059414923,0.09090909
3756,0.40028566,-0.5911913,-1.1609112,0.21044187,-0.25979316,-1.7223512,-0.62682015,-0.03563699,0.11111113
3757,0.4002856,-0.59119123,-1.1609108,0.21044184,-0.2597931,-1.7223506,-0.6268201,-0.03563699,0.1111111
3758,-0.08576356,0.23154241,-1.3563998,-0.78906006,1.3285645,-0.610941,-0.9573577,0.654724,0.07142857
3761,0.5238556,-0.79761606,-0.7757168,0.6306331,-0.57596314,-1.8591079,-0.5495216,-0.017959908,0.09090909
3762,-0.05252333,-0.6796486,0.48500186,1.2798625,-0.6435711,-0.40707397,-0.31508654,-0.38206014,0.11111111
3763,0.66314787,0.6337081,-0.17946924,-1.2537323,1.1202692,-0.26554143,0.1050371,1.448556,0.0625
3764,0.5912396,0.588293,-0.08457202,-1.107207,1.1087822,-0.18927008,0.05498232,1.4010768,0.07692308
3766,0.7326571,-0.1394396,-1.0892215,-0.7223569,-0.66845196,-1.3353131,0.40133116,-0.21595338,0.083333336
3767,0.7249457,-0.074480765,-0.87995476,-0.59712714,0.1328126,-1.3761375,-0.10749312,0.59184957,0.05882353
3768,1.0567828,0.16454905,0.50255334,-0.8113643,-1.8260567,-0.24311374,2.0330315,-0.5943501,0.055555563
3769,0.47538835,-0.4991295,-0.22689761,0.33454704,-0.99950004,-1.0239884,0.24179637,-0.41258702,0.03703703
3770,-0.04694467,-0.17719664,1.7973597,0.84270144,-1.6514732,1.2225883,1.3285196,-1.2018236,0.11111111
3771,0.7266801,-0.10614463,-0.9183936,-0.5682272,0.11628721,-1.4337798,-0.13981217,0.5750066,0.06666667
3772,-0.4021561,-0.08758599,0.0074084103,0.435409,0.8441051,0.20412272,-0.88481736,0.30832434,0.06666666
3773,-0.37705094,-0.5759327,-0.6495314,0.8695207,0.24209337,-0.69239086,-1.2148248,-0.23764974,0.09090909
3774,-0.36813557,-0.5729066,-0.6629625,0.8505212,0.22985971,-0.7029751,-1.2056441,-0.2458573,0.08333332
3775,-0.8433555,-0.56635255,-0.8230724,0.6068399,-2.189816,0.5700478,0.5330368,-3.1644304,0.11111111
3776,0.449242,0.931583,0.4442737,-1.2451609,2.0453067,0.5140648,-0.17535329,2.155479,0.11111111
3777,-0.33207268,-0.28657562,1.7016371,1.5200273,0.94081116,0.71165025,-0.89435786,0.9307928,0.11111111
3778,-0.00045630336,-0.33562627,0.65752053,0.8878262,0.16871405,-0.1232214,-0.4450231,0.37568575,0.05263158
3779,0.7998186,-0.4388761,-1.0309961,-0.07801692,0.2993858,-2.0654974,-0.7066292,0.8958702,0.11111113
3780,0.49782908,0.9523805,0.5941703,-1.2193177,2.0568993,0.56500816,-0.11712145,2.2468832,0.11111111
3781,0.27289116,-0.08113291,-2.0548387,-0.7894981,1.0664194,-1.7467133,-1.1374733,0.64247894,0.07142857
3782,0.5309364,-0.7005669,-1.9869143,-0.07627194,-0.34198886,-2.370992,-0.7578362,-0.2404544,0.083333336
3783,0.6858288,1.1760864,0.03361033,-1.8831055,2.189156,0.29803026,0.019322455,2.3627155,0.08333334
3784,-0.013686232,0.010105537,0.84261316,0.36031735,0.018392824,0.50687534,0.14789698,0.14446,0.1
3785,0.6842512,1.1769567,0.032496527,-1.8841376,2.191031,0.29990506,0.018330768,2.3622432,0.07692308
3786,0.68285173,1.177729,0.031508446,-1.8850542,2.1926947,0.3015682,0.01745113,2.3618255,0.08333334
3787,0.21138607,0.093233414,-0.33387756,-0.261703,1.0441415,-0.5283089,-0.68999356,1.0237817,0.066666655
3788,-0.01304166,-0.096271515,0.17552263,0.3721878,0.9487417,-0.22250664,-0.83694506,0.8875325,0.07142857
3790,0.93448865,-0.72986734,-1.795942,-0.16864187,-0.51270974,-2.712576,-0.51926726,0.06582307,0.11111111
3791,-0.21538232,-0.6642265,1.0132196,1.6481099,-0.17843817,-0.051689748,-0.6209309,-0.0013361424,0.11111111
3792,0.82318264,0.07042243,-0.8175825,-0.76424456,0.695058,-1.419561,-0.3291603,1.2041348,0.090909086
3793,0.80927086,0.07858828,-0.8586702,-0.7952014,0.66150796,-1.4044714,-0.3022569,1.1422253,0.090909086
3794,0.55297786,0.29355603,-0.041265965,-0.76698023,-0.03816463,-0.22397497,0.5701477,0.38362956,0.11111111
3795,0.78603804,0.0069793398,-0.661297,-0.57364416,0.70494866,-1.3846194,-0.405767,1.2430284,0.06666667
3796,0.5227418,0.46830606,-0.97541416,-1.2923907,1.059875,-0.7342095,-0.21232599,1.0760406,0.058823537
3797,0.5227418,0.46830606,-0.97541416,-1.2923907,1.059875,-0.7342095,-0.21232599,1.0760406,0.058823537
3798,0.5227418,0.46830606,-0.97541416,-1.2923907,1.059875,-0.7342095,-0.21232599,1.0760406,0.058823537
3799,0.52272683,0.46831486,-0.9754243,-1.2924007,1.0598935,-0.73419136,-0.21233511,1.0760369,0.07142858
3800,0.5227127,0.46832308,-0.9754343,-1.2924097,1.0599107,-0.7341744,-0.2123437,1.0760331,0.08333331
3801,0.52273256,0.4683115,-0.9754205,-1.292397,1.0598866,-0.7341982,-0.21233165,1.0760384,0.06666668
3802,0.09345841,-0.6070977,0.22443202,0.9062049,-0.9503784,-0.5227148,0.0015863702,-0.61580646,0.07692307
3803,0.7627119,-0.91952527,-1.7678188,0.11815543,-1.2427094,-2.5123882,-0.25445628,-0.73170125,0.033333328
3804,0.7509885,-0.92569095,-1.7459886,0.14347915,-1.250115,-2.4972274,-0.26353893,-0.740957,0.1
3805,0.7509885,-0.92569095,-1.7459886,0.14347915,-1.250115,-2.4972274,-0.26353893,-0.740957,0.1
3806,0.7509885,-0.92569095,-1.7459886,0.14347915,-1.250115,-2.4972274,-0.26353893,-0.740957,0.1
3807,0.69246316,-0.95418996,-1.6501184,0.26242155,-1.2744342,-2.423736,-0.30514932,-0.7804929,0.0625
3808,0.7509885,-0.92569095,-1.7459886,0.14347915,-1.250115,-2.4972274,-0.26353893,-0.740957,0.1
3809,0.7509885,-0.92569095,-1.7459886,0.14347915,-1.250115,-2.4972274,-0.26353893,-0.740957,0.1
3810,0.7344949,-0.9054909,-1.7666439,0.11006267,-1.2287207,-2.475416,-0.27707344,-0.75340915,0.0625
3811,0.7352827,-0.905312,-1.7688489,0.10868008,-1.227584,-2.4767804,-0.27615172,-0.7521328,0.058823537
3812,0.75119513,-0.9258113,-1.7458086,0.14361414,-1.250365,-2.4974496,-0.26341954,-0.7408925,0.09999999
3813,0.7237836,-0.9136124,-1.7519566,0.13698933,-1.2300849,-2.4645863,-0.282297,-0.7559695,0.062499996
3814,0.75119513,-0.9258113,-1.7458086,0.14361414,-1.250365,-2.4974496,-0.26341954,-0.7408925,0.09999999
3815,0.7509885,-0.92569095,-1.7459886,0.14347915,-1.250115,-2.4972274,-0.26353893,-0.740957,0.1
3816,0.7557595,-0.923566,-1.7538438,0.13416553,-1.2478387,-2.5033123,-0.25994062,-0.73741305,0.083333336
3817,0.68553066,-0.9663068,-1.6195066,0.29830566,-1.2897128,-2.4139268,-0.31089053,-0.78751683,0.08333333
3818,0.7652521,-0.92007506,-1.767987,0.11742504,-1.2441833,-2.5153599,-0.25279412,-0.730448,0.037037037
3819,0.7509885,-0.92569095,-1.7459886,0.14347915,-1.250115,-2.4972274,-0.26353893,-0.740957,0.1
3820,0.7509885,-0.92569095,-1.7459886,0.14347915,-1.250115,-2.4972274,-0.26353893,-0.740957,0.1
3821,0.7509885,-0.92569095,-1.7459886,0.14347915,-1.250115,-2.4972274,-0.26353893,-0.740957,0.1
3822,0.72349167,-0.9100148,-1.7538656,0.12969482,-1.2293661,-2.4626408,-0.28391314,-0.7586441,0.055555556
3823,0.7509885,-0.92569095,-1.7459886,0.14347915,-1.250115,-2.4972274,-0.26353893,-0.740957,0.1
3824,-0.118374035,-0.6509259,0.43114054,1.1915152,-0.8804033,-0.24479581,-0.12498151,-0.70751643,0.083333336
3825,0.48950917,-0.4932506,-0.24552377,0.3094831,-0.9990072,-1.0412201,0.2502077,-0.4050114,0.07692309
3826,0.7509885,-0.92569095,-1.7459886,0.14347915,-1.250115,-2.4972274,-0.26353893,-0.740957,0.1
3827,0.7509885,-0.92569095,-1.7459886,0.14347915,-1.250115,-2.4972274,-0.26353893,-0.740957,0.1
3828,0.7509885,-0.92569095,-1.7459886,0.14347915,-1.250115,-2.4972274,-0.26353893,-0.740957,0.1
3829,0.7509885,-0.92569095,-1.7459886,0.14347915,-1.250115,-2.4972274,-0.26353893,-0.740957,0.1
3830,0.7509885,-0.92569095,-1.7459886,0.14347915,-1.250115,-2.4972274,-0.26353893,-0.740957,0.1
3832,0.7216094,-0.6354517,-2.257979,-0.33315516,0.123189606,-2.7771194,-1.0085104,0.26968622,0.25
3833,0.6095056,-0.58037513,-0.79405296,-0.2142521,-2.746248,-0.9776031,1.4572637,-2.1289885,0.058823522
3834,0.6080179,-0.5699879,-0.8309274,-0.24615721,-2.7605994,-0.97176206,1.480183,-2.1601715,0.062499996
3835,0.6095056,-0.58037513,-0.79405296,-0.2142521,-2.746248,-0.9776031,1.4572637,-2.1289885,0.058823522
3836,0.5834116,-0.6340546,-1.0416502,-0.2312855,-2.8475065,-1.0887283,1.4393353,-2.3171406,0.07692308
3837,0.58716255,-0.6417952,-0.97989964,-0.19328097,-2.8230908,-1.0867503,1.4143939,-2.2665815,0.071428575
3838,0.5834116,-0.6340546,-1.0416502,-0.2312855,-2.8475065,-1.0887283,1.4393353,-2.3171403,0.07692308
3839,0.60587054,-0.58193123,-0.7969474,-0.21090858,-2.7432497,-0.97802246,1.451702,-2.1301415,0.066666655
3840,0.5834116,-0.6340546,-1.0416502,-0.2312855,-2.8475065,-1.0887283,1.4393353,-2.3171406,0.07692308
3841,0.5741185,-0.6611358,-1.031757,-0.180285,-2.8447666,-1.1123961,1.3969628,-2.3118892,0.07692308
3842,0.57306236,-0.6656374,-1.0360632,-0.17483914,-2.8478835,-1.1179081,1.392231,-2.316109,0.083333336
3843,0.5741185,-0.66113585,-1.0317571,-0.180285,-2.8447666,-1.1123961,1.3969628,-2.3118892,0.07692308
3845,-0.07972783,-0.6703816,0.45348567,1.2087226,-0.9255048,-0.29475737,-0.101133585,-0.6957253,0.010101014
3846,-0.08037856,-0.6706898,0.45443517,1.2100595,-0.9254316,-0.2939288,-0.101487786,-0.6959841,0.010101011
3847,-0.8037331,0.72108406,0.52014345,-0.7318253,-0.7433404,2.4507267,1.3213372,-1.7601047,0.076923065
3849,0.40257007,-0.29205674,-0.6376074,-0.1134097,-0.7039921,-0.9392312,0.20123067,-0.39356652,0.07692308
3850,0.40921652,-0.28868085,-0.646862,-0.12652855,-0.7034907,-0.94709605,0.20505217,-0.39024308,0.083333336
3851,0.42313612,-0.21863243,1.5567263,0.5331818,-1.9808949,0.5520799,1.6176896,-1.039955,0.09090909
3852,0.42313612,-0.21863243,1.5567263,0.5331818,-1.9808949,0.5520799,1.6176896,-1.039955,0.09090909
3853,0.42313612,-0.21863243,1.5567263,0.5331818,-1.9808949,0.5520799,1.6176896,-1.039955,0.09090909
3854,0.4266953,-0.21551736,1.5411812,0.51863545,-1.9815167,0.5443922,1.6189988,-1.041719,0.1
3856,0.7928291,-0.65417486,0.029197462,0.4800365,-1.4343973,-1.3536239,0.50491613,-0.38154218,0.1
3857,0.7931861,-0.6543921,0.029513143,0.48028934,-1.4348322,-1.3540562,0.5051139,-0.38143858,0.08333334
3858,0.0659369,0.24916193,-0.38228905,-0.62248737,0.06270844,0.09474367,0.24022317,-0.12260029,0.07142857
3860,-0.18724112,-0.5008104,-1.39814,-0.117355496,-2.4034283,-0.3211233,0.9583605,-2.8443863,0.083333336
3861,0.9472494,-1.0092722,-1.0949873,0.5563508,-0.93781185,-2.6451087,-0.4711593,0.015175074,0.07692309
3862,0.9547251,-1.0128629,-1.08947,0.55954105,-0.94638824,-2.6531816,-0.46691602,0.017093785,0.07692308
3863,-0.31525594,0.2208578,0.10843404,-0.043666303,1.0207831,0.53096193,-0.5584064,0.49775767,0.09999999
3864,0.7931861,-0.6543921,0.029513143,0.48028934,-1.4348322,-1.3540562,0.5051139,-0.38143858,0.08333334
3865,0.77046084,-0.6405077,0.0095882565,0.46408677,-1.4071734,-1.3265243,0.49253818,-0.38802978,0.08333333
3866,0.77046084,-0.6405077,0.0095882565,0.46408677,-1.4071734,-1.3265243,0.49253818,-0.38802978,0.08333333
3867,0.792229,-0.6538076,0.02867265,0.47960758,-1.4336679,-1.3528972,0.5045851,-0.3817158,0.09090909
3868,0.56127316,-1.2927862,0.50892144,2.0774198,-0.70409423,-1.9689293,-0.9323657,0.46590224,0.125
3869,0.7088237,-0.6105329,-0.023751408,0.43898487,-1.3436648,-1.2509415,0.45762834,-0.40931723,0.055555556
3870,0.72711766,-0.6170324,-0.02004154,0.44057012,-1.3590442,-1.2737129,0.46826795,-0.4019533,0.07692308
3871,0.6012035,-0.9380012,-1.6394838,0.29694924,-1.2210314,-2.3173516,-0.3635695,-0.82283664,0.1111111
3872,0.4081967,-0.45642188,-1.8572718,-0.34870845,-0.15344177,-1.9026294,-0.6100567,-0.2279607,0.0909091
3873,0.44186187,-0.19814879,1.5932698,0.52097684,-1.9504312,0.56652176,1.639181,-0.98719895,0.11111113
3905,-0.93190885,1.01152,-0.012275174,-1.3317726,-0.30989748,2.614768,1.2180749,-1.7200038,0.07692307
3907,-1.7086786,0.23829135,0.399584,0.7275042,2.0259347,2.2934237,-1.6797462,-0.24570122,0.1111111
3908,-0.16071528,0.63354844,1.4602605,-0.044283293,2.2925632,1.3679965,-0.74287206,1.9894387,0.111111104
3909,-0.55413663,0.8426582,-1.3370093,-1.4533648,2.4320908,0.4913785,-1.1677058,0.9950515,0.11111111
3910,0.9798564,-0.05479229,-0.9389665,-0.8046337,-0.05430627,-1.6133631,0.11919742,0.6389061,0.08333334
3911,0.9798564,-0.05479229,-0.9389665,-0.8046337,-0.05430627,-1.6133631,0.11919742,0.6389061,0.08333334
3912,0.9798564,-0.05479229,-0.9389665,-0.8046337,-0.05430627,-1.6133631,0.11919742,0.6389061,0.08333334
3913,0.057095975,-0.6523762,0.9371617,1.4263463,-0.4458533,-0.3340267,-0.3228912,0.032017335,0.09999999
3928,-0.30941045,0.23998174,0.0650478,-0.09454928,1.0402488,0.5215248,-0.55393547,0.5062024,0.11111111
3929,-0.41333127,-0.48199898,0.25241134,1.0761555,-0.19678591,0.06727463,-0.5488091,-0.48899433,0.0625
3930,-0.33207268,-0.28657565,1.7016371,1.5200272,0.94081116,0.7116502,-0.89435786,0.9307928,0.11111111
3931,-1.2267404,0.7566289,0.6660261,-0.5058396,-0.4178279,3.0359457,1.0012853,-1.9364995,0.1
3932,-1.2267404,0.7566289,0.6660261,-0.5058396,-0.4178279,3.0359457,1.0012853,-1.9364995,0.1
3933,-1.2267404,0.7566289,0.6660261,-0.5058396,-0.4178279,3.0359457,1.0012853,-1.9364995,0.1
3934,-1.0534558,-0.5035024,0.8010276,1.6416997,-0.24155419,1.131777,-0.6693297,-1.1546574,0.071428575
3935,0.71977156,-0.0064025614,-0.92867815,-0.7271747,0.18470386,-1.3244697,-0.0897201,0.59607697,0.058823537
3936,0.66189206,-0.0287791,-1.5799946,-0.9014875,0.58249676,-1.7263433,-0.516371,0.71158385,0.06666668
3937,0.66189206,-0.0287791,-1.5799946,-0.9014875,0.58249676,-1.7263433,-0.516371,0.71158385,0.06666668
3938,0.667737,-0.03314204,-1.5738595,-0.8955094,0.5742452,-1.7330714,-0.5129523,0.7128886,0.0909091
3946,1.2688513,-0.41331312,-0.00024668127,0.108178735,0.010331623,-1.984153,-0.1767331,1.3829142,0.11111111
3947,1.3742429,-0.41586426,0.9460217,0.54698145,0.1775823,-1.6975305,-0.1330706,1.9141699,0.11111113
3948,1.3888878,-0.4100454,0.92756903,0.5208436,0.1756765,-1.7145514,-0.1251815,1.9191875,0.09090908
3949,1.3852519,-0.41005993,0.9291688,0.52371025,0.1778352,-1.7102039,-0.1271947,1.9182485,0.07692307
3953,-0.49238384,0.3154491,1.3668276,0.35221398,0.49344897,1.6715113,0.100958504,0.04744593,0.055555556
3954,-0.49238384,0.3154491,1.3668276,0.35221398,0.49344897,1.6715113,0.100958504,0.04744593,0.055555556
3955,-0.49409193,0.32020795,1.357636,0.34182638,0.5000234,1.6735215,0.09986561,0.047963187,0.099999994
3956,-0.49409193,0.32020795,1.357636,0.34182638,0.5000234,1.6735215,0.09986561,0.047963187,0.099999994
3957,-0.49409193,0.32020795,1.357636,0.34182638,0.5000234,1.6735215,0.09986561,0.047963187,0.099999994
3958,-0.49409193,0.32020795,1.357636,0.34182638,0.5000234,1.6735215,0.09986561,0.047963187,0.099999994
3959,-0.49409193,0.32020795,1.357636,0.34182638,0.5000234,1.6735215,0.09986561,0.047963187,0.099999994
3960,-0.49409193,0.32020795,1.357636,0.34182638,0.5000234,1.6735215,0.09986561,0.047963187,0.099999994
3961,-0.4950003,0.32279682,1.3526143,0.3361562,0.50359476,1.6745782,0.09928862,0.048266135,0.083333336
3962,1.0283291,-1.0276923,-1.0777729,0.54060954,-1.0044049,-2.7328155,-0.42446786,0.038743734,0.09090908
3963,1.0283291,-1.0276923,-1.077773,0.54060954,-1.0044049,-2.7328155,-0.42446783,0.038743734,0.09090908
3965,0.7779896,-0.52597183,-0.702854,0.14183074,-0.21172263,-1.8535699,-0.40644082,0.5048356,0.11111111
3966,0.008204766,-0.53779095,0.45379114,1.1578066,0.30704486,-0.5543721,-0.8518241,0.5343921,0.083333336
3967,0.010476373,-0.49993044,0.43493545,1.0851284,0.31360012,-0.5140796,-0.8032585,0.5259577,0.11111111
3970,0.63737166,-0.25112265,-0.4776091,-0.10538791,-0.034994274,-1.269652,-0.17043547,0.5248434,0.111111104
3971,0.3775608,-0.066806465,-0.84667623,-0.36095852,0.6601966,-1.1008368,-0.6101746,0.75214505,0.083333336
3972,0.3775608,-0.066806465,-0.84667623,-0.36095852,0.6601966,-1.1008368,-0.6101746,0.75214505,0.083333336
3974,-0.23622115,-0.45376948,-1.4677902,-0.18629776,-2.3227203,-0.2575881,0.92971563,-2.8556767,0.07692308
3975,-1.1386435,-0.4464678,0.72715724,1.566485,-0.116840094,1.2497782,-0.7306709,-1.1764355,0.021276595
3976,0.722755,-0.2186462,-0.5808297,-0.24803706,-0.042187497,-1.3718023,-0.11585875,0.56160796,0.07692308
3980,0.75941604,-0.6239745,-0.020806894,0.43247384,-1.382498,-1.3126446,0.4860061,-0.3896545,0.058823526
3981,-0.8037331,0.72108406,0.52014345,-0.7318253,-0.7433404,2.4507267,1.3213372,-1.7601047,0.076923065
3982,0.40867943,-0.28912592,-0.6456822,-0.12504774,-0.7037982,-0.9464285,0.20472285,-0.39059457,0.083333336
3986,0.72160935,-0.63545173,-2.257979,-0.33315516,0.123189606,-2.7771194,-1.0085104,0.26968622,0.25
3987,0.087204926,0.27713564,-0.45510936,-0.7061066,0.08793027,0.063225046,0.25457647,-0.103635356,0.09090909
3989,-1.6779258,0.21869136,0.42692506,0.7573541,1.980208,2.2490587,-1.6566243,-0.234759,0.076923065
3990,-1.6502056,0.20099689,0.4517238,0.7842705,1.9390072,2.2091417,-1.635835,-0.22494516,0.076923065
3991,0.17489183,0.3700691,-0.8993294,-0.92144775,1.2607161,-0.47151172,-0.57682174,0.95608497,0.07692307
3992,-0.13576734,-0.09028513,0.4443699,0.36339545,-0.23094617,0.38025004,0.10984837,-0.29477242,0.09090908
3993,-1.1043698,0.8230372,0.46320307,-0.75660944,-0.4260481,2.860421,1.0978632,-1.8591067,0.11111111
3996,-0.8433555,-0.56635255,-0.8230724,0.6068399,-2.189816,0.5700478,0.5330368,-3.1644304,0.11111111
3997,0.9960157,-1.0352749,-1.0530629,0.584025,-0.99667203,-2.6974564,-0.44328114,0.027354166,0.071428575
3998,-0.9719088,0.90256083,0.24058452,-1.041939,-0.42267066,2.6792855,1.1916857,-1.7794188,0.1
3999,0.37640786,-0.036588512,-0.66303575,-0.3254816,0.71269983,-0.97516364,-0.5878243,0.8409225,0.099999994
4000,0.5589344,-0.12919587,-1.3150927,-0.59060305,0.4952948,-1.5918789,-0.6000794,0.6432369,0.06250001
4001,-0.49238384,0.3154491,1.3668277,0.35221398,0.49344897,1.6715117,0.10095853,0.047445916,0.055555556
4002,0.16735345,-0.5708411,0.1064609,0.75477695,-0.9487392,-0.6203848,0.046090923,-0.5787647,0.11111111
4003,-0.08414212,-0.67085993,0.4566766,1.213658,-0.9233781,-0.28904378,-0.10369688,-0.6974225,0.010416678
4004,0.7229521,-0.0732635,-0.88153976,-0.5985672,0.13533284,-1.3737721,-0.108684145,0.5913725,0.090909086
4005,0.643495,0.10233436,-1.1095159,-0.92891866,0.3121197,-1.2164406,-0.086060286,0.5508748,0.111111104
4007,0.7526092,-0.6295896,-0.0059833378,0.45132965,-1.3854327,-1.3049014,0.48263177,-0.39321497,0.1
4009,-1.2267404,0.7566289,0.6660261,-0.5058396,-0.4178279,3.0359457,1.0012853,-1.9364995,0.1
4010,-0.8037331,0.72108406,0.52014345,-0.7318253,-0.7433404,2.4507267,1.3213372,-1.7601047,0.076923065
4011,-0.8950788,0.9949204,0.0023424774,-1.3189034,-0.3527701,2.5644124,1.2455608,-1.7090484,0.071428575
4012,-0.80321586,0.7207496,0.52056116,-0.73141026,-0.7440571,2.4500341,1.321714,-1.7599854,0.07692308
4013,-0.084873065,-0.6707347,0.4567985,1.213954,-0.92281485,-0.28808123,-0.10414105,-0.6976944,0.010526311
4015,-0.24591209,-0.47363314,-1.4301987,-0.13433146,-2.3383126,-0.25088888,0.9269752,-2.8595831,0.076923065
4016,0.47538835,-0.4991295,-0.22689761,0.33454704,-0.99950004,-1.0239884,0.24179637,-0.41258702,0.03703703
4017,-0.08231221,-0.67178136,0.4577375,1.2144674,-0.92552626,-0.29142892,-0.102561854,-0.69686425,0.06666667
4018,0.47538835,-0.4991295,-0.22689761,0.33454704,-0.99950004,-1.0239884,0.24179637,-0.41258702,0.03703703
4020,0.24271366,-0.4181897,-0.28241235,0.31795025,-0.78938746,-0.7305485,0.09889362,-0.5017673,0.09090909
4022,-0.27506375,-0.34923014,1.996531,1.718349,0.8482482,0.73153746,-0.8398671,0.9961215,0.083333336
4023,1.4783643,0.25199056,0.21262446,-0.8803686,0.56472546,-1.3573377,0.33487284,1.969353,0.052631587
4025,0.5194541,-0.51171345,-2.3564923,-0.5229994,-0.089260295,-2.368295,-0.7534404,-0.21249542,0.111111104
4026,-0.025073811,-0.16580611,-0.2200204,0.2973134,0.8683755,-0.4906122,-0.93392533,0.7250302,0.111111104
4027,-0.8433555,-0.56635255,-0.8230724,0.6068399,-2.189816,0.5700478,0.5330368,-3.1644304,0.11111111
4030,0.48575234,0.35722637,0.40662622,-0.83189285,-1.3422685,0.49886787,1.7005175,-0.82162714,0.083333336
4031,0.48575234,0.35722637,0.40662622,-0.83189285,-1.3422685,0.49886787,1.7005175,-0.82162714,0.083333336
4072,0.9690727,0.7519277,0.4597854,-1.2733997,1.1634284,-0.12142041,0.4178192,1.9367644,0.062499996
4074,-0.71232235,-0.28217417,1.1917123,1.294388,-0.10687025,1.1853763,-0.29793042,-0.6091465,0.1
4075,-0.1267974,-0.07636818,0.41030502,0.322298,-0.21971618,0.36778265,0.11562059,-0.28772306,0.083333336
4107,-0.73092866,-0.5315234,-0.96465623,0.4280603,-2.2005422,0.4184612,0.6053181,-3.1071362,0.11111113
4108,-0.8433555,-0.56635255,-0.8230724,0.6068399,-2.189816,0.5700478,0.5330368,-3.1644304,0.11111111
4109,-0.8433555,-0.56635255,-0.8230724,0.6068399,-2.189816,0.5700478,0.5330368,-3.1644304,0.11111111
4110,-0.8433555,-0.56635255,-0.8230724,0.6068399,-2.189816,0.5700478,0.5330368,-3.1644304,0.11111111
4111,-0.09571396,-0.6210964,-1.1594616,0.09531552,-2.6246433,-0.4193548,0.99889416,-2.8584006,0.11111111
4114,-0.80321586,0.7207496,0.52056116,-0.73141026,-0.7440571,2.4500341,1.321714,-1.7599854,0.07692308
4115,-1.4591473,0.41985407,1.3325735,0.46879214,-0.21255697,3.2035937,0.439945,-1.825983,0.1
4116,-0.24591209,-0.47363314,-1.4301987,-0.13433146,-2.3383126,-0.25088888,0.9269752,-2.8595831,0.076923065
4117,0.28842378,0.08609807,-0.13548614,-0.40040135,-0.26330823,-0.1855077,0.35226515,-0.07890268,0.11111111
4118,-0.35753673,-0.16923028,0.80780864,0.8846146,0.5902305,0.5210718,-0.6311198,0.34078184,0.07142858
4124,1.2976981,0.038668875,0.59190196,-0.30111355,0.4131081,-1.2204041,0.19193605,1.8194906,0.06666667
4126,-0.0048630163,0.1984123,2.2171726,0.6078141,-0.29179448,1.5555807,0.8357499,0.10394438,0.11111111
4127,-1.4542173,0.075182565,0.6305351,0.97440577,1.6486659,1.9288718,-1.4903647,-0.15651366,0.11111111
4128,-1.4542173,0.075182565,0.6305351,0.97440577,1.6486659,1.9288718,-1.4903647,-0.15651369,0.11111111
4129,0.7509885,-0.92569095,-1.7459886,0.14347915,-1.250115,-2.4972274,-0.26353893,-0.740957,0.1
4130,-0.45990855,0.4381994,-0.742455,-0.6539023,1.6123977,0.38978595,-0.9268896,0.6104579,0.071428575
4131,-0.45718127,0.44370914,-0.7543495,-0.66921496,1.6165241,0.38594943,-0.92490995,0.6126584,0.06666668
4132,-0.46551734,0.42615426,-0.71670806,-0.62062293,1.6033132,0.39761496,-0.9309375,0.6058818,0.083333336
4133,0.28604257,0.05235721,0.3346293,0.11847891,1.2456125,-0.35561955,-0.7244467,1.4963318,0.1
4134,-0.45400476,0.4538951,-0.7751315,-0.69604,1.6252826,0.3815328,-0.9225176,0.6157565,0.0625
4135,-0.43902647,0.48189393,-0.8362292,-0.77426684,1.6463435,0.36020505,-0.9115013,0.6277338,0.055555556
4137,-0.13576736,-0.09028514,0.44436997,0.3633955,-0.23094617,0.38025004,0.10984839,-0.29477254,0.09090909
4138,-0.13576736,-0.09028514,0.44436997,0.3633955,-0.23094617,0.38025004,0.10984839,-0.29477254,0.09090909
4139,-0.1315377,-0.09271499,0.44730902,0.3661027,-0.23630111,0.3746915,0.11261632,-0.29361433,0.1
4140,-0.13576736,-0.09028514,0.44436997,0.36339545,-0.23094617,0.38025004,0.1098484,-0.29477254,0.0909091
4141,0.47455162,-0.4991572,-0.22649105,0.3352576,-0.99910855,-1.022967,0.24130425,-0.41295013,0.08333333
4142,0.8054666,-0.4162192,-1.0157382,-0.11063595,0.29973742,-2.0347793,-0.67417204,0.8994827,0.1
4143,-0.08231221,-0.67178136,0.4577375,1.2144674,-0.92552626,-0.29142892,-0.102561854,-0.69686425,0.06666667
4144,1.4917992,0.274653,0.15651472,-0.9450126,0.5844303,-1.3739445,0.34566793,1.9786618,0.1
4146,-0.83024555,1.0249463,-0.07445781,-1.4339395,-0.36310792,2.484845,1.2836962,-1.6810374,0.11111111
4148,0.27289116,-0.08113291,-2.0548387,-0.7894981,1.0664194,-1.7467133,-1.1374733,0.64247894,0.07142857
4149,0.28842378,0.08609806,-0.13548614,-0.4004013,-0.26330823,-0.1855077,0.35226515,-0.07890268,0.111111104
4150,0.28842378,0.086098075,-0.13548617,-0.4004014,-0.2633083,-0.18550771,0.3522652,-0.07890269,0.11111111
4153,0.087204926,0.27713564,-0.45510936,-0.7061066,0.08793027,0.063225046,0.25457647,-0.103635356,0.09090909
4154,0.42085254,-0.12471407,-1.2551068,-0.5005989,0.5621787,-1.4244342,-0.6936604,0.5875256,0.11111113
4155,0.82191396,-0.1334675,-0.8006632,-0.5277616,0.00986959,-1.4906493,-0.049428023,0.61481917,0.083333336
4156,0.8117726,0.6495931,1.4707935,-0.5659495,1.3560661,0.41821778,0.24448392,2.2209272,0.06666668
4157,-0.11559339,-0.6526229,0.43338865,1.193513,-0.88398707,-0.24838747,-0.12324979,-0.7067108,0.07692307
4158,0.5321299,-0.2552413,1.6733372,0.58601475,-2.0723588,0.4482044,1.684149,-0.9696212,0.08333333
4160,0.7716787,-0.6130589,-0.049149603,0.39657873,-1.3762608,-1.3265699,0.4920642,-0.3830844,0.07692308
4162,0.55297786,0.29355603,-0.041265965,-0.76698023,-0.03816463,-0.22397497,0.5701477,0.38362956,0.11111111
4163,-0.3641534,-0.5663573,-0.6744357,0.83558583,0.24880378,-0.7098805,-1.209762,-0.22828054,0.09090908
4164,-0.08950557,-0.20311347,0.4339584,0.7018261,0.8724954,-0.119171366,-0.8753611,0.8321036,0.045454547
4165,0.7846625,0.68737674,1.8096906,-0.49049002,1.3656878,0.7034666,0.33814576,2.2730877,0.0625
4166,-0.35083658,-0.50384456,0.26374853,1.0789129,-0.26018304,-0.01635609,-0.5086813,-0.4686447,0.09090909
4167,0.6453998,0.626968,-0.19211279,-1.2410103,1.119585,-0.26078248,0.09022624,1.4281473,0.05882352
4168,0.029014174,0.61842334,0.11371539,-0.74566895,1.7836496,0.45838946,-0.5501426,1.4684845,0.16666667
4170,0.8269794,-0.13648121,-0.79648393,-0.5243336,0.0034385175,-1.4966164,-0.046309374,0.61607957,0.07692307
4171,0.8269794,-0.13648121,-0.79648393,-0.5243336,0.0034385175,-1.4966164,-0.046309374,0.61607957,0.07692307
4172,0.8269794,-0.13648121,-0.79648393,-0.5243336,0.0034385175,-1.4966164,-0.046309374,0.61607957,0.07692307
4173,0.86121905,-0.15738529,-0.7681361,-0.49964195,-0.040055394,-1.5369866,-0.0258905,0.6240499,0.07692308
4174,0.7704779,-0.6405182,0.009603187,0.46409893,-1.407194,-1.3265449,0.49254766,-0.38802478,0.071428575
4175,0.77058065,-0.640581,0.009692885,0.46417224,-1.4073192,-1.3266693,0.49260464,-0.38799503,0.052631587
4176,0.77058065,-0.640581,0.009692885,0.46417224,-1.4073192,-1.3266693,0.49260464,-0.38799503,0.052631587
4177,0.77058065,-0.640581,0.009692885,0.46417224,-1.4073192,-1.3266693,0.49260464,-0.38799503,0.052631587
4178,0.77058065,-0.640581,0.009692885,0.46417224,-1.4073192,-1.3266693,0.49260464,-0.38799503,0.052631587
4181,-0.7703607,-0.9284801,0.60649157,2.0340762,-1.0359187,0.29042685,-0.57916737,-1.4580151,0.07692308
4182,-0.7537653,-0.5592659,-0.29256952,1.0475575,-0.59239304,0.21987198,-0.5947427,-1.3761019,0.111111104
4183,-0.7537653,-0.55926585,-0.29256952,1.0475575,-0.59239304,0.21987198,-0.5947427,-1.3761019,0.11111111
4184,1.42636,-0.75158685,-1.3193911,-0.117878586,-0.38029456,-3.0952656,-0.45174766,0.83367693,0.1111111
4185,-1.7086786,0.23829135,0.399584,0.7275042,2.0259347,2.2934237,-1.6797462,-0.24570122,0.1111111
4196,0.9896148,-1.0457054,-1.0286471,0.61512864,-1.006451,-2.6900349,-0.44703028,0.023773648,0.058823522
4198,0.7089482,1.2180247,1.6914151,-1.2933872,1.7775201,1.3458242,0.64494365,2.3628724,0.11111111
4199,-0.101806,-0.27592337,0.6060875,0.89370567,0.7845677,-0.09498815,-0.88530266,0.8046893,0.11111111
4200,-0.09909356,-0.256692,0.5634097,0.84244215,0.806002,-0.09924781,-0.88504773,0.8103998,0.07692308
4201,0.53370094,-0.8948828,-1.7394745,0.23584181,-1.1064179,-2.2574646,-0.39065653,-0.8213142,0.11111111
4202,-0.55413663,0.8426582,-1.3370093,-1.4533648,2.4320908,0.4913785,-1.1677058,0.9950515,0.11111111
4203,0.28842378,0.08609806,-0.13548614,-0.4004013,-0.26330823,-0.1855077,0.35226515,-0.07890268,0.111111104
4204,0.059430048,-0.65375817,0.9391067,1.4280254,-0.44899505,-0.33699727,-0.32129082,0.03260409,0.099999994
4205,0.057095975,-0.6523762,0.9371617,1.4263463,-0.4458533,-0.3340267,-0.3228912,0.032017335,0.09999999
4206,0.057095975,-0.6523762,0.9371617,1.4263463,-0.4458533,-0.3340267,-0.3228912,0.032017335,0.09999999
4207,-0.4475702,-0.206688,-1.8753055,-0.5813197,-1.7732681,-0.039052844,0.68938935,-2.7659009,0.08333332
4208,-1.1239612,-0.45631135,0.7399216,1.5795369,-0.13841046,1.2293701,-0.72007483,-1.1726987,0.058823522
4209,0.104310796,0.0580047,-0.045685142,-0.2220657,-0.17880337,0.025696397,0.20755756,-0.17367026,0.07692308
4210,0.44676626,-0.5903567,-0.41059983,0.53567547,-0.24658246,-1.4332763,-0.5773689,0.24731171,0.05555555
4211,0.8937698,-0.52096957,-1.0702039,-0.05895944,-0.004278153,-2.2195108,-0.588882,0.708235,0.0909091
4212,0.84567386,-0.52433085,-0.85619193,0.04586039,-0.14149113,-2.0242963,-0.4669254,0.59231377,0.0625
4213,0.35634714,0.13103643,-1.8240478,-1.0612973,1.0933114,-1.4492649,-0.8360723,0.76692414,0.09090909
4217,0.8842479,-0.6562441,-1.9311868,-0.3094089,-0.39131927,-2.6611521,-0.54542464,0.059403084,0.07692309
4218,0.8739358,-0.6419396,-1.9568702,-0.33624983,-0.3675704,-2.6505938,-0.55081385,0.05792009,0.062499993
4219,0.89684427,-0.6750935,-1.8963853,-0.2731514,-0.42228925,-2.674035,-0.53887564,0.06094735,0.06250001
4220,0.8842479,-0.6562441,-1.9311866,-0.30940884,-0.39131922,-2.661152,-0.54542464,0.059403084,0.07692308
4221,0.86164856,-0.62202173,-1.9934489,-0.37514096,-0.33536607,-2.6381855,-0.5569626,0.056679428,0.11111113
4222,0.86164856,-0.62202173,-1.9934489,-0.37514096,-0.33536607,-2.6381855,-0.5569626,0.056679435,0.11111113
4223,0.8779899,-0.6411181,-1.9599587,-0.3412584,-0.36831826,-2.655103,-0.5481665,0.05959122,0.06666667
4224,0.8674088,-0.63419974,-1.9704581,-0.35007805,-0.3542757,-2.6438394,-0.55431455,0.056770734,0.071428575
4225,0.7127814,1.2184668,1.6889116,-1.2968704,1.7757127,1.3409834,0.6475725,2.3647816,0.1
4226,-0.122266576,-0.23708919,-1.9447159,-0.77835053,-2.080591,-0.39392215,0.994001,-2.738206,0.11111111
4227,-0.23993878,-0.2959728,-1.994423,-0.5176793,-1.2774086,-0.62945753,0.24711862,-2.076186,0.047619037
4228,0.56127316,-1.2927862,0.5089215,2.0774198,-0.70409423,-1.9689293,-0.9323657,0.46590218,0.125
4229,0.56127316,-1.2927862,0.50892144,2.0774198,-0.7040942,-1.9689292,-0.9323657,0.4659022,0.12499999
4230,0.56127316,-1.2927861,0.50892144,2.0774195,-0.70409423,-1.968929,-0.93236566,0.46590218,0.12499999
4231,-0.33207268,-0.28657565,1.7016371,1.5200272,0.94081116,0.7116502,-0.8943578,0.9307928,0.11111111
4232,0.7998186,-0.4388761,-1.0309961,-0.07801692,0.2993858,-2.0654972,-0.7066292,0.8958702,0.11111113
4233,0.50011617,0.4763076,-0.97989166,-1.2949291,1.0809127,-0.7062171,-0.22675732,1.068915,0.111111104
4234,0.5609145,0.44587436,-0.94854176,-1.2672662,1.0131836,-0.78003865,-0.18913299,1.0857203,0.05882353
4235,0.5609145,0.44587436,-0.94854176,-1.2672662,1.0131836,-0.78003865,-0.18913299,1.0857203,0.05882353
4236,0.13213053,0.26170474,-0.3606261,-0.5107955,1.0500423,-0.21870227,-0.47710672,0.8922579,0.1
4237,0.13213053,0.26170474,-0.3606261,-0.5107955,1.0500423,-0.21870227,-0.47710672,0.8922579,0.1
4238,0.13213053,0.26170474,-0.3606261,-0.5107955,1.0500423,-0.21870227,-0.47710672,0.8922579,0.1
4239,-0.036833324,-0.67553884,0.4419778,1.1858304,-0.956151,-0.35099447,-0.075254716,-0.67964494,0.05882352
4240,0.006114401,-1.1988188,-0.05586368,1.9465083,-0.5561588,-1.5035634,-1.1929109,-0.17040911,0.071428575
4241,0.3161582,0.1313094,-0.4944479,-0.43529642,1.05261,-0.682493,-0.61518115,1.0978435,0.07692308
4242,0.34748435,0.20496666,-0.6384446,-0.63557607,1.1002048,-0.7147758,-0.5961206,1.1055714,0.07692309
4243,0.087204926,0.27713564,-0.45510936,-0.7061066,0.08793027,0.063225046,0.25457647,-0.103635356,0.09090909
4244,-0.13769378,-0.08966712,0.44408208,0.36336613,-0.22909229,0.38280952,0.10857833,-0.2954292,0.09999999
4245,-0.3876531,-0.19210495,0.87579644,0.9638831,0.5717348,0.56623214,-0.64626956,0.31151515,0.11111111
4246,0.44672346,0.38302693,0.28872377,-0.5412807,1.1589344,-0.09193499,-0.22617489,1.4354023,0.09090908
4248,-0.6688332,-0.2949476,1.1942402,1.2918752,-0.14941452,1.1254224,-0.26698646,-0.5919936,0.083333336
4251,0.8739359,-0.6419395,-1.9568707,-0.33624983,-0.36757046,-2.6505938,-0.55081385,0.05792009,0.0625
4254,-0.70616204,0.49892315,1.0686176,0.04616247,0.8451306,1.9447318,-0.053020153,-0.009409234,0.0909091
4255,-0.4182899,0.7648297,0.38943952,-0.7907149,0.9714625,1.54335,0.16785502,0.21925136,0.111111104
4256,-0.4182899,0.7648297,0.38943952,-0.7907149,0.9714625,1.54335,0.16785502,0.21925136,0.111111104
4257,-0.16071528,0.63354844,1.4602605,-0.044283293,2.2925632,1.3679965,-0.74287206,1.9894387,0.111111104
4258,-0.098339766,-0.64479643,-1.1436743,0.14641647,-2.6299746,-0.4326045,1.0062677,-2.8437254,0.083333336
4259,-0.08761977,-0.65689874,-1.1217344,0.16642326,-2.6519082,-0.44481283,1.0113987,-2.8435917,0.083333336
4260,-0.55413663,0.8426582,-1.3370093,-1.4533648,2.4320908,0.4913785,-1.1677058,0.9950515,0.11111111
4261,0.16076359,-0.6078402,0.579056,1.1645848,-0.24968682,-0.6305065,-0.46959996,0.223878,0.0909091
4262,-0.7463502,0.45305562,1.1779068,0.18341254,0.8201409,1.9995692,-0.08387303,-0.04269229,0.11111111
4263,-1.1043698,0.8230372,0.46320307,-0.75660944,-0.4260481,2.860421,1.0978632,-1.8591067,0.11111111
4264,-0.84059,1.0619482,-0.14283551,-1.5117188,-0.31422842,2.499878,1.2734426,-1.675401,0.06666667
4265,-0.84059,1.0619482,-0.14283551,-1.5117188,-0.31422842,2.499878,1.2734425,-1.675401,0.06666667
4266,-1.11026,0.8252193,0.46161556,-0.7576727,-0.41945642,2.868505,1.0933778,-1.8610023,0.07142858
4267,-0.0026735142,-0.5433059,0.47470623,1.1810863,0.3014368,-0.53705144,-0.8546686,0.52405196,0.08333332
4268,-0.30075663,-0.5673987,-0.7411244,0.74615264,0.104605176,-0.78486955,-1.1239114,-0.32490978,0.08333334
4269,0.16400304,-1.1258043,0.91658336,2.1463356,-0.76996034,-1.061385,-0.69562304,0.019034036,0.07142857
4271,0.40883058,-0.001994254,0.3799951,0.15707184,1.1076436,-0.51826364,-0.64740384,1.5284401,0.083333336
4274,0.8442523,0.032415316,-1.0574994,-0.9109064,0.12928069,-1.457474,0.030721031,0.6145004,0.06666666
4275,1.6411238,1.0758383,1.578432,-1.5540253,1.1398511,0.1651146,1.1873499,2.7650585,0.055555563
4276,1.6286597,1.0474912,1.6423805,-1.4781255,1.114597,0.17991428,1.1795623,2.7529697,0.1
4277,1.6386281,1.0713277,1.5896441,-1.5415694,1.1360383,0.16858779,1.1856039,2.7629423,0.05882353
4278,1.6582031,1.0908837,1.5358393,-1.601522,1.1480194,0.14200072,1.198886,2.7756772,0.05555555
4279,1.6269857,1.040366,1.662914,-1.4597946,1.1064076,0.18450254,1.176906,2.7499344,0.08333332
4280,1.6661463,1.0933628,1.5258542,-1.6128345,1.1465877,0.13147102,1.2041092,2.7793946,0.06666667
4281,1.5812379,0.95114344,1.877188,-1.2161419,1.0273945,0.24407144,1.1457396,2.7073526,0.058823537
4282,1.6728499,1.0936553,1.5217429,-1.6180853,1.1429535,0.1229039,1.2083677,2.7816856,0.11111111
4283,1.6090683,1.0278767,1.7007425,-1.4178332,1.101507,0.20888448,1.1649144,2.7395277,0.07142856
4285,0.27289116,-0.08113291,-2.0548387,-0.7894981,1.0664194,-1.7467133,-1.1374733,0.64247894,0.07142857
4286,0.27289116,-0.08113291,-2.0548387,-0.7894981,1.0664194,-1.7467133,-1.1374733,0.64247894,0.07142857
4287,0.27289116,-0.08113291,-2.0548387,-0.7894981,1.0664194,-1.7467133,-1.1374733,0.64247894,0.07142857
4288,0.27289116,-0.08113291,-2.0548387,-0.7894981,1.0664194,-1.7467133,-1.1374733,0.64247894,0.07142857
4289,0.5609145,0.44587436,-0.94854176,-1.2672662,1.0131836,-0.78003865,-0.18913299,1.0857203,0.05882353
4290,0.5609145,0.44587436,-0.94854176,-1.2672662,1.0131836,-0.78003865,-0.18913299,1.0857203,0.05882353
4291,0.5609145,0.44587436,-0.94854176,-1.2672662,1.0131836,-0.78003865,-0.18913299,1.0857203,0.05882353
4292,0.5609145,0.44587436,-0.94854176,-1.2672662,1.0131836,-0.78003865,-0.18913299,1.0857203,0.05882353
4293,0.5609145,0.44587436,-0.94854176,-1.2672662,1.0131836,-0.78003865,-0.18913299,1.0857203,0.05882353
4294,0.5609145,0.44587436,-0.94854176,-1.2672662,1.0131836,-0.78003865,-0.18913299,1.0857203,0.05882353
4295,0.5609145,0.44587436,-0.94854176,-1.2672662,1.0131836,-0.78003865,-0.18913299,1.0857203,0.05882353
4296,0.5609145,0.44587436,-0.94854176,-1.2672662,1.0131836,-0.78003865,-0.18913299,1.0857203,0.05882353
4297,0.2862112,0.29785618,-0.48359048,-0.7117624,0.9786016,-0.4066248,-0.38441494,0.9378252,0.07692308
4298,-0.28817362,-0.18365006,0.80468464,0.9023878,0.74809754,0.37581998,-0.74757415,0.5739486,0.11111113
4299,0.27289116,-0.08113291,-2.0548387,-0.7894981,1.0664194,-1.7467133,-1.1374733,0.64247894,0.07142857
4300,0.27289116,-0.08113291,-2.0548387,-0.7894981,1.0664194,-1.7467133,-1.1374733,0.64247894,0.07142857
4301,0.27289116,-0.08113291,-2.0548387,-0.7894981,1.0664194,-1.7467133,-1.1374733,0.64247894,0.07142857
4302,0.5227127,0.46832308,-0.9754343,-1.2924097,1.0599107,-0.7341744,-0.2123437,1.0760331,0.08333331
4303,0.27289116,-0.08113291,-2.0548387,-0.7894981,1.0664194,-1.7467133,-1.1374733,0.64247894,0.07142857
4305,0.78276575,0.00025897083,-0.64323103,-0.55301017,0.70602995,-1.3809688,-0.41386893,1.2483213,0.07142857
4306,-0.07822797,-0.6400724,0.38615942,1.130505,-0.89150476,-0.29750365,-0.101574615,-0.6904565,0.083333336
4307,0.54665035,0.5217247,0.08255912,-0.91283387,1.0566158,-0.12515613,0.023353137,1.3687435,0.09090909
4308,-1.2267404,0.7566289,0.6660261,-0.5058396,-0.4178279,3.0359457,1.0012853,-1.9364995,0.1
4309,-0.22533159,-0.4334459,1.9797081,1.8153837,0.6892654,0.57668686,-0.8149997,0.9365479,0.111111104
4310,0.16400304,-1.1258043,0.91658336,2.1463356,-0.76996034,-1.061385,-0.69562304,0.019034036,0.07142857
4311,1.2688513,-0.41331312,-0.00024668127,0.108178735,0.010331623,-1.984153,-0.1767331,1.3829142,0.11111111
4312,-0.050961964,-0.52045643,0.61337006,1.1571032,-0.09063415,-0.27591628,-0.5291561,0.103556834,0.07692309
4313,0.56944495,-0.04476864,-0.8404538,-0.5201023,0.42842913,-1.2288008,-0.36383864,0.7177453,0.06666667
4314,-0.14080544,-0.21436808,-0.056991637,0.51320195,0.87815255,-0.33181655,-1.0028,0.6633247,0.07692309
4323,-1.1139772,-0.46301633,0.74868965,1.5884112,-0.15307496,1.2154026,-0.71287745,-1.170163,0.083333336
4324,-1.1872969,-0.41379732,0.6848516,1.5228441,-0.04503998,1.3176041,-0.7658845,-1.1887542,0.040000007
4327,-0.16071534,0.6335485,1.4602607,-0.044283308,2.2925637,1.3679967,-0.7428722,1.9894389,0.11111111
4328,-0.7955586,0.74167097,0.47753054,-0.7865581,-0.72639024,2.4415221,1.3252568,-1.7526642,0.0625
4329,-0.80321586,0.7207496,0.52056116,-0.73141026,-0.7440571,2.4500341,1.321714,-1.7599854,0.07692308
4330,-0.80321586,0.7207496,0.52056116,-0.73141026,-0.7440571,2.4500341,1.321714,-1.7599854,0.07692308
4331,-0.80321586,0.7207496,0.52056116,-0.73141026,-0.7440571,2.4500341,1.321714,-1.7599854,0.07692308
4332,-1.1386435,-0.4464678,0.72715724,1.566485,-0.116840094,1.2497782,-0.7306709,-1.1764355,0.021276595
4333,-0.07496095,-0.6676243,0.44441903,1.1976349,-0.9247221,-0.30140364,-0.09830246,-0.69311976,0.07142857
4334,1.2688513,-0.41331312,-0.00024668127,0.108178735,0.010331623,-1.984153,-0.1767331,1.3829142,0.11111111
4336,0.33099616,0.15718111,-0.5570574,-0.5102017,1.0750906,-0.70443827,-0.60484654,1.1109124,0.099999994
4337,0.54153174,-0.0073183924,0.33792508,0.0781922,1.0281296,-0.6850234,-0.56398934,1.5853827,0.11111111
4338,0.71168375,0.024716131,-0.99593294,-0.7952085,0.25754333,-1.3291544,-0.12219508,0.6273577,0.06666667
4340,0.643495,0.10233436,-1.1095159,-0.92891866,0.3121197,-1.2164406,-0.086060286,0.5508748,0.111111104
4341,0.45976698,0.21348543,1.6818945,0.30217254,0.7083133,0.48550868,0.14934155,1.4443966,0.09090909
4342,0.5238556,-0.79761606,-0.7757168,0.6306331,-0.57596314,-1.8591079,-0.5495216,-0.017959908,0.09090909
4343,-1.2490634,0.521594,1.1767315,0.08732739,-0.6652856,3.0847447,0.9663901,-2.025351,0.06666666
4344,-1.2490634,0.521594,1.1767315,0.08732739,-0.6652856,3.0847447,0.9663901,-2.025351,0.06666666
4345,-1.2490634,0.521594,1.1767315,0.08732739,-0.6652856,3.0847447,0.9663901,-2.025351,0.06666666
4346,-1.2491267,0.5216361,1.1766753,0.08727123,-0.66519314,3.0848315,0.9663418,-2.0253668,0.0625
4347,-1.2494726,0.52186644,1.1763693,0.08696371,-0.6646867,3.0853043,0.966078,-2.0254533,0.050000012
4348,0.12378295,-0.6368162,0.2780096,0.95375377,-1.0071431,-0.5597285,0.018323414,-0.612901,0.11111111
4349,0.8269794,-0.13648121,-0.79648393,-0.52433366,0.00343851,-1.4966164,-0.046309374,0.61607957,0.07692307
4350,0.6608696,-0.03577618,-0.9310529,-0.6422743,0.2136432,-1.300127,-0.14610782,0.57625616,0.066666655
4351,-0.12766641,-0.6309595,0.39279264,1.1485009,-0.85218394,-0.2331157,-0.13140433,-0.70809376,0.035714284
4352,0.35634714,0.13103643,-1.8240478,-1.0612973,1.0933114,-1.4492649,-0.8360723,0.76692414,0.09090909
4353,0.5309364,-0.7005669,-1.9869143,-0.07627194,-0.34198886,-2.370992,-0.7578362,-0.2404544,0.083333336
4354,0.36622876,-0.36856055,1.9598562,0.9764065,-2.0789807,0.6538164,1.5801824,-1.0503553,0.09090909
4360,-0.30941045,0.23998174,0.0650478,-0.09454928,1.0402488,0.5215248,-0.55393547,0.5062024,0.11111111
4361,1.1964153,-0.41334972,-0.707622,-0.4186827,-1.2274214,-1.8774724,0.6606597,-0.08997193,0.07692308
4362,0.49994004,-0.711378,-1.9542567,-0.026676096,-0.3417964,-2.3353505,-0.77812636,-0.25434625,0.07142858
4363,0.73888063,-0.5114635,-0.5010816,0.20945214,-0.35478818,-1.6543338,-0.2561245,0.38736874,0.08333332
4364,0.7000628,-0.67112464,0.021751814,0.40319836,-2.204475,-1.0287422,1.0415027,-1.2252499,0.04761906
4365,-0.06741305,-0.6460285,0.3942274,1.136517,-0.90514493,-0.311705,-0.09468973,-0.6873443,0.07692307
4366,-0.06741305,-0.6460285,0.3942274,1.136517,-0.90514493,-0.311705,-0.09468973,-0.6873443,0.07692307
4370,0.74810314,-0.23153982,-0.5649463,-0.23597382,-0.071521476,-1.4017836,-0.10070258,0.5679383,0.071428575
4372,-0.08231221,-0.67178136,0.4577375,1.2144674,-0.92552626,-0.29142892,-0.102561854,-0.69686425,0.06666667
4373,0.54129624,-0.0071750395,0.3377336,0.07801315,1.0284379,-0.6847246,-0.56413555,1.5853288,0.11111113
4374,0.078771256,0.7633256,-1.3336782,-1.6481057,1.8246417,-0.22971597,-0.6200292,1.1421438,0.07692308
4375,0.7385429,-0.08758938,-0.85869366,-0.57583404,0.10948145,-1.3920236,-0.099728614,0.5939416,0.058823537
4376,-0.28184658,-0.5734152,0.4079703,1.2107836,-0.38068897,-0.09197947,-0.46525234,-0.44643834,0.0625
4377,0.8220571,-0.13349317,-0.8005013,-0.5278371,0.009677954,-1.4908038,-0.049264997,0.6149058,0.07692309
4378,0.5964421,-0.2928205,1.7211103,0.625374,-2.150746,0.36307192,1.7191815,-0.9518987,0.08333333
4379,0.5945307,-0.6129526,-2.1841862,-0.33672547,-0.2572381,-2.447721,-0.7127555,-0.20158231,0.071428575
4380,0.599506,-0.61304975,-2.1858516,-0.34023297,-0.25955045,-2.4533195,-0.70954466,-0.1996283,0.071428575
4381,0.93934137,-0.08510633,-0.84760755,-0.7030973,-0.08244808,-1.5605417,0.086108334,0.6095827,0.07142858
4382,-0.66614974,0.101401486,0.5365686,0.50030893,1.0832424,1.0210685,-0.79631454,0.28140604,0.1
4383,0.91349566,-0.7076479,-1.8344618,-0.20675917,-0.4734968,-2.6906593,-0.5308212,0.061666675,0.090909086
4384,0.6995872,1.1684873,0.043336205,-1.874087,2.1727903,0.28167826,0.027968042,2.3668144,0.055555556
4388,0.8031794,-0.12585808,-0.8083919,-0.53210104,0.02887918,-1.4685206,-0.060855288,0.60965216,0.09090909
4389,0.7323523,-0.078964815,-0.87395173,-0.5918844,0.123440176,-1.3848948,-0.10303958,0.5936335,0.07142858
4390,0.60848343,-0.58434117,-2.246199,-0.41639298,-0.22569199,-2.465112,-0.70181704,-0.19116509,0.07692308
4391,0.6074863,-0.5815079,-2.251373,-0.42246193,-0.22147293,-2.4641647,-0.7021986,-0.1910395,0.08333334
4392,0.58234876,-0.57422554,-2.2567759,-0.42086136,-0.20062642,-2.4362907,-0.71788627,-0.19963291,0.07692309
4393,0.58234876,-0.57422554,-2.2567759,-0.42086136,-0.20062642,-2.4362907,-0.71788627,-0.19963291,0.07692309
4394,0.5855793,-0.5668847,-2.2725267,-0.4409805,-0.19237252,-2.4403627,-0.7152921,-0.19707176,0.08333332
4395,0.5168655,-0.66689396,-2.049002,-0.14724803,-0.2915209,-2.357003,-0.7648948,-0.2405164,0.07142856
4396,0.59471965,-0.57891,-2.2518663,-0.4190908,-0.21246187,-2.4500084,-0.71029705,-0.19565567,0.071428575
4397,0.56978977,-0.6004436,-2.2002132,-0.34816426,-0.2292646,-2.4205592,-0.72755605,-0.20905015,0.049999997
4398,0.60316044,-0.57439876,-2.2640696,-0.43621445,-0.21020164,-2.4597309,-0.7045551,-0.19154394,0.06666668
4399,0.59070873,-0.58245176,-2.2435162,-0.40740502,-0.21518512,-2.445213,-0.7130656,-0.19782206,0.07692308
4400,0.58374643,-0.56924456,-2.2671425,-0.4339533,-0.19474398,-2.4381528,-0.71668845,-0.1982497,0.099999994
4401,0.58374643,-0.56924456,-2.2671425,-0.4339533,-0.19474398,-2.4381528,-0.71668845,-0.1982497,0.099999994
4402,0.5161468,-0.6637002,-2.0549679,-0.15456474,-0.2873693,-2.3563862,-0.765385,-0.24042198,0.07692307
4403,0.58374643,-0.56924456,-2.2671425,-0.4339533,-0.19474398,-2.4381528,-0.71668845,-0.1982497,0.099999994
4404,0.58787596,-0.58596224,-2.2353923,-0.39690667,-0.21858646,-2.4418685,-0.7151077,-0.19953346,0.07142857
4405,0.5956602,-0.57935256,-2.2513278,-0.41873986,-0.21345969,-2.4510472,-0.70971483,-0.19535917,0.07692308
4406,0.50785047,-0.6788956,-2.0217845,-0.11129083,-0.30299187,-2.3461566,-0.7712413,-0.24592313,0.0625
4407,0.6002346,-0.5791478,-2.2534375,-0.42267656,-0.21517418,-2.4562328,-0.70671445,-0.19349176,0.0909091
4408,0.6002346,-0.5791478,-2.2534375,-0.42267656,-0.21517418,-2.4562328,-0.70671445,-0.19349176,0.0909091
4409,0.85537016,-0.17107935,-0.73726386,-0.46240467,-0.054203257,-1.5298706,-0.03059696,0.61885726,0.083333336
4410,0.8486562,-0.16565907,-0.7455729,-0.4704156,-0.044014364,-1.5219727,-0.0345153,0.61758333,0.07692308
4411,0.5885307,-0.58361363,-2.2403572,-0.4030112,-0.21576415,-2.4427156,-0.714539,-0.19887367,0.071428575
4418,-0.59799385,-0.3122269,1.1633427,1.4647342,1.0906334,0.68743455,-1.2135825,0.64606917,0.33333334
4420,-0.10962595,-0.654503,-1.1156981,0.1791755,-2.638655,-0.4168263,0.9983302,-2.8526702,0.07692308
4421,-0.14068373,-0.5706106,-1.2485541,0.012728818,-2.5312576,-0.3664195,0.9751428,-2.8576214,0.11111111
4422,-0.8366121,-0.5736731,-0.8154667,0.618383,-2.2006056,0.55946964,0.5380073,-3.161435,0.07692309
4423,-0.27455038,-0.5510885,-1.2438163,0.07414344,-2.4316797,-0.20706442,0.9031396,-2.899669,0.07142858
4424,-0.11832391,-0.5942786,-1.1999274,0.0523315,-2.5831738,-0.3881744,0.98488814,-2.864719,0.071428575
4425,-0.12800361,-0.608036,-1.1662325,0.091960326,-2.5963287,-0.37686205,0.9793479,-2.8723004,0.083333336
4426,-0.7592556,-1.1741952,0.51359373,2.0312326,-2.9332871,0.49702555,0.52017295,-3.2163446,0.083333336
4427,-0.008896053,-0.17762747,-2.138057,-1.014093,-2.0456755,-0.54529774,1.0662055,-2.6634176,0.090909086
4428,-0.50626034,-0.6824824,-0.77157986,0.59370565,-2.519092,0.13175629,0.7349395,-3.065562,0.07692308
4429,1.0841839,-0.99725837,-1.1631559,0.42220706,-0.9909246,-2.795454,-0.38971558,0.06381968,0.0625
4430,1.1772532,-0.94804084,-1.3006959,0.2282497,-0.97251666,-2.899716,-0.33289203,0.10431965,0.11111111
4431,1.3888878,-0.41004533,0.92756903,0.5208436,0.1756765,-1.7145514,-0.1251815,1.9191875,0.090909086
4437,1.4159348,-0.7454114,-1.3285941,-0.12509944,-0.36730528,-3.0841224,-0.4577093,0.83143127,0.05555555
4438,1.4196454,-0.747612,-1.3253211,-0.12252189,-0.37192822,-3.0880892,-0.45559072,0.8322295,0.10000001
4439,0.06449825,0.2449633,-0.37185067,-0.61124265,0.057692118,0.09734808,0.2390728,-0.12493622,0.083333336
4441,0.35964864,0.12912297,-1.8218592,-1.0592183,1.0893202,-1.4532378,-0.83407986,0.76774347,0.11111113
4444,0.45997828,0.3705681,3.5375156,0.8728613,0.92967284,1.6749889,0.4604217,1.945459,0.1111111
4446,1.200519,1.1079832,1.5401009,-1.292787,2.2946742,0.45882422,0.23073152,3.3861778,0.33333334
4455,0.75319463,-0.4803999,-0.41088754,0.17445949,-0.45783132,-1.559861,-0.12157935,0.3164411,0.055555552
4456,0.7389734,-0.5084043,-0.5184341,0.19884737,-0.34195966,-1.6627855,-0.26460758,0.39425918,0.09090908
4471,-0.5572444,-0.48682404,-0.59850955,0.69152397,-0.6032497,-0.06432071,-0.46711338,-1.2746807,0.07692307
4472,-0.7534037,-0.8940478,0.50949574,1.9263602,-1.0045159,0.2607522,-0.57134724,-1.4448099,0.083333336
4475,0.4081967,-0.45642188,-1.8572718,-0.34870845,-0.15344177,-1.9026294,-0.6100567,-0.2279607,0.0909091
4476,0.67257804,-0.92736226,-1.6936386,0.21338218,-1.234508,-2.4013803,-0.3176971,-0.78721,0.062499996
4477,0.6039437,-0.984303,-1.5385627,0.409284,-1.2891141,-2.3150954,-0.36603963,-0.83439696,0.111111104
4478,0.67257804,-0.92736226,-1.6936386,0.21338218,-1.234508,-2.4013803,-0.3176971,-0.78721,0.062499996
4479,0.7355688,-0.9071055,-1.7657057,0.11275633,-1.229718,-2.477109,-0.2759502,-0.752077,0.055555563
4498,0.66897994,1.4650985,1.1441419,-1.7738416,2.8838108,1.199028,-0.015159778,3.145841,0.20000002
4499,0.6689799,1.4650985,1.1441419,-1.7738416,2.8838108,1.199028,-0.015159778,3.145841,0.20000002
4504,0.7092003,1.1631771,0.05013256,-1.867785,2.1613548,0.27025288,0.034008607,2.3696768,0.09090908
4505,-0.46024072,0.26958817,0.07551872,-0.061511807,1.1635071,0.72551286,-0.6551638,0.43921345,0.083333336
4506,0.647131,0.64896107,-0.24241681,-1.2958094,1.1452556,-0.26618618,0.0929574,1.434617,0.06666667
4507,0.66250616,0.66183704,-0.24058194,-1.3205742,1.155676,-0.26776767,0.10717248,1.4572742,0.066666655
4508,-1.1068124,0.6588542,0.81122863,-0.3541559,-0.61432815,2.8742785,1.0913239,-1.9148618,0.083333336
4509,-0.18682997,-0.2544883,0.5926027,0.90253925,0.8655162,0.014161162,-0.9369233,0.7751938,0.07692309
4510,0.43534094,-0.2625071,-0.51974577,0.08290007,0.71027464,-1.2637408,-0.82465863,1.0171219,0.07692309
4511,-0.790639,-0.62965167,0.043407664,1.5871148,0.8115273,-0.053072937,-1.7074727,0.024834096,0.083333336
4512,-1.1240753,0.7081246,0.71820074,-0.46031046,-0.54555917,2.8968718,1.0777053,-1.9077564,0.058823526
4513,0.33110183,-0.23267968,-0.39605355,0.12090805,0.48523754,-0.9918425,-0.6295168,0.7216048,0.083333336
4514,0.6110715,0.3668919,-0.06833655,-0.9224494,0.061689302,-0.23543002,0.57883334,0.5058255,0.058823522
4515,-0.05457163,-0.54022646,2.1293356,1.9581243,0.4562096,0.3476081,-0.69743323,0.99259937,0.0909091
4516,-0.058266446,-0.53417957,2.1176577,1.945625,0.46615213,0.35226876,-0.7003043,0.99277914,0.0625
4517,0.46401525,0.23036729,1.6451218,0.25828645,0.72582173,0.48036295,0.15170944,1.4506395,0.083333336
4518,0.2984025,0.041074652,0.34016842,0.13099185,1.2222028,-0.37711972,-0.7167224,1.4928713,0.071428575
4519,0.28494853,-0.00056016917,-0.92282593,-0.40779155,1.00704,-1.0384743,-0.81791425,0.94552016,0.07142857
4520,0.47405618,-0.130977,-1.2697507,-0.52474564,0.5314679,-1.489835,-0.6574981,0.6090627,0.07692309
4521,0.040084593,0.35375643,-0.85416687,-0.8073616,1.3443813,-0.33097005,-0.69495887,0.9093027,0.05
4522,0.6863524,1.1757977,0.033979237,-1.8827627,2.1885345,0.29740816,0.019651607,2.3628724,0.07692308
4523,-0.8358136,0.8006945,0.38202846,-0.89767325,-0.6338473,2.497599,1.2932762,-1.7544712,0.05882353
4524,-0.7981103,0.7511465,0.46053022,-0.80720824,-0.7143876,2.4454458,1.3228489,-1.7515714,0.066666655
4525,-0.07617244,-0.6671627,0.47053188,1.2676,-0.61501026,-0.37615222,-0.330181,-0.389271,0.099999994
4526,0.3182547,0.032646276,0.3603862,0.14314568,1.2033476,-0.39697343,-0.70427567,1.5045503,0.071428575
4527,0.35368502,0.0146299,0.37431544,0.15800384,1.1597999,-0.44579154,-0.6820704,1.511286,0.06250001
4528,0.5723073,-0.010004523,-0.8371822,-0.60158175,0.26306456,-1.1397383,-0.19746092,0.54382527,0.052631587
4529,-1.6779258,0.21869136,0.42692506,0.7573541,1.980208,2.2490587,-1.6566243,-0.234759,0.076923065
4530,-1.010535,0.8912186,0.28098786,-0.9848216,-0.40658337,2.7307494,1.162652,-1.7979892,0.071428575
4542,0.66445816,-0.0379361,-0.9282038,-0.63976735,0.20912343,-1.3043879,-0.1439383,0.57713604,0.071428575
4554,-0.0037905425,0.7490931,1.5446771,-0.23114996,2.5409353,1.3376837,-0.7274435,2.3777783,1.0
4561,1.602869,1.0176917,1.7262913,-1.3893286,1.0929918,0.21734817,1.1605766,2.734299,0.06666667
4562,1.6728499,1.0936553,1.5217429,-1.6180853,1.1429535,0.1229039,1.2083677,2.7816856,0.11111111
4563,1.3015085,0.6341576,2.6786826,-0.272394,0.81932294,0.5971526,0.96677285,2.5148962,0.11111111
4564,1.3015085,0.6341576,2.6786826,-0.272394,0.81932294,0.5971526,0.96677285,2.5148962,0.11111111
4565,-0.08177093,-1.2574654,0.15987122,2.1967514,-0.5972264,-1.3732809,-1.2304513,-0.21899971,0.08333334
4570,-0.20663737,-0.32662252,0.22790521,0.8532375,0.7755492,-0.23193169,-1.0393734,0.60364527,0.08333333
4581,-0.85311973,-0.12189826,1.5024763,1.3123368,0.66893095,1.5567738,-0.67539376,-0.045882583,0.2
4587,-0.15035065,0.106892765,2.5977194,1.2635714,1.7970623,1.3544759,-0.8452994,1.9479167,0.19999999
4610,1.4785899,0.21551238,0.28997147,-0.79229426,0.5219257,-1.3578769,0.3316066,1.9616802,0.11111111
4616,0.72307736,-0.073355675,-0.8814332,-0.5984354,0.1351647,-1.3739176,-0.10862145,0.59139144,0.058823522
4617,1.0633473,0.1601235,0.5084297,-0.8060121,-1.8341371,-0.2515122,2.0364969,-0.5924622,0.06666666
4618,0.33198696,0.03831163,1.186661,0.046903946,-1.6544486,0.72718155,1.5815083,-0.99902606,0.09090908
4619,0.002534777,-0.16827254,1.7538322,0.7842618,-1.6706743,1.1556292,1.362427,-1.1771728,0.090909086
4620,0.2855443,0.12563728,0.997121,-0.12990402,-1.5048851,0.7716061,1.5668294,-0.97571397,0.0909091
4621,0.4271183,-0.32995057,1.861675,0.84007365,-2.0802388,0.5791565,1.6180463,-1.0219748,0.083333336
4622,0.4271183,-0.32995057,1.861675,0.84007365,-2.0802388,0.5791565,1.6180463,-1.0219748,0.083333336
4623,0.4271183,-0.32995057,1.861675,0.84007365,-2.0802388,0.5791565,1.6180463,-1.0219748,0.083333336
4624,0.84657335,-0.22022785,0.7916565,-0.053106844,-2.1742947,-0.27496898,1.7430773,-0.9642637,0.071428575
4625,0.9561017,-0.046814736,0.79056233,-0.35980856,-2.1002095,-0.20298986,1.9300895,-0.83177733,0.1
4626,0.92236954,-0.10108832,0.7283595,-0.29839015,-2.1412656,-0.24789241,1.8770806,-0.908165,0.08333333
4627,0.79533887,-0.41003,0.83108956,0.32396072,-2.062874,-0.4812444,1.4042583,-0.8390491,0.09090909
4628,0.79533887,-0.41003,0.83108956,0.32396072,-2.062874,-0.4812444,1.4042583,-0.8390491,0.09090909
4629,0.42988676,-0.3262546,1.8542033,0.829348,-2.0789435,0.576068,1.6199858,-1.0206622,0.07692307
4630,0.003538452,0.1889347,2.2329051,0.6245462,-0.307639,1.5445096,0.8410296,0.105165124,0.11111111
4631,0.0035287812,0.19536217,2.2198722,0.60930663,-0.30036652,1.5445008,0.84151363,0.10717709,0.09090909
4632,0.0035287812,0.19536215,2.2198722,0.60930663,-0.30036652,1.5445008,0.84151363,0.10717709,0.09090909
4633,0.7502307,-0.8289232,-1.9020315,-0.06398934,-1.0563463,-2.5125551,-0.3158128,-0.64702344,0.09090909
4634,0.6927939,-0.8289725,-1.878637,-0.01906266,-1.032895,-2.4467669,-0.35176212,-0.6724614,0.07692308
4635,0.7515652,-0.8286034,-1.9033765,-0.06582264,-1.0564547,-2.514121,-0.31499976,-0.6463773,0.090909086
4636,0.7502308,-0.8289232,-1.9020315,-0.063989334,-1.0563464,-2.512555,-0.3158128,-0.64702344,0.09090909
4637,-0.22307433,-0.33079383,0.24623999,0.87736994,0.779756,-0.20898066,-1.04899,0.59489167,0.07692307
4638,1.1772532,-0.94804084,-1.3006959,0.2282497,-0.9725168,-2.899716,-0.332892,0.10431965,0.11111111
4639,0.74720055,-0.89569664,-1.7894653,0.07649104,-1.2226793,-2.4899328,-0.2692811,-0.74717903,0.09090908
4640,0.53370094,-0.8948828,-1.7394745,0.23584181,-1.1064179,-2.2574646,-0.39065653,-0.8213142,0.11111111
4641,0.53370094,-0.8948828,-1.7394745,0.23584181,-1.1064179,-2.2574646,-0.39065653,-0.8213142,0.11111111
4642,-0.88207585,-0.2175718,1.2917861,1.3410388,0.19807976,1.463737,-0.48747313,-0.530264,0.11111113
4643,-0.71401703,-0.27459455,1.1759123,1.2767673,-0.09694725,1.1870499,-0.29882896,-0.60748625,0.1
4644,-0.51904166,-0.21833032,0.9722487,0.9816416,-0.17817189,0.93082213,-0.17218426,-0.52279675,0.090909086
4645,0.070841126,0.24334058,-0.36862642,-0.6118379,0.04981863,0.09059392,0.24225128,-0.12475133,0.08333332
4647,0.4081967,-0.45642188,-1.8572718,-0.34870845,-0.15344177,-1.9026294,-0.6100567,-0.2279607,0.0909091
4648,-0.10053666,-1.2714922,0.21068539,2.254925,-0.6078973,-1.3447287,-1.2380279,-0.22972867,0.11111113
4654,-0.08177094,-1.2574654,0.15987122,2.1967514,-0.5972264,-1.3732809,-1.2304513,-0.21899971,0.08333334
4674,0.5759823,-0.81405663,-1.8610905,0.03510225,-0.96765995,-2.3155375,-0.42419675,-0.72216606,0.11111113
4675,-0.27454597,-0.3380606,0.2889575,0.93745196,0.800988,-0.13876686,-1.0796205,0.57023466,0.06666667
4681,0.43534094,-0.2625071,-0.51974577,0.08290007,0.71027464,-1.2637408,-0.82465863,1.0171219,0.07692309
4682,0.4732687,-0.4983796,-0.22759278,0.33434254,-0.9975176,-1.0214062,0.24055451,-0.41332993,0.08333334
4683,0.7476182,-0.08823162,-0.8616082,-0.58101207,0.10411774,-1.4029521,-0.0938773,0.59729433,0.05555555
4684,0.16421281,-1.1266344,0.91677696,2.147151,-0.77332324,-1.0617474,-0.6940942,0.016346633,0.071428575
4686,1.4851564,0.25542513,0.20102695,-0.89349335,0.5655873,-1.365951,0.33975488,1.972567,0.083333336
4687,-0.85311973,-0.12189826,1.5024763,1.3123368,0.66893095,1.5567739,-0.67539376,-0.045882553,0.2
4688,1.4806676,0.24784085,0.21953106,-0.87188584,0.559067,-1.3604641,0.3361029,1.9695624,0.083333336
4689,0.1906248,-0.59047484,0.49135578,1.0802246,-0.23835365,-0.68779093,-0.4640974,0.23600811,0.07692309
4690,0.8489275,-0.14989266,-0.77827936,-0.5084723,-0.024446413,-1.5224894,-0.03323768,0.6211697,0.06666667
4691,1.4715611,0.24472487,0.23186558,-0.8577933,0.55979365,-1.3489802,0.32982096,1.9656507,0.071428575
4692,1.4725381,0.25010923,0.21951811,-0.8715587,0.5658301,-1.3502113,0.33102298,1.9673145,0.083333336
4693,1.0662909,-0.25659332,1.1714795,0.50550145,0.17991602,-1.0143037,0.023548886,1.6193013,0.09999999
4694,1.1364862,-0.11965181,1.6458893,0.48288262,0.24936673,-0.67958975,0.24426866,1.8285872,0.09090909
4695,1.4783646,0.25199056,0.21262446,-0.88036865,0.56472546,-1.3573377,0.33487287,1.9693531,0.052631587
4696,1.4741178,0.2641173,0.18914396,-0.9064514,0.58134216,-1.3521008,0.33343688,1.9707054,0.083333336
4697,1.0662905,-0.25659359,1.1714869,0.5055059,0.17991596,-1.0143,0.02354978,1.6193031,0.10000001
4698,1.1364865,-0.11965161,1.6458884,0.48288184,0.24936694,-0.6795902,0.24426875,1.8285874,0.0909091
4699,1.3717598,0.39174423,2.5729485,0.009306431,0.5446865,0.17961717,0.8743718,2.3895485,0.09090908
4700,0.72531855,-0.07470768,-0.87964386,-0.59686047,0.13233791,-1.3765757,-0.107270084,0.5919378,0.058823522
4701,0.56127316,-1.2927862,0.50892144,2.0774195,-0.70409423,-1.9689292,-0.9323657,0.46590218,0.12499999
4702,-0.80062807,0.72554153,0.5102272,-0.7446855,-0.7406903,2.446971,1.3231654,-1.7580225,0.07692308
4704,0.81463516,-0.8289121,-1.929236,-0.114122584,-1.0817124,-2.5860686,-0.27552348,-0.618086,0.11111113
4706,-0.46474886,0.7848389,0.37115878,-0.80762285,1.0213851,1.6051328,0.13312155,0.19952601,0.1
4708,0.7537781,-0.82801145,-1.9061059,-0.068951935,-1.0558925,-2.5165968,-0.31350395,-0.6449971,0.1
4709,0.40644222,-0.8527817,-1.7140061,0.26580626,-0.94085264,-2.1153648,-0.529893,-0.79948556,0.08333333
4720,0.72328305,-0.08529609,-0.896683,-0.5876132,0.12937853,-1.3956501,-0.12138057,0.5847795,0.04761905
4721,1.4917994,0.274653,0.15651472,-0.9450126,0.5844303,-1.3739445,0.34566793,1.9786619,0.1
4723,0.85577434,-0.15410292,-0.7726353,-0.503451,-0.033143252,-1.5305697,-0.029186994,0.62274003,0.1
4726,0.4822666,-0.85216045,-1.7463584,0.20501737,-0.9711572,-2.2021728,-0.48263565,-0.7659602,0.05882353
4727,0.26986033,-0.5301849,0.27203423,0.8419224,-0.19944851,-0.8170076,-0.4355486,0.27603185,0.07692308
4728,0.6635646,-0.037398458,-0.928913,-0.6403912,0.21024874,-1.303327,-0.14447881,0.5769167,0.06250001
4729,0.74879014,-0.0889428,-0.86065894,-0.5801782,0.102634065,-1.404338,-0.093173765,0.5975753,0.058823522
4730,0.10443981,-0.7456994,0.909985,1.5659124,-0.38044327,-0.5544047,-0.48557627,0.17659256,0.10000001
4731,0.5759823,-0.81405663,-1.8610905,0.03510225,-0.96766007,-2.3155375,-0.42419675,-0.72216606,0.11111113
4732,0.30721903,-0.8657506,-1.6487707,0.37692827,-0.9123517,-1.9993445,-0.59135926,-0.84287965,0.083333336
4733,-0.020408548,-1.2060283,0.80006266,2.333192,-0.7002092,-1.0350103,-0.9621561,-0.120361716,0.058823522
4734,0.7712446,-0.102575965,-0.8424485,-0.564184,0.07419815,-1.4308829,-0.079697594,0.6029497,0.06666667
4737,0.78012234,-0.10797865,-0.83523643,-0.5578291,0.06294648,-1.4413737,-0.07437747,0.60506177,0.1
4738,0.7712446,-0.102575965,-0.8424485,-0.564184,0.07419815,-1.4308829,-0.079697594,0.6029497,0.06666667
4739,0.7712446,-0.102575965,-0.8424485,-0.564184,0.07419815,-1.4308829,-0.079697594,0.6029497,0.06666667
4740,0.7712446,-0.102575965,-0.8424485,-0.564184,0.07419815,-1.4308829,-0.079697594,0.6029497,0.06666667
4741,1.0611929,1.1299294,1.868251,-1.1113856,2.475811,0.7963792,0.12981251,3.465906,0.5
4743,0.7479338,-0.08838525,-0.8613438,-0.5808853,0.103734575,-1.4033271,-0.09366283,0.59739995,0.111111104
4744,0.76384634,-0.09807419,-0.84832317,-0.5694833,0.08354719,-1.4221139,-0.08413378,0.60116255,0.09090909
4745,0.7905332,-0.12337706,-0.807881,-0.52870643,0.0383631,-1.453459,-0.068801075,0.6054883,0.11111113
4746,0.7283875,-0.50273633,-0.41032076,0.23046705,-0.42621243,-1.5658973,-0.1773291,0.33178705,0.1
4748,0.50099087,-0.71860665,-1.9402245,-0.009835914,-0.3515311,-2.336136,-0.7777178,-0.2549961,0.08333333
4749,0.4341979,-0.62308013,-2.1071208,-0.1915851,-0.19452597,-2.265882,-0.81443125,-0.26438823,0.083333336
4750,0.4341979,-0.62308013,-2.1071208,-0.1915851,-0.19452597,-2.265882,-0.81443125,-0.26438823,0.083333336
4751,0.53725445,-0.5431907,-2.2924023,-0.4633575,-0.18189491,-2.3672926,-0.7104501,-0.25002787,0.090909086
4753,0.25575656,-0.42692247,-0.26778054,0.32864386,-0.8093515,-0.74626064,0.10609441,-0.49998406,0.08333332
4754,-0.23143591,-0.16203205,0.5697425,0.78472316,1.087555,0.13293417,-1.0011986,0.89497733,0.09090908
4755,0.7730894,0.4340111,0.9912543,-0.501347,0.7559065,0.046922244,0.36601007,1.5859574,0.08333333
4756,-0.46918547,0.7879226,0.3669284,-0.8120932,1.0275398,1.6109288,0.12981132,0.19798127,0.11111111
4757,0.03650311,0.031356763,2.7013571,1.3075936,1.3657798,1.1586905,-0.54642,1.8330797,0.125
4758,-0.12142883,-0.44250542,0.003725335,0.72799206,-0.3302359,-0.32296884,-0.37650925,-0.3730804,0.09090909
4759,0.71443987,0.3666614,-1.0144306,-1.2023828,1.2349708,-1.1541724,-0.42688176,1.4610983,0.11111111
4762,-0.07842253,-0.5399596,0.17820945,0.8837367,-0.77255374,-0.29504424,-0.104337424,-0.672063,0.071428575
4764,0.6454623,-0.41109437,-0.48579752,-0.00902915,-0.97147703,-1.229838,0.34246832,-0.31845358,0.08333334
4765,0.07359877,0.72285885,0.07686913,-0.9561618,1.7291601,0.5348861,-0.37270898,1.4256926,0.06666667
4766,0.56127316,-1.2927862,0.50892144,2.0774195,-0.70409423,-1.9689292,-0.9323657,0.46590218,0.12499999
4767,0.56127316,-1.2927862,0.50892144,2.0774195,-0.70409423,-1.9689292,-0.9323657,0.46590218,0.12499999
4768,1.4196454,-0.747612,-1.3253211,-0.12252189,-0.37192822,-3.0880892,-0.45559072,0.8322295,0.10000001
4773,0.0035287812,0.19536217,2.2198722,0.60930663,-0.30036652,1.5445008,0.84151363,0.10717709,0.09090909
4777,0.010476381,-0.4999305,0.43493545,1.0851283,0.31360012,-0.5140796,-0.8032585,0.5259577,0.11111111
4778,0.018382616,-0.6505589,0.3604749,1.0769364,-0.9604387,-0.42267746,-0.04350502,-0.65502846,0.066666685
4779,0.7774647,-0.57418627,-0.13426808,0.2978885,-1.3343029,-1.3314016,0.49358717,-0.37436405,0.111111104
4780,-0.10584544,-0.079641595,0.48202878,0.50524694,0.7671284,0.12342432,-0.6263558,0.688498,0.05263158
4782,-0.044705674,-0.073792435,0.49000114,0.4684804,0.747314,0.066851884,-0.5844827,0.7382227,0.047619052
4783,0.02901531,0.61842704,0.11367231,-0.7456954,1.78365,0.45836884,-0.5501453,1.4684741,0.16666667
4784,-0.8479555,1.0793619,-0.17451687,-1.5470239,-0.28776574,2.5090413,1.2670355,-1.672614,0.08333334
4785,0.27662084,0.91387624,-0.90504,-1.7451051,2.0207427,-0.07791369,-0.44948843,1.6126332,0.090909086
4786,0.10231287,-0.049482062,0.31166855,0.27706185,0.7000375,-0.15957159,-0.5025512,0.80560136,0.07692308
4787,1.2947667,-0.39796948,-0.054999784,0.040246062,-0.0056521297,-2.0145595,-0.14866382,1.3718208,0.11111111
4796,0.4458989,-0.3246097,1.8446398,0.81336737,-2.0875373,0.5554573,1.6294497,-1.0143872,0.07692307
4799,0.57495,-0.38387838,-0.51674664,-0.021560915,-0.90287447,-1.1470795,0.30245423,-0.34053987,0.099999994
4801,1.0291779,0.6802338,0.22388065,-1.2283357,1.532378,-0.4982636,0.029605784,2.3132334,0.125
4802,-0.021847822,0.3144764,-1.1750438,-0.86344326,1.4108052,-0.49557906,-0.8680515,0.8246944,0.06666667
4803,1.5647254,0.9340289,1.9229572,-1.16416,1.01633,0.26589924,1.1348587,2.6961343,0.071428575
4804,1.602869,1.0176917,1.7262913,-1.3893286,1.0929918,0.21734817,1.1605767,2.734299,0.06666667
4805,1.6728499,1.0936553,1.5217429,-1.6180853,1.1429535,0.1229039,1.2083677,2.7816856,0.11111111
4820,0.5726206,-0.563683,-0.04879856,0.43146086,-1.2297717,-1.0806421,0.37799862,-0.4641172,0.09090909
4823,-0.50626034,-0.6824824,-0.77157986,0.59370565,-2.519092,0.13175629,0.7349395,-3.065562,0.07692308
4824,0.5236821,0.35010704,1.4683123,-0.026969463,0.86774933,0.44837028,0.176646,1.566739,0.07692308
4825,-1.5095161,0.41439354,1.544974,0.54290205,-0.5846518,3.4644876,0.7312204,-2.1871498,0.11111111
4826,-0.7915451,1.1039364,-0.2515328,-1.6454812,-0.29091603,2.4306197,1.3043901,-1.6395061,0.11111111
4827,0.85403824,0.78654635,2.045476,-0.52672297,1.6591809,0.8183974,0.2959797,2.6424758,0.083333336
4828,-1.4259183,0.53554803,1.2626843,0.19013236,-0.5327075,3.3462527,0.8134091,-2.1190717,0.111111104
4829,0.4765147,0.24024051,0.26734206,-0.5170196,-0.02294293,-0.055926755,0.5034793,0.41482005,0.08333334
4830,-1.4259183,0.53554803,1.2626843,0.19013236,-0.5327075,3.3462527,0.8134091,-2.1190717,0.111111104
4831,-1.16864,0.59644794,0.9810298,-0.15364705,-0.6430529,2.9691274,1.0355549,-1.9673399,0.07142858
4832,-0.052228503,0.530467,1.648141,0.14431778,2.1013656,1.2351089,-0.6685971,2.0163345,0.11111111
4833,0.69810414,0.43636718,-0.33966756,-1.1870124,0.08078773,-0.38572592,0.6377805,0.5197749,0.1
4834,0.103062496,0.6898985,0.13480961,-0.89583474,1.6732565,0.50116765,-0.35546425,1.4303975,0.111111104
4835,-1.5339351,0.12637722,0.5577083,0.89706933,1.7667382,2.04282,-1.5494921,-0.18432051,0.06666667
4836,-0.23809837,-0.21467921,0.8473439,0.9433445,0.68055636,0.30974668,-0.71397096,0.58952105,0.055555556
4837,0.10443623,-0.029293664,0.26898324,0.22554272,0.72241956,-0.16259435,-0.50214094,0.811129,0.09090909
4838,-1.5034392,0.42586195,1.4628221,0.50272673,-0.44845444,3.3953083,0.6315385,-2.0739753,0.062499993
4839,0.44033533,0.26373395,2.1715848,0.4878283,1.0746853,0.76865077,-0.0031532198,1.8456223,0.083333336
4840,-1.0583153,0.20745887,0.8048659,0.579064,0.92286104,1.8515483,-0.6295625,-0.32675582,0.0625
4841,-0.021915823,-0.12808311,0.5444222,0.56536233,0.6714862,0.010535911,-0.5797929,0.7254312,0.07692307
4842,-0.13797311,-0.21299939,0.79182,0.8645967,0.6268939,0.17366102,-0.6505576,0.6405432,0.076923065
4843,-1.4259183,0.53554803,1.2626843,0.19013236,-0.5327075,3.3462527,0.8134091,-2.1190717,0.111111104
4844,0.85403824,0.78654635,2.045476,-0.52672297,1.6591809,0.8183974,0.2959797,2.6424758,0.083333336
4845,-1.5377157,0.45307136,1.4774292,0.46815884,-0.5213458,3.5019822,0.71144515,-2.1880195,0.09090909
4846,-0.05222851,0.530467,1.648141,0.14431776,2.1013656,1.2351089,-0.6685971,2.0163345,0.11111111
4847,0.103062496,0.6898985,0.13480961,-0.89583474,1.6732565,0.50116765,-0.35546425,1.4303975,0.111111104
4848,-0.003410399,-0.009966448,2.63558,1.3584694,1.3144351,1.1240563,-0.5809422,1.7429265,0.10000001
4849,-0.20855938,-0.54128027,0.54135185,1.1887406,-0.30500078,-0.08801923,-0.44110584,-0.27047166,0.05555555
4850,0.6220319,0.45611912,2.0669882,0.07921454,1.2730141,0.7142646,0.10981227,2.1384044,0.07692308
4851,0.51290375,0.47407776,-0.9822885,-1.2988414,1.0718929,-0.7223767,-0.21830988,1.073533,0.11111111
4852,0.7846663,0.6873829,1.8097143,-0.49048787,1.3657082,0.7034788,0.33814284,2.2731144,0.0625
4853,-0.68388444,0.51653,-0.7792224,-0.6892888,1.8300225,0.7002488,-1.0745214,0.5204643,0.111111104
4854,0.078771256,0.7633256,-1.3336782,-1.6481057,1.8246417,-0.22971597,-0.6200292,1.1421438,0.07692308
4855,-0.23816608,-0.21463807,0.8472886,0.94329333,0.6806454,0.30983466,-0.71401554,0.5895021,0.11111111
4856,-1.1836478,0.6032939,0.9816384,-0.15703698,-0.62116456,2.9953215,1.0154175,-1.9762877,0.08333334
4857,-0.005563684,-0.09885019,0.47353226,0.48062974,0.6980783,-0.012461178,-0.56973976,0.74037695,0.07142857
4858,0.5358027,0.05577989,0.49598473,-0.17116922,-0.32663685,-0.18138097,0.5501926,0.30138874,0.0625
4859,-1.509516,0.4143935,1.5449736,0.54290205,-0.58465177,3.464487,0.73122036,-2.1871495,0.11111111
4860,0.8578688,0.69782865,1.3319418,-0.7215454,1.3806176,0.35038054,0.27635223,2.2462997,0.071428575
4861,-0.23816608,-0.21463807,0.8472886,0.94329333,0.6806454,0.30983466,-0.71401554,0.5895021,0.11111111
4862,-1.6479002,0.21666315,0.4195636,0.7419112,1.9546298,2.2058258,-1.6351681,-0.21937543,0.11111111
4863,0.085248955,-0.082643725,1.116166,0.6901481,0.65803075,0.24965824,-0.3917462,0.95382833,0.06666667
4864,-1.2566557,0.77539974,0.6452432,-0.5287737,-0.37688053,3.0785952,0.97697955,-1.9461483,0.11111111
4865,0.8306247,0.675078,0.18220851,-1.2251976,1.1307917,-0.20740268,0.2542787,1.7138231,0.058823526
4866,0.52432007,0.3428179,-0.13555461,-0.86574507,0.03885767,-0.19084676,0.553506,0.38647464,0.09090909
4867,0.5415787,0.45724404,-0.9621922,-1.2800118,1.0368465,-0.7568406,-0.20087609,1.0808271,0.111111104
4868,-0.797573,0.07077544,0.47548622,0.65033,1.6278524,0.9892819,-1.295938,0.6198815,0.1
4869,-0.24260826,-0.18385793,0.6260343,0.84887,1.064445,0.15122396,-1.0081044,0.8806009,0.11111111
4870,-0.11971606,-0.19617738,0.7453422,0.8089061,0.6383258,0.14775229,-0.6394094,0.65499973,0.07692307
4871,-1.1686399,0.59644794,0.9810298,-0.15364707,-0.64305294,2.9691272,1.0355549,-1.9673396,0.071428575
4872,-1.0570787,0.88297105,0.3231914,-0.93154204,-0.38847882,2.7975364,1.1279849,-1.8235105,0.111111104
4873,0.599475,0.69405127,1.6342411,-0.4452811,1.5940768,0.7656291,0.098097555,2.2408829,0.0625
4874,0.18872404,0.13229093,1.2163502,0.395127,1.1034521,0.3746403,-0.40541324,1.4334865,0.5
4875,-1.0358534,0.9258008,0.24547729,-1.0394653,-0.35228342,2.7796059,1.1284952,-1.811636,0.06666667
4876,0.98570085,0.81608164,0.6143107,-1.2910427,1.3410634,-0.010414645,0.38522476,2.1369684,0.06666666
4877,0.039504774,-0.05232689,0.35119876,0.33130068,0.73024726,-0.0749346,-0.5426531,0.77482617,0.05882353
4878,-0.13797311,-0.21299939,0.79182,0.8645967,0.6268939,0.17366104,-0.6505576,0.6405432,0.076923065
4879,0.029057175,0.6185604,0.11208609,-0.74666786,1.7836565,0.45760906,-0.5502449,1.4680916,0.16666666
4880,-1.434005,0.552922,1.2289762,0.15306294,-0.506929,3.3559918,0.80856717,-2.1165376,0.09090909
4881,-0.8479555,1.0793618,-0.17451684,-1.5470238,-0.28776574,2.509041,1.2670355,-1.6726139,0.083333336
4882,0.85024077,0.02964341,-1.0533712,-0.9088571,0.11831979,-1.4626049,0.038233787,0.61216325,0.07142858
4883,-1.2566557,0.7753997,0.6452432,-0.5287737,-0.37688053,3.0785952,0.97697943,-1.9461483,0.11111111
4884,-1.4268367,0.24679038,0.2745118,0.50889236,1.817191,1.8894523,-1.4821973,-0.09486984,0.111111104
4885,-1.4591473,0.41985407,1.3325735,0.46879214,-0.21255694,3.2035937,0.439945,-1.825983,0.1
4886,-0.21667306,-0.53219754,0.26883042,1.0445035,-0.37566388,-0.1856811,-0.42813817,-0.42092767,0.049999997
4887,0.34609616,0.008646891,-1.015047,-0.4987765,0.9852954,-1.1402537,-0.79114836,0.9563972,0.1
4888,0.54903436,0.5837292,1.8218002,-0.1786718,1.4822247,0.7996632,0.06470499,2.1613011,0.09090909
4889,0.45128375,0.37515524,-0.7417385,-1.0141449,0.9886635,-0.6317989,-0.26334658,1.0232235,0.1
4890,-0.13797311,-0.21299939,0.79182,0.8645967,0.6268939,0.17366104,-0.6505576,0.6405432,0.076923065
4891,0.67778367,0.5911839,-0.035536006,-1.1358035,1.0665054,-0.24894182,0.11643737,1.4635653,0.08333333
4892,-0.71807283,0.5148869,1.0386238,0.014630318,0.87220335,1.9590827,-0.060800802,-0.0092511475,0.07142857
4893,0.8578688,0.69782865,1.3319417,-0.7215454,1.3806176,0.35038054,0.27635223,2.2462997,0.071428575
4894,0.6632883,0.17623596,0.17836231,-0.5623374,-0.2576607,-0.34860992,0.6287463,0.38102686,0.071428575
4895,0.5288554,0.37251368,0.9694063,-0.37680638,0.48186272,0.3125522,0.4151679,1.0828722,0.071428575
4896,-0.2535568,-0.20510846,0.83420175,0.93074167,0.70138407,0.33012545,-0.7243368,0.5847341,0.083333336
4897,0.42271692,0.15720192,1.4029843,0.33699024,1.0617628,0.22818427,-0.252346,1.6906673,0.090909086
4898,-0.41904777,-0.18797041,0.88280314,0.97685707,0.59549785,0.60885525,-0.66675425,0.2972628,0.11111111
4899,-0.5135441,0.3774394,-0.12363283,-0.28828073,1.3217669,0.7912687,-0.68822515,0.44311336,0.09090909
4900,-0.28330863,0.4247332,-0.32833433,-0.563603,1.2374027,0.47388208,-0.5310862,0.5632435,0.0625
4901,-0.12625706,-0.17119248,0.69727236,0.75190777,0.6714663,0.15671636,-0.6451032,0.6571219,0.052631576
4902,-1.2566558,0.77539974,0.6452433,-0.5287738,-0.37688053,3.0785952,0.97697943,-1.9461485,0.11111111
4903,-1.4270117,0.7227384,0.85665965,-0.2715881,-0.3190801,3.3297496,0.8313656,-2.0511708,0.11111111
4904,-1.412418,0.565748,1.1946061,0.107173994,-0.5127594,3.3264456,0.82775795,-2.1045587,0.11111111
4905,-1.4430289,0.6276047,1.0675918,-0.025811933,-0.4117465,3.3596709,0.8086718,-2.091191,0.111111104
4906,-1.0570787,0.88297105,0.3231914,-0.93154204,-0.38847882,2.7975364,1.1279849,-1.8235105,0.111111104
4907,0.13369283,-0.10225669,1.179777,0.72183096,0.63727534,0.19829798,-0.3803849,1.0133361,0.07142858
4908,0.55649364,0.24531436,1.6312246,0.18671715,0.7079378,0.38786405,0.20834187,1.5271039,0.09090909
4909,0.5194492,0.34553996,1.4786979,-0.0133270025,0.8646261,0.4533701,0.17412743,1.5631961,0.07692308
4910,0.08499585,-0.0632668,0.3497215,0.32418048,0.69294465,-0.13598509,-0.5132595,0.7941077,0.06666667
4911,-0.26645952,-0.34405088,2.0161688,1.7147565,0.8544011,0.7375068,-0.8320368,1.0140898,0.10000001
4912,-1.6098678,0.22198492,0.3950078,0.7011115,1.9308349,2.1518376,-1.6090944,-0.19834056,0.09090909
4913,-1.433295,0.60640365,1.1122993,0.020123273,-0.4463426,3.3497095,0.8144131,-2.0963318,0.06666666
4914,-0.2426083,-0.18385796,0.6260344,0.8488701,1.0644451,0.15122396,-1.0081044,0.8806009,0.11111111
4915,-0.10110527,-0.41756287,-0.06329282,0.64785135,-0.3119883,-0.35160738,-0.36524785,-0.3598484,0.1111111
4916,0.37213695,-0.06924322,-0.82603586,-0.34532958,0.6607283,-1.0873108,-0.61292356,0.7541965,0.10000001
4917,0.8098669,0.48174572,0.6730715,-0.75290793,0.6886912,-0.08021466,0.43502083,1.4646842,0.09090909
4918,0.009672582,-0.11050795,0.4898318,0.49792188,0.676232,-0.033077773,-0.56026596,0.746084,0.07142858
4919,-1.0111043,0.9519012,0.17894024,-1.120294,-0.33825254,2.7441585,1.14703,-1.7921071,0.071428575
4920,-0.19256337,-0.5212199,0.46497822,1.1132513,-0.29768986,-0.12032458,-0.4304682,-0.27294478,0.04761904
4921,-1.0358092,0.925845,0.24536261,-1.0396042,-0.35226005,2.7795422,1.1285279,-1.8116013,0.06666667
4922,0.7323725,0.90156275,1.2458785,-0.9816113,1.778477,0.6430684,0.18599337,2.402569,0.111111104
4923,-0.095916644,0.20633304,-1.3615956,-0.74729174,1.3017561,-0.6283223,-0.9722879,0.62455964,0.10000001
4924,-1.2555966,0.5074847,1.2102164,0.12673952,-0.6759815,3.095136,0.95949215,-2.0331402,0.090909086
4925,0.5574418,0.6040456,1.7761167,-0.23304059,1.5004632,0.78873384,0.07002447,2.1705155,0.07692308
4926,0.37213695,-0.06924322,-0.82603586,-0.34532958,0.6607283,-1.0873108,-0.61292356,0.7541965,0.10000001
4927,-0.9383632,0.90093404,0.22545052,-1.0619181,-0.44436264,2.6333792,1.2150729,-1.7650342,0.07142858
4928,0.07359877,0.72285885,0.07686913,-0.9561619,1.7291602,0.5348862,-0.372709,1.4256927,0.066666685
4929,-0.617665,1.1256684,-0.36826426,-1.8226705,-0.37641937,2.2012794,1.421627,-1.5654064,0.07692309
4930,0.544908,0.3777813,2.2615535,0.3188486,1.2267385,0.8123231,0.05977858,2.0807536,0.1
4931,0.6220319,0.45611912,2.0669882,0.07921454,1.2730142,0.7142646,0.10981225,2.1384044,0.07692308
4932,-0.23595802,-0.16576695,0.5808574,0.7976698,1.0849397,0.13971764,-1.0040829,0.8910372,0.076923095
4933,0.5186981,0.35378164,2.2004251,0.33557403,1.1878971,0.7865077,0.045118123,2.0135248,0.058823537
4934,0.029017393,0.61843365,0.1135933,-0.7457439,1.7836503,0.45833105,-0.55015033,1.4684552,0.16666667
4935,-0.665672,1.0959809,-0.28635705,-1.7181383,-0.38332248,2.2661085,1.3910949,-1.5946101,0.06666667
4936,0.92694235,0.7400399,0.5067231,-1.2148339,1.1712152,-0.066200905,0.39063412,1.9148046,0.06249999
4937,-0.20387132,-0.26632187,0.94665176,1.0484711,0.59400576,0.26830095,-0.6901304,0.5882989,0.08333332
4938,0.57824486,0.34252417,0.0762832,-0.8067038,0.06835532,-0.15762037,0.5540365,0.52407753,0.076923065
4939,0.42209953,-0.1758301,0.6095855,0.49925363,0.8486423,-0.59681344,-0.67000735,1.4111811,0.2
4940,-0.17296095,0.56724143,-0.47882807,-0.90338176,1.3613578,0.41041964,-0.45182714,0.71651244,0.07142858
4941,-0.21661042,-0.5322346,0.26887572,1.0445446,-0.37574637,-0.18576466,-0.42809656,-0.42091092,0.05
4942,-0.10182151,-0.4033365,-0.095973626,0.6120053,-0.29348892,-0.35253394,-0.36578956,-0.35624424,0.11111111
4943,-1.1225269,0.7014346,0.7316788,-0.4450013,-0.5543566,2.8952453,1.0785863,-1.9093939,0.062499996
4944,-0.51325256,-0.64943904,-0.6630358,1.1510311,0.63106346,-0.7404229,-1.6014638,0.023250267,0.125
4945,0.35603797,0.81091106,0.07848643,-1.1934019,1.9190066,0.29067975,-0.3168242,1.8798376,0.07692308
4946,0.9857009,0.81608176,0.6143107,-1.2910427,1.3410635,-0.0104146525,0.38522476,2.1369684,0.06666666
4947,-1.509516,0.4143935,1.5449736,0.54290205,-0.58465177,3.464487,0.73122036,-2.1871495,0.11111111
4948,-1.4542173,0.075182565,0.6305352,0.97440577,1.6486659,1.9288718,-1.4903647,-0.15651369,0.11111113
4949,0.68661684,0.42888844,-0.3223585,-1.1638027,0.073198244,-0.37198263,0.6317527,0.5072994,0.09090909
4950,1.0301981,1.3978922,0.8954744,-1.9684457,2.3593082,0.662259,0.38442743,3.0206497,0.0909091
4951,-1.5998969,0.16881087,0.49708956,0.83312196,1.8643095,2.1368937,-1.5982568,-0.20724052,0.06666668
4952,-0.031703033,-0.048853457,0.4434178,0.3993618,0.74867237,0.06112007,-0.5572066,0.73399603,0.05882353
4953,0.015676241,-0.10646754,0.47811598,0.48340267,0.6778738,-0.041272473,-0.55655193,0.7499715,0.06666667
4954,-0.500036,0.37514234,-0.124876976,-0.29196948,1.3106774,0.7729635,-0.67906874,0.4487368,0.06666667
4955,0.42582625,-0.01930089,-1.0312686,-0.53966856,0.68786496,-1.1962548,-0.5802754,0.7558726,0.071428575
4956,0.9878157,-0.047530495,-0.95739615,-0.8275679,-0.048913926,-1.6229697,0.1249856,0.64354205,0.11111111
4957,0.81194824,-0.6658518,0.046001665,0.4936536,-1.4576465,-1.3767768,0.51546514,-0.37600747,0.083333336
4958,0.4661221,0.058233265,-1.0297709,-0.67158484,0.78754157,-1.165917,-0.54784125,0.86964107,0.06666667
4959,0.837812,1.0756171,1.1655475,-1.3072584,1.9907525,0.6701503,0.25626004,2.6373236,0.05
4960,1.0323294,1.3986698,0.894979,-1.9707142,2.3594286,0.6606249,0.38583338,3.0226529,0.08333333
4961,-0.33680588,-0.1617597,0.7675332,0.8422579,0.58245575,0.48583305,-0.6208454,0.34439492,0.07142857
4962,0.9703728,-0.05241902,-0.9395757,-0.8032848,-0.046811998,-1.6021763,0.1132795,0.63587594,0.1
4963,-0.47587872,0.22642775,0.047076195,0.0014311634,1.1459647,0.6761859,-0.7071782,0.41247302,0.09999999
4964,0.9958606,0.82684416,0.64466953,-1.2959846,1.3578725,0.004966624,0.39363873,2.1674159,0.07142858
4965,0.41757601,0.11168492,-0.50515157,-0.4641431,0.9739756,-0.81159383,-0.5513945,1.134399,0.1111111
4966,0.18545139,0.84284306,-1.0899909,-1.6929063,1.929319,-0.1427413,-0.5276375,1.3991681,0.062499996
4967,-0.84846455,1.0991337,-0.21249111,-1.5926791,-0.2637046,2.5099835,1.2647675,-1.6672468,0.1
4968,0.61158854,0.6872762,1.6061043,-0.45528644,1.5709819,0.7315093,0.10609675,2.229876,0.07692309
4969,-1.2509478,0.7169875,0.76519614,-0.3903125,-0.4467367,3.0743594,0.9786733,-1.9627782,0.09090908
4970,-0.29009217,-0.18245992,0.8030455,0.90081155,0.75068897,0.37835443,-0.74886286,0.57334805,0.09090909
4971,-0.71531683,1.09597,-0.27315116,-1.6843079,-0.34630805,2.327126,1.3588268,-1.6090475,0.09090909
4972,-0.22879879,-0.51018524,-0.8864286,0.5219981,0.06732387,-0.8645495,-1.0720782,-0.358263,0.11111111
4973,-0.6800854,1.068731,-0.20188414,-1.6375003,-0.4200369,2.297399,1.3772305,-1.6219293,0.09090909
4974,0.8094133,-0.12120269,-0.69673306,-0.5208679,-0.08116129,-1.3960167,-0.008944776,0.5384439,0.071428575
4975,-0.07610947,0.32883757,-0.7426687,-0.66366714,1.3799106,-0.17349651,-0.77374834,0.8549781,0.11111113
4976,-0.30272502,0.50214267,-0.47729886,-0.7389508,1.3373353,0.49551117,-0.54185843,0.57239664,0.06666666
4977,0.4263872,-0.00067380624,0.6743424,0.049440652,-0.33505672,-0.038176768,0.4837031,0.24310067,0.076923065
4978,-0.1282192,-0.04900926,0.42611623,0.44111353,0.789761,0.15811068,-0.6198579,0.66056275,0.07692307
4979,-1.2167376,-0.3940031,0.6592797,1.4962606,-0.001462847,1.3587246,-0.78722715,-1.1961771,0.11111111
4980,-0.09909357,-0.256692,0.5634097,0.8424421,0.806002,-0.099247806,-0.88504773,0.8103998,0.07692307
4981,-0.3568222,0.40356877,-0.24995206,-0.46039486,1.2567002,0.5754232,-0.58097124,0.5246357,0.071428575
4982,0.7809856,-0.12278894,-0.67931217,-0.49576795,-0.07041271,-1.3611221,-0.027987137,0.5260943,0.09090909
4983,0.81509763,1.0364858,1.1990354,-1.2269297,1.9458592,0.67080724,0.24111974,2.5914888,0.055555552
4984,0.5137249,0.3257583,-0.98309195,-1.0491053,1.1567011,-0.9431543,-0.4757139,1.202615,0.08333333
4985,-0.0034104139,-0.009966452,2.6355803,1.3584696,1.3144351,1.1240565,-0.5809422,1.7429266,0.1
4986,-0.0046137795,-0.06270091,0.39604962,0.39007366,0.74184376,-0.015657766,-0.57060695,0.7518679,0.07692308
4987,-1.6018233,0.1700409,0.4953655,0.8312514,1.8671719,2.139664,-1.5997,-0.20792139,0.083333336
4988,-1.5095161,0.41439354,1.5449739,0.54290205,-0.5846518,3.4644876,0.7312204,-2.1871498,0.11111111
4989,0.5424445,0.21436782,-1.0077127,-0.9232305,0.99396145,-1.0903459,-0.4839318,1.1051253,0.07692307
4990,1.0291779,0.6802338,0.22388065,-1.2283357,1.532378,-0.4982636,0.029605784,2.3132334,0.125
4991,-1.3707286,0.7529216,0.75978553,-0.38788337,-0.32434505,3.245967,0.88072664,-2.0123365,0.11111111
4992,1.0291779,0.6802338,0.22388065,-1.2283357,1.532378,-0.49826354,0.029605784,2.3132334,0.125
4993,-0.66567206,1.0959809,-0.286357,-1.7181383,-0.38332248,2.2661083,1.3910949,-1.5946101,0.066666655
4994,-0.23766612,-0.51063263,0.2190757,1.0018346,-0.33845878,-0.16514735,-0.4402118,-0.42840043,0.07692308
4995,-0.23474528,0.527393,-0.56133366,-0.848019,1.3257401,0.40107536,-0.4952195,0.61041915,0.076923065
4996,-0.40184444,0.29028636,0.0036698505,-0.15263228,1.1539075,0.64383715,-0.61477256,0.4748852,0.08333332
4997,-0.41077,-0.12326755,0.12886976,0.55016315,0.7990839,0.242426,-0.8754012,0.2980768,0.0909091
4998,-0.36336166,-0.18531528,0.8491151,0.92867917,0.5652987,0.53304064,-0.63111275,0.3251534,0.083333336
4999,-0.84896,0.97132796,0.040348925,-1.2930204,-0.41677892,2.5113654,1.2740803,-1.7054489,0.07692309
5000,-0.66315514,0.5809983,0.8767643,-0.18253772,0.9138132,1.881508,-0.016857766,0.04129316,0.10000001
5001,-0.082165524,-0.1945975,0.42646313,0.6743524,0.865988,-0.1222153,-0.8749679,0.8275107,0.09090909
5002,0.9745958,-0.05852312,-0.92722154,-0.7919743,-0.058055192,-1.6063437,0.114719056,0.63488686,0.07692309
5003,-0.7978914,0.8381742,0.2980187,-1.0112654,-0.61725163,2.4521174,1.3136564,-1.7331789,0.08333334
5004,0.48832005,0.23887667,-1.0705296,-0.96224743,1.0053018,-1.0352705,-0.49383226,1.030756,0.05882353
5005,-1.3047093,0.50634176,1.2390729,0.16582385,-0.6406364,3.1651611,0.91772544,-2.0571713,0.083333336
5006,0.013926487,-0.046027526,0.39941585,0.35553223,0.74956554,-0.014125392,-0.54785866,0.77497995,0.04347826
5007,-0.06536053,-0.09204128,0.4904285,0.50820124,0.7389422,0.067993045,-0.60876924,0.71347666,0.047619052
5008,0.5006058,0.44269317,-0.85018957,-1.1923687,1.0557971,-0.6742168,-0.23462304,1.0934564,0.083333336
5009,-0.29024637,-0.18236421,0.80291367,0.9006848,0.7508974,0.37855828,-0.74896646,0.57329965,0.08333333
5010,-0.06712715,-0.080122896,0.4644984,0.47965884,0.7554759,0.069101825,-0.6099592,0.71697974,0.055555545
5011,0.0030115694,-0.060703438,0.38742185,0.37933087,0.74044806,-0.026204545,-0.5657053,0.7564138,0.071428575
5012,0.55391973,-0.032805406,-0.09204866,-0.11340065,0.891633,-0.92030805,-0.56807035,1.3531955,0.062499996
5013,-0.8081721,1.0112188,-0.05662687,-1.4161512,-0.39479834,2.4571712,1.2989837,-1.677189,0.071428575
5014,0.009672582,-0.11050795,0.4898318,0.49792188,0.676232,-0.033077773,-0.56026596,0.74608386,0.07142858
5015,0.5248314,0.42867357,-1.0036862,-1.2444927,1.0506182,-0.80121547,-0.25983515,1.072809,0.1
5016,-0.79475224,0.9958164,-0.011675984,-1.3863708,-0.4332872,2.4505625,1.3040886,-1.6881196,0.071428575
5017,-1.637531,0.2203978,0.4079885,0.7249474,1.950857,2.191001,-1.6281693,-0.2128756,0.09090909
5018,0.08310745,0.764814,-1.3222297,-1.6470904,1.826436,-0.2270142,-0.61643785,1.1514505,0.08333334
5019,-0.55899733,0.20987475,0.25047067,0.15486862,1.1505911,0.865601,-0.72308785,0.37064463,0.066666655
5020,-0.2146117,-0.114646204,0.57902765,0.6204866,0.57267445,0.3029548,-0.5544134,0.41506484,0.07692308
5021,-0.21189608,-0.112994514,0.56489134,0.6108057,0.57535464,0.29389542,-0.55547994,0.41699487,0.090909086
5022,-0.22157,-0.11816379,0.6326373,0.6538158,0.56476945,0.33739465,-0.5420302,0.41409665,0.090909086
5023,0.5174301,0.47142255,-0.979126,-1.2958744,1.0663638,-0.72782105,-0.21555656,1.074687,0.11111111
5024,0.4471941,0.06620773,-1.1184846,-0.6947684,0.9657896,-1.2330397,-0.7077412,0.9901029,0.111111104
5025,-0.72920924,1.0320216,-0.10096794,-1.5137372,-0.43341994,2.366413,1.3426564,-1.655657,0.08333334
5026,0.29319632,0.008697835,1.7260461,0.71185875,0.62032264,0.46858805,-0.09561202,1.2419742,0.055555556
5027,-1.6443685,0.1972676,0.4569642,0.78994006,1.9303328,2.2007413,-1.6314629,-0.22288355,0.1
5028,-0.34585404,-0.43682915,0.4093287,1.0526404,-0.07909073,0.09847136,-0.5310889,-0.27607527,0.06666668
5029,-0.25434166,0.5273365,-0.5520169,-0.83413935,1.3374286,0.42774862,-0.50842255,0.60119414,0.076923065
5030,-1.5095161,0.41439354,1.5449739,0.54290205,-0.5846518,3.4644876,0.7312204,-2.1871498,0.11111111
5031,0.4589091,-0.20392182,-0.48509586,-0.0361972,0.44131833,-1.1391385,-0.55730486,0.76518214,0.0625
5032,-1.5034392,0.42586195,1.462822,0.5027267,-0.44845444,3.3953085,0.6315385,-2.073975,0.06250001
5033,-0.24040197,0.52733433,-0.5583546,-0.8438568,1.3288894,0.40880227,-0.4989811,0.607856,0.07142857
5034,0.58859897,0.6796497,1.6629395,-0.40642744,1.5824919,0.7767932,0.090924464,2.2292254,0.058823537
5035,-0.5101506,0.367342,-0.10436952,-0.26594418,1.3079727,0.78723466,-0.68617135,0.44203877,0.071428575
5036,-1.6310065,0.2233368,0.3993227,0.7125736,1.9492528,2.1817496,-1.6239822,-0.208637,0.083333336
5037,-0.99097836,0.9024647,0.24763773,-1.0261457,-0.4063502,2.7029705,1.1773524,-1.7854615,0.07692308
5038,-0.1801173,-0.24275036,0.88303965,0.97155654,0.6102208,0.2347214,-0.6765398,0.6074848,0.05882353
5039,-0.20387135,-0.2663219,0.9466518,1.0484712,0.5940058,0.26830095,-0.6901305,0.58829904,0.08333333
5040,-0.35327512,0.28364334,-0.00019909441,-0.16840152,1.1167301,0.5808553,-0.581856,0.4971182,0.08333333
5041,-0.68635094,1.0918949,-0.27529025,-1.6954288,-0.37120372,2.2899082,1.3786287,-1.6001378,0.08333334
5042,-1.613681,0.22331065,0.3928784,0.70078,1.935689,2.1567762,-1.6115803,-0.19943088,0.07692307
5043,0.46120602,0.07544045,-1.1437813,-0.72717726,0.96888137,-1.2509986,-0.69779557,0.9969026,0.11111111
5044,-1.6136808,0.22331066,0.3928784,0.70078003,1.9356889,2.1567762,-1.6115803,-0.19943085,0.07692307
5045,-0.23595802,-0.16576694,0.5808573,0.7976698,1.0849396,0.13971762,-1.0040829,0.8910371,0.07692307
5046,-0.50639045,0.21170875,0.22096518,0.113488324,1.121792,0.7930468,-0.68719786,0.39835405,0.08333334
5047,0.8683304,0.8100711,2.0455444,-0.56708825,1.7211002,0.8232058,0.27975342,2.7069812,0.090909086
5048,-1.6375309,0.22039779,0.40798843,0.72494733,1.9508569,2.1910007,-1.6281692,-0.2128756,0.090909086
5049,-1.6310065,0.2233368,0.3993227,0.7125736,1.9492528,2.1817496,-1.6239822,-0.208637,0.083333336
5050,0.4661221,0.058233265,-1.0297709,-0.67158484,0.78754157,-1.165917,-0.5478413,0.86964107,0.06666667
5051,0.522098,0.4686836,-0.9758618,-1.2928127,1.060661,-0.7334343,-0.21271765,1.0758761,0.111111104
5052,-1.3707287,0.75292164,0.7597856,-0.38788337,-0.32434505,3.245967,0.88072664,-2.0123365,0.11111113
5053,-0.3568222,0.40356877,-0.24995206,-0.46039486,1.2567002,0.5754232,-0.58097124,0.5246357,0.071428575
5054,-1.2330359,0.73995453,0.7085772,-0.4583063,-0.43399203,3.0476425,0.99382573,-1.9472605,0.076923065
5055,-0.29454118,-0.5339201,0.5953063,1.2568387,-0.23677762,0.03620375,-0.49358234,-0.2904161,0.06666667
5056,-0.47587872,0.22642776,0.047076195,0.001431156,1.1459647,0.67618597,-0.70717824,0.41247305,0.1
5057,0.40882373,0.10517988,-0.4889158,-0.44192648,0.97269785,-0.8008283,-0.55714035,1.1310405,0.1
5058,-1.2330359,0.73995453,0.7085772,-0.4583063,-0.43399203,3.0476425,0.99382573,-1.9472605,0.076923065
5059,-0.23595805,-0.16576695,0.5808574,0.7976698,1.0849397,0.13971764,-1.0040829,0.8910371,0.076923095
5060,-1.2454869,0.5090168,1.2015665,0.11548125,-0.6817208,3.0807078,0.968067,-2.0278547,0.0625
5061,0.45968682,0.0432053,-1.0263114,-0.6448489,0.7684058,-1.1714158,-0.553144,0.8503988,0.055555556
5062,-1.2566557,0.7753997,0.6452432,-0.5287738,-0.37688053,3.0785952,0.97697943,-1.9461483,0.11111111
5063,-0.8981375,0.92084795,0.16601041,-1.1383305,-0.4474234,2.5786283,1.2430948,-1.7421056,0.0909091
5064,-1.3043079,0.6602455,0.92141736,-0.20863159,-0.47755158,3.1581926,0.92966545,-2.011853,0.06666668
5065,-0.4867683,0.3023283,-0.012636006,-0.13675158,1.2243571,0.74062145,-0.68203634,0.4341006,0.05263158
5066,0.0030115694,-0.060703438,0.38742185,0.37933087,0.74044806,-0.026204545,-0.5657053,0.7564138,0.071428575
5067,-0.14793853,-0.21223006,0.7986446,0.8713877,0.6318903,0.18871772,-0.65622485,0.63335514,0.058823522
5068,0.51339287,0.32831055,1.5029944,0.025889643,0.842594,0.45466995,0.17217094,1.5475351,0.06666667
5069,0.01087134,-0.080363594,0.42262852,0.4218505,0.7140585,-0.037160404,-0.5598646,0.75666654,0.099999994
5070,0.5257217,0.18244505,1.7150363,0.3307345,0.6335523,0.3987453,0.19260973,1.4655007,0.071428575
5071,-0.12951046,-0.20607923,0.7725008,0.8410788,0.6308712,0.16185793,-0.6453188,0.6467067,0.08333332
5072,-0.28838062,-0.18352158,0.80450755,0.90221757,0.7483772,0.37609357,-0.7477132,0.5738838,0.09090909
5073,-1.5377157,0.45307136,1.4774292,0.46815884,-0.5213458,3.5019822,0.71144515,-2.1880195,0.09090909
5074,0.5044203,0.43956253,-0.8633872,-1.194832,1.0536895,-0.6891009,-0.23735511,1.0924274,0.07692308
5075,0.66575164,-0.031048056,-1.5771555,-0.89896333,0.57778645,-1.7307966,-0.5140614,0.7125472,0.08333333
5076,-0.6218392,0.15044948,0.40968478,0.34720927,1.1159306,0.95652014,-0.76588655,0.31954336,0.066666685
5077,-1.5461128,0.23764792,0.33849746,0.61572254,1.8994378,2.0604422,-1.5655574,-0.16030961,0.07692309
5078,-0.3848034,0.3150382,-0.05551766,-0.22493948,1.1723826,0.6190462,-0.6025037,0.4897078,0.055555556
5079,0.47598755,0.24797197,0.3593133,-0.4824965,0.029507138,-0.011133086,0.48752496,0.48601842,0.08333333
5080,-0.20387135,-0.26632187,0.9466518,1.0484712,0.5940058,0.26830095,-0.6901305,0.58829904,0.08333333
5081,-1.637531,0.22039779,0.40798843,0.72494733,1.9508569,2.1910005,-1.6281692,-0.21287557,0.090909086
5082,-0.8933979,0.9793097,0.049243294,-1.2804773,-0.38075924,2.5721138,1.2424855,-1.7229055,0.11111111
5083,0.5376782,0.45103845,-0.94661653,-1.2627486,1.0309708,-0.75095063,-0.20431858,1.0776632,0.06666667
5084,-0.33054686,0.20495585,0.16431497,0.011528112,1.0080847,0.5604534,-0.56869715,0.4859343,0.11111111
5085,-1.4386712,0.55472445,1.2254863,0.15182713,-0.49972248,3.361428,0.8050502,-2.116971,0.11111111
5086,-1.5377154,0.45307136,1.477429,0.46815878,-0.5213457,3.501982,0.71144515,-2.1880193,0.090909086
5087,0.061812215,0.7135384,-0.8276821,-1.3331901,1.8116196,0.011032786,-0.5948091,1.2570807,0.05555555
5088,-0.4006672,0.29463962,-0.0063181147,-0.1641512,1.1585659,0.6418122,-0.6137919,0.476867,0.071428575
5089,-0.3971197,-0.487065,0.25329134,1.0752943,-0.21219908,0.0450762,-0.5381385,-0.4832261,0.0909091
5090,-0.85039574,0.990627,-0.0012778491,-1.3380284,-0.39040118,2.5107622,1.2726396,-1.6978216,0.06666668
5091,-0.28643292,-0.1847297,0.8061712,0.9038168,0.74574673,0.37352067,-0.74640507,0.5744928,0.07692308
5092,0.2766208,0.9138763,-0.90504,-1.7451047,2.0207427,-0.07791369,-0.44948843,1.6126332,0.090909086
5093,0.4184538,-0.028268294,-1.0109149,-0.5127575,0.68214345,-1.1873534,-0.5852729,0.7521632,0.0909091
5094,0.31718767,0.0018269366,-0.9706454,-0.4520101,0.9929239,-1.0943462,-0.80521095,0.94962645,0.0625
5095,0.605103,0.45657545,-0.415461,-0.99972457,1.4419725,-0.64186174,-0.4112587,1.6902949,0.07142856
5096,1.0419077,1.4210343,0.88624674,-2.0099456,2.3888373,0.66900945,0.3920824,3.0509417,0.11111111
5097,1.0291779,0.6802338,0.22388065,-1.2283357,1.532378,-0.4982636,0.029605784,2.3132334,0.125
5098,1.0291779,0.6802338,0.22388065,-1.2283357,1.532378,-0.4982636,0.029605784,2.3132334,0.125
5099,0.42582625,-0.019300891,-1.0312686,-0.53966856,0.68786496,-1.1962548,-0.5802755,0.7558726,0.071428575
5100,-1.4820906,0.44780192,1.4598246,0.44088876,-0.5688615,3.4231524,0.7575855,-2.1630938,0.09090908
5101,-0.09909354,-0.25669193,0.5634096,0.842442,0.80600184,-0.099247806,-0.8850477,0.81039965,0.076923065
5102,-1.4873254,0.4782887,1.3995824,0.36982262,-0.53369147,3.4297526,0.7562427,-2.1570508,0.08333333
5103,0.5192177,0.4703738,-0.9778774,-1.2947024,1.0641803,-0.72997135,-0.2144692,1.0751427,0.1
5104,0.5363789,0.18934986,1.69605,0.3065107,0.6354999,0.38514227,0.19923449,1.4719561,0.08333333
5105,-0.33054692,0.20495588,0.16431497,0.011528105,1.0080847,0.5604534,-0.5686971,0.4859343,0.11111111
5106,-0.23649295,-0.16935974,0.58940804,0.8072534,1.0804529,0.14091648,-1.0043757,0.88939023,0.083333336
5107,-0.2381729,-0.21463391,0.84728307,0.9432879,0.68065447,0.30984336,-0.7140202,0.58950007,0.1
5108,0.5424446,0.21436782,-1.0077127,-0.9232305,0.99396145,-1.0903459,-0.4839318,1.1051253,0.07692307
5109,0.53965586,0.1922766,1.6884288,0.29713428,0.63721454,0.38089997,0.20134166,1.4743879,0.083333336
5110,0.003011562,-0.060703445,0.38742185,0.37933087,0.74044806,-0.026204545,-0.5657053,0.7564138,0.071428575
5111,0.51097274,0.47521016,-0.9836352,-1.3001062,1.0742509,-0.72005314,-0.21948472,1.0730402,0.08333333
5112,0.53313726,0.4622026,-0.9681202,-1.2855626,1.0471677,-0.74670005,-0.2060065,1.0786833,0.06666668
5113,-0.797573,0.070775434,0.47548616,0.65033,1.6278524,0.9892819,-1.295938,0.6198815,0.1
5114,-0.04828074,0.5685209,1.5630354,0.048991688,2.1469119,1.2264974,-0.66519034,2.033895,0.111111104
5115,-1.5377157,0.45307136,1.4774292,0.46815884,-0.5213458,3.5019822,0.71144515,-2.1880195,0.09090909
5116,0.51042837,0.2651778,-0.8628725,-0.90111333,1.0941733,-0.9375716,-0.48067668,1.1942004,0.1
5117,-1.6156098,0.17888312,0.48282552,0.8178637,1.8876183,2.1594145,-1.6099529,-0.21274349,0.11111111
5118,0.52222604,0.4686087,-0.9757744,-1.2927291,1.0605053,-0.7335891,-0.21263972,1.0759093,0.07692307
5119,0.42582625,-0.01930089,-1.0312686,-0.53966856,0.68786496,-1.1962548,-0.5802754,0.7558726,0.071428575
5120,-0.3949312,0.22458997,0.14414406,0.004655052,1.0704523,0.64213014,-0.6122926,0.45855892,0.06666667
5121,-1.5589567,0.2289224,0.3612693,0.6475651,1.8993855,2.0787249,-1.5737782,-0.16949728,0.083333336
5122,-0.16169156,-0.078581646,0.45645922,0.47876292,0.5859557,0.21852349,-0.5338172,0.44472057,0.111111104
5123,-1.5377156,0.45307136,1.4774293,0.46815884,-0.52134573,3.5019825,0.7114452,-2.1880193,0.09090909
5124,0.10701449,0.40815935,-0.99055254,-0.9854285,1.363793,-0.4186272,-0.6488916,0.9415499,0.08333334
5125,0.6093256,0.4553438,-0.47037643,-1.0278953,1.4282031,-0.67441934,-0.40933773,1.6669981,0.062499996
5126,1.0291779,0.6802338,0.22388065,-1.2283357,1.532378,-0.4982636,0.029605784,2.3132334,0.125
5127,-0.056662202,0.571385,1.5597956,0.046937145,2.155279,1.237263,-0.6709996,2.0298295,0.071428575
5128,-0.5689047,0.83052635,-1.3048563,-1.4146929,2.4262426,0.5139333,-1.1791269,0.984624,0.1
5129,0.6002771,0.5255816,0.05245727,-0.9610823,1.025925,-0.1924558,0.056430206,1.3866155,0.06250001
5130,-1.4332949,0.60640365,1.1122992,0.02012328,-0.44634247,3.3497093,0.81441295,-2.096332,0.06666666
5131,0.64746875,-0.045410983,-1.5387324,-0.8519458,0.5680409,-1.7080679,-0.5278284,0.7022824,0.1
5132,0.6848692,0.5669745,0.043983005,-1.0688059,1.036942,-0.23947881,0.12216204,1.4711987,0.11111111
5133,-1.1521244,-0.43743005,0.71547467,1.5544556,-0.09699181,1.2684951,-0.7404187,-1.1798632,0.11111111
5134,0.5610953,-0.036412954,-0.092120826,-0.11186752,0.88228124,-0.9315179,-0.56361747,1.353233,0.0625
5135,0.047519702,-0.53419584,0.20322768,0.7958116,-0.90371716,-0.36969167,0.041423254,-0.68684244,0.111111104
5136,1.0291779,0.6802338,0.22388065,-1.2283357,1.532378,-0.4982636,0.029605784,2.3132336,0.125
5137,0.50087285,0.31922153,-0.069222555,-0.79004604,0.020832755,-0.15788281,0.538311,0.36883336,0.1
5138,-0.53632754,0.22101347,0.21558511,0.11132751,1.1505361,0.83365256,-0.7076598,0.3856697,0.062499996
5139,0.6426236,0.608561,0.7895841,-0.7733256,1.0746557,0.25429702,0.26268247,1.6361699,0.083333336
5140,-0.41561276,0.5504004,-0.97790575,-0.95682245,1.703624,0.32750255,-0.89409274,0.649647,0.111111104
5141,-1.1977572,0.74565434,0.6747802,-0.49979645,-0.4508769,2.9962873,1.0232805,-1.9273392,0.08333333
5142,0.8096938,-0.6644722,0.04402849,0.49204302,-1.4549084,-1.3740494,0.51422465,-0.37665877,0.08333334
5143,-0.21975116,-0.103959925,0.59303737,0.63209885,0.68009335,0.308127,-0.60800874,0.5111013,0.058823537
5144,0.8032117,-0.6605268,0.03827709,0.4874525,-1.447014,-1.3661851,0.5106399,-0.37853995,0.09090909
5145,0.8032117,-0.6605268,0.038277082,0.4874525,-1.4470137,-1.366185,0.5106399,-0.37853995,0.09090909
5146,0.6675562,-0.03295851,-1.5741456,-0.8958073,0.57455903,-1.7328644,-0.51305383,0.7128564,0.083333336
5147,0.5264037,0.46615654,-0.9728476,-1.289987,1.0553998,-0.7386106,-0.21009955,1.0769722,0.09090909
5148,-0.2619943,-0.19988109,0.82701766,0.92384636,0.7127614,0.34125614,-0.7299977,0.5821137,0.09090908
5149,-0.22277932,-0.22097453,0.85331255,0.94778705,0.66398185,0.28934127,-0.7038904,0.59527564,0.1
5150,0.864264,0.5699278,0.76626366,-0.8321419,0.9224479,-0.030640118,0.39692274,1.7356229,0.099999994
5151,-0.24040197,0.52733433,-0.5583546,-0.8438568,1.3288894,0.40880227,-0.4989811,0.607856,0.07142857
5152,-0.017895222,-0.52910435,0.7403871,1.1602536,-0.34822464,-0.18709525,-0.28959316,-0.047628,0.099999994
5153,-0.46119332,0.23995648,0.13840899,0.011643514,1.1289628,0.7288504,-0.65630746,0.43030566,0.09090909
5154,-1.1154878,0.66783446,0.7965994,-0.3698113,-0.59788316,2.8858304,1.084872,-1.9158078,0.076923065
5155,-1.2386441,0.5140143,1.1872827,0.098151855,-0.68124104,3.0706234,0.9742699,-2.0229602,0.1
5156,-0.68777144,1.0926068,-0.27516407,-1.6957444,-0.37014395,2.292437,1.3774118,-1.601161,0.06666667
5157,0.46799815,0.23042205,1.6432189,0.2553497,0.7235406,0.4751994,0.15426672,1.452385,0.090909086
5158,-0.2912122,-0.55878264,-0.75856715,0.7171777,0.107294,-0.7956256,-1.1200194,-0.3215059,0.06666667
5159,0.5286648,0.18048179,1.7177328,0.33340383,0.62949616,0.39486992,0.19453532,1.4662424,0.08333332
5160,0.8013662,-0.6593996,0.03666088,0.48613697,-1.4447662,-1.3639494,0.5096163,-0.37907586,0.09090909
5161,0.5221964,0.46862605,-0.9757955,-1.2927488,1.0605414,-0.73355347,-0.21265772,1.0759017,0.11111113
5162,-1.2476913,0.71545583,0.7674663,-0.38788402,-0.45090508,3.0698216,0.9808739,-1.9619328,0.052631587
5163,-1.1456327,0.8618381,0.41028345,-0.8176105,-0.35385758,2.9206274,1.0623484,-1.8692487,0.1
5164,0.4946381,0.5468634,1.9211255,-0.05459568,1.4706355,0.86967564,0.028626889,2.1231756,0.07142856
5165,-0.04828074,0.5685209,1.5630354,0.048991688,2.1469119,1.2264974,-0.66519034,2.033895,0.11111111
5166,0.7776606,-0.644907,0.015897088,0.46922112,-1.4159358,-1.3352455,0.4965227,-0.3859417,0.11111113
5167,-0.25441438,-0.56417006,0.55578876,1.256774,-0.32731092,-0.05106842,-0.46219313,-0.33155084,0.050000004
5168,0.6680353,-0.03341018,-1.5734563,-0.8950984,0.57376903,-1.733414,-0.5127816,0.7129476,0.09999999
5169,0.5039812,0.43023643,-0.8447899,-1.1730645,1.0492423,-0.6895674,-0.24387926,1.0959153,0.09090909
5170,-0.44256997,0.31829163,-0.03573744,-0.19271071,1.2110656,0.6973398,-0.64141196,0.46270543,0.083333336
5171,-0.3487656,-0.44283777,0.40626395,1.0612773,-0.09118128,0.09518579,-0.5312713,-0.28967208,0.06250001
5172,-0.04828074,0.5685209,1.5630354,0.048991688,2.1469119,1.2264974,-0.66519034,2.033895,0.11111111
5173,0.5261534,0.46630362,-0.9730247,-1.2901516,1.055706,-0.73831034,-0.21025163,1.0769088,0.0909091
5174,-0.23816608,-0.21463807,0.8472886,0.94329333,0.6806454,0.30983466,-0.71401554,0.5895021,0.11111111
5175,-0.23074986,-0.21711029,0.8489053,0.94399405,0.67335385,0.29991686,-0.70916927,0.59247255,0.06666666
5176,-1.2752836,0.6710828,0.8759781,-0.25906706,-0.48142642,3.1121593,0.9559391,-1.9898103,0.076923065
5177,-0.012182355,-0.57636464,0.59405303,1.2912337,0.24681401,-0.49756974,-0.83393234,0.50485224,0.06666667
5178,-1.2879479,0.6738711,0.88736266,-0.25288278,-0.4767927,3.1359754,0.9433741,-2.0019028,0.07692308
5179,0.7616974,-0.11058066,-0.6974507,-0.5102725,-0.04449512,-1.3383629,-0.039095387,0.52211946,0.11111111
5180,0.6652115,-0.031579975,-1.5758709,-0.897341,0.5774208,-1.730159,-0.5144569,0.7122711,0.083333336
5181,-0.034943104,-0.66623044,0.778594,1.5302256,0.16632988,-0.4836722,-0.86786866,0.4818971,0.0625
5182,0.8013662,-0.6593996,0.03666088,0.48613697,-1.4447662,-1.3639494,0.5096163,-0.37907586,0.09090909
5183,0.40450525,-0.047038507,-0.9656601,-0.45731598,0.66651493,-1.1689316,-0.5959661,0.7427349,0.06666667
5184,0.5078209,0.47705832,-0.9858321,-1.30217,1.0780993,-0.71626014,-0.2214024,1.0722353,0.07692308
5185,0.5278992,0.46527854,-0.9717959,-1.2890047,1.0535712,-0.7404065,-0.20919052,1.077352,0.1
5186,0.77326804,-0.6422227,0.012049161,0.46608812,-1.4105902,-1.3299251,0.49409208,-0.38721547,0.06666666
5187,-0.23595802,-0.16576694,0.58085734,0.7976698,1.0849397,0.13971764,-1.0040829,0.8910372,0.07692309
5188,-0.6298092,1.1165736,-0.34199536,-1.7920853,-0.38165265,2.2189221,1.413629,-1.5746684,0.07142857
5189,-0.5500668,0.84441125,-1.3427587,-1.4601804,2.4319553,0.4853388,-1.1647084,0.99750113,0.11111111
5190,-0.79981434,-0.6370328,0.083486445,1.6281794,0.829848,-0.03589464,-1.7261335,0.044159174,0.111111104
5191,-1.1293305,-0.45270798,0.7352539,1.5747316,-0.13049355,1.2368468,-0.7239598,-1.1740605,0.058823537
5192,-0.17296095,0.56724143,-0.47882807,-0.9033818,1.3613578,0.41041964,-0.45182714,0.71651244,0.07142858
5193,0.53680176,0.4600507,-0.965551,-1.2831545,1.0426884,-0.75110394,-0.2037788,1.0796149,0.09090909
5194,-0.35499698,-0.4345434,0.40829742,1.0537452,-0.07171507,0.11024693,-0.5368773,-0.2804845,0.06666667
5195,-1.6296138,0.18781993,0.47031134,0.80427176,1.9084288,2.1795537,-1.6204544,-0.21770096,0.076923065
5196,-0.2381729,-0.21463391,0.84728307,0.943288,0.68065447,0.30984336,-0.7140202,0.58950007,0.1
5197,-0.14762563,0.6222656,-0.57864225,-1.04416,1.4144952,0.3844955,-0.43405268,0.751861,0.08333333
5198,-0.34584975,-0.43683177,0.40933222,1.0526438,-0.07909633,0.098465845,-0.5310861,-0.276074,0.06666668
5199,-0.33108854,-0.2871747,1.7024606,1.5208112,0.9394884,0.71034884,-0.8936792,0.93112373,0.11111111
5200,-1.581628,0.15709758,0.51368964,0.8508646,1.8372089,2.1107063,-1.5846608,-0.20084584,0.090909086
5201,-0.2926622,-0.5418706,0.31832206,1.1274285,-0.34247297,-0.09032916,-0.47174373,-0.45552173,0.07142858
5202,0.46401525,0.23036729,1.6451218,0.25828648,0.72582173,0.48036295,0.15170947,1.4506395,0.08333334
5203,0.5840571,-0.56703556,-0.0481624,0.43067396,-1.238487,-1.0950149,0.38474083,-0.4592621,0.08333333
5204,-1.6796465,0.219789,0.42538977,0.7556835,1.9827659,2.2515383,-1.6579164,-0.23536956,0.09090908
5205,0.5404403,0.6109036,1.8216674,-0.2125272,1.5294186,0.8369784,0.058721416,2.1847062,0.0909091
5206,-0.57234883,0.8274415,-1.296774,-1.4051113,2.4245155,0.51925445,-1.181832,0.9821203,0.11111111
5207,-0.33054692,0.20495588,0.16431497,0.011528105,1.0080847,0.5604534,-0.56869715,0.4859343,0.111111104
5208,-0.052228503,0.530467,1.648141,0.14431776,2.1013656,1.2351089,-0.6685971,2.0163345,0.11111111
5209,-0.41480887,-0.4768506,0.2411579,1.0640696,-0.18945731,0.06857055,-0.54989785,-0.48819825,0.07692307
5210,-1.2169565,0.79807055,0.5760635,-0.613022,-0.37845254,3.0210958,1.0092541,-1.9199871,0.08333334
5211,-0.31525594,0.2208578,0.10843404,-0.043666303,1.0207831,0.53096193,-0.5584064,0.49775767,0.09999999
5212,-0.24517359,-0.55642766,0.52995235,1.2264563,-0.32158893,-0.06611452,-0.45703217,-0.3237794,0.043478265
5213,0.42209953,-0.17583008,0.6095856,0.49925363,0.8486423,-0.59681344,-0.67000735,1.4111811,0.2
5214,0.7939326,-0.6548337,0.030218914,0.48079473,-1.4357567,-1.354976,0.5055406,-0.3812153,0.066666655
5215,-0.44256997,0.31829163,-0.03573744,-0.19271071,1.2110656,0.6973398,-0.64141196,0.46270543,0.083333336
5216,-1.6413332,0.22093782,0.40816325,0.72602624,1.9545211,2.1965523,-1.6310636,-0.21476349,0.0625
5217,-0.056662202,0.571385,1.5597956,0.046937145,2.155279,1.237263,-0.6709996,2.0298295,0.071428575
5218,-0.8860097,0.90161985,0.20976982,-1.1006831,-0.48512578,2.5681,1.2508534,-1.748981,0.07692308
5219,0.5389336,0.4542069,-0.9541532,-1.271043,1.034321,-0.75301296,-0.20306766,1.0789809,0.09090909
5220,-1.2461756,0.7240704,0.7711482,-0.40158594,-0.4520554,3.0807235,0.9726899,-1.9725043,0.08333334
5221,-1.2461756,0.7240704,0.7711482,-0.40158594,-0.4520554,3.0807235,0.9726899,-1.9725043,0.08333334
5222,-1.2461756,0.7240704,0.7711482,-0.40158594,-0.4520554,3.0807235,0.9726899,-1.9725043,0.08333334
5223,0.21258487,0.18324424,-0.20874284,-0.37300038,0.8892449,-0.3028648,-0.43054092,0.87841594,0.06666667
5224,0.21258487,0.18324424,-0.20874284,-0.37300038,0.8892449,-0.3028648,-0.43054092,0.87841594,0.06666667
5225,-0.7281487,1.0603538,-0.17414065,-1.5878159,-0.39629638,2.3594396,1.346892,-1.6395367,0.1
5226,-0.3932762,-0.018446658,-0.23871966,0.21211204,0.93939006,0.13355955,-0.9149621,0.32433146,0.11111111
5227,-0.86016595,0.91119134,0.18081,-1.1417845,-0.49228376,2.5345776,1.2681551,-1.7368526,0.090909086
5228,-1.1159385,0.6993692,0.7302229,-0.44640416,-0.561687,2.8848922,1.0858647,-1.9060031,0.0909091
5229,-0.6951643,1.0908186,-0.27007848,-1.6867195,-0.36653435,2.301241,1.3728794,-1.6035515,0.071428575
5230,0.76986223,-0.6401417,0.009065047,0.46365917,-1.4064443,-1.3257991,0.4922066,-0.38820353,0.07692309
5231,-0.53632754,0.22101347,0.21558511,0.11132751,1.1505361,0.83365256,-0.7076598,0.3856697,0.062499996
5232,-1.1195996,0.6688402,0.7964867,-0.36940652,-0.59370756,2.8915615,1.0816853,-1.9172505,0.0909091
5233,-0.09531015,-0.33500212,-0.23086609,0.3908478,-0.6030307,-0.24251656,-0.026850644,-0.6996821,0.1111111
5234,-1.6413332,0.22093782,0.40816325,0.72602624,1.9545211,2.1965523,-1.6310636,-0.21476349,0.0625
5235,-0.26329315,-0.19907598,0.82591033,0.9227827,0.71451396,0.34297043,-0.7308696,0.58170915,0.09999998
5236,0.5270894,-0.1184351,-0.64058536,-0.31208187,0.25714856,-1.1315624,-0.30469847,0.5944924,0.07692308
5237,0.46279752,0.9341566,0.48666602,-1.2331337,2.0447693,0.5252539,-0.15985958,2.1787171,0.083333336
5238,-1.28173,0.68127525,0.86613655,-0.27699703,-0.4702642,3.1248784,0.94912905,-1.9943217,0.052631576
5239,-0.33207268,-0.28657565,1.7016371,1.5200272,0.94081116,0.7116502,-0.8943578,0.9307928,0.11111111
5240,-0.44413847,0.31102833,-0.019678816,-0.17385529,1.2033299,0.7000447,-0.6427216,0.45974088,0.076923065
5241,-1.238644,0.5140143,1.1872826,0.09815185,-0.681241,3.0706232,0.9742699,-2.0229602,0.1
5242,-1.5896837,0.16227087,0.5063282,0.84304214,1.8491486,2.122233,-1.5906385,-0.20365474,0.1
5243,-1.5945637,0.16538785,0.50195414,0.8383023,1.8564011,2.1292546,-1.5942944,-0.20537841,0.06250001
5244,-0.2642823,-0.19846313,0.82506806,0.92197406,0.71584797,0.3442753,-0.7315334,0.5814017,0.06666668
5245,-0.39887947,-0.48595238,0.25185114,1.0739281,-0.20981656,0.04739534,-0.5393092,-0.48369494,0.11111111
5246,-1.1098678,0.70180625,0.7220545,-0.45669514,-0.56289774,2.8763525,1.0904461,-1.9025031,0.0625
5247,-1.5925968,0.16413708,0.50368893,0.84021294,1.8534715,2.1264117,-1.5928097,-0.20467648,0.09090909
5248,0.6680353,-0.03341018,-1.5734563,-0.8950984,0.57376903,-1.733414,-0.5127816,0.7129476,0.09999999
5249,-0.26213992,-0.19979085,0.8268936,0.9237271,0.7129579,0.34144825,-0.7300955,0.5820683,0.071428575
5250,0.5248558,0.18277654,1.7147532,0.33054382,0.6344463,0.39988154,0.1920451,1.4652056,0.083333336
5251,-0.3989712,-0.48540264,0.25085956,1.0726053,-0.20899506,0.047576085,-0.5395026,-0.4835097,0.1
5252,-0.39263058,-0.48990113,0.25696298,1.0787729,-0.21826948,0.039165355,-0.53515595,-0.48202613,0.08333334
5253,-0.39263058,-0.48990113,0.25696298,1.0787729,-0.21826948,0.039165355,-0.53515595,-0.48202613,0.08333334
5254,-0.3978147,-0.5009802,0.28695464,1.1120011,-0.22938387,0.048239917,-0.5382756,-0.48744944,0.1
5255,0.6660391,-0.03189674,-1.575598,-0.8971946,0.5766156,-1.7311168,-0.5139473,0.71250594,0.06666668
5256,0.74598616,-0.6255431,-0.011780582,0.44660503,-1.3773633,-1.2968727,0.47895512,-0.39514002,0.11111111
5257,-1.6007708,0.16937298,0.4962874,0.8322748,1.8656023,2.1381383,-1.5989027,-0.20754427,0.06666667
5258,-0.3791461,-0.49978042,0.35692102,1.1345767,-0.21096088,0.058122456,-0.5330384,-0.4316599,0.08333335
5259,-0.051907897,0.5706299,1.559721,0.04597734,2.1516232,1.2310737,-0.66768813,2.0324812,0.11111111
5260,0.80606705,-0.662275,0.040776715,0.48949313,-1.4504787,-1.369638,0.51220715,-0.37771663,0.071428575
5261,0.52828676,0.4650513,-0.9715296,-1.288751,1.0530988,-0.7408746,-0.20895451,1.0774517,0.11111113
5262,-0.031473346,-0.5875694,0.6409972,1.2066773,-0.46291226,-0.27248013,-0.2995774,-0.17769322,0.058823537
5263,-1.1236752,-0.4565031,0.7401706,1.5797919,-0.13883108,1.2289718,-0.71986836,-1.172626,0.05882353
5264,-0.37719584,-0.5074725,0.39538682,1.1631941,-0.2148474,0.065460205,-0.533283,-0.42101297,0.071428575
5265,-0.41656202,-0.4747563,0.2373857,1.0601507,-0.18583216,0.07073522,-0.5510903,-0.4883801,0.06666668
5266,-0.027641922,-0.56894124,0.6718666,1.1917806,-0.42632222,-0.24510024,-0.2967148,-0.13696036,0.071428575
5267,-0.26185375,-0.19996825,0.8271375,0.9239615,0.7125718,0.3410707,-0.7299035,0.5821575,0.11111111
5268,-1.6746113,0.23916392,0.38461936,0.70158577,2.0005786,2.2444973,-1.6557913,-0.22739795,0.08333333
5269,-1.1028184,0.70036334,0.7215505,-0.45827848,-0.56949455,2.8666732,1.0958192,-1.8998934,0.07142857
5270,-1.2555966,0.5074847,1.2102164,0.12673952,-0.6759815,3.095136,0.95949215,-2.0331402,0.090909086
5271,-1.1236752,-0.4565031,0.7401706,1.5797919,-0.13883108,1.2289718,-0.71986836,-1.172626,0.05882353
5272,0.5335743,0.46194553,-0.96781397,-1.2852744,1.0466334,-0.7472252,-0.20574096,1.0787944,0.07692307
5273,-1.6746113,0.23916392,0.38461936,0.70158577,2.0005786,2.2444973,-1.6557913,-0.22739795,0.08333333
5274,0.5329351,0.46232104,-0.9682627,-1.2856948,1.0474148,-0.7464574,-0.20612937,1.078632,0.08333334
5275,-0.26368773,-0.19883148,0.8255742,0.9224599,0.7150462,0.34349108,-0.7311344,0.5815864,0.111111104
5276,0.47405618,-0.130977,-1.2697507,-0.52474564,0.5314679,-1.489835,-0.6574981,0.6090627,0.07692309
5277,-1.0350469,0.84217423,0.39065135,-0.8523141,-0.4502738,2.7651258,1.1484,-1.8235104,0.07142858
5278,-0.40911132,-0.4889634,0.26606667,1.0905797,-0.2079403,0.062357105,-0.545888,-0.48909774,0.07142858
5279,0.45182353,0.2184768,1.6752336,0.295695,0.7188879,0.49594563,0.14413029,1.4422722,0.09090908
5280,-0.29052436,-0.11912683,0.36734533,0.57906455,0.66721284,0.25681114,-0.69323,0.36734262,0.0625
5281,-0.031746216,-0.61481124,0.6602812,1.3923765,0.22387764,-0.48959756,-0.8669216,0.49075574,0.071428575
5282,-0.8888792,0.94792175,0.11009643,-1.207944,-0.4190613,2.5673246,1.2454826,-1.7308519,0.05882353
5283,-1.6796465,0.21978903,0.42538977,0.7556836,1.9827659,2.2515383,-1.6579163,-0.23536956,0.09090908
5284,-0.25945193,-0.5135485,0.6622169,1.241914,-0.18666168,0.043406077,-0.48250777,-0.19291762,0.07142856
5285,-1.0516554,-0.5047023,0.8025662,1.6432682,-0.24417348,1.1293155,-0.66803676,-1.154192,0.08333333
5286,0.52005506,0.4698825,-0.9772922,-1.2941529,1.0631573,-0.7309783,-0.21395999,1.075356,0.076923065
5287,-0.4284945,0.3140597,-0.033996508,-0.19221479,1.1981001,0.6782736,-0.631952,0.4687925,0.076923065
5288,0.003011562,-0.060703445,0.38742185,0.37933087,0.74044806,-0.026204545,-0.5657053,0.7564138,0.071428575
5289,-1.2108493,0.68992954,0.80027753,-0.3535307,-0.5055009,3.0187714,1.0100033,-1.9524182,0.06666668
5290,-0.53632754,0.22101347,0.21558511,0.11132751,1.1505361,0.83365256,-0.7076598,0.3856697,0.062499996
5291,-0.8402933,0.94334143,0.107687175,-1.2317288,-0.46554536,2.5079827,1.2792222,-1.7190036,0.0909091
5292,-0.12675782,-0.34900036,-0.18553941,0.45089358,-0.6002343,-0.20205615,-0.04583813,-0.7138616,0.08333334
5293,0.56944495,-0.04476864,-0.8404538,-0.5201023,0.4284292,-1.2288008,-0.36383864,0.7177453,0.06666667
5294,0.46799815,0.23042205,1.6432189,0.2553497,0.7235406,0.47519934,0.15426672,1.4523848,0.090909086
5295,-1.1356498,0.713774,0.71004134,-0.4670794,-0.531089,2.9114394,1.0708497,-1.9099423,0.11111111
5296,0.6675562,-0.03295851,-1.5741456,-0.8958073,0.57455903,-1.7328644,-0.51305383,0.7128564,0.083333336
5297,0.66766256,-0.032171447,-1.57575,-0.8977139,0.5754543,-1.7330014,-0.51291794,0.71302414,0.06666667
5298,-1.2350107,0.7287007,0.7351857,-0.42826682,-0.44360125,3.0524473,0.9889154,-1.9528388,0.05555555
5299,-1.1217446,0.7077942,0.71772957,-0.46117294,-0.54753125,2.893661,1.0794618,-1.9068407,0.058823526
5300,0.6675562,-0.03295851,-1.5741456,-0.8958073,0.57455903,-1.7328644,-0.51305383,0.7128564,0.08333334
5301,0.70693016,0.45981595,0.17271289,-0.8644946,0.9106527,-0.3110851,0.10953926,1.4421464,0.071428575
5302,-0.25441575,-0.56417143,0.5557919,1.2567773,-0.3273118,-0.051067114,-0.46219397,-0.33155155,0.05
5303,-0.4158029,-0.4750506,0.23756601,1.0602596,-0.18662824,0.0697053,-0.55059,-0.48812804,0.0909091
5304,-0.96709657,0.8951219,0.2543444,-1.027648,-0.43572634,2.6735835,1.195332,-1.7804589,0.09090909
5305,0.5700348,0.636918,1.719014,-0.3116452,1.5349538,0.78062403,0.07871223,2.1919062,0.058823526
5306,0.6692049,-0.033078127,-1.5746154,-0.89670527,0.5735719,-1.7347809,-0.51199496,0.71340907,0.083333336
5307,-0.3823508,0.31506371,-0.056655034,-0.22670548,1.1708981,0.61572874,-0.6008544,0.4908656,0.058823537
5308,0.0010352731,0.008420576,0.8305875,0.3495816,0.008343518,0.48287964,0.15508789,0.14862268,0.09090909
5309,-1.1419979,-0.44422218,0.7242565,1.5635147,-0.111920804,1.2544196,-0.7330902,-1.1772926,0.0625
5310,-0.056984857,0.5645018,1.5750538,0.06395107,2.1468215,1.2383174,-0.671347,2.0268955,0.06666667
5311,-0.7376035,0.5464534,0.97783744,-0.05020105,0.9231876,1.9822056,-0.073983535,-0.0083310455,0.058823526
5312,0.60969985,-0.5770188,-0.04061146,0.43495893,-1.2614893,-1.1268743,0.39957994,-0.44940862,0.071428575
5313,-1.2509478,0.7169875,0.76519614,-0.39031255,-0.44673675,3.0743597,0.9786733,-1.9627782,0.090909086
5314,-0.054689407,0.5416577,1.6244313,0.11842097,2.1168199,1.2373388,-0.6701254,2.019251,0.083333336
5315,-0.45285618,0.253943,0.06667957,-0.044256665,1.1486572,0.69450396,-0.66203475,0.43726242,0.0625
5316,0.52449584,0.4672761,-0.9741788,-1.2912387,1.0577301,-0.736315,-0.21125999,1.0764859,0.10000001
5317,-1.6683785,0.22840203,0.40379626,0.7253285,1.9837458,2.2354302,-1.650628,-0.22706151,0.058823537
5318,0.66304094,-0.029454445,-1.57915,-0.9007363,0.5810948,-1.7276689,-0.51568353,0.71187055,0.09090909
5319,0.5270895,-0.11843511,-0.6405854,-0.31208193,0.25714856,-1.1315625,-0.3046985,0.59449244,0.07692309
5320,-0.3146705,-0.16215982,0.76919496,0.83532196,0.5779339,0.4608184,-0.6056051,0.36794585,0.1
5321,-0.23595802,-0.16576694,0.58085734,0.7976698,1.0849397,0.13971764,-1.0040829,0.8910371,0.07692309
5322,0.5270895,-0.11843511,-0.6405854,-0.31208193,0.25714856,-1.1315625,-0.3046985,0.59449244,0.07692309
5323,0.6483578,0.39592415,-0.13001941,-1.0132943,0.08101987,-0.2760635,0.6003111,0.53801596,0.07692308
5324,0.45182353,0.2184768,1.6752336,0.295695,0.7188879,0.4959457,0.14413029,1.4422722,0.09090908
5325,0.40796578,0.13557462,1.3428202,0.3442297,1.010148,0.19575188,-0.25582376,1.6199789,0.11111113
5326,-1.0653982,0.8113313,0.4709406,-0.75512123,-0.46631902,2.8090978,1.1252983,-1.8474823,0.058823537
5327,-0.05859582,-0.53769577,2.1258593,1.954785,0.46169072,0.35304117,-0.7001883,0.99131644,0.11111111
5328,-1.1153349,-0.46210098,0.74745303,1.5872198,-0.15109412,1.2173389,-0.7138488,-1.1705076,0.06666667
5329,0.8099994,-0.6646612,0.044289753,0.4922651,-1.4552774,-1.3744178,0.51439077,-0.37657133,0.07692308
5330,0.43913412,-0.6891925,-0.97304904,0.4243847,-0.39952928,-1.763995,-0.60292614,-0.034813404,0.10000001
5331,-0.3932762,-0.018446658,-0.23871966,0.21211204,0.93939006,0.13355955,-0.9149621,0.3243315,0.11111111
5332,-0.056333616,-0.534859,2.118111,1.9458728,0.46422452,0.3496139,-0.69902873,0.9935937,0.07142858
5333,-0.14179707,-0.16884239,2.3154352,1.5231731,1.0992283,0.9419965,-0.71128625,1.3786801,0.062500015
5334,-0.4077642,-0.4803264,0.24458256,1.0670042,-0.197764,0.05912382,-0.5452293,-0.4860483,0.06666667
5335,-0.11279933,-0.34287974,-0.20547219,0.4244818,-0.6015586,-0.22001271,-0.037407994,-0.70756865,0.066666655
5336,-0.035194278,-0.66542107,0.7768594,1.5283107,0.16752318,-0.48341066,-0.8681174,0.48201004,0.076923065
5337,-1.2780955,0.67171276,0.87476397,-0.25901514,-0.47769165,3.1153395,0.9539898,-1.9900159,0.07692307
5338,-1.2555966,0.5074847,1.2102164,0.12673952,-0.6759815,3.095136,0.95949215,-2.0331402,0.090909086
5339,-0.26706958,-0.40767637,1.9425558,1.7801708,0.7462538,0.63212276,-0.84389603,0.92220914,0.05882353
5340,0.35169,-0.6189678,-1.0858214,0.31775218,-0.2664135,-1.6640468,-0.6557467,-0.05730042,0.06666667
5341,0.5331641,0.4621873,-0.9681077,-1.2855463,1.0471364,-0.74673486,-0.20598963,1.0786912,0.111111104
5342,0.5192342,0.4703641,-0.97786534,-1.2946914,1.06416,-0.7299909,-0.21445924,1.0751468,0.111111104
5343,-1.6413332,0.22093782,0.40816325,0.72602624,1.9545211,2.1965523,-1.6310636,-0.21476352,0.0625
5344,0.791852,-0.6535817,0.0283252,0.4793468,-1.433202,-1.3524325,0.50437,-0.38182828,0.090909086
5345,0.7977637,-0.6571964,0.03350389,0.48356575,-1.4403893,-1.3595896,0.5076324,-0.3801171,0.09090909
5346,0.801154,-0.6592698,0.03647607,0.48598522,-1.4445082,-1.3636925,0.50949883,-0.3791375,0.10000001
5347,-0.1826076,0.62936777,-0.5382913,-1.0208566,1.4242306,0.45587963,-0.4363371,0.7313708,0.099999994
5348,-1.2441367,0.5094658,1.1998918,0.11337846,-0.68221927,3.0787616,0.96923727,-2.0270686,0.06666667
5349,0.42049748,-0.0030978173,0.35237634,0.13774653,1.0933366,-0.54455584,-0.6405365,1.5201827,0.07692308
5350,0.25999418,-0.07962241,0.91751456,0.3689351,-0.32775187,0.17610352,0.38332945,0.16238272,0.083333336
5351,0.5329351,0.46232104,-0.9682627,-1.2856948,1.0474148,-0.7464574,-0.20612937,1.078632,0.08333334
5352,0.7120127,0.42853367,-0.02419208,-1.0176225,0.22319286,-0.28569627,0.57531637,0.75672543,0.083333336
5353,-0.8860097,0.9016198,0.20976982,-1.1006831,-0.48512578,2.5681002,1.2508534,-1.7489808,0.07692309
5354,-1.1117346,0.7017403,0.7231181,-0.4551896,-0.5616616,2.878932,1.0890199,-1.903329,0.05882353
5355,-0.6087057,0.6065773,0.8028568,-0.27971125,0.9076633,1.8079336,0.02187293,0.072661065,0.049999993
5356,-0.051483147,-0.54216874,2.1320033,1.9606864,0.45200312,0.34343702,-0.69531924,0.99358344,0.076923065
5357,-1.1152287,-0.46217602,0.7475867,1.5873044,-0.1512417,1.2171544,-0.7137777,-1.1704814,0.0625
5358,-0.46918613,0.78792185,0.36693007,-0.8120911,1.0275395,1.6109296,0.12981081,0.19798075,0.11111111
5359,0.3572793,0.009074998,0.37433952,0.16404358,1.1488249,-0.45498204,-0.6798345,1.5067098,0.058823526
5360,-0.41614926,-0.4746118,0.23676531,1.0594212,-0.18588205,0.07013182,-0.55082816,-0.4881586,0.066666655
5361,-0.28586608,-0.5700837,0.4011553,1.2049668,-0.37451065,-0.08754364,-0.46771044,-0.44785848,0.05882353
5362,-0.33108854,-0.2871747,1.7024606,1.5208112,0.9394884,0.71034884,-0.8936792,0.93112373,0.11111111
5363,0.5410195,-0.007006682,0.33750847,0.07780284,1.0288,-0.68437356,-0.5643072,1.5852648,0.099999994
5364,0.50931895,0.4761799,-0.98478806,-1.3011894,1.0762703,-0.718063,-0.22049096,1.0726179,0.06666667
5365,-1.1195996,0.6688402,0.7964867,-0.36940652,-0.59370756,2.8915615,1.0816853,-1.9172505,0.0909091
5366,-0.26383382,-0.40967396,1.945437,1.7829015,0.7418358,0.62782514,-0.84165597,0.9233216,0.0625
5367,-1.6341264,0.21481629,0.4176628,0.73700035,1.9421015,2.1861606,-1.6255434,-0.21262792,0.058823522
5368,-0.12666436,-0.35083255,-0.18173625,0.45536453,-0.60238284,-0.20218499,-0.045725673,-0.7141342,0.071428575
5369,0.8068391,-0.6627472,0.04145059,0.49004465,-1.4514178,-1.3705722,0.5126342,-0.377493,0.07692308
5370,0.50931895,0.4761799,-0.98478806,-1.3011894,1.0762703,-0.718063,-0.22049096,1.0726179,0.06666667
5371,-0.12820552,-0.3508393,-0.18094431,0.4566276,-0.601459,-0.20019874,-0.046675794,-0.71470714,0.083333336
5372,0.44591123,-0.69884366,-0.95519114,0.44334632,-0.41481936,-1.771576,-0.59861565,-0.03358361,0.0909091
5373,-0.08576357,0.23154242,-1.3563998,-0.7890601,1.3285648,-0.61094105,-0.9573578,0.6547241,0.071428575
5374,-0.41077,-0.12326755,0.12886976,0.55016315,0.7990839,0.242426,-0.8754012,0.2980768,0.09090909
5375,0.42156488,-0.024857178,-1.0188133,-0.52321714,0.6841742,-1.1911225,-0.5831637,0.75369954,0.08333333
5376,0.5375597,0.4596055,-0.96501863,-1.2826561,1.0417618,-0.7520142,-0.20331827,1.0798074,0.11111113
5377,-0.039764702,0.35236987,-0.8079654,-0.7461982,1.385931,-0.22335532,-0.74816823,0.8743979,0.07692307
5378,-0.23044164,-0.16081658,0.56637055,0.7808707,1.0886768,0.13137676,-1.0005423,0.8960159,0.099999994
5379,-0.31248665,0.22939509,0.088987745,-0.066494554,1.0293816,0.5265307,-0.5563006,0.5016062,0.058823537
5380,0.33531827,-0.22710812,-0.40947163,0.10361475,0.4914719,-0.9981284,-0.6300333,0.7262989,0.076923065
5381,-0.26250243,-0.1995662,0.82658476,0.92343056,0.7134469,0.3419267,-0.7303388,0.5819556,0.06666667
5382,-0.5079179,0.3506259,1.2997178,0.27718174,0.54412407,1.6900328,0.09074486,0.049988568,0.07142858
5383,-0.02371873,-0.55197227,0.7006844,1.1783026,-0.39303368,-0.22031176,-0.2938284,-0.09923576,0.083333336
5384,-1.2070414,0.7714634,0.6262582,-0.55561936,-0.4156289,3.0083442,1.0165321,-1.9237999,0.076923065
5385,0.47827798,0.3003278,-0.90871894,-0.9637695,1.1428171,-0.893522,-0.50326663,1.1812255,0.07142858
5386,0.60885465,-0.57650024,-0.041348696,0.43435103,-1.2604585,-1.1258507,0.39911062,-0.44965383,0.071428575
5387,0.5088194,0.47647294,-0.9851363,-1.3015165,1.0768803,-0.7174619,-0.22079489,1.0724905,0.07692308
5388,0.8023351,-0.6599916,0.0375048,0.48682868,-1.4459484,-1.3651232,0.51015687,-0.37879363,0.07692308
5389,-0.30961353,-0.16157815,0.7651782,0.82993144,0.57503355,0.45401585,-0.60170364,0.3699764,0.09090909
5390,0.47803468,-0.7387997,-0.88269013,0.5186783,-0.48034215,-1.807676,-0.57836795,-0.027050182,0.062499996
5391,-1.1784862,0.73660576,0.686861,-0.49012566,-0.47516596,2.971185,1.036293,-1.9230961,0.06666667
5392,0.3869415,0.12897274,-0.52734464,-0.4833725,1.0121511,-0.7744709,-0.5699603,1.1273472,0.07142857
5393,0.6271557,0.45584613,-0.62108105,-1.1122591,1.3927656,-0.7661453,-0.39945242,1.6109173,0.0909091
5394,-1.1951158,0.74235487,0.6801241,-0.4938128,-0.45663363,2.9927344,1.0254935,-1.9271864,0.071428575
5395,-0.059481233,0.5617902,1.5819318,0.07205318,2.1448376,1.241849,-0.6731394,2.0242698,0.07692308
5396,-1.238644,0.5140143,1.1872826,0.09815185,-0.681241,3.0706232,0.9742699,-2.0229602,0.1
5397,-0.3988799,-0.17923078,0.8527208,0.9408107,0.6010701,0.5790052,-0.6583247,0.3161303,0.07692309
5398,-1.2373632,0.5130899,1.1885645,0.09946423,-0.68319404,3.0688863,0.9752392,-2.022664,0.11111113
5399,0.80008125,-0.65861386,0.035529643,0.48522085,-1.4432077,-1.3623943,0.5089127,-0.37944612,0.08333332
5400,-0.80427897,0.9945428,-0.0013382211,-1.3733653,-0.42377633,2.4630494,1.2940189,-1.6923894,0.055555563
5401,0.7918321,-0.65357006,0.028308772,0.4793331,-1.4331752,-1.3524076,0.5043558,-0.38183507,0.07692307
5402,0.8008168,-0.65906364,0.036174744,0.48574573,-1.4441017,-1.3632851,0.509318,-0.37923333,0.0625
5403,0.7985958,-0.6577057,0.034229726,0.48416054,-1.4414003,-1.3605953,0.5080911,-0.37987664,0.071428575
5404,0.80185115,-0.6596961,0.037080184,0.48648393,-1.4453589,-1.3645365,0.5098887,-0.37893412,0.071428575
5405,0.8033811,-0.66063184,0.03842125,0.48757583,-1.4472171,-1.3663875,0.51073045,-0.3784922,0.06666668
5406,0.7921449,-0.65376073,0.028584056,0.47955543,-1.4335574,-1.3527876,0.5045303,-0.38174382,0.1
5407,-1.122527,0.7014347,0.7316789,-0.44500142,-0.5543566,2.895246,1.0785863,-1.9093939,0.0625
5408,-0.9202263,0.89808136,0.23007214,-1.0681567,-0.46557552,2.6125078,1.227729,-1.7625065,0.055555556
5409,-0.14755341,-0.26119924,0.59245867,0.88976693,0.8312035,-0.03607262,-0.9143714,0.7891804,0.05882353
5410,-0.37639433,-0.5001306,0.2702384,1.0912857,-0.24015723,0.017822098,-0.5244072,-0.4776506,0.09090909
5411,-0.5794941,0.19616322,0.28992707,0.20327993,1.1462343,0.8948232,-0.7370969,0.35586447,0.071428575
5412,-0.68484485,0.52020854,-0.7858821,-0.6975097,1.8346506,0.701357,-1.074927,0.5209191,0.1
5413,-0.114021495,-0.34475288,-0.2009211,0.4301163,-0.60296154,-0.21844514,-0.03810688,-0.70833874,0.066666655
5414,-0.97878337,0.89720947,0.25453794,-1.0242256,-0.42439622,2.6887178,1.186924,-1.7839462,0.11111113
5415,0.46634066,0.22891055,1.6470675,0.26017445,0.7227298,0.47731096,0.15323722,1.4512659,0.08333333
5416,0.6945757,1.1712543,0.03979545,-1.8773704,2.1787496,0.2876343,0.024818443,2.3653193,0.055555556
5417,0.37287146,-0.61046016,-1.1111478,0.2799688,-0.2678526,-1.689343,-0.6430796,-0.048334435,0.08333334
5418,-1.1144522,-0.46269286,0.74822336,1.5880013,-0.15238757,1.21611,-0.71321326,-1.1702826,0.06666667
5419,-0.35753673,-0.16923028,0.80780864,0.8846146,0.5902305,0.5210718,-0.6311198,0.3407818,0.07142858
5420,0.8115799,-0.6656466,0.045608908,0.4934277,-1.4571763,-1.3763096,0.51524246,-0.37612346,0.10000001
5421,-0.41592783,-0.474987,0.23750053,1.0602024,-0.18647815,0.06987263,-0.55067295,-0.48816535,0.083333336
5422,-0.31248665,0.22939509,0.088987745,-0.066494554,1.0293816,0.5265307,-0.5563006,0.5016062,0.058823537
5423,0.40882373,0.10517988,-0.4889158,-0.44192648,0.97269785,-0.8008283,-0.55714035,1.1310405,0.09999999
5424,-0.9034475,0.97571886,0.048018716,-1.266488,-0.37236357,2.577322,1.2403436,-1.7201061,0.047619052
5425,-1.0526165,0.83939487,0.40521377,-0.8329481,-0.4419161,2.7894897,1.1353835,-1.8321427,0.066666655
5426,-0.056588277,-0.5329836,2.1139789,1.9413146,0.46683443,0.3498054,-0.69936144,0.99413633,0.10000001
5427,-0.056843832,0.55169916,1.6031384,0.09515248,2.1306562,1.2392684,-0.6714589,2.0219018,0.058823526
5428,-1.1540309,-0.43612742,0.7138049,1.5525911,-0.09405494,1.2712463,-0.74183416,-1.1803184,0.04545455
5429,0.78334105,0.0320461,-1.0326709,-0.8651277,0.17928395,-1.3931884,-0.027601916,0.6095423,0.07692308
5430,-1.1234487,-0.45665455,0.7403666,1.5799907,-0.13916168,1.2286589,-0.71970564,-1.1725678,0.0625
5431,-0.63700485,0.56263417,0.90590996,-0.15444982,0.87520504,1.8483659,5.1267445e-05,0.045455523,0.05882353
5432,-0.5794941,0.19616322,0.28992707,0.20327993,1.1462343,0.8948232,-0.7370969,0.35586447,0.071428575
5433,-1.0595714,0.8124316,0.4666807,-0.7597653,-0.46437752,2.8014233,1.1264052,-1.8435518,0.0625
5434,-0.797573,0.07077544,0.47548622,0.65033,1.6278524,0.9892819,-1.295938,0.6198815,0.1
5435,-1.5571448,0.23053399,0.35704154,0.6419681,1.8999605,2.0761938,-1.5727915,-0.16807824,0.07692309
5436,0.66065985,-0.02805489,-1.5809001,-0.9022928,0.58400035,-1.7249206,-0.5171085,0.7112763,0.09090909
5437,0.609145,0.38524422,-0.8208299,-1.1040869,1.2578037,-0.9107751,-0.42090786,1.4288747,0.06666667
5438,0.65703017,-0.08041168,-1.6145573,-0.79731315,0.8117113,-1.8743644,-0.76593846,0.9334996,0.2
5439,-0.08787294,0.22716415,-1.3539771,-0.78012097,1.3244202,-0.6118114,-0.9597582,0.6506368,0.06666667
5440,0.66189206,-0.028779097,-1.5799943,-0.90148747,0.58249664,-1.7263432,-0.516371,0.71158385,0.06666668
5441,-1.6730286,0.21556671,0.43129855,0.7621087,1.9729286,2.2420049,-1.6529493,-0.2330232,0.07692307
5442,0.5371588,0.459841,-0.96530044,-1.28292,1.0422521,-0.7515327,-0.2035619,1.0797057,0.10000001
5443,0.47827798,0.3003278,-0.90871894,-0.9637695,1.1428171,-0.893522,-0.50326663,1.1812255,0.07142858
5444,-0.85039574,0.990627,-0.0012778342,-1.3380283,-0.39040118,2.5107617,1.2726398,-1.6978216,0.06666668
5445,-1.4591472,0.41985407,1.3325735,0.46879214,-0.21255694,3.2035937,0.439945,-1.825983,0.10000001
5446,0.43626463,-0.13469534,-0.08433835,0.10392347,0.903144,-0.91835153,-0.7340501,1.2849754,0.08333333
5447,0.6598432,-0.0883507,-0.84818417,-0.47896367,0.5078905,-1.4150157,-0.45054317,0.89897907,0.1
5448,-0.0068929866,0.016450787,0.857812,0.35973144,0.06062363,0.50405055,0.12796557,0.19394775,0.090909086
5449,-0.057366997,0.5432275,1.6219558,0.11616391,2.1203141,1.2407159,-0.6719691,2.0182126,0.083333336
5450,0.30263278,-0.072810784,0.883672,0.31988907,-0.34566075,0.12102878,0.40929085,0.17988989,0.07692308
5451,0.5251639,0.46688446,-0.97371745,-1.290801,1.0569153,-0.73712075,-0.21085334,1.076657,0.1
5452,0.6483578,0.39592415,-0.13001941,-1.0132943,0.08101987,-0.2760635,0.6003111,0.53801596,0.07692308
5453,-0.37881583,-0.18073887,0.8260903,0.919937,0.58473635,0.5416696,-0.64825934,0.3184511,0.09090909
5454,-0.5941789,0.17592031,0.3408028,0.26413566,1.1305058,0.91650516,-0.74710345,0.3418896,0.055555563
5455,0.3116014,-0.6405496,-1.0265683,0.40274483,-0.27050698,-1.6160417,-0.67973566,-0.07510787,0.1111111
5456,-0.14762563,0.62226564,-0.57864225,-1.04416,1.4144952,0.3844955,-0.43405268,0.751861,0.08333333
5457,-0.37705094,-0.5759327,-0.64953136,0.8695207,0.24209337,-0.69239086,-1.2148248,-0.23764974,0.090909086
5458,0.0861819,0.32439488,-0.82109225,-0.7700439,1.2869313,-0.39129752,-0.66611534,0.92379415,0.1
5459,-0.027275838,-0.56915253,0.67217654,1.1920365,-0.426777,-0.24555467,-0.2964836,-0.13683602,0.071428575
5460,0.27662084,0.91387624,-0.90504014,-1.7451051,2.0207427,-0.07791369,-0.44948843,1.6126332,0.090909086
5461,-1.2780955,0.67171276,0.87476397,-0.25901514,-0.47769165,3.1153395,0.9539898,-1.9900159,0.07692307
5462,-0.43902642,0.48189396,-0.83622926,-0.77426684,1.6463435,0.36020505,-0.9115013,0.6277338,0.055555556
5463,-0.84078044,0.9326718,0.12858754,-1.2061584,-0.4777882,2.5083082,1.2797756,-1.722046,0.083333336
5464,-0.83451265,0.81423974,0.3556912,-0.9306494,-0.6191685,2.496384,1.2931601,-1.7505277,0.04761904
5465,0.46889693,0.30280215,-0.9077742,-0.9629305,1.1497211,-0.88115436,-0.5096812,1.1772852,0.08333332
5466,-0.37700552,-0.18823981,0.8628299,0.9462303,0.56949925,0.551983,-0.6399359,0.31732345,0.090909086
5467,0.52183837,0.4688362,-0.97604585,-1.2929835,1.060979,-0.733123,-0.21287546,1.0758106,0.083333336
5468,0.67132163,-0.0076790815,-0.9120624,-0.68864506,0.24499005,-1.2825463,-0.1561886,0.61149395,0.05263158
5469,0.5410195,-0.007006682,0.33750847,0.07780284,1.0288,-0.68437356,-0.5643072,1.5852648,0.099999994
5470,-0.029194884,-0.32990235,0.93951297,1.0020137,0.1667997,0.07362147,-0.40567514,0.40379402,0.071428575
5471,-0.124734506,-0.34721282,-0.19031079,0.44482803,-0.59940684,-0.20465645,-0.044641636,-0.7128024,0.1
5472,0.7831146,-0.64824116,0.020674482,0.47311276,-1.422571,-1.3418511,0.49953756,-0.38436094,0.07142856
5473,-0.54597694,0.84589314,-1.3479698,-1.4663653,2.431487,0.47930717,-1.1617273,0.9998863,0.11111113
5474,-0.0588551,0.5644566,1.5758387,0.06516654,2.1478295,1.2407843,-0.67265594,2.025717,0.07692308
5475,-0.051483147,-0.54216874,2.1320033,1.9606864,0.45200312,0.34343702,-0.69531924,0.99358344,0.076923065
5476,-1.1441804,0.8022865,0.53449965,-0.67344683,-0.4235456,2.9208024,1.062962,-1.8874243,0.07692308
5477,-1.192688,0.81599283,0.52750343,-0.67354876,-0.37481588,2.9870634,1.0275216,-1.9039806,0.07692308
5478,0.35603797,0.81091106,0.078486435,-1.1934019,1.9190066,0.29067975,-0.3168242,1.8798376,0.076923065
5479,0.7092003,1.1631771,0.050132558,-1.8677851,2.1613548,0.27025288,0.034008615,2.369677,0.09090909
5480,-0.39887953,-0.48595238,0.25185114,1.0739281,-0.20981656,0.04739535,-0.5393092,-0.48369494,0.11111111
5481,0.5183633,0.5774642,1.8471286,-0.14372785,1.4924417,0.8387646,0.04426998,2.1434114,0.0625
5482,0.4992007,0.53775525,1.9372793,-0.035796456,1.4580498,0.8635362,0.03209675,2.1234517,0.071428575
5483,-0.5794941,0.19616322,0.28992707,0.20327993,1.1462343,0.8948232,-0.7370969,0.35586447,0.071428575
5484,-0.7450545,0.45799327,1.1670245,0.17054684,0.8250208,1.9975371,-0.0827102,-0.040442735,0.08333331
5485,0.2862112,0.29785615,-0.48359048,-0.7117624,0.97860163,-0.4066248,-0.38441494,0.9378252,0.07692308
5486,0.5445469,-0.100124,-0.7731815,-0.36477816,0.55866134,-1.2746555,-0.52537715,0.8570361,0.07142857
5487,-0.41077,-0.12326755,0.12886976,0.55016315,0.7990839,0.242426,-0.8754012,0.2980768,0.09090909
5488,0.64793193,0.6280153,-0.19509797,-1.2450842,1.1189281,-0.2640519,0.091850065,1.4289181,0.07142857
5489,-0.20778765,-0.32762632,0.6546403,0.9503394,0.15945083,0.14859082,-0.48925802,0.12860268,0.06666667
5490,0.2903582,0.06708168,1.3217887,0.48427624,0.92401344,0.2510149,-0.3112904,1.4295805,0.05555555
5491,-0.07542454,-0.14500676,0.3082112,0.5410572,0.92799026,-0.13790587,-0.8743963,0.84945536,0.07142858
5492,-0.9054969,0.9647335,0.07261346,-1.2385193,-0.38519317,2.580889,1.2393506,-1.7251637,0.07142858
5493,-0.68484485,0.52020854,-0.7858821,-0.6975097,1.8346506,0.701357,-1.074927,0.5209191,0.1
5494,-0.059403494,-0.5305478,2.1100316,1.9372935,0.4715457,0.35354888,-0.70134914,0.99348223,0.11111111
5495,-0.05898775,0.55963224,1.5864975,0.077036105,2.1418467,1.2413948,-0.67283183,2.023719,0.071428575
5496,-0.37705094,-0.5759327,-0.64953136,0.8695207,0.24209337,-0.69239086,-1.2148248,-0.23764974,0.090909086
5497,0.81077075,-0.66513306,0.044964343,0.49281585,-1.4562143,-1.3753501,0.5148155,-0.3763484,0.07692308
5498,-1.114362,-0.46275556,0.7483144,1.5880845,-0.15252186,1.2159697,-0.713149,-1.1702611,0.055555556
5499,0.66065985,-0.02805489,-1.5809001,-0.9022928,0.58400035,-1.7249206,-0.5171085,0.7112763,0.09090909
5500,0.3328048,-0.6285138,-1.0591521,0.35615134,-0.26770633,-1.6414759,-0.66710275,-0.06565885,0.083333336
5501,-0.5794941,0.19616322,0.28992707,0.20327993,1.1462343,0.8948232,-0.7370969,0.35586447,0.071428575
5502,-0.08006075,0.23472784,-1.3571503,-0.7973142,1.3293375,-0.6142189,-0.95256644,0.66034746,0.07692308
5503,-0.84029335,0.9433414,0.107687175,-1.2317288,-0.4655453,2.5079827,1.2792224,-1.7190034,0.0909091
5504,-0.46918547,0.7879226,0.3669284,-0.8120932,1.0275398,1.6109288,0.12981132,0.19798127,0.11111111
5505,-0.4519915,0.4495877,-0.7683238,-0.68710077,1.6198469,0.37856787,-0.92119974,0.6161752,0.0625
5506,-0.51325256,-0.649439,-0.66303587,1.1510311,0.63106346,-0.7404229,-1.6014638,0.023250274,0.125
5507,0.55545926,0.31334466,0.047015436,-0.76339036,0.015760727,-0.17190173,0.5512777,0.45090556,0.055555552
5508,0.03259042,0.576063,-0.74558914,-1.1276037,1.3389361,0.03527864,-0.4064839,0.84607196,0.07692307
5509,-0.093709454,-0.16146497,0.35165077,0.59535867,0.9193573,-0.11292511,-0.88635045,0.8382218,0.07692309
5510,-0.027275838,-0.56915253,0.67217654,1.1920365,-0.426777,-0.24555467,-0.2964836,-0.13683602,0.071428575
5511,-0.5047612,0.7127639,0.5379046,-0.60629463,0.96384263,1.6629993,0.101994656,0.15802902,0.05263158
5512,0.40882373,0.10517988,-0.4889158,-0.44192648,0.97269785,-0.8008283,-0.55714035,1.1310405,0.09999999
5513,0.31087333,0.005240158,-0.94550776,-0.44096613,0.9983934,-1.070533,-0.80111027,0.95536137,0.05555555
5514,0.24466616,-0.11097978,0.98793864,0.45703882,-0.3535244,0.19497381,0.37422538,0.15030876,0.11111113
5515,0.5445469,-0.100124,-0.7731815,-0.36477816,0.55866134,-1.2746555,-0.52537715,0.8570361,0.07142857
5516,0.54610974,0.6113351,1.7957977,-0.22812973,1.5223922,0.81838924,0.06264513,2.1791162,0.05263158
5517,-0.46918547,0.7879226,0.3669284,-0.8120932,1.0275398,1.6109288,0.12981129,0.19798127,0.11111111
5518,0.4260015,-0.06146813,0.19091181,0.14399654,1.015465,-0.6944748,-0.6792621,1.4303781,0.076923065
5519,0.6850027,1.1765418,0.033027932,-1.8836454,2.1901371,0.29901195,0.01880297,2.3624675,0.07692308
5520,-0.93361485,0.94492507,0.12853159,-1.1703348,-0.3913471,2.6208599,1.2190757,-1.7446402,0.0625
5521,-0.920558,0.954123,0.10256572,-1.2019964,-0.38848954,2.6022987,1.2284905,-1.735596,0.06666667
5522,-0.51325256,-0.649439,-0.66303587,1.1510311,0.63106346,-0.7404229,-1.6014638,0.023250267,0.12500001
5523,-0.06038256,-0.5328504,2.115833,1.943873,0.4690323,0.35512596,-0.7017529,0.99210393,0.0625
5524,-0.26387972,-0.40963528,1.945404,1.7828692,0.7419011,0.62790996,-0.8416848,0.9233258,0.05882353
5525,-1.1379929,-0.44690573,0.7277322,1.5670694,-0.1178004,1.2488611,-0.7302006,-1.1762717,0.058823526
5526,-0.107529774,-0.3441416,-0.20547958,0.42336297,-0.6061666,-0.2268122,-0.034117613,-0.70581114,0.071428575
5527,0.6571575,0.06950705,-0.97919405,-0.8143903,0.3740008,-1.229242,-0.16384272,0.6736008,0.06666667
5528,-0.54597694,0.84589314,-1.3479698,-1.4663653,2.431487,0.47930717,-1.1617272,0.9998863,0.11111113
5529,-0.15048145,0.6276324,1.4696192,-0.035793535,2.2793088,1.3551178,-0.73579913,1.9934903,0.099999994
5530,-0.16071534,0.6335485,1.4602607,-0.044283308,2.2925637,1.3679968,-0.7428722,1.9894389,0.11111111
5531,-0.2750637,-0.3492301,1.9965308,1.7183487,0.848248,0.73153734,-0.83986706,0.9961214,0.08333332
5532,-0.8491738,1.0688305,-0.15332223,-1.5215144,-0.29969144,2.5106015,1.2671406,-1.6761639,0.07692309
5533,-0.90549684,0.9647335,0.07261346,-1.2385193,-0.38519317,2.580889,1.2393506,-1.7251637,0.071428575
5534,-1.1428287,0.80285543,0.53250295,-0.6758236,-0.42357904,2.9188716,1.0639068,-1.8865706,0.076923065
5535,-0.5132526,-0.64943904,-0.66303587,1.1510311,0.63106346,-0.7404229,-1.6014638,0.023250267,0.125
5536,-0.9602102,0.96272975,0.10391382,-1.1935819,-0.3500257,2.6564984,1.1977922,-1.7491683,0.06666668
5537,0.42269808,-0.022520993,-1.0235484,-0.5296849,0.6858621,-1.1923778,-0.5824845,0.7542236,0.07692306
5538,0.31615818,0.13130939,-0.49444783,-0.43529636,1.0526099,-0.68249285,-0.6151811,1.0978435,0.07692308
5539,0.347821,0.17078686,-0.5926691,-0.55521625,1.0806695,-0.72641504,-0.5930051,1.1191982,0.09090909
5540,-0.12578355,-0.1888596,0.42407507,0.68810636,0.90685385,-0.069748946,-0.90602684,0.8190527,0.090909116
5541,-0.09370944,-0.16146497,0.35165077,0.59535867,0.91935724,-0.11292511,-0.88635045,0.8382218,0.07692309
5542,-0.09370944,-0.16146497,0.35165077,0.59535867,0.91935724,-0.11292511,-0.88635045,0.8382218,0.07692309
5543,0.3701164,-0.08738198,-0.8663641,-0.33515495,0.63485587,-1.1236943,-0.62215906,0.72050226,0.111111104
5544,0.055642888,0.750486,-1.3746102,-1.6382799,1.810273,-0.2380881,-0.63899165,1.0955936,0.0909091
5545,0.037357092,0.75183403,0.030459657,-1.0025401,1.7843801,0.5780703,-0.39474165,1.4169475,0.11111111
5546,0.18795027,-0.0739269,1.2519183,0.693171,0.69193256,0.1980186,-0.36003977,1.1301907,0.07692308
5547,-0.03147334,-0.5875694,0.6409971,1.2066773,-0.46291214,-0.27248013,-0.29957733,-0.17769322,0.058823537
5548,0.039262787,0.369385,-0.8831843,-0.8444662,1.3609134,-0.32992852,-0.69504017,0.91074216,0.07142856
5549,0.23743518,0.4767182,-0.9960172,-1.1685513,1.2761215,-0.46097243,-0.45825288,0.9716804,0.08333334
5550,0.6177069,0.56395566,0.87558675,-0.6585519,1.0299214,0.27863652,0.24698919,1.6032846,0.1
5551,-0.7450545,0.45799327,1.1670245,0.17054684,0.8250208,1.9975371,-0.0827102,-0.04044272,0.08333331
5552,-0.7450545,0.45799327,1.1670245,0.17054684,0.8250208,1.9975371,-0.0827102,-0.040442705,0.08333331
5553,0.6248009,0.37793532,-0.09008455,-0.9552781,0.071496174,-0.2500998,0.5857739,0.5204701,0.062499993
5554,-0.4017077,-0.18453957,0.86567116,0.95521194,0.5900048,0.58457494,-0.65535283,0.30743986,0.071428575
5555,0.78603804,0.0069793393,-0.66129696,-0.57364416,0.70494866,-1.3846194,-0.405767,1.2430285,0.06666666
5556,-0.14489828,-0.1830129,0.7326148,0.7953134,0.6669251,0.1825314,-0.6566512,0.6445769,0.058823526
5557,0.31787497,0.004004527,-0.972759,-0.45604134,0.99536693,-1.0938128,-0.803484,0.9514636,0.055555563
5558,0.5723073,-0.010004522,-0.8371822,-0.60158175,0.26306456,-1.1397383,-0.19746092,0.54382527,0.052631587
5559,0.13213052,0.26170474,-0.3606261,-0.5107955,1.0500423,-0.21870229,-0.47710672,0.89225805,0.10000001
5560,0.30352682,0.036214966,0.34225106,0.1363367,1.2121458,-0.38631266,-0.7135234,1.4911038,0.071428575
5561,0.2662524,-0.0975446,0.95004135,0.4077865,-0.3510568,0.16725503,0.38725406,0.16135922,0.1
5562,0.34223336,0.1231594,1.2516245,0.34388995,0.9695566,0.21925329,-0.272048,1.4917876,0.062499993
5563,0.10443623,-0.029293668,0.26898324,0.22554272,0.7224195,-0.16259435,-0.50214094,0.811129,0.09090908
5564,0.8072841,-0.6553162,0.025607169,0.47170204,-1.4431041,-1.370744,0.51260185,-0.3760701,0.09090909
5565,0.81273377,-0.6663523,0.04661818,0.49425143,-1.4585786,-1.3777052,0.51587886,-0.37578973,0.083333336
5566,0.80463254,-0.6613969,0.039517947,0.48846877,-1.4487386,-1.3679028,0.51142097,-0.37812993,0.06666667
5567,0.802335,-0.6599915,0.037504807,0.48682863,-1.4459479,-1.3651229,0.5101568,-0.37879357,0.07692307
5568,0.054308884,-0.045067485,0.4248209,0.34404266,0.73040664,-0.04320245,-0.5157782,0.8079643,0.083333336
5569,0.6604279,-0.027918648,-1.5810701,-0.90244406,0.5842832,-1.7246529,-0.5172472,0.71121824,0.09999999
5570,0.5546634,-0.12878221,-1.3138269,-0.5885073,0.4977315,-1.586887,-0.60289633,0.64169025,0.06250001
5571,-0.27599895,-0.5456979,-0.792147,0.662016,0.08546877,-0.8093217,-1.1046284,-0.34513324,0.08333335
5572,-0.23763196,-0.17355776,0.59967065,0.81883216,1.0754857,0.14302638,-1.0050489,0.8871894,0.09090909
5573,0.42085248,-0.12471404,-1.2551067,-0.50059885,0.56217855,-1.424434,-0.69366026,0.5875256,0.1111111
5574,-0.05778238,0.54771185,1.6122454,0.105448894,2.1261826,1.2408592,-0.67218316,2.0197349,0.071428575
5575,-0.056662202,0.5713851,1.5597957,0.046937145,2.155279,1.237263,-0.67099965,2.0298297,0.071428575
5576,-1.6116166,0.17632692,0.48643285,0.82174116,1.8816913,2.1536846,-1.6069741,-0.2113406,0.09090909
5577,-1.4954526,0.4315675,1.5013099,0.49052495,-0.57665527,3.4433231,0.74481606,-2.1748502,0.1
5578,-1.2555965,0.5074847,1.2102164,0.1267395,-0.6759815,3.0951357,0.95949215,-2.03314,0.09090908
5579,-0.8604342,0.9674878,0.051572643,-1.276058,-0.4135093,2.5257444,1.2669901,-1.7103838,0.07692308
5580,-1.2719698,0.6819642,0.8656558,-0.28424472,-0.4795276,3.1142616,0.9549716,-1.9931611,0.0625
5581,-1.1179922,0.76631016,0.6322482,-0.59418,-0.48983544,2.9084451,1.0621715,-1.9085234,0.07692308
5582,-1.1441786,0.80228764,0.5344966,-0.67345065,-0.42354554,2.9208,1.0629634,-1.8874234,0.07692308
5583,-1.1356498,0.713774,0.71004134,-0.4670794,-0.531089,2.9114397,1.0708495,-1.9099423,0.11111111
5584,-1.1346451,0.70671207,0.72425663,-0.45073342,-0.5400658,2.9104297,1.0715865,-1.9118098,0.111111104
5585,-1.1293857,0.7014717,0.7324844,-0.44185305,-0.5496721,2.9033637,1.0755379,-1.9110953,0.09090909
5586,-1.2159235,0.8020304,0.56741977,-0.6233333,-0.37476087,3.0195408,1.0100914,-1.918367,0.09090909
5587,-1.2159235,0.8020304,0.56741977,-0.6233333,-0.37476087,3.0195408,1.0100914,-1.918367,0.09090909
5588,-1.0935717,0.7190694,0.67864466,-0.5100239,-0.55427665,2.8533483,1.1025977,-1.8901044,0.07142855
5589,-0.71631104,1.1041391,-0.27151734,-1.699837,-0.34743804,2.3413734,1.3522229,-1.6188135,0.1111111
5590,0.605103,0.45657545,-0.415461,-0.9997247,1.4419725,-0.64186174,-0.4112587,1.690295,0.07142857
5591,-0.28853142,-0.18342808,0.8043788,0.9020938,0.7485809,0.37629277,-0.7478145,0.57383657,0.1
5592,-1.2441367,0.5094658,1.1998918,0.11337846,-0.68221927,3.0787616,0.96923727,-2.0270686,0.06666668
5593,-1.192688,0.8159928,0.52750343,-0.67354876,-0.37481588,2.9870634,1.0275217,-1.9039806,0.07692308
5594,-1.4371513,0.61145306,1.1021369,0.010153867,-0.43666458,3.354156,0.81175566,-2.0957506,0.09090909
5595,0.6354544,0.50762624,-0.72037697,-1.2355328,1.4492598,-0.77594936,-0.38883495,1.6298687,0.11111113
5596,0.5425707,0.21478042,-1.0117382,-0.92579406,0.9937427,-1.0921037,-0.4838205,1.1037326,0.07692308
5597,-0.9719087,0.9025608,0.24058451,-1.041939,-0.42267066,2.6792853,1.1916858,-1.7794188,0.1
5598,-0.4165123,0.5397037,-0.9569659,-0.93036443,1.692876,0.32883978,-0.8949982,0.6474438,0.1
5599,0.46385372,0.05363275,-1.0306386,-0.66413045,0.781569,-1.16821,-0.5496387,0.8627269,0.062499996
5600,0.42582625,-0.01930089,-1.0312686,-0.5396686,0.68786496,-1.1962548,-0.5802754,0.7558726,0.071428575
5601,-0.09370944,-0.16146497,0.35165077,0.59535867,0.91935724,-0.11292511,-0.88635045,0.8382218,0.07692309
5602,-0.03026221,-0.33140004,0.89729464,0.9829238,0.15011728,0.0555391,-0.40331927,0.3763018,0.06666667
5603,-0.08054648,0.330679,-0.74414253,-0.6648971,1.3844907,-0.16768725,-0.7765408,0.85349536,0.111111104
5604,0.032590427,0.5760629,-0.7455891,-1.1276035,1.3389362,0.035278633,-0.40648386,0.84607196,0.07692307
5605,0.10701448,0.40815932,-0.9905524,-0.9854283,1.3637928,-0.4186272,-0.64889157,0.9415498,0.083333336
5606,0.0102808215,0.5806519,-0.7261337,-1.1155753,1.3488963,0.076456934,-0.4116664,0.83487153,0.07142856
5607,0.7348858,0.47883895,0.14167455,-0.91877,0.93584275,-0.33955604,0.118629046,1.4821248,0.083333336
5608,-0.4212544,0.30994958,-0.028823197,-0.18722005,1.1889638,0.6686944,-0.6271819,0.47119397,0.07142857
5609,-0.4774527,0.24717039,0.096318245,-0.009025522,1.1542401,0.73056144,-0.67775345,0.42297563,0.05882353
5610,0.5133929,0.32831055,1.5029947,0.025889646,0.842594,0.45466995,0.17217094,1.5475351,0.06666667
5611,0.11312008,-0.047036223,0.43690777,0.32228285,0.70171064,-0.10348478,-0.4772841,0.8502399,0.11111111
5612,0.5363789,0.18934987,1.69605,0.3065107,0.63549995,0.38514233,0.19923452,1.4719563,0.083333336
5613,0.5361567,0.18906754,1.6966845,0.30735457,0.6353475,0.38539416,0.19912821,1.4718571,0.07142858
5614,0.5361567,0.18906754,1.6966845,0.30735457,0.6353475,0.38539416,0.19912821,1.4718571,0.07142858
5615,0.6090493,0.44598746,1.5343102,-0.17148402,1.0193542,0.486413,0.21172124,1.7822098,0.06666666
5616,0.32907867,0.19058125,0.916348,0.085122235,0.9641384,0.16456293,-0.24356759,1.3625749,0.07692308
5617,-0.5378854,0.41289043,1.181316,0.1455805,0.6357974,1.7259905,0.07073633,0.053527415,0.11111111
5618,-0.7443408,0.4661627,1.149686,0.15013659,0.8339237,1.9962003,-0.08190214,-0.037563518,0.09090909
5619,-0.20854382,-0.11058587,0.5913369,0.61559707,0.5688817,0.30854243,-0.54251313,0.41975805,0.07142857
5620,-0.20523186,-0.10945348,0.5670302,0.6013367,0.5721541,0.29222584,-0.5480989,0.42033577,0.07142858
5621,0.52016705,0.46981567,-0.9772067,-1.2940767,1.0630186,-0.7311099,-0.21389273,1.075383,0.090909086
5622,-0.39327615,-0.018446656,-0.23871969,0.21211205,0.93939006,0.13355955,-0.9149621,0.3243315,0.11111111
5623,-0.138228,-0.04864473,0.43033618,0.44745755,0.7946833,0.1718325,-0.6254374,0.65480185,0.083333336
5624,-0.13388677,-0.17402063,0.74845064,0.7822188,0.6765119,0.18799606,-0.6465261,0.6673082,0.1111111
5625,0.010061055,-0.07986807,0.42196405,0.4212216,0.7151214,-0.036107436,-0.5603881,0.7564311,0.09090909
5626,0.010061067,-0.07986806,0.421964,0.4212216,0.71512127,-0.036107436,-0.560388,0.756431,0.09090907
5627,-0.2044224,-0.2137782,0.8279187,0.9160153,0.6628706,0.26387697,-0.6926498,0.606894,0.083333336
5628,-0.19649096,-0.21441908,0.8251962,0.9117227,0.65766984,0.25314862,-0.68758106,0.61070096,0.06666667
5629,-0.22839935,-0.2133564,0.8393908,0.9327843,0.6768157,0.2964576,-0.70789695,0.5948695,0.071428575
5630,-0.25065404,-0.20690599,0.836671,0.9331098,0.6974722,0.32629758,-0.7223901,0.58563364,0.09090909
5631,-0.23021294,-0.21729062,0.8490253,0.9440481,0.67282426,0.29919916,-0.70881826,0.59268713,0.071428575
5632,-0.13589719,-0.17646846,0.7136994,0.7722798,0.6701798,0.16998324,-0.651071,0.6509243,0.055555556
5633,-0.25167036,-0.20627648,0.8358058,0.93227994,0.69884217,0.3276384,-0.7230718,0.58531857,0.07692307
5634,0.53832805,0.45410427,-0.95359087,-1.2703718,1.0344864,-0.7522209,-0.20349392,1.07871,0.1
5635,0.53832805,0.45410427,-0.95359087,-1.2703718,1.0344864,-0.7522209,-0.20349392,1.07871,0.1
5636,-0.25883108,-0.20184097,0.8297113,0.9264321,0.7084956,0.33708304,-0.72787535,0.5830965,0.111111104
5637,-0.26357776,-0.1988998,0.8256686,0.9225508,0.7148973,0.3433454,-0.73106045,0.58162117,0.058823522
5638,-0.2647823,-0.19815339,0.82464266,0.92156553,0.71652204,0.3449347,-0.7318687,0.5812466,0.09090908
5639,0.5099627,0.4564541,-0.959049,-1.261737,1.0573337,-0.72606146,-0.2286517,1.0688536,0.099999994
5640,-0.26521075,-0.19788785,0.8242775,0.921215,0.7171,0.34550005,-0.73215634,0.58111334,0.090909086
5641,0.5113932,0.45865178,-0.96623814,-1.2685744,1.0599986,-0.7292756,-0.22810844,1.0700499,0.111111104
5642,-0.28817362,-0.18365006,0.80468464,0.9023878,0.74809754,0.37581998,-0.74757415,0.5739486,0.11111113
5643,-0.28022635,-0.18625984,0.80634886,0.90305275,0.740316,0.3651793,-0.74237883,0.5771552,0.1
5644,-0.28022635,-0.18625984,0.80634886,0.90305275,0.740316,0.3651793,-0.74237883,0.5771552,0.1
5645,0.48014545,0.4022822,-0.81409466,-1.1012708,1.0051202,-0.6718697,-0.24333376,1.0418602,0.06666666
5646,0.5367182,0.44852084,-0.94064796,-1.256189,1.0282842,-0.7493603,-0.20529082,1.076631,0.0909091
5647,-0.2888291,-0.18324344,0.80412453,0.9018493,0.7489831,0.37668604,-0.74801457,0.57374346,0.06666668
5648,-0.28564477,-0.18521853,0.8068443,0.904464,0.7446824,0.37247962,-0.7458758,0.5747392,0.1
5649,-0.28643292,-0.1847297,0.8061712,0.9038168,0.74574673,0.37352067,-0.7464051,0.5744928,0.07692308
5650,-0.28743863,-0.18410595,0.8053124,0.90299135,0.7471048,0.37484908,-0.7470804,0.5741785,0.07692308
5651,-0.26609623,-0.1973392,0.82352334,0.92049074,0.7182944,0.34666836,-0.7327506,0.58083797,0.11111111
5652,-0.26609623,-0.1973392,0.82352334,0.92049074,0.7182944,0.34666836,-0.7327506,0.58083797,0.11111111
5653,-0.29052353,-0.18219233,0.80267686,0.9004571,0.7512718,0.3789245,-0.74915266,0.573213,0.11111111
5654,0.53609467,0.44632244,-0.93555677,-1.2506142,1.0258331,-0.7482474,-0.2059933,1.0758164,0.11111111
5655,-0.2882495,-0.18360293,0.80462,0.90232515,0.7482001,0.37591988,-0.74762523,0.5739245,0.071428575
5656,-0.29009217,-0.18245992,0.8030455,0.90081155,0.750689,0.3783545,-0.74886286,0.57334805,0.09090909
5657,0.53609467,0.44632244,-0.93555677,-1.2506142,1.0258331,-0.7482474,-0.2059933,1.0758164,0.11111111
5658,-0.15024865,-0.13087955,0.63211477,0.6688514,0.72615725,0.19226976,-0.66463906,0.6486913,0.1
5659,-0.28796512,-0.18377933,0.80486286,0.9025587,0.74781597,0.37554407,-0.7474341,0.5740135,0.076923065
5660,-0.1739489,-0.15089348,0.68633735,0.73544306,0.7158336,0.22472699,-0.68037057,0.63391817,0.111111104
5661,0.53609467,0.44632244,-0.93555677,-1.2506142,1.0258331,-0.7482474,-0.2059933,1.0758164,0.11111111
5662,0.5363727,0.46030307,-0.96585083,-1.2834378,1.0432128,-0.7505879,-0.20403948,1.0795058,0.1
5663,0.5363727,0.46030307,-0.96585083,-1.2834378,1.0432128,-0.7505879,-0.20403948,1.0795058,0.1
5664,0.5353846,0.46088377,-0.96654606,-1.284088,1.0444214,-0.7494014,-0.20463994,1.0792553,0.11111111
5665,0.5356736,0.46071368,-0.9663415,-1.2838976,1.0440676,-0.749748,-0.20446438,1.0793283,0.090909086
5666,-0.15062556,-0.13134806,0.6333496,0.67019886,0.7257404,0.19282536,-0.6649697,0.64842,0.1
5667,0.53471446,0.46127734,-0.9670166,-1.2845287,1.0452408,-0.74859625,-0.20504725,1.0790851,0.10000001
5668,0.5376675,0.459542,-0.9649428,-1.2825851,1.0416297,-0.75214386,-0.20325267,1.0798347,0.111111104
5669,0.5376675,0.459542,-0.9649428,-1.2825851,1.0416297,-0.75214386,-0.20325267,1.0798347,0.111111104
5670,0.53591776,0.46057037,-0.96616995,-1.2837371,1.0437691,-0.7500411,-0.20431605,1.0793904,0.10000001
5671,0.53680176,0.46005067,-0.965551,-1.2831546,1.0426884,-0.75110394,-0.20377883,1.0796149,0.09090909
5672,-0.1739489,-0.15089348,0.68633735,0.73544306,0.7158336,0.22472702,-0.68037057,0.6339183,0.111111104
5673,0.5335651,0.46195146,-0.96782196,-1.2852818,1.046645,-0.747215,-0.20574623,1.0787925,0.08333334
5674,-0.15310559,-0.1355958,0.64525974,0.6815547,0.72097635,0.19712086,-0.6689441,0.64703333,0.08333332
5675,0.53175354,0.46301538,-0.96909094,-1.2864724,1.0488594,-0.7450373,-0.20684758,1.0783316,0.083333336
5676,0.529917,0.46409324,-0.97037697,-1.2876779,1.0511036,-0.7428297,-0.20796424,1.0778643,0.1
5677,0.52242494,0.46849096,-0.975628,-1.2925961,1.0602602,-0.73382527,-0.21251944,1.0759583,0.099999994
5678,0.519256,0.47035068,-0.97784543,-1.2946757,1.0641321,-0.73001516,-0.21444643,1.0751514,0.09999999
5679,0.51781684,0.4711954,-0.9788536,-1.2956201,1.0658907,-0.7282853,-0.2153216,1.074785,0.08333333
5680,0.51426315,0.47328046,-0.9813391,-1.2979505,1.0702325,-0.72401196,-0.21748298,1.0738797,0.11111113
5681,0.51360214,0.47366816,-0.9818007,-1.2983837,1.0710399,-0.7232167,-0.21788508,1.0737112,0.1
5682,0.5136025,0.47366795,-0.9818003,-1.2983835,1.0710394,-0.7232171,-0.21788481,1.0737113,0.1
5683,0.51446795,0.47316036,-0.98119617,-1.2978164,1.0699824,-0.72425836,-0.21735838,1.073932,0.10000001
5684,-0.18727936,-0.17541729,0.7432209,0.8068733,0.6952574,0.24250872,-0.68656486,0.62204385,0.1
5685,-0.17258695,-0.16064295,0.7055692,0.7591921,0.7038209,0.22271101,-0.6780403,0.6321097,0.09090909
5686,0.51235324,0.47440052,-0.98267186,-1.2992016,1.072565,-0.721714,-0.21864486,1.0733923,0.1
5687,0.51267844,0.47420982,-0.982445,-1.2989886,1.0721678,-0.7221054,-0.218447,1.0734755,0.099999994
5688,0.5129303,0.47406217,-0.98226964,-1.2988237,1.0718606,-0.72240853,-0.21829382,1.0735397,0.08333334
5689,0.511771,0.47474205,-0.98307836,-1.2995832,1.073276,-0.72101367,-0.21899903,1.073244,0.09090909
5690,0.50905764,0.4763332,-0.98497033,-1.3013605,1.0765895,-0.7177486,-0.22064993,1.0725514,0.083333336
5691,0.51076436,0.47533232,-0.9837805,-1.3002427,1.0745053,-0.7198024,-0.2196115,1.072987,0.083333336
5692,0.5118213,0.47471258,-0.98304355,-1.2995505,1.0732148,-0.72107434,-0.21896842,1.0732569,0.1
5693,0.5228451,0.46824548,-0.97534084,-1.2923232,1.0597489,-0.7343332,-0.21226323,1.0760669,0.09999999
5694,0.5092886,0.4761977,-0.98480904,-1.3012089,1.0763072,-0.71802646,-0.22050938,1.0726101,0.09999998
5695,-0.13125348,-0.12203825,0.60492253,0.6323698,0.7247165,0.16680084,-0.6528529,0.65907085,0.062499996
5696,-0.14724673,-0.1348652,0.6391819,0.67608345,0.71918374,0.18837152,-0.66245794,0.6488607,0.049999997
5697,-0.1498771,-0.1388669,0.64962703,0.6880695,0.7157795,0.19218259,-0.6649375,0.6474191,0.07692307
5698,-0.14058231,-0.13155118,0.6290648,0.6629712,0.71913654,0.17936173,-0.6582116,0.6526191,0.06666667
5699,0.50808936,0.47690096,-0.9856452,-1.3019944,1.0777717,-0.71658325,-0.22123912,1.072304,0.1
5700,0.50877446,0.47649926,-0.98516774,-1.301546,1.0769352,-0.7174079,-0.22082222,1.072479,0.07692307
5701,0.5084093,0.47671324,-0.985422,-1.3017848,1.0773809,-0.7169683,-0.22104436,1.0723857,0.07692307
5702,0.5084423,0.47669402,-0.9853991,-1.3017634,1.0773408,-0.71700794,-0.2210244,1.0723943,0.09090909
5703,0.51336086,0.47380948,-0.9819677,-1.2985414,1.0713341,-0.722926,-0.21803197,1.0736493,0.11111111
5704,0.50839907,0.4767194,-0.9854295,-1.3017918,1.0773937,-0.7169561,-0.22105065,1.0723832,0.083333336
5705,0.5085185,0.47664937,-0.9853462,-1.3017137,1.0772479,-0.7170998,-0.22097796,1.0724137,0.1
5706,0.50863206,0.4765827,-0.9852669,-1.3016391,1.0771091,-0.7172364,-0.22090885,1.0724427,0.07692308
5707,0.50782096,0.47705832,-0.9858321,-1.3021704,1.0780995,-0.71626025,-0.2214024,1.0722356,0.07692309
5708,0.521992,0.46874604,-0.97593844,-1.2928828,1.0607913,-0.7333077,-0.21278197,1.0758498,0.1
5709,0.50851464,0.4766515,-0.9853487,-1.3017161,1.0772523,-0.7170952,-0.22098026,1.0724126,0.11111111
5710,0.52311623,0.4680863,-0.9751519,-1.2921451,1.0594177,-0.73465943,-0.21209836,1.0761359,0.083333336
5711,0.52272207,0.4683175,-0.9754275,-1.2924036,1.0598991,-0.7341855,-0.21233797,1.0760355,0.08333333
5712,0.52422404,0.46743616,-0.9743762,-1.2914182,1.0580639,-0.73599124,-0.21142474,1.076418,0.10000001
5713,0.51183397,0.47470492,-0.98303187,-1.2995416,1.0731987,-0.7210884,-0.21896103,1.0732595,0.11111111
5714,0.52079654,0.46944758,-0.97677374,-1.2936671,1.0622517,-0.73187006,-0.21350902,1.0755452,0.09090909
5715,0.5256838,0.46657932,-0.9733536,-1.2904599,1.0562799,-0.73774594,-0.2105371,1.0767894,0.099999994
5716,0.52674276,0.46595758,-0.9726114,-1.2897645,1.0549855,-0.7390186,-0.20989326,1.0770588,0.083333336
5717,0.52247816,0.46846047,-0.9755956,-1.2925631,1.0601964,-0.7338913,-0.2124865,1.075973,0.090909086
5718,0.51075727,0.47533646,-0.9837843,-1.3002474,1.0745139,-0.71979344,-0.21961594,1.0729852,0.11111113
5719,0.5272398,0.46566588,-0.9722632,-1.2894382,1.0543783,-0.73961616,-0.20959103,1.0771853,0.09090909
5720,-0.1266429,-0.1987032,0.75963247,0.821439,0.63589585,0.15995398,-0.64443994,0.64711857,0.08333334
5721,0.525403,0.46674398,-0.97354853,-1.2906439,1.0566225,-0.7374077,-0.21070793,1.0767176,0.1
5722,0.52691627,0.46585578,-0.97248936,-1.2896508,1.0547734,-0.739227,-0.20978776,1.0771029,0.099999994
5723,0.5145444,0.4731154,-0.9811413,-1.2977661,1.0698886,-0.7243498,-0.21731189,1.0739511,0.11111111
5724,0.5296952,0.4642242,-0.9705409,-1.2878251,1.0513767,-0.74256665,-0.20809832,1.0778095,0.058823526
5725,0.5155802,0.47250763,-0.98041713,-1.2970868,1.0686233,-0.7255954,-0.21668193,1.0742152,0.1
5726,0.5155802,0.47250763,-0.98041713,-1.2970868,1.0686233,-0.7255954,-0.21668193,1.0742152,0.1
5727,0.5188278,0.47060233,-0.9781475,-1.2949574,1.0646561,-0.7295014,-0.2147066,1.0750428,0.099999994
5728,0.5188278,0.47060233,-0.9781475,-1.2949574,1.064656,-0.7295014,-0.2147066,1.0750428,0.099999994
5729,0.5188278,0.47060233,-0.9781475,-1.2949574,1.064656,-0.7295014,-0.2147066,1.0750428,0.099999994
5730,0.5326494,0.46248958,-0.9684689,-1.2858846,1.0477657,-0.74611646,-0.20630252,1.0785606,0.099999994
5731,-0.06185195,-0.05751545,0.43778944,0.41983277,0.7588816,0.07357959,-0.61250955,0.70497215,0.07142858
5732,0.5326494,0.46248958,-0.9684689,-1.2858846,1.0477657,-0.74611646,-0.20630252,1.0785606,0.099999994
5733,0.51622415,0.4479792,-0.9281832,-1.2399484,1.0381426,-0.7228876,-0.21903041,1.0681967,0.09090908
5734,0.5326494,0.46248958,-0.9684689,-1.2858846,1.0477657,-0.74611646,-0.20630252,1.0785606,0.1
5735,0.52438027,0.46734402,-0.9742633,-1.2913147,1.0578722,-0.73617774,-0.21133003,1.0764573,0.071428575
5736,0.5331641,0.46218732,-0.9681077,-1.2855464,1.0471364,-0.7467349,-0.20598966,1.0786912,0.111111104
5737,0.52594274,0.46642703,-0.9731703,-1.2902894,1.055963,-0.73805654,-0.21037978,1.076855,0.083333336
5738,0.52594274,0.46642703,-0.9731703,-1.2902893,1.055963,-0.73805654,-0.21037978,1.076855,0.083333336
5739,0.52828676,0.4650513,-0.9715296,-1.288751,1.0530988,-0.7408746,-0.20895451,1.0774517,0.11111113
5740,0.52828676,0.4650513,-0.9715296,-1.288751,1.0530988,-0.7408746,-0.20895451,1.0774517,0.11111113
5741,0.5328627,0.46236438,-0.96831906,-1.2857443,1.0475049,-0.7463727,-0.20617282,1.0786147,0.111111104
5742,-0.1266936,-0.11348971,0.58590955,0.60774523,0.73167765,0.16079827,-0.6513937,0.6638082,0.076923095
5743,0.48577595,0.4295538,-0.87187934,-1.1742344,1.0313345,-0.68105066,-0.2413342,1.0511398,0.08333333
5744,0.47840428,0.42389736,-0.8556034,-1.1556946,1.0279789,-0.6707485,-0.24699715,1.0467097,0.07142856
5745,0.5220527,0.4687101,-0.97589195,-1.2928423,1.060716,-0.73337907,-0.21274543,1.0758646,0.07692309
5746,0.0030115694,-0.06070344,0.38742185,0.3793308,0.74044806,-0.026204545,-0.5657053,0.7564138,0.07142857
5747,0.50011617,0.4763076,-0.97989166,-1.2949291,1.0809127,-0.7062171,-0.22675732,1.068915,0.111111104
5748,0.0067203715,-0.06357442,0.39186603,0.38373405,0.7347567,-0.030924099,-0.5633282,0.7572161,0.07692308
5749,0.43432677,0.42492643,-0.83317524,-1.1269535,1.0508815,-0.613582,-0.27698392,1.0289918,0.06666668
5750,-0.18287744,-0.24507828,0.8895205,0.9794701,0.60889125,0.23857938,-0.67809236,0.6054208,0.062499993
5751,-0.20387132,-0.2663219,0.9466518,1.0484711,0.5940058,0.26830095,-0.6901305,0.58829904,0.08333333
5752,-0.18864061,-0.24721947,0.89775896,0.9895315,0.60882986,0.24668573,-0.68093365,0.6009563,0.08333333
5753,0.2862112,0.29785618,-0.48359048,-0.71176237,0.9786017,-0.40662485,-0.38441494,0.9378252,0.07692308
5754,0.3600747,0.36517647,-0.6651326,-0.93056506,1.0172489,-0.5096918,-0.33220738,0.98404014,0.10000001
5755,0.07518026,0.087154426,0.06518315,-0.037598222,0.85052973,-0.115909025,-0.52255875,0.7977637,0.0625
5756,0.2862112,0.29785615,-0.48359048,-0.7117624,0.97860163,-0.4066248,-0.38441494,0.9378252,0.07692307
5757,-0.05462122,-0.0006913947,0.31105712,0.27538335,0.8238363,0.059642196,-0.603422,0.7197648,0.07142857
5758,0.2862112,0.29785615,-0.48359048,-0.7117624,0.97860163,-0.4066248,-0.38441494,0.9378252,0.07692307
5759,0.1352001,0.27293515,-0.3863864,-0.54042095,1.0619438,-0.22397779,-0.4742408,0.89651525,0.1111111
5760,0.1352001,0.27293515,-0.3863864,-0.54042095,1.0619438,-0.22397777,-0.4742408,0.89651525,0.1111111
5761,0.6598432,-0.0883507,-0.84818417,-0.47896367,0.5078905,-1.4150157,-0.45054317,0.89897907,0.1
5762,0.6598432,-0.0883507,-0.84818417,-0.47896367,0.5078905,-1.4150157,-0.45054317,0.89897907,0.1
5763,0.61869234,-0.059610512,-0.8930446,-0.517491,0.56666505,-1.3669243,-0.47060704,0.89091706,0.05882353
5764,0.8032117,-0.6605268,0.038277082,0.4874525,-1.447014,-1.3661851,0.5106399,-0.37853995,0.09090909
5765,-0.23010151,-0.15977031,0.5637373,0.7779415,1.0899268,0.13074262,-1.0002931,0.89664054,0.11111113
5766,0.42085254,-0.124714054,-1.2551068,-0.5005989,0.5621787,-1.4244342,-0.6936604,0.5875256,0.11111113
5767,-0.8075482,-0.636129,0.087058336,1.6325978,0.83536625,-0.024277445,-1.7309641,0.040308148,0.111111104
5768,-0.81923246,-0.63963073,0.10449904,1.6531544,0.8372468,-0.0060373154,-1.7372442,0.03337705,0.1
5769,-0.54814076,0.843376,-1.3416764,-1.459,2.4296815,0.48274642,-1.1634988,0.9981544,0.11111111
5770,-1.5461128,0.23764792,0.33849746,0.61572254,1.8994375,2.0604422,-1.5655574,-0.16030961,0.07692309
5771,-1.6257755,0.18536316,0.47377962,0.80800045,1.9027289,2.1740384,-1.6175885,-0.21635136,0.0909091
5772,-1.5945636,0.16538785,0.50195414,0.8383023,1.8564011,2.1292546,-1.5942943,-0.20537844,0.06250001
5773,-1.5186334,0.11658943,0.57149583,0.9119337,1.7440109,2.0208387,-1.5380586,-0.17893538,0.0625
5774,-1.5871419,0.16063206,0.5086827,0.8455105,1.8453882,2.11861,-1.5887651,-0.20277643,0.07692308
5775,-1.584254,0.15878136,0.511303,0.8483146,1.8411038,2.1144693,-1.5866146,-0.20176473,0.08333333
5776,-1.4542173,0.07518257,0.6305351,0.97440577,1.6486659,1.9288718,-1.4903648,-0.15651366,0.11111113
5777,-1.4591472,0.41985407,1.3325735,0.46879214,-0.21255694,3.2035937,0.439945,-1.825983,0.10000001
5778,-0.003410399,-0.00996645,2.6355798,1.3584694,1.314435,1.1240563,-0.58094215,1.7429264,0.1
5779,1.0291779,0.6802338,0.22388065,-1.2283357,1.532378,-0.4982636,0.029605784,2.3132336,0.125
5780,-1.2604703,0.5088699,1.2098815,0.1269589,-0.67087847,3.101939,0.955555,-2.0350027,0.08333333
5781,-1.2604703,0.5088699,1.2098815,0.1269589,-0.67087847,3.101939,0.955555,-2.035003,0.08333332
5782,-1.2373632,0.5130899,1.1885645,0.09946423,-0.68319404,3.0688863,0.9752392,-2.022664,0.11111113
5783,-1.2641286,0.5073721,1.2150205,0.13334313,-0.66983855,3.1072402,0.9523515,-2.037234,0.1
5784,-1.2386439,0.5140143,1.1872824,0.09815185,-0.6812409,3.0706232,0.9742698,-2.0229602,0.099999994
5785,-1.2463098,0.51891255,1.1809634,0.09184708,-0.6702455,3.0810683,0.9684014,-2.0249467,0.07692308
5786,-1.16864,0.59644806,0.98102987,-0.15364707,-0.64305294,2.9691274,1.0355551,-1.9673399,0.07142858
5787,-0.9383632,0.900934,0.2254505,-1.0619181,-0.44436264,2.6333792,1.2150729,-1.7650341,0.07142857
5788,-1.2879478,0.6738711,0.8873626,-0.25288278,-0.4767927,3.1359754,0.943374,-2.0019028,0.07692308
5789,-1.2449638,0.709212,0.8042688,-0.3666311,-0.47145665,3.080601,0.97294897,-1.977873,0.055555556
5790,-1.209037,0.7059417,0.7968418,-0.3843941,-0.49808425,3.0330696,0.99696904,-1.9646121,0.0909091
5791,-1.1002696,0.7857805,0.5805439,-0.654285,-0.47572428,2.8817127,1.0750276,-1.892475,0.071428575
5792,-0.6408481,0.50732094,-0.78279203,-0.6968838,1.7943219,0.64050627,-1.0459172,0.53887236,0.083333336
5793,-1.2624649,0.70852834,0.789004,-0.36058956,-0.44806653,3.0906844,0.9691722,-1.9705817,0.08333333
5794,-1.2624649,0.70852834,0.789004,-0.36058956,-0.44806653,3.0906844,0.9691722,-1.9705817,0.08333333
5795,-0.6784019,1.0723306,-0.21240388,-1.647916,-0.41532308,2.2937887,1.3787732,-1.6186663,0.083333336
5796,-0.8326888,1.0158622,-0.06155455,-1.4118533,-0.36970294,2.484141,1.2851708,-1.6807551,0.045454543
5797,-0.617665,1.1256684,-0.3682642,-1.8226707,-0.37641937,2.2012794,1.421627,-1.5654064,0.07692307
5798,-1.1174097,0.69565034,0.73860586,-0.43638176,-0.56475633,2.8870578,1.0846579,-1.9077045,0.062499993
5799,-1.0920541,0.7058885,0.70469683,-0.4793793,-0.57057863,2.8515072,1.1040707,-1.8934356,0.09090909
5800,-1.0920541,0.7058885,0.70469683,-0.4793793,-0.57057863,2.8515072,1.1040707,-1.8934356,0.09090909
5801,-1.0920541,0.7058885,0.70469683,-0.4793793,-0.57057863,2.8515072,1.1040707,-1.8934356,0.09090909
5802,0.58519393,0.43845236,-0.3187248,-0.9170214,1.4412806,-0.5906217,-0.42532644,1.7001654,0.099999994
5803,0.58519393,0.43845236,-0.3187248,-0.9170214,1.4412806,-0.5906217,-0.42532644,1.7001654,0.099999994
5804,-1.1154894,0.7324916,0.6619705,-0.52666295,-0.5237783,2.8832355,1.0859077,-1.8956305,0.09090909
5805,-0.70887977,1.0861231,-0.2545086,-1.665795,-0.36370772,2.319639,1.3638598,-1.6106113,0.06666667
5806,0.6354544,0.50762624,-0.72037697,-1.2355328,1.4492598,-0.77594936,-0.38883495,1.6298687,0.11111113
5807,-0.4462669,0.45240048,-0.7769573,-0.6976903,1.620228,0.37024134,-0.917069,0.6196805,0.06666668
5808,-1.16864,0.59644806,0.98102987,-0.15364707,-0.64305294,2.9691274,1.0355551,-1.9673399,0.07142858
5809,0.5425707,0.21478042,-1.0117381,-0.92579406,0.9937427,-1.0921037,-0.48382053,1.1037327,0.07692308
5810,-0.43562305,0.4878666,-0.8492312,-0.79119486,1.6504939,0.3554513,-0.9090627,0.6303013,0.05882353
5811,-0.90008175,0.9637447,0.08636892,-1.2373315,-0.39408964,2.5831702,1.2364068,-1.7316453,0.076923065
5812,-0.92130005,0.94685894,0.12982345,-1.1823945,-0.4012046,2.6116252,1.2230917,-1.7454807,0.08333332
5813,-0.10216233,0.2099044,-1.3677835,-0.7523095,1.3091695,-0.6214331,-0.9764432,0.6218633,0.099999994
5814,0.51185197,0.31877083,-0.9706477,-1.0303847,1.1523693,-0.94169724,-0.47628853,1.2025287,0.08333333
5815,0.29228288,0.9315051,-0.8600987,-1.7545993,2.0465314,-0.054649457,-0.43482,1.6600167,0.111111104
5816,0.7092003,1.1631771,0.050132558,-1.8677851,2.1613548,0.27025288,0.034008615,2.369677,0.09090909
5817,0.18545137,0.84284306,-1.0899907,-1.6929063,1.929319,-0.1427413,-0.5276374,1.399168,0.062499993
5818,0.21655124,-0.053318065,1.2363344,0.6432758,0.7135938,0.17897072,-0.34490138,1.1714066,0.07142859
5819,-0.32905233,-0.5588056,0.39029318,1.2085378,-0.33661896,-0.034872685,-0.49330893,-0.4660987,0.07692308
5820,0.09987925,-0.07048484,1.1021667,0.658209,0.68216294,0.236032,-0.39487946,0.9851717,0.06250001
5821,-0.37459105,-0.4409784,0.34682587,1.0431981,-0.09754425,0.10025746,-0.5422186,-0.34051913,0.055555556
5822,0.029862706,-0.45809224,0.8617501,1.0942904,-0.22624893,-0.111050345,-0.2598675,0.12185052,0.07692309
5823,0.46754247,0.30978242,2.25483,0.4487477,1.1568754,0.8238228,0.013833262,1.9556266,0.09090909
5824,0.46754247,0.30978242,2.25483,0.4487477,1.1568754,0.8238228,0.013833262,1.9556266,0.09090909
5825,0.46754247,0.30978242,2.2548304,0.44874775,1.1568755,0.82382286,0.013833262,1.9556266,0.0909091
5826,0.45759857,0.29186627,2.2997596,0.5003951,1.1425035,0.8384576,0.0073808953,1.9464439,0.09090909
5827,-0.14762564,0.62226564,-0.57864225,-1.0441599,1.4144952,0.3844955,-0.43405268,0.751861,0.08333333
5828,-0.14762563,0.62226564,-0.5786423,-1.0441599,1.4144953,0.3844955,-0.43405268,0.751861,0.083333336
5829,-0.2018124,0.63520104,-0.5177634,-1.0115263,1.4306545,0.49656242,-0.43593183,0.7200966,0.11111111
5830,0.5263424,0.59579396,1.8494079,-0.1716122,1.5182469,0.8503877,0.04948943,2.1697998,0.07692308
5831,0.7348858,0.47883895,0.14167455,-0.91877,0.93584275,-0.33955604,0.118629046,1.4821248,0.083333336
5832,1.0060327,1.3389254,0.8868593,-1.882088,2.268028,0.6241605,0.37397128,2.9268906,0.083333336
5833,-0.29606825,0.26617157,0.05252394,-0.14851655,1.058852,0.525996,-0.5399504,0.5252762,0.090909086
5834,-0.34706503,0.20632817,0.16915753,0.01966345,1.0193933,0.5828162,-0.57985175,0.47800392,0.11111111
5835,-0.347251,0.28678355,-0.0041299015,-0.17790753,1.1168866,0.57537794,-0.57708293,0.50218105,0.090909086
5836,-0.36841238,0.22512428,0.13454437,-0.013314992,1.0551385,0.60799414,-0.59397465,0.4726045,0.07142858
5837,-0.22743435,0.5268647,-0.56411684,-0.85193753,1.3210765,0.39110148,-0.49038747,0.6135851,0.09090908
5838,-0.22869445,0.527632,-0.5650225,-0.85288286,1.3226318,0.3927433,-0.49117723,0.61324215,0.083333336
5839,-0.25786525,0.505945,-0.50660414,-0.779402,1.315004,0.4339273,-0.5113786,0.5948521,0.0625
5840,-0.3763194,0.32105368,-0.07172601,-0.24555133,1.1741116,0.60719365,-0.59663475,0.49518096,0.058823537
5841,-0.38511342,0.2888763,-0.0015129149,-0.16096278,1.1425087,0.6211206,-0.60351795,0.4827582,0.07692308
5842,-0.39314848,0.2940529,-0.00860779,-0.16799791,1.1534117,0.6316578,-0.60876226,0.4803281,0.0625
5843,-0.26581556,0.49900824,-0.48865795,-0.7569042,1.311814,0.4452166,-0.5169406,0.58955216,0.05882353
5844,-0.40364856,0.33834288,-0.09502101,-0.268614,1.2106779,0.6430953,-0.61445916,0.48685765,0.07142857
5845,-0.36571234,0.39439228,-0.22698931,-0.43176824,1.2515395,0.5881196,-0.58722395,0.51832354,0.07692307
5846,-0.35682255,0.4035684,-0.24995111,-0.46039367,1.2567,0.57542366,-0.58097154,0.5246354,0.07142856
5847,-0.28766888,0.48875958,-0.45745713,-0.7165455,1.3131537,0.47560215,-0.5319327,0.57705986,0.071428575
5848,-0.3303386,0.48476487,-0.42901438,-0.67739,1.334237,0.5343016,-0.56109816,0.55519664,0.062499993
5849,-0.39958704,0.39233494,-0.20730992,-0.40309644,1.2697936,0.6342713,-0.61011565,0.50200737,0.09090909
5850,-0.29839402,0.48762587,-0.44946522,-0.70616966,1.317865,0.49039173,-0.5391041,0.57192034,0.07142857
5851,-0.63137066,0.12728414,0.46347558,0.4110685,1.0939693,0.97129035,-0.77273273,0.30763632,0.07692309
5852,-0.47093695,0.39303744,-0.17526598,-0.35582942,1.3137566,0.7320125,-0.65885013,0.46664223,0.07692308
5853,-0.513478,0.35697925,-0.07983574,-0.23769443,1.2970527,0.79272133,-0.6884913,0.43609896,0.06666666
5854,-0.5134774,0.35697973,-0.07983701,-0.237696,1.297053,0.79272044,-0.68849087,0.43609935,0.06666666
5855,-0.5020721,0.3792451,-0.13236596,-0.30056912,1.3166437,0.7754864,-0.6803255,0.44881007,0.071428575
5856,-0.5063905,0.21170877,0.22096519,0.11348834,1.121792,0.79304683,-0.68719786,0.39835405,0.08333334
5857,-0.5063905,0.21170875,0.22096518,0.11348834,1.121792,0.7930468,-0.6871979,0.39835405,0.083333336
5858,0.7058892,0.48288122,0.14104101,-0.91365224,0.9283339,-0.2998314,0.11852465,1.4419129,0.0625
5859,-0.51354396,0.37743938,-0.1236328,-0.28828067,1.3217667,0.7912687,-0.6882251,0.4431133,0.090909086
5860,-0.4878562,0.29649317,0.03286781,-0.108110756,1.2114271,0.7615149,-0.6729446,0.43316185,0.055555567
5861,-0.46953332,0.2512397,0.11863266,-0.010184944,1.1472834,0.739477,-0.6616951,0.42938754,0.090909086
5862,-0.46953332,0.2512397,0.11863266,-0.010184944,1.1472834,0.739477,-0.6616951,0.42938754,0.090909086
5863,0.88722026,0.6556388,0.62045693,-1.0315329,1.035412,-0.043735698,0.39611042,1.8005908,0.11111111
5864,0.6848692,0.5669745,0.043983005,-1.0688059,1.036942,-0.23947883,0.12216204,1.4711987,0.11111111
5865,0.5039328,0.30631804,1.5241898,0.07257895,0.807281,0.45451248,0.17329705,1.5160639,0.07692309
5866,0.11312007,-0.047036223,0.43690777,0.32228285,0.70171064,-0.10348478,-0.4772841,0.85024,0.11111111
5867,0.5383228,0.19019762,1.6933411,0.30309588,0.63547117,0.38259274,0.20050934,1.4731678,0.07692309
5868,-0.47587872,0.22642776,0.047076195,0.0014311522,1.1459649,0.676186,-0.70717824,0.41247305,0.1
5869,-0.47587872,0.22642776,0.047076195,0.0014311522,1.1459649,0.676186,-0.70717824,0.41247305,0.1
5870,0.5427692,0.19739749,1.6764532,0.28256178,0.64154303,0.37698275,0.2032434,1.4772195,0.11111113
5871,-0.4429462,0.02185543,-0.030276239,0.27043188,0.97075456,0.35523522,-0.85227543,0.3349615,0.05263158
5872,-0.55800277,0.42328772,1.1673998,0.13334613,0.6610578,1.7520554,0.056045383,0.046242967,0.1
5873,-0.3932762,-0.018446658,-0.23871969,0.21211205,0.93939006,0.13355955,-0.9149621,0.3243315,0.11111111
5874,-0.03306333,-0.050956234,0.44478518,0.4045369,0.75065064,0.06001105,-0.5615448,0.7355107,0.055555552
5875,0.48210973,0.20514877,1.6888615,0.30661398,0.6854456,0.45625716,0.16391799,1.452082,0.11111111
5876,-0.10118002,-0.054411598,0.42420357,0.435139,0.7727587,0.12108779,-0.60607195,0.67622113,0.066666655
5877,-0.10118002,-0.054411598,0.42420357,0.435139,0.7727587,0.12108779,-0.60607195,0.67622113,0.066666655
5878,-0.10942629,-0.051202066,0.42144692,0.43335223,0.7814242,0.13186035,-0.6114518,0.6734803,0.06666667
5879,-0.13388677,-0.17402065,0.74845064,0.78221875,0.6765119,0.18799607,-0.6465261,0.6673082,0.11111111
5880,-0.115398645,-0.07976583,0.48713857,0.51260513,0.77173096,0.13636346,-0.63204455,0.6834346,0.055555563
5881,0.01087134,-0.080363594,0.42262852,0.4218505,0.7140585,-0.037160404,-0.5598646,0.75666666,0.1
5882,0.0033323392,-0.083156645,0.43270612,0.43445164,0.7145736,-0.026801813,-0.5646684,0.7521101,0.071428575
5883,0.0033323392,-0.083156645,0.43270612,0.43445164,0.7145736,-0.026801813,-0.5646684,0.7521101,0.071428575
5884,0.004768871,-0.08078213,0.42704082,0.42750996,0.7165848,-0.028769441,-0.5638559,0.7533537,0.06666666
5885,0.0034499317,-0.08060945,0.4273975,0.42807412,0.71747816,-0.026985142,-0.5647154,0.75273526,0.076923065
5886,0.003376849,-0.08056468,0.42733747,0.42801732,0.71757406,-0.026890209,-0.56476265,0.75271416,0.076923065
5887,0.10443623,-0.029293668,0.26898324,0.22554272,0.7224195,-0.16259435,-0.50214094,0.811129,0.09090908
5888,-0.0152538195,-0.09127509,0.46062845,0.46868473,0.71408105,-0.0009176396,-0.5763855,0.7400714,0.090909086
5889,-0.03627263,-0.10448099,0.5005547,0.5173671,0.7088949,0.028475598,-0.5893276,0.72540295,0.083333336
5890,-0.015253834,-0.091275096,0.46062845,0.4686848,0.71408117,-0.0009176396,-0.5763856,0.74007154,0.0909091
5891,-0.12189476,-0.120680295,0.581469,0.6215481,0.7343301,0.145838,-0.6442716,0.67754316,0.07692307
5892,-0.15016672,-0.1907492,0.7490759,0.8179439,0.66209257,0.1886177,-0.65904063,0.64152586,0.071428575
5893,-0.12189476,-0.120680295,0.581469,0.6215481,0.7343301,0.145838,-0.6442716,0.67754316,0.07692307
5894,-0.12189476,-0.120680295,0.581469,0.6215481,0.7343301,0.145838,-0.6442716,0.67754316,0.07692307
5895,-0.12189476,-0.120680295,0.581469,0.6215481,0.7343301,0.145838,-0.6442716,0.67754316,0.07692307
5896,-0.12189476,-0.120680295,0.581469,0.6215481,0.7343301,0.145838,-0.6442716,0.67754316,0.07692307
5897,-0.18950911,-0.21236515,0.8170471,0.90135133,0.65637356,0.24350737,-0.68327135,0.6149026,0.07142856
5898,-0.19434728,-0.2118521,0.81842357,0.90366393,0.6597314,0.250054,-0.6863688,0.61261094,0.071428575
5899,0.47803462,-0.7387997,-0.8826902,0.51867825,-0.48034215,-1.8076757,-0.57836795,-0.027050167,0.062499996
5900,-0.17710274,-0.21066806,0.8068662,0.88784343,0.65160817,0.22651948,-0.67549664,0.6217374,0.0909091
5901,-0.18950911,-0.21236518,0.8170471,0.9013514,0.65637356,0.2435074,-0.68327135,0.6149027,0.071428575
5902,-0.20881034,-0.19521111,0.78922397,0.8726117,0.6890246,0.2686268,-0.6963422,0.6105108,0.083333336
5903,-0.20631482,-0.21646567,0.8348238,0.924187,0.6605176,0.266636,-0.69369704,0.60507417,0.066666655
5904,-0.21258314,-0.22005339,0.84599036,0.93787235,0.6594496,0.2754014,-0.6974756,0.60075194,0.076923065
5905,-0.22104906,-0.22168858,0.8539933,0.94829625,0.66210616,0.2870372,-0.70275164,0.59592426,0.11111111
5906,-0.22277929,-0.2209745,0.85331255,0.947787,0.6639818,0.2893412,-0.70389014,0.5952756,0.099999994
5907,-0.24161921,-0.2094132,0.83752936,0.932696,0.68922824,0.31417543,-0.7165128,0.58941805,0.0909091
5908,-0.24171256,-0.21244238,0.84427387,0.9404018,0.6854237,0.31450945,-0.7163937,0.5884037,0.0625
5909,-0.24907993,-0.20788074,0.8380096,0.9343938,0.69535094,0.32422215,-0.7213344,0.5861213,0.06666667
5910,0.5033533,0.41072467,-0.85245544,-1.1460772,1.04334,-0.7172485,-0.26629245,1.0933086,0.09090909
5911,-0.24937461,-0.20537063,0.8326258,0.92828894,0.6987002,0.324453,-0.7216693,0.5867728,0.099999994
5912,-0.2511177,-0.20661879,0.8362763,0.93273103,0.6980972,0.32690918,-0.7227011,0.58548975,0.090909086
5913,-0.24923985,-0.2077818,0.8378737,0.93426394,0.6955661,0.3244331,-0.72144145,0.58607227,0.111111104
5914,0.5006058,0.44269317,-0.85018957,-1.1923687,1.0557972,-0.67421675,-0.23462304,1.0934564,0.083333336
5915,-0.2564249,-0.20333178,0.8317603,0.9283989,0.70525086,0.33390862,-0.72626084,0.58384395,0.083333336
5916,0.5033533,0.4107247,-0.85245544,-1.1460772,1.04334,-0.7172485,-0.26629245,1.0933086,0.09090909
5917,0.538328,0.4541042,-0.95359075,-1.2703717,1.0344864,-0.7522208,-0.2034939,1.0787098,0.1
5918,-0.2611032,-0.20043328,0.8277767,0.9245751,0.71155953,0.34008044,-0.72939986,0.58239067,0.1
5919,0.5389336,0.45420694,-0.9541533,-1.271043,1.034321,-0.75301296,-0.20306766,1.0789809,0.09090909
5920,0.5082665,0.45449084,-0.9449916,-1.252429,1.0524213,-0.71805,-0.22648904,1.0672412,0.09999999
5921,0.07491214,-0.05759194,0.3466223,0.3181451,0.70263195,-0.12070536,-0.52063495,0.78797066,0.07692307
5922,0.5389336,0.45420694,-0.9541533,-1.271043,1.034321,-0.75301296,-0.20306766,1.0789809,0.09090909
5923,-0.27895832,-0.1870456,0.8074301,0.9040918,0.7386044,0.36350453,-0.74152726,0.5775515,0.099999994
5924,0.5130363,0.4113133,-0.97120893,-1.1997868,1.0388856,-0.79050726,-0.27420166,1.0644202,0.1
5925,-0.26562196,-0.19763307,0.82392734,0.9208786,0.7176547,0.34604257,-0.7324323,0.5809854,0.1111111
5926,-0.27805305,-0.18992545,0.81332105,0.9106872,0.73443496,0.36245614,-0.7407787,0.5771073,0.1
5927,0.5144812,0.43226752,-0.97648823,-1.2342324,1.0494667,-0.7701308,-0.2548291,1.0680971,0.06250001
5928,0.51381123,0.45213136,-0.97105443,-1.2618515,1.0571392,-0.74228895,-0.23410755,1.0703062,0.07692308
5929,0.5376781,0.45103836,-0.9466162,-1.2627484,1.0309708,-0.75095063,-0.20431855,1.0776631,0.066666655
5930,-0.26609623,-0.1973392,0.82352334,0.92049074,0.7182944,0.34666836,-0.7327505,0.58083797,0.11111111
5931,-0.2867074,-0.18455942,0.8059367,0.90359145,0.7461175,0.37388325,-0.7465895,0.574407,0.06666667
5932,0.51661074,0.41673374,-0.9818692,-1.2139342,1.042835,-0.7940376,-0.2700073,1.067032,0.090909086
5933,-0.2852893,-0.18543898,0.8071479,0.9047558,0.74420226,0.37201005,-0.745637,0.57485044,0.11111111
5934,-0.06982444,-0.16048664,0.6409958,0.6823358,0.6562153,0.07780782,-0.609092,0.6910193,0.066666655
5935,-0.2882244,-0.18361852,0.8046411,0.90234596,0.7481662,0.37588722,-0.7476083,0.57393265,0.058823537
5936,-0.05321812,-0.04340071,0.37701845,0.3759712,0.78291494,0.050393865,-0.5936335,0.7249521,0.076923065
5937,-0.2870316,-0.1843584,0.8056601,0.90332574,0.74655515,0.3743114,-0.7468071,0.5743059,0.11111111
5938,-0.28838062,-0.18352158,0.80450755,0.9022176,0.7483772,0.37609363,-0.7477132,0.5738838,0.09090909
5939,-0.29059094,-0.18215045,0.80261916,0.9004016,0.7513629,0.3790136,-0.7491979,0.5731919,0.11111111
5940,0.5226017,0.43637598,-1.0002935,-1.2537011,1.0544578,-0.7877961,-0.2530699,1.0728673,0.08333332
5941,-0.29011887,-0.18244329,0.8030225,0.9007895,0.75072515,0.37839007,-0.7488808,0.5733396,0.11111111
5942,-0.29009217,-0.18245992,0.8030455,0.90081155,0.75068897,0.3783545,-0.7488628,0.57334805,0.09090909
5943,0.53683245,0.43056837,-0.9867948,-1.2468201,1.0369198,-0.79968286,-0.24059099,1.0766473,0.08333333
5944,-0.28796512,-0.18377931,0.8048629,0.9025587,0.7478159,0.37554407,-0.7474341,0.5740135,0.076923065
5945,-0.28849584,-0.1834501,0.80440944,0.90212274,0.74853295,0.37624538,-0.7477907,0.57384735,0.06666667
5946,0.53631973,0.4526328,-0.94928765,-1.2654953,1.0336384,-0.7494312,-0.20503816,1.0775222,0.09999998
5947,-0.28796512,-0.18377931,0.8048629,0.9025587,0.7478159,0.37554407,-0.7474341,0.5740135,0.07692307
5948,-0.07039113,-0.1610984,0.64261794,0.6842883,0.6557771,0.07859486,-0.6094054,0.6905861,0.055555556
5949,0.009672582,-0.11050794,0.4898318,0.49792188,0.676232,-0.03307777,-0.56026596,0.74608386,0.07142858
5950,0.46120602,0.07544045,-1.1437813,-0.72717726,0.96888137,-1.2509985,-0.6977956,0.9969026,0.11111111
5951,-0.12951046,-0.20607923,0.7725009,0.8410789,0.6308712,0.16185795,-0.6453188,0.6467067,0.08333332
5952,-0.106510505,-0.09335075,0.53322023,0.54220104,0.74360955,0.13352017,-0.6386724,0.67645836,0.07692308
5953,0.5313835,0.4632327,-0.9693512,-1.2867159,1.0493119,-0.7445931,-0.2070724,1.0782379,0.071428575
5954,0.46120602,0.07544045,-1.1437813,-0.72717726,0.96888137,-1.2509986,-0.69779557,0.9969026,0.11111111
5955,-0.18727936,-0.17541729,0.7432209,0.80687326,0.6952574,0.24250872,-0.6865648,0.62204397,0.1
5956,-0.17527372,-0.15931919,0.704418,0.75761914,0.7067916,0.2265106,-0.68040705,0.6312988,0.062499993
5957,0.043391224,-0.092404775,0.43347,0.427656,0.6801978,-0.07914639,-0.53930795,0.76716673,0.07142858
5958,-0.14724675,-0.1348652,0.6391819,0.6760835,0.71918374,0.18837151,-0.66245794,0.6488607,0.049999997
5959,0.50982815,0.47588128,-0.9844327,-1.3008556,1.0756484,-0.7186756,-0.22018114,1.072748,0.0909091
5960,-0.13797311,-0.21299939,0.79182,0.8645968,0.6268939,0.17366101,-0.6505576,0.64054316,0.076923065
5961,0.010878384,-0.09835238,0.46917188,0.46762866,0.6861355,-0.031716857,-0.5606698,0.744506,0.07692309
5962,0.010878384,-0.09835238,0.46917188,0.46762866,0.6861355,-0.031716857,-0.5606698,0.744506,0.07692309
5963,0.52311623,0.4680863,-0.9751519,-1.2921451,1.0594177,-0.73465943,-0.21209836,1.0761359,0.083333336
5964,0.5244249,0.4673182,-0.9742353,-1.2912861,1.0578184,-0.7362326,-0.21130258,1.0764691,0.07142857
5965,-0.25046355,-0.15428881,0.72631407,0.8013479,0.7597028,0.32521302,-0.72540116,0.59791255,0.09090908
5966,-0.25046355,-0.15428881,0.72631407,0.8013479,0.7597028,0.32521302,-0.72540116,0.59791255,0.09090908
5967,0.5268241,0.4659099,-0.9725547,-1.2897114,1.0548865,-0.73911643,-0.20984384,1.0770797,0.083333336
5968,0.038894434,-0.09362706,0.43841404,0.43405557,0.68114763,-0.07306719,-0.54213685,0.76470435,0.06666667
5969,0.52848655,0.46493375,-0.97138834,-1.2886189,1.0528541,-0.7411141,-0.20883319,1.0775021,0.06666668
5970,-0.15132321,-0.22187895,0.81829995,0.89681745,0.6229485,0.19237354,-0.6586303,0.6310229,0.09090908
5971,0.52749246,0.46551758,-0.97208595,-1.2892724,1.0540694,-0.73991954,-0.20943743,1.0772495,0.11111111
5972,-0.14446543,-0.21683602,0.8036379,0.87906194,0.62558514,0.18272527,-0.6545018,0.6360692,0.08333333
5973,0.48088777,0.41710028,-0.8424258,-1.1414951,1.0184184,-0.672962,-0.2460722,1.0459728,0.07692309
5974,0.27601022,0.24045347,-0.36164945,-0.5601436,0.92126065,-0.39001608,-0.38804078,0.918663,0.07692309
5975,-0.14180194,-0.20860489,0.789092,0.8575142,0.6317842,0.18097515,-0.6537711,0.6367993,0.09090909
5976,-0.25046355,-0.15428881,0.72631407,0.8013479,0.75970274,0.32521296,-0.72540116,0.59791255,0.09090907
5977,0.52828676,0.4650513,-0.9715296,-1.288751,1.0530988,-0.7408746,-0.20895451,1.0774517,0.11111113
5978,-0.25046355,-0.15428881,0.72631407,0.8013479,0.75970274,0.32521296,-0.72540116,0.59791255,0.09090907
5979,0.52828676,0.4650513,-0.9715296,-1.288751,1.0530988,-0.7408746,-0.20895451,1.0774517,0.11111113
5980,0.52828676,0.4650513,-0.9715296,-1.288751,1.0530988,-0.7408746,-0.20895451,1.0774517,0.11111113
5981,-0.15132321,-0.22187896,0.8183,0.89681745,0.6229485,0.19237354,-0.6586303,0.6310228,0.09090909
5982,-0.16204612,-0.221218,0.8270031,0.9046013,0.6269502,0.20894991,-0.66501355,0.62230873,0.076923065
5983,-0.0546636,-0.0007286383,0.31115586,0.275507,0.8238175,0.059699975,-0.60344875,0.719738,0.071428575
5984,-0.19129665,-0.24776489,0.9006215,0.99298733,0.60937214,0.25043482,-0.68249387,0.59915894,0.1
5985,0.014608704,0.05556979,0.14179721,0.08656466,0.8651865,-0.046729453,-0.5537997,0.7815887,0.083333336
5986,0.50087285,0.31922153,-0.069222555,-0.79004604,0.020832755,-0.15788281,0.538311,0.36883336,0.1
5987,0.13213052,0.2617047,-0.3606261,-0.5107955,1.0500422,-0.21870227,-0.47710666,0.89225805,0.1
5988,0.74933374,0.19305438,0.10065274,-0.6686032,-0.28687346,-0.45780134,0.67910975,0.4168968,0.111111104
5989,-0.010293528,-0.5839174,0.6171177,1.3117807,0.23164326,-0.49504125,-0.82780915,0.50107205,0.076923095
5990,0.63365424,-0.06382637,-0.8909005,-0.5185489,0.55392486,-1.3851624,-0.46237168,0.89592016,0.04761904
5991,0.6897796,-0.11201693,-0.61478597,-0.32616556,0.6479218,-1.3946643,-0.53793794,1.1433536,0.09090909
5992,-1.6198334,0.18158288,0.47902852,0.81376195,1.8938928,2.1654868,-1.6131135,-0.21423343,0.1
5993,-1.6198334,0.18158288,0.47902852,0.81376195,1.8938928,2.1654868,-1.6131135,-0.21423343,0.1
5994,0.591165,0.36071682,1.3332769,-0.1348077,0.8224493,0.32341635,0.22468099,1.5573413,0.06666667
5995,0.5089682,0.47299433,-0.9777461,-1.2935096,1.072453,-0.7171413,-0.22113451,1.0716554,0.07142857
5996,0.13213052,0.26170474,-0.3606261,-0.51079553,1.0500423,-0.21870229,-0.47710675,0.89225805,0.10000001
5997,-0.28737545,-0.18414512,0.80536634,0.9030432,0.74701947,0.37476563,-0.747038,0.57419825,0.09090909
5998,0.5102533,0.47563198,-0.9841366,-1.3005774,1.0751294,-0.7191873,-0.21992251,1.0728564,0.07692308
5999,0.5090086,0.47636193,-0.9850043,-1.3013923,1.0766492,-0.7176895,-0.22067979,1.0725389,0.111111104
6000,0.5099896,0.47578657,-0.98431945,-1.30075,1.0754511,-0.7188696,-0.22008297,1.0727891,0.09090909
6001,0.52543724,0.46672392,-0.9735261,-1.2906215,1.0565811,-0.73744935,-0.21068707,1.0767267,0.071428575
6002,0.51700157,0.47167367,-0.979424,-1.2961546,1.066887,-0.72730494,-0.21581751,1.0745773,0.09090909
6003,-0.18375374,-0.2465939,0.89311695,0.9839557,0.60770154,0.23974843,-0.67837715,0.60469973,0.07142857
6004,-1.1754787,-0.4217484,0.6951503,1.5335318,-0.06254853,1.3010583,-0.7573133,-1.1857792,0.055555563
6005,-0.9903766,0.87268144,0.30705044,-0.95726424,-0.44323838,2.7040322,1.1790571,-1.795265,0.05882353
6006,0.05326438,0.7488583,-1.3749552,-1.635105,1.8087312,-0.23714446,-0.6407413,1.09189,0.10000001
6007,-0.7452358,0.46003312,1.162922,0.16565406,0.8273918,1.9977565,-0.08280175,-0.039971694,0.11111111
6008,0.77296865,0.4340971,0.991127,-0.5014715,0.7560774,0.047073692,0.36593542,1.5859314,0.08333333
6009,-0.0043585747,-0.018065581,0.81335115,0.3904422,0.016724221,0.44214422,0.11035135,0.15520069,0.07142858
6010,-0.010403097,-0.029397845,0.8152017,0.41609758,0.035694294,0.43018913,0.08041947,0.17104568,0.090909086
6011,0.52432007,0.34281787,-0.13555458,-0.865745,0.03885769,-0.19084674,0.55350596,0.3864746,0.090909086
6012,0.52968454,0.98291624,0.5156441,-1.3141057,2.0711553,0.5213684,-0.09442523,2.2661078,0.09090909
6013,-0.09909357,-0.256692,0.5634097,0.84244204,0.806002,-0.099247806,-0.88504773,0.8103998,0.076923065
6014,-0.37024653,-0.18371245,0.84985834,0.9298378,0.5707734,0.5426953,-0.63590544,0.32178727,0.11111111
6015,0.7493338,0.19305438,0.10065274,-0.6686032,-0.28687346,-0.45780134,0.6791097,0.4168968,0.1111111
6016,0.84368926,0.710558,0.13682337,-1.3017312,1.1699984,-0.20826405,0.26813588,1.7418349,0.0625
6017,-0.25407225,-0.20478928,0.8337634,0.9303212,0.7020787,0.330805,-0.7246825,0.58457446,0.11111111
6018,-0.005160056,-0.05384205,0.37790674,0.36858338,0.7522918,-0.01527681,-0.5709908,0.75345504,0.07692309
6019,0.6806298,1.1789533,0.02994179,-1.8865066,2.1953337,0.3042084,0.016053982,2.361158,0.11111111
6020,-0.42774123,0.53865534,-0.9494871,-0.919848,1.6981778,0.3445841,-0.9026404,0.6419321,0.11111111
6021,-0.094857395,-0.2720745,0.5975933,0.8778528,0.78190726,-0.102721885,-0.8836599,0.806551,0.11111111
6022,-0.22483458,-0.12609333,0.65090674,0.6761596,0.55723614,0.34196228,-0.54369813,0.41045293,0.08333332
6023,0.46754247,0.30978242,2.2548301,0.4487477,1.1568755,0.82382274,0.013833255,1.9556266,0.090909086
6024,0.630472,0.58741194,0.83052754,-0.7187006,1.0536529,0.26630425,0.25500357,1.6204512,0.0909091
6025,0.73488575,0.47883895,0.14167455,-0.91877,0.93584275,-0.33955604,0.118629046,1.4821247,0.083333336
6026,0.535575,0.33151242,-1.0075166,-1.0781006,1.1531004,-0.97199446,-0.45996743,1.2128617,0.11111111
6027,0.8094133,-0.12120269,-0.69673306,-0.5208679,-0.08116129,-1.3960167,-0.008944776,0.5384439,0.071428575
6028,-0.3632701,0.2833925,0.0005156249,-0.16274557,1.1224204,0.5920791,-0.58908004,0.4912199,0.083333336
6029,0.5350334,0.33594608,-1.0160719,-1.0881463,1.1584064,-0.97159904,-0.4599208,1.2133769,0.1
6030,-0.4625718,0.44622597,-0.7567577,-0.671602,1.6232342,0.3930341,-0.9281936,0.61105347,0.06666667
6031,-1.363646,0.74307346,0.7764062,-0.3691008,-0.33941334,3.2363389,0.88521665,-2.011929,0.07142857
6032,-1.6196407,0.22197041,0.39784694,0.7083122,1.9389051,2.165288,-1.6157507,-0.20302543,0.083333336
6033,0.80986685,0.48174572,0.6730715,-0.75290793,0.6886912,-0.08021466,0.43502086,1.4646842,0.09090909
6034,-1.3447641,0.76148635,0.7247457,-0.4292844,-0.3305816,3.2067938,0.90255123,-1.994924,0.07692308
6035,0.27662084,0.9138763,-0.90504014,-1.7451051,2.0207427,-0.07791369,-0.44948843,1.6126333,0.09090909
6036,0.085248955,-0.08264373,1.116166,0.6901481,0.65803075,0.24965824,-0.3917462,0.95382833,0.06666667
6037,0.078029945,-0.08542407,1.0920317,0.6858153,0.64746666,0.24495058,-0.39301217,0.9308671,0.07142858
6038,0.25522345,0.004389527,0.9750521,0.4235466,0.81714517,0.049389705,-0.38173577,1.2243615,0.083333336
6039,0.6410923,0.13306369,0.28602737,-0.43970335,-0.29957706,-0.31630093,0.61375123,0.3586946,0.07692308
6040,0.5280503,0.17989194,1.7192494,0.3352613,0.6291236,0.39566565,0.19414046,1.4657735,0.09090909
6041,-0.2669921,-0.11760655,0.64821756,0.699456,0.67605716,0.37716419,-0.62832,0.46996683,0.05263158
6042,0.517614,0.38052064,2.2242522,0.31158537,1.2429446,0.8254704,0.04498726,2.0597572,0.11111111
6043,0.57606447,0.40680015,2.1898022,0.228637,1.2417573,0.77325094,0.07971319,2.1033795,0.1
6044,0.46754247,0.30978245,2.2548301,0.4487477,1.1568755,0.82382286,0.013833255,1.9556266,0.090909086
6045,0.51421595,0.34592065,2.211452,0.3540613,1.1796386,0.7888752,0.04228405,2.0058038,0.06250001
6046,0.62203205,0.45611918,2.0669885,0.07921454,1.2730144,0.71426463,0.10981228,2.1384046,0.07692309
6047,0.8716872,1.1344007,1.0787762,-1.4456705,2.050518,0.65105474,0.27889395,2.6910403,0.058823526
6048,0.46581513,0.31463504,-0.042936817,-0.75231487,0.036289565,-0.11214456,0.5165357,0.35413367,0.1
6049,0.11114187,0.029680392,0.7364699,0.21320927,-0.054333836,0.34575218,0.24402526,0.177487,0.07692309
6050,0.64819556,0.527233,0.057244975,-0.9876458,1.0015982,-0.23691365,0.0885395,1.4147459,0.055555556
6051,0.74594814,0.18889885,0.11113677,-0.65584177,-0.28982168,-0.45339,0.67704123,0.41459164,0.11111113
6052,0.9878157,-0.047530502,-0.95739615,-0.8275679,-0.048913926,-1.6229697,0.1249856,0.64354205,0.11111111
6053,0.8442523,0.03241532,-1.0574994,-0.91090655,0.12928069,-1.457474,0.030721031,0.6145004,0.06666666
6054,-0.21538232,-0.6642265,1.0132196,1.6481099,-0.17843817,-0.051689748,-0.6209309,-0.0013361424,0.11111111
6055,0.27662084,0.9138763,-0.90504014,-1.7451051,2.0207427,-0.07791369,-0.44948843,1.6126333,0.09090909
6056,0.29228288,0.9315051,-0.8600987,-1.7545993,2.0465314,-0.054649457,-0.43482003,1.6600167,0.111111104
6057,-0.72000945,0.48380515,1.1058472,0.0920053,0.83659315,1.9640591,-0.06371831,-0.021034345,0.099999994
6058,-0.47587872,0.22642778,0.047076195,0.0014311522,1.1459649,0.676186,-0.70717824,0.41247305,0.1
6059,-0.37372738,0.45610195,-0.3507895,-0.5774613,1.3281887,0.595172,-0.5913483,0.52770567,0.058823522
6060,-0.4886564,0.2951875,0.036021724,-0.104347736,1.2103401,0.7627039,-0.6735129,0.43237007,0.05882353
6061,0.103062496,0.68989855,0.13480963,-0.8958349,1.6732564,0.5011677,-0.35546428,1.4303976,0.11111111
6062,0.103062496,0.68989855,0.13480963,-0.8958349,1.6732565,0.5011678,-0.35546428,1.4303976,0.11111113
6063,-0.10284011,0.20752952,-1.3631365,-0.74618655,1.3069934,-0.6206119,-0.97697824,0.6212486,0.1
6064,-0.20290075,-0.5343001,0.51461065,1.1622853,-0.30263758,-0.099413194,-0.43738076,-0.27146015,0.05263157
6065,-0.11106482,-0.43784252,0.13189639,0.77959913,-0.28126454,-0.2766394,-0.38051,-0.282635,0.0909091
6066,-0.3028804,0.26101586,0.06515965,-0.13174632,1.0567383,0.53488016,-0.5448693,0.52014184,0.09090909
6067,-0.19012274,-0.52354324,0.70077187,1.2363242,-0.22407801,-0.025259878,-0.44384012,-0.13789198,0.07142856
6068,-0.101699024,-0.4031891,-0.0963666,0.6115369,-0.29337698,-0.35270774,-0.3657146,-0.356159,0.11111111
6069,-0.3686732,-0.51761675,0.4235319,1.1868702,-0.22927074,0.059033453,-0.5282677,-0.41463128,0.07142856
6070,-0.5115512,0.37984464,-0.12943238,-0.29547393,1.3232723,0.7884053,-0.6867896,0.44473034,0.08333334
6071,-0.51015055,0.36734203,-0.10436952,-0.26594418,1.3079727,0.78723466,-0.6861714,0.44203877,0.071428575
6072,-0.15787528,-0.25449723,0.5792624,0.8806507,0.8482906,-0.024498548,-0.919738,0.78850806,0.05882353
6073,0.52968454,0.98291624,0.5156441,-1.3141057,2.0711553,0.5213684,-0.09442523,2.2661078,0.09090909
6074,0.71194744,1.1616585,0.052077852,-1.8659824,2.1580834,0.26698756,0.03573431,2.3704922,0.1111111
6075,0.71194744,1.1616585,0.052077852,-1.8659824,2.1580834,0.26698756,0.03573431,2.3704922,0.1111111
6076,0.5526244,0.3017553,0.83702004,-0.2244425,0.9975289,-0.012647435,-0.08243929,1.5795608,0.06666667
6077,0.6570302,-0.08041168,-1.6145573,-0.79731315,0.8117113,-1.8743644,-0.76593846,0.9334996,0.2
6078,0.52804023,0.45039812,0.24874689,-0.7250064,0.9828481,-0.0939308,0.008008823,1.3443551,0.090909086
6079,-0.023744605,-0.6496374,0.7845845,1.496046,0.1483618,-0.46617055,-0.8274379,0.47305715,0.0909091
6080,0.8345905,0.9304134,0.23578504,-1.5720558,1.4099337,0.09561433,0.38012528,1.914869,0.10000001
6081,0.45870787,0.017457495,0.61920244,-0.019260257,-0.33131826,-0.0803363,0.50336075,0.26044995,0.071428575
6082,0.6708075,0.5088745,0.9922858,-0.5469466,0.9546819,0.22191443,0.27209592,1.6346923,0.066666655
6083,0.9191052,0.7214106,0.5486529,-1.1645811,1.1532005,-0.056224704,0.38609856,1.9059409,0.062499993
6084,0.52432007,0.34281793,-0.13555463,-0.8657451,0.038857676,-0.19084676,0.553506,0.38647464,0.09090909
6085,-0.4518053,0.4824655,-0.8311396,-0.7663614,1.6545113,0.37809217,-0.920142,0.62168825,0.07142857
6086,-0.4625718,0.44622597,-0.7567577,-0.671602,1.6232342,0.3930341,-0.9281936,0.61105347,0.06666667
6087,0.6088179,0.49155846,1.4747182,-0.2586388,1.141956,0.49271905,0.16714743,1.8665231,0.083333336
6088,0.6088176,0.49155796,1.4747195,-0.25863743,1.1419556,0.4927194,0.16714722,1.8665231,0.08333333
6089,-0.42272502,0.49657562,-0.87217075,-0.8215306,1.6520747,0.3373474,-0.9001057,0.63788164,0.08333333
6090,0.40318972,0.06554363,0.5410726,-0.09499967,-0.24030189,-0.012251822,0.47125414,0.25329387,0.07142857
6091,0.52432007,0.3428179,-0.13555461,-0.86574507,0.038857676,-0.19084676,0.553506,0.3864746,0.09090909
6092,0.295321,-0.06032159,0.8609841,0.29483938,-0.32670087,0.13078737,0.4045361,0.17984469,0.071428575
6093,0.6984594,0.15930857,0.20122094,-0.5474488,-0.30078262,-0.39084566,0.6482755,0.38740635,0.09090909
6094,0.6271329,0.37997156,-0.09536512,-0.9619927,0.07249388,-0.2530868,0.5871168,0.52185297,0.062499993
6095,0.7443618,0.4617174,-0.10800074,-1.1199936,0.24857998,-0.32757866,0.59370375,0.78183997,0.08333332
6096,0.46881825,0.023728812,0.59787303,-0.042074054,-0.3269955,-0.09424387,0.5096783,0.26732558,0.055555545
6097,-0.4205371,-0.07773799,-0.06945464,0.39721423,0.88104594,0.19112423,-0.91860473,0.30009758,0.076923065
6098,0.23743518,0.4767182,-0.99601734,-1.1685513,1.2761215,-0.46097243,-0.45825288,0.9716804,0.083333336
6099,-1.0105357,0.89121825,0.2809888,-0.9848204,-0.40658337,2.73075,1.1626515,-1.7979897,0.07142858
6100,0.60904926,0.44598746,1.5343102,-0.17148402,1.0193542,0.486413,0.21172124,1.78221,0.06666666
6101,-0.10942629,-0.051202066,0.42144686,0.43335223,0.78142416,0.13186035,-0.61145186,0.6734803,0.06666667
6102,-1.4124179,0.5657479,1.194606,0.107174,-0.5127594,3.3264456,0.82775795,-2.1045587,0.111111104
6103,-1.243793,0.53086597,1.1566236,0.061247922,-0.66015536,3.0780146,0.97055036,-2.0214121,0.058823526
6104,0.0077467263,0.02317049,0.2332778,0.16964197,0.81366396,-0.023337776,-0.5660616,0.7536143,0.07142859
6105,0.55347055,0.44564885,-0.9600487,-1.2676907,1.0225224,-0.78046453,-0.20054764,1.0835284,0.05555555
6106,0.07461042,-0.0690478,0.3672554,0.34629935,0.69168234,-0.121937394,-0.5196789,0.78781164,0.06666667
6107,-1.276353,0.719399,0.7746255,-0.37664163,-0.42392862,3.1107733,0.95524067,-1.9744259,0.11111113
6108,-0.027662314,-0.13154179,0.5550721,0.5783039,0.67016554,0.018552136,-0.5833892,0.7214986,0.076923065
6109,-0.017643169,-0.12690215,0.5398172,0.5592517,0.67049533,0.0048196614,-0.577156,0.72769,0.06666667
6110,-0.02191583,-0.12808311,0.54442215,0.56536233,0.6714861,0.010535903,-0.57979286,0.7254313,0.076923065
6111,-0.11971609,-0.1961774,0.7453422,0.8089062,0.63832587,0.1477523,-0.6394095,0.65499973,0.07692308
6112,0.081803426,-0.06874999,0.36524498,0.34036338,0.6866423,-0.13051963,-0.5161736,0.79028654,0.09999999
6113,0.081803426,-0.068749994,0.36524498,0.34036338,0.68664235,-0.13051963,-0.51617366,0.79028654,0.099999994
6114,-0.25306118,-0.52777857,-0.84048223,0.5870583,0.06291036,-0.83331,-1.0843422,-0.36747268,0.10000001
6115,0.7939975,0.7194997,1.9305468,-0.4580884,1.5703248,0.7530719,0.24472582,2.4933462,0.08333334
6116,0.8066659,0.73563796,1.9600927,-0.4711697,1.6055354,0.76969534,0.24599111,2.540261,0.07692307
6117,0.8660484,0.8134811,2.02389,-0.5826419,1.7181605,0.8196235,0.2815076,2.6957335,0.099999994
6118,0.7846612,0.6873745,1.8096824,-0.49049073,1.3656807,0.7034624,0.33814675,2.2730782,0.062499996
6119,-0.003410399,-0.009966448,2.63558,1.3584694,1.314435,1.1240563,-0.58094215,1.7429264,0.1
6120,-1.6479001,0.21666315,0.41956353,0.74191123,1.9546297,2.205826,-1.6351682,-0.21937543,0.11111111
6121,-0.47587872,0.22642778,0.047076188,0.0014311485,1.1459649,0.676186,-0.70717824,0.41247305,0.1
6122,0.0005096942,0.37231725,-0.87012124,-0.823448,1.3867873,-0.27923793,-0.71996677,0.8961644,0.071428575
6123,-0.4935972,0.31852183,1.3609384,0.3455811,0.4977646,1.6729561,0.1001712,0.04772176,0.09090909
6124,0.0118620545,-0.08096946,0.423441,0.42261946,0.7127591,-0.038447846,-0.5592245,0.75695467,0.11111111
6125,-1.2503489,0.5296385,1.1625829,0.06907928,-0.65660477,3.087312,0.9650189,-2.0248313,0.055555552
6126,0.5383228,0.19019762,1.6933411,0.30309588,0.63547117,0.38259274,0.20050934,1.4731678,0.07692308
6127,0.5106192,0.4550143,-0.96470726,-1.262111,1.0583191,-0.7319134,-0.23168415,1.0691912,0.0909091
6128,-0.23739786,-0.21511199,0.8479373,0.9439108,0.6796152,0.30882442,-0.7135022,0.5897353,0.07142857
6129,0.34568828,0.008886097,-1.0153376,-0.4990523,0.9857982,-1.1397557,-0.79139495,0.9562892,0.1
6130,0.5263424,0.59579396,1.8494078,-0.17161219,1.5182469,0.8503877,0.04948943,2.1697998,0.07692309
