site_id,emb_0,emb_1,emb_2,emb_3,emb_4,emb_5,emb_6,emb_7,site_attention_received
0,-0.10490547,-0.34200892,0.5395821,0.6960031,0.012935534,0.15104753,-0.39135206,-0.25166637,0.055555556
2,0.6544956,-0.36692983,0.21187347,-0.12805244,0.26739496,-0.4513963,-0.40072817,0.3296089,0.1
4,0.14570668,0.11877993,-0.29425085,-0.23780084,-0.29903156,0.6822211,0.25323808,-0.19897945,0.052631576
6,0.3268544,-0.26114088,0.31920907,0.45687795,-0.1874801,-0.20757651,0.061583757,-0.27232388,0.083333336
7,0.25686184,-0.22818527,0.07536823,0.20310658,-0.17879574,0.052259594,0.05594544,-0.44083062,0.07692308
9,-0.037956536,-0.12978062,-0.024524644,0.26669064,-0.094042465,0.17051075,-0.0718725,-0.48924384,0.07692308
10,0.047862038,0.013708788,0.23345402,0.13953023,0.09141147,0.2411358,-0.026207857,-0.04652213,0.040000007
11,0.029860705,-0.12794515,0.29954803,0.09613143,0.24358839,0.27248836,-0.39126408,0.21817036,0.07692308
13,0.40158406,-0.042806674,0.16688217,-0.040692635,-0.13535057,0.19234164,0.07465248,0.3114855,0.111111104
18,0.042085834,-0.22776534,-0.12940349,0.22222137,0.08344799,-0.24118704,-0.18814889,-0.77903044,0.07142857
19,-0.035582,-0.16965665,0.6233668,0.7558111,-0.1628903,0.024539113,0.1335662,-0.46278688,0.12500001
20,0.6719269,0.013774705,-0.14974673,-0.502411,0.14752853,-0.27632374,0.24744533,-0.12163438,0.055555563
22,0.05973067,0.12227115,0.6179841,0.13591793,0.49580592,-0.033671126,-0.060791463,0.2577456,0.06666666
23,0.21091706,-0.029558808,0.034688182,-0.2623765,0.37245932,0.08289748,-0.32240272,0.31163928,0.090909086
24,0.20799801,-0.29790762,0.26020423,0.027994879,0.3358674,-0.0034683347,-0.56255573,0.098226056,0.06249999
25,-0.336528,-0.019429622,0.93231106,0.59876907,0.6849331,0.017442688,-0.438466,-0.111695126,0.06250001
26,0.20745507,-0.01962564,-0.0063290745,-0.34111163,0.106054276,0.5646922,-0.23998855,0.3126751,0.0909091
27,0.56811917,0.1237216,0.29773456,-0.23590288,0.30911988,-0.36906347,0.32103407,0.1491174,0.052631572
28,-0.3341904,0.4123114,0.12454976,-0.20403692,0.51270986,0.62439835,-0.012087174,0.00070544705,0.055555556
29,0.50191116,-0.47774932,0.07902422,0.32390675,-0.44955927,-0.07578333,-0.013782382,-0.44891033,0.052631576
30,-0.06978001,-0.01830766,0.22768225,0.16472524,0.06620513,0.44405934,-0.15980422,0.045108467,0.055555563
31,0.54943484,-0.1511468,0.2790807,0.14740753,-0.18899016,-0.16443816,0.2402903,0.037608773,0.05
32,0.16270927,0.21561143,-0.03906052,-0.39463985,0.3848809,0.2112583,-0.026671454,0.2793095,0.0909091
33,0.31158164,0.09286071,-0.083375484,-0.42097604,0.09708948,0.37677902,0.012864336,0.30720234,0.07142857
34,0.74093115,-0.100314334,0.010607421,-0.22881794,-0.06850231,-0.34176147,0.26393092,-0.016259503,0.055555556
35,0.52369314,-0.15991184,0.3246028,0.16151693,-0.29768145,0.06240868,0.20617546,0.21320756,0.0625
36,0.62121534,-0.15993793,0.20862263,-0.07528106,0.28687057,-0.6176428,-0.018061928,-0.069908455,0.09090909
37,0.23863968,0.050485667,0.01119338,-0.15969592,0.3982083,-0.33909562,-0.027252361,-0.23376898,0.06666667
38,0.48590246,0.11094485,0.022836916,-0.25789165,0.18273535,-0.29381746,0.2477278,0.047525752,0.041666668
39,0.3383148,-0.1285395,0.5368703,0.2112107,0.16393182,-0.11825472,-0.029829577,0.12225917,0.071428575
40,-0.59513044,0.44333285,-0.511245,-0.09899821,-0.10951699,1.0200591,0.3390566,-0.9331634,0.0625
41,0.46181718,0.18879119,-0.13458912,-0.30909523,0.084123835,-0.25358975,0.46944278,-0.2575921,0.0625
42,0.15797806,0.04000919,0.28114522,0.00103084,0.416511,-0.13510267,-0.13909064,0.09404809,0.06666667
43,0.44323197,-0.34989578,0.250911,0.0167,-0.015686229,0.10256371,-0.34773046,0.28682357,0.083333336
44,0.06106729,-0.18578495,0.26807737,0.019552015,0.27411819,0.3743273,-0.5713736,0.35594082,0.071428575
45,0.3125499,-0.28247797,0.0044954345,-0.009200029,-0.07190697,0.2053088,-0.27647603,-0.10003482,0.09090909
46,-0.3263433,0.26169217,0.6089579,0.22617707,0.5041822,0.44827873,-0.13018575,0.15401688,0.0625
47,-0.0004969761,0.40420508,0.4551503,0.12978244,0.21459566,0.16665304,0.4780844,0.017442994,0.07692307
48,0.0006207153,-0.17158094,0.53182775,0.22860777,0.39640725,0.16581044,-0.5596636,0.3013655,0.071428575
49,-0.30964088,0.71159434,0.73310626,0.012836002,1.0049732,0.053215325,0.37042177,-0.1149403,0.11111111
50,-0.30624533,0.078094915,0.054898724,0.3028434,-0.16774665,0.7228051,0.12705101,-0.4978362,0.08333333
51,1.2321296,-0.38227966,0.38052177,-0.048473693,-0.35354853,-0.6444114,0.4085973,0.24985348,0.07692307
52,-0.14188144,0.39422345,-0.16779573,-0.30909234,0.22025278,0.5748047,0.23248978,-0.14714642,0.08333332
53,-0.28506863,0.26517773,0.0042634085,-0.0777993,0.17574964,0.7640091,0.021371946,-0.1425495,0.055555556
54,-0.2119287,0.36196932,0.090847984,-0.044687994,0.066354565,0.72416747,0.35684645,-0.19389589,0.06666666
55,-0.33982632,-0.08903988,0.075493544,0.070676595,0.16853602,0.86567914,-0.5063082,-0.2585043,0.06666668
56,-0.2783943,-0.013044873,-0.126536,0.06140329,-0.022386342,0.76334625,-0.25656617,-0.2986644,0.071428575
58,-0.45207146,0.1757795,-0.44223362,-0.24968496,0.008791685,1.0973939,-0.17207673,-0.48283836,0.05555555
59,-0.26719332,0.30274963,0.4475569,0.13459092,0.48578078,0.26685792,0.005693309,-0.14506193,0.11111111
60,-0.027202114,0.037913337,0.24007761,-0.0027984679,0.14012787,0.5361067,-0.1332879,0.14325711,0.04166667
62,-0.1460606,-0.05326,0.21357329,0.15693307,0.43855977,0.060307063,-0.35062587,-0.21275161,0.08333334
63,-0.42270988,0.22121808,0.1163822,0.20397931,0.025733918,0.7926941,0.11546464,-0.5261961,0.090909086
65,0.4748399,-0.3011791,0.27207476,0.18533319,-0.13219757,-0.06723079,-0.052865133,0.0051410235,0.0625
66,0.08079106,0.021996824,0.43926764,0.2698404,0.12065074,0.08281775,0.0801065,-0.01998895,0.045454547
67,1.0343009,-0.54560393,0.25106853,0.35391682,-0.68178916,-0.5837177,0.2696013,0.018035326,0.083333336
68,0.14164162,-0.11774737,0.26824123,0.3405501,-0.033906788,-0.05063449,0.055302694,-0.34275547,0.05882353
69,-0.26005444,-0.0388928,0.21593668,0.16459477,0.272712,0.48483795,-0.41393942,-0.1242176,0.08333333
70,0.54250026,-0.18112019,0.15061486,0.14507313,-0.378725,-0.02039902,0.34313053,-0.22025742,0.09090909
71,0.6165948,-0.01740871,0.053377405,-0.1900574,0.2684606,-0.6899338,0.192847,-0.098808646,0.10000001
72,-0.07799071,0.06685506,-0.20867114,-0.24813372,0.15604231,0.58843905,-0.24309056,0.0029958226,0.055555556
73,0.45401338,0.30530795,-0.3353215,-0.3780404,0.14783894,-0.4328652,0.5836406,-0.6071039,0.07692307
74,0.6781124,-0.3832732,0.106521815,-0.04735411,0.19926542,-0.68599963,-0.2729182,0.040994547,0.06250001
76,0.54319125,-0.03205787,0.0063355416,-0.061489157,-0.19343393,-0.14496106,0.3792848,-0.15323175,0.0625
77,-0.293077,0.24794637,0.3527081,0.12555775,0.14247334,0.80708903,-0.030251205,0.19473498,0.09090909
78,0.82839596,-0.3515449,0.22824293,0.1016059,-0.32694763,-0.30590254,0.113021895,0.2748046,0.0909091
79,0.31136772,-0.0036885524,0.034794793,-0.4311682,0.53457904,0.005476415,-0.29613918,0.24677728,0.08333334
80,0.3141143,0.20052376,-0.18944459,-0.4565475,0.27276477,-0.034151733,0.21682183,-0.18406452,0.14285713
85,0.7604545,-0.029287022,0.23663148,-0.045905314,-0.16380586,-0.40157446,0.44122845,0.21674445,0.07142856
86,0.29112175,-0.15904474,0.16830532,0.16647968,0.009373248,-0.13979185,-0.05554265,-0.17460985,0.052631572
87,0.59534615,-0.04033273,-0.2496738,0.035319813,-0.6804772,-0.02023609,0.7184768,-0.5860491,0.0625
88,0.4736081,-0.041413125,0.045649685,-0.28843713,0.32254753,-0.2675956,-0.08754048,0.111337304,0.0625
89,0.29761964,0.24219207,0.14471689,-0.31140316,0.24372815,0.1352248,0.2709043,0.16873981,0.058823526
90,-0.3288043,-0.035705518,-0.13773687,0.07851021,-0.21606477,1.0541512,-0.22380847,-0.39162704,0.08333332
91,-0.2082625,-0.32359433,-0.0710939,0.30669343,0.022350714,0.37364247,-0.53533936,-0.64313143,0.047619052
92,0.48716685,-0.03246193,0.3647406,0.024921201,0.10879902,-0.2236464,0.10668419,0.3377037,0.07142856
93,-0.38118416,-0.13882785,0.42482185,0.43708685,0.28871506,0.46894392,-0.48001516,-0.36827096,0.055555556
94,0.4931408,-0.09281115,0.32369125,-0.14964211,0.18531539,-0.0019635186,-0.08538159,0.453999,0.07692308
95,-0.09289477,-0.22750418,0.25944012,0.14185789,0.109707765,0.6222396,-0.53400075,0.061278783,0.05882353
96,-0.321882,-0.06947555,0.26313338,0.23088455,0.3227316,0.48306954,-0.4696775,-0.16995595,0.06666666
97,-0.30447894,-0.03347125,0.10442901,0.28053355,0.051301107,0.5259373,-0.2809194,-0.25063485,0.05882353
98,0.038413085,-0.14645004,0.24952966,0.11155864,0.1454345,0.32465294,-0.36024863,0.005899366,0.05
100,0.25924227,-0.27849647,-0.1388539,0.38101056,-0.37776357,-0.24945569,0.20424883,-1.0336863,0.06666667
101,0.39282367,-0.0966458,0.21534798,0.25534186,-0.23153834,-0.120619744,0.3458836,-0.29104275,0.055555556
102,0.0088884905,-0.21714412,0.093355104,-0.14045647,0.59102905,0.20178843,-0.83250004,0.21359551,0.124999985
103,-0.029509842,-0.14996363,0.0929948,-0.06663411,0.2458696,0.44259006,-0.5576455,0.08263705,0.058823537
104,-0.039092127,-0.30288252,-0.084934145,0.008615702,0.4883154,-0.038952306,-0.73810333,-0.34213245,0.10000001
105,0.18494415,0.005130902,0.115434945,-0.10067164,0.22469772,0.05620089,-0.06481762,-0.02047104,0.05882353
106,0.69216406,-0.32194442,0.1372196,0.1487083,-0.2331142,-0.49632442,0.12131567,-0.11992009,0.09090909
107,0.3043008,-0.26130462,0.32848558,0.40738478,-0.1733708,-0.14346161,0.022806108,-0.29605243,0.06666668
108,0.29107526,-0.0082345605,0.0074995086,-0.24642628,0.13231617,0.15746672,-0.053670265,0.1037319,0.052631576
109,-0.01772669,0.24120665,-0.038390502,-0.2734363,0.40734628,0.19815868,0.050016522,-0.121211395,0.09999999
110,0.14860111,-0.18542525,0.12286992,0.14139937,0.2395646,-0.22782841,-0.27352214,-0.28312874,0.11111111
111,-0.28447807,-0.14527106,0.1946863,0.44476596,0.06377768,0.34016368,-0.21659014,-0.6741126,0.07692308
112,-0.47528726,0.21765104,0.2917267,0.18072936,0.18188135,0.9023609,0.0032188892,-0.293935,0.083333336
113,-0.27982038,0.07015242,0.13504812,0.061283924,-0.037482664,1.0946064,-0.21010967,0.1614859,0.11111111
114,0.28027132,-0.2929063,0.1349963,-0.03884653,0.2605909,0.009439915,-0.5299643,0.16821578,0.071428575
115,0.895555,-0.47799176,-0.35297865,-0.14090827,-0.51099676,-0.39666396,0.2040415,-0.608126,0.09999999
116,-0.16770793,0.2565208,0.6333094,0.107922584,0.95666635,-0.14921384,-0.26544237,0.19802874,0.09090909
117,-0.24401638,0.23538293,-0.14451818,-0.25807407,0.16663677,0.8265841,-0.06587021,-0.009296369,0.08333333
118,0.49841794,-0.32491145,0.48290145,0.5034871,-0.33046013,-0.18340209,0.13895465,-0.0076142363,0.07692308
119,0.57088673,-0.16741233,0.15395741,-0.022689007,-0.033776686,-0.21456018,0.056216672,0.10696706,0.07142856
120,0.1280632,0.13272156,-0.0010082275,-0.034004815,0.15624419,-0.054355785,0.21631987,-0.2698618,0.07142858
121,0.2657344,0.10041864,-0.010536179,-0.46642292,0.37722105,0.24879928,-0.17099756,0.3832508,0.062499993
122,0.19965076,0.31264186,-0.11157547,-0.5356071,0.3371777,0.33793038,0.110042915,0.2589869,0.06666667
123,-0.60692626,0.13628882,0.8033895,0.64685845,0.50836056,0.40502608,-0.23851836,-0.5005944,0.0625
124,0.40267423,0.049244586,0.3692047,0.081255406,-0.08293657,0.088896915,0.3537851,0.100523815,0.07692308
125,0.46108505,0.013751132,0.2544101,-0.19475067,0.3006097,-0.17707264,-0.01657547,0.31986335,0.058823522
126,0.14284974,0.2186707,0.44114846,0.1475221,0.37534976,-0.32558116,0.3382032,-0.23717357,0.062499996
127,0.09276541,-0.0030974485,-0.055820286,0.0125876665,-0.08702968,0.3211804,0.052771702,-0.21739028,0.05555555
128,0.55657595,0.029212456,-0.019089788,-0.25406098,-0.032149404,-0.09200169,0.2811662,0.09288852,0.07692308
129,0.62216645,-0.059662756,0.19796687,-0.23999286,0.21553989,-0.3078251,0.14039199,0.05544838,0.049999993
130,0.3212915,0.2225691,0.069618955,-0.2605036,0.22163287,-0.029077098,0.29915005,0.06564911,0.055555556
131,-0.32731536,-0.019315181,0.13498236,0.39593193,0.1701023,0.20334539,-0.07496025,-0.88317126,0.05882353
132,0.20425954,-0.013770439,0.1455953,0.20923874,-0.09535204,-0.030291587,0.2785769,-0.42793927,0.052631587
133,0.36066204,-0.34609205,0.27716666,0.22536659,0.102383345,-0.2331194,-0.34629172,0.06967901,0.0625
134,0.26046652,0.05780913,0.25043976,0.117965475,0.05334331,-0.08752966,0.19323833,0.008855779,0.05263157
135,0.32370785,0.060138624,-0.18669243,-0.41395658,0.17056827,0.14170694,0.055665627,-0.09999965,0.04761905
136,0.28250882,0.19699934,0.15481469,-0.44599104,0.4587527,0.18763109,-0.027134612,0.44405118,0.06666666
137,-0.0028572306,-0.29186222,0.20759678,0.35878906,-0.0068751574,0.16706878,-0.3813511,-0.17670132,0.05882353
138,0.1966415,0.2464926,0.13417491,-0.36013144,0.5303784,0.016482852,0.013578534,0.23458786,0.05263157
139,-0.021648463,0.09850952,0.1230482,-0.011648864,0.34038454,0.14653337,-0.12584242,-0.002166856,0.07692307
140,-0.13995026,0.015852416,0.04741636,-0.03588032,0.23678921,0.51121354,-0.25061983,-0.18572316,0.055555556
141,0.7281536,-0.026669648,-0.14222936,-0.5661162,-0.07898785,0.1675427,0.2105258,0.23901172,0.07692308
143,-0.24028611,0.10123995,0.6600766,0.14898941,1.060009,-0.20712778,-0.5364759,0.17315316,0.14285713
144,0.48015818,-0.01950815,0.21941482,-0.1650253,0.09560454,-0.011900187,0.116168514,0.16276827,0.05882353
145,0.19299167,0.07273495,0.41977787,0.37139535,-0.27862185,0.24003866,0.47432464,-0.13628443,0.050000004
146,-0.31836855,0.4159343,-0.051091477,-0.19640973,0.23793206,0.7427864,0.17628326,-0.2337447,0.090909086
148,-0.17634967,-0.19389535,0.2973578,0.106648564,0.42420954,0.4283836,-0.68473935,4.034117e-05,0.071428575
149,0.30089808,-0.41905755,-0.38255453,-0.2014302,-0.08152346,0.2289946,-0.56291044,-0.22924425,0.071428575
150,0.22064275,0.1543281,0.18662937,-0.26039392,0.56343824,-0.11139028,-0.07020314,0.21686988,0.0909091
151,0.357918,-0.15346667,-0.13971592,-0.17661563,-0.10581608,0.1955325,-0.06736131,-0.10260904,0.071428575
152,0.5637069,-0.21251725,0.306073,0.08853126,-0.15231578,-0.057543874,0.104609534,0.13943234,0.045454547
153,-0.19755012,0.08894046,0.04421281,0.07821478,-0.0396138,0.7730798,-0.097404286,-0.024624635,0.05555555
154,0.67016727,-0.04113142,-0.10129966,-0.16268525,-0.12625782,-0.48456687,0.5353357,-0.5782174,0.07692307
155,0.65968996,-0.27748978,-0.0052286685,-0.10952527,0.12303416,-0.5313887,-0.08865602,-0.12481956,0.14285715
157,0.12859401,-0.30043975,0.5323764,0.3485477,0.30908626,-0.15952799,-0.45282876,-0.11203669,0.124999985
159,0.199776,-0.2679345,0.021628253,0.2677068,-0.28535193,0.1790556,-0.047217034,-0.36747262,0.05882353
160,0.6207672,-0.15258236,0.28113586,-0.18494654,0.32841384,-0.5488299,-0.051482737,0.15647358,0.07692309
161,0.2859762,0.19119044,0.09883725,-0.28159013,0.17939274,0.1457215,0.32159054,-0.000121023506,0.07692308
162,-0.48070276,0.11373976,-0.024864495,0.20624816,0.038678825,0.7994971,-0.10259632,-0.6401467,0.09090909
163,0.69785684,-0.30509505,0.2469865,0.21407855,-0.19485323,-0.5109681,0.11077051,0.010531183,0.06666667
164,-0.26260108,-0.2276747,0.2470323,0.2531456,0.46452558,0.2294222,-0.7232125,-0.21810986,0.06666668
165,0.22829023,-0.12048413,0.25693303,0.1369898,-0.03513196,0.18978725,-0.06915042,0.122630514,0.0625
166,0.6396242,-0.15889324,0.020187214,-0.27702895,-0.03577356,-0.030763224,0.020411238,0.24007271,0.071428575
167,0.01881215,-0.027141914,0.7703348,0.3804124,0.25533104,0.1945576,-0.20594612,0.51468366,0.1
168,0.56224304,-0.048972,0.24368319,0.05437273,-0.18840398,-0.10847205,0.34474397,0.09991668,0.049999993
169,-0.35833898,0.1489602,-0.0036863238,-0.09302168,0.47253656,0.5795864,-0.35762906,-0.30571735,0.05
170,-0.14725384,-0.06557092,0.34588158,0.038072385,0.50517356,0.48465392,-0.5880211,0.22731549,0.06666666
171,0.5916735,-0.2776439,-0.17586626,0.013289504,-0.39080042,-0.13010745,0.1655501,-0.33628926,0.06666667
172,0.5275411,-0.22912121,0.08313319,0.09458363,-0.054943636,-0.41249532,0.09181546,-0.32352597,0.08333333
173,0.0067123324,-0.034550015,0.5227452,0.17740422,0.38642186,0.2026195,-0.3047733,0.301632,0.07692307
174,0.59330165,-0.12931155,0.29932314,-0.040922128,0.055172645,-0.1855118,0.005918905,0.4254879,0.04347826
175,0.8486037,-0.23252809,0.28688717,-0.093936704,0.11713854,-0.7006937,0.07256813,0.251947,0.06250001
177,-0.40312567,-0.13024423,-0.0065389723,0.12579456,-0.005429685,1.0233586,-0.49147034,-0.37220442,0.07142858
178,0.23731053,-0.028229743,-0.09723224,0.0638747,-0.09511162,-0.07012452,0.15865155,-0.3842361,0.0625
179,0.32080576,0.02169542,0.15865605,-0.132923,0.29050854,-0.15433864,-0.00034497678,0.03048766,0.04761905
180,0.19307682,0.22473638,0.19341731,-0.15142241,0.48706603,-0.27187127,0.15109275,-0.09882791,0.09090909
183,0.17981732,-0.04719562,0.13266085,-0.050450735,0.21480541,0.053986218,-0.10061531,-0.17211878,0.058823545
184,0.24197534,-0.07234681,0.48234504,0.12537506,0.3176356,-0.10928565,-0.1354827,0.21634285,0.071428575
185,0.2925037,-0.22693305,0.15291014,0.08176226,0.0853829,-0.049536288,-0.244809,0.11313473,0.14285716
186,0.1670034,-0.0078007933,0.30915695,0.2124773,0.0998698,-0.010071047,0.071295485,-0.14313388,0.06666667
187,-0.23879561,-0.05241482,0.33504295,0.26132554,0.24875778,0.55156827,-0.43042403,0.09557996,0.07692307
188,-0.36654916,0.49489963,0.5483074,0.02784969,0.78478813,0.24238208,0.079537645,0.09445225,0.06666667
189,-0.096451476,0.17084117,0.17448458,-0.2880041,0.599195,0.42890686,-0.35451323,0.30688125,0.06666668
190,0.42485553,-0.20058118,-0.19205792,0.18034184,-0.5038745,-0.054363057,0.35741234,-0.5763325,0.14285715
193,0.24870285,0.07953596,0.69804364,0.19539875,0.7522987,-0.6607574,-0.095006466,0.25106758,0.0909091
194,0.57218724,-0.24590503,0.23534815,0.058879346,-0.1718059,-0.050826997,0.020965174,0.1919751,0.058823537
195,0.8232368,-0.2868747,0.15797114,0.0027255416,-0.3276598,-0.24404287,0.23237257,0.061770096,0.049999997
196,-0.0040966347,0.527175,0.27127442,-0.29554477,0.9148309,-0.25188437,0.17964374,0.053841718,0.07142857
197,0.15306976,-0.1555461,0.24304855,0.1777713,0.005151704,0.18639368,-0.13040857,-0.09297909,0.071428575
198,0.34994012,0.14513978,0.2845629,-0.03398309,0.06671605,-0.0069797635,0.37133348,0.04729701,0.05263157
200,-0.08580005,-0.012095094,0.4380958,0.16994476,0.2883051,0.3823623,-0.31940597,0.1874365,0.045454547
201,-0.09875026,0.025661873,0.20545828,-0.002404742,0.45906955,0.20572148,-0.38479894,0.01702806,0.0625
204,-0.09768478,0.24893065,0.5423735,0.34843072,0.38465816,-0.07049236,0.25055468,-0.23770614,0.055555556
205,-0.15645415,0.36483914,-0.2458749,-0.55035603,0.44020694,0.6900225,-0.07937729,0.06663192,0.058823526
206,-0.11194024,0.046513155,-0.45004338,-0.3580597,-0.090231106,0.94660914,-0.19345808,-0.18368554,0.055555563
207,0.10310253,0.14419289,0.08521366,-0.33422816,0.47783,0.2646491,-0.21930203,0.38236824,0.043478258
208,-0.23683405,-0.13637693,0.077812925,-0.015999094,0.494866,0.39352697,-0.6033101,-0.42082796,0.09090909
209,-0.17406964,0.1562096,0.42642665,0.17441413,0.5924256,0.0068129003,-0.16586481,-0.096087396,0.06250001
210,0.034599096,0.19980143,-0.014495537,-0.3608954,0.59242934,0.084692866,-0.1843418,0.100229084,0.071428575
211,-0.5282665,-0.019023573,-0.28778076,0.0040019825,-0.03824684,1.1581347,-0.42024922,-0.49369767,0.11111111
212,0.10708744,-0.25315008,0.07746656,0.18543732,0.17608064,-0.10083929,-0.36857343,-0.23237087,0.041666664
213,-0.4445629,-0.20756954,0.07774131,0.22760016,0.21712783,0.72310483,-0.6991675,-0.4270657,0.047619052
214,-0.24186018,0.03801764,0.6901461,0.4333431,0.18714759,0.58891195,-0.13876319,0.14737223,0.099999994
215,-0.62116253,0.32232806,-0.26898342,0.109936096,0.016400114,0.8896828,0.07311663,-0.6884292,0.066666655
216,-0.24378249,-0.12020229,0.49022645,0.24205056,0.41632056,0.4240375,-0.5297201,-0.10437587,0.11111111
218,-0.18111105,0.3225229,-0.08251478,-0.27081162,0.5057299,0.30905798,-0.0367413,-0.16017385,0.05263158
219,-0.09259266,-0.03544635,-0.23500736,0.027019106,0.06321641,0.20776,-0.09056193,-0.6702419,0.083333336
220,0.38269916,-0.0017014281,0.091125205,-0.15464619,0.070221744,0.06326478,0.036675006,0.22427316,0.06666667
221,0.25682437,-0.11679925,-0.05085741,0.014036931,-0.27675617,0.31266272,0.10618542,-0.22095712,0.083333336
222,0.33986965,0.12352666,0.41131592,-0.14591959,0.4822749,-0.24889839,0.059982076,0.28556183,0.052631587
223,0.55168086,-0.005787407,0.08261376,-0.28607818,0.32197058,-0.43657124,0.046481967,0.10254423,0.05263158
224,0.58083886,0.27342156,-0.06519152,-0.70907927,0.38989317,-0.05863899,0.30571944,0.2114415,0.12500001
225,0.30358937,0.09290224,0.41489482,-0.015412912,0.5019987,-0.45669287,0.061262324,-0.039013337,0.06666667
226,0.5716409,-0.190298,0.29373348,0.019744158,0.10125972,-0.32908142,-0.078273565,0.2800508,0.076923065
227,0.24225858,0.08675116,0.30016017,-0.14091387,0.47873652,-0.16561997,-0.054030057,0.14846483,0.07142858
228,0.42989078,0.1578555,0.24083795,-0.32953137,0.3575432,-0.082152426,0.14417903,0.32651764,0.066666655
229,0.3534586,0.09964536,0.081476465,-0.15870893,-0.0328483,0.14677463,0.31439668,-0.05652823,0.05882353
230,0.4853969,-0.13947858,0.38193256,0.0429603,-0.06446895,0.11800114,-0.02814176,0.47687346,0.083333336
231,0.4299438,0.14583722,0.2328044,-0.31005642,0.5960324,-0.42268133,0.010607079,0.24283801,0.045454547
232,0.4270371,-0.2715778,-0.07528885,-0.14086196,0.09631686,-0.14733271,-0.26288688,-0.077536255,0.06666668
234,0.22117046,0.2985939,-0.16932775,-0.55798995,0.25624233,0.32224855,0.231889,0.04684889,0.07142858
235,0.8273967,-0.0876371,-0.15053378,-0.58278406,0.113858916,-0.32034376,0.104655206,0.16206665,0.09090909
236,-0.25017765,-0.260106,0.12721997,0.43402326,0.13046996,0.21429244,-0.43023753,-0.5660309,0.125
237,0.35434422,-0.052760866,0.07523935,-0.019350968,-0.0864795,0.064416625,0.2131368,-0.18732463,0.071428575
238,-0.32204646,0.3072954,0.036113665,-0.4007353,0.7043481,0.6365433,-0.38958472,0.12186903,0.05882353
239,0.46088317,-0.18873172,0.24275225,0.23107311,-0.12973349,-0.31190813,0.20004101,-0.2113495,0.071428575
240,-0.37406084,0.21587427,0.23436832,-0.08379742,0.65339434,0.51126796,-0.38641357,-0.0056966133,0.062499996
241,0.28654104,-0.16018099,0.1016069,0.25043333,-0.25382638,0.036504716,0.16338627,-0.32025728,0.071428575
242,-0.2276597,0.24450871,0.15060437,0.07078413,-0.103912875,0.94644743,0.13954763,0.12227175,0.1
243,-0.25008845,-0.34966072,0.0069521815,0.13189973,0.42300892,0.28631184,-0.9486042,-0.35469714,0.07142858
245,-0.4709208,0.36557868,0.08559652,-0.14393026,0.47523975,0.7922542,-0.06847617,-0.24751942,0.055555563
246,0.039726928,-0.41916943,-0.31299025,-0.014907382,0.025883809,0.2902224,-0.69217765,-0.36845508,0.06666666
247,-0.14331266,-0.057415925,0.2710355,0.23891494,0.18872863,0.3616827,-0.3480327,0.06217275,0.071428575
248,0.33213958,0.08315194,0.57186806,0.027780332,0.24309705,0.039973304,0.13376723,0.41739023,0.052631572
249,-0.07589284,0.06531563,0.5309936,0.2585227,0.37349892,0.15310135,-0.18793254,0.22974977,0.07142858
250,-0.14128497,-0.056205347,0.21548894,0.06604077,0.17533733,0.63930786,-0.41845167,0.18266933,0.062499996
251,-0.4157007,0.28181052,0.19524011,0.070132956,0.24339485,0.7052303,0.0963044,-0.43528306,0.06666666
253,0.70282507,-0.0076911096,0.17343426,-0.435376,0.35899925,-0.3689974,0.027799383,0.39867255,0.05882353
255,-0.3548741,-0.034940053,0.09005019,0.02229435,0.20311888,0.88676566,-0.5232731,-0.06635858,0.05263158
256,0.09081953,0.24228714,0.12800713,-0.24644536,0.55947703,-0.0766467,0.020711169,-0.031955313,0.071428575
257,0.5104085,-0.12581232,0.5261018,0.18755996,-0.060734376,-0.10942581,0.12382841,0.31011343,0.07692309
260,-0.12664002,0.17074412,0.14369985,0.00720682,0.34075013,0.27144918,-0.08578319,-0.06411764,0.058823526
261,0.37060097,-0.20084529,0.5417964,0.22837183,0.12535784,-0.18543893,0.029964566,-0.12577565,0.11111113
262,0.12203363,0.07734148,0.1070306,-0.08750302,0.16104697,0.25495818,-2.5965273e-05,0.0038351268,0.05882353
263,0.0061581135,0.183631,-0.41750002,-0.023653477,-0.31386387,0.30335534,0.5245462,-0.9727321,0.16666667
267,0.53851753,-0.040283475,0.46018535,-0.042696096,0.17951012,-0.18177542,0.03002651,0.56641746,0.071428575
268,0.5623858,-0.015141884,0.1584669,-0.15002403,0.26171502,-0.5279161,0.19260184,-0.08298069,0.058823526
269,0.826006,0.10664068,-0.4930508,-0.7017513,-0.30289865,-0.045973673,0.6533909,-0.21321665,0.07692308
270,0.4078081,-0.1503301,0.42805582,0.12686649,-0.15833302,0.27853626,0.03539318,0.2938794,0.09090909
271,-0.18918537,-0.16406953,0.16662961,0.024849623,0.21352386,0.7135712,-0.59623134,0.019249126,0.062499993
272,0.23868158,-0.02441385,0.3529337,0.1373409,0.14541979,-0.042869434,0.070873514,-0.0394342,0.058823537
273,0.47161493,-0.055110905,0.39538383,0.00017838925,0.16939968,-0.19463971,0.09323791,0.14153118,0.062499996
274,-0.3865122,-0.1645891,-0.108717784,-0.08495522,0.35447007,0.7631574,-0.77444255,-0.42207223,0.0909091
275,0.3811204,-0.17988956,0.22817308,0.1499474,-0.04775068,-0.07340743,-0.0307955,0.068865724,0.14285715
276,-0.5934384,0.27124155,-0.0060589463,0.114911236,0.08913269,0.98232085,0.009840384,-0.5386378,0.0909091
277,-0.48254308,0.10826163,0.059149697,0.11416871,0.12395211,0.939862,-0.18460794,-0.45796886,0.07142857
278,-0.031008687,-0.03454619,0.46808082,0.2187151,0.20591313,0.34525594,-0.26649472,0.23937608,0.0625
279,-0.6228077,0.7718468,0.13257203,-0.013750643,0.49481887,0.5845103,0.5640987,-0.55205876,0.11111111
280,0.2665518,0.11047001,0.14160421,-0.061897926,0.37592167,-0.376179,0.07075198,-0.05626514,0.05882353
281,0.32716906,-0.33473673,0.103574224,0.24003711,-0.13203435,-0.10898921,-0.18310171,-0.14386651,0.052631576
282,-0.2484628,-0.3563472,0.18813023,0.43877056,-0.09023233,0.63570714,-0.5778315,-0.44421205,0.125
283,0.44591936,-0.3203315,-0.45772243,-0.06160509,-0.6398655,0.2551053,0.12018098,-0.54563195,0.08333332
284,-0.47961357,0.443999,0.5582226,-0.02127809,0.87842035,0.46739668,-0.20798029,0.12530646,0.071428575
285,-0.48131558,0.07746865,0.18336102,0.2835054,0.014216498,0.92509997,-0.18216158,-0.37650025,0.06666668
286,-0.048434608,0.09850864,0.15166555,-0.0046006367,0.3483159,0.17647292,-0.13544089,-0.07877369,0.11111111
287,0.06239941,-0.052427273,0.18795973,-0.20499429,0.57156277,0.14088541,-0.56683606,0.27812007,0.06666667
289,-0.24209875,0.24737686,0.47780645,0.10194525,0.33701158,0.64674574,-0.05871561,0.23495683,0.062499996
290,-0.4382726,0.42858645,-0.08752617,-0.3713919,0.47391313,0.91782475,-0.13326111,0.029276382,0.071428575
291,-0.1798602,-0.08934271,0.088196784,0.19912522,-0.07229623,0.6599778,-0.22729766,-0.3002202,0.058823537
292,-0.12895682,-0.3314289,0.22508323,0.31552207,0.082801,0.36207518,-0.55050546,-0.42559358,0.083333336
293,-0.0003097579,-0.25337774,-0.21681865,-0.073570915,0.11590356,0.3729321,-0.48678482,-0.46091273,0.07142858
294,0.18953782,0.20576294,-0.062924266,-0.37576607,0.45218825,-0.034952596,0.024295866,-0.039319444,0.055555563
297,-0.48136193,0.14760949,-0.14207156,0.112756744,-0.033265173,0.9443233,-0.040193558,-0.65309197,0.052631576
298,-0.55003655,0.48619363,-0.25007194,-0.18517086,0.22834869,0.87422895,0.20319696,-0.54298306,0.0909091
299,-0.44146642,0.56793404,-0.47245026,-0.5393994,0.40378666,0.81610674,0.1268679,-0.4523643,0.05882353
300,0.06821152,0.013178884,-0.076064825,0.041674323,0.08096452,0.038027436,0.05067104,-0.42018163,0.06666667
301,-0.14812335,-0.14238702,0.3240254,0.35137016,0.10974981,0.39261004,-0.37294924,-0.12628268,0.083333336
302,0.12693813,-0.084794134,0.10090765,-0.08579702,0.4469223,-0.026008189,-0.4575647,0.22691552,0.07692308
303,0.22217774,-0.17786515,-0.20076959,-0.38586885,0.31625077,0.22281183,-0.5706155,0.14994913,0.08333334
304,-0.25754973,0.15551373,0.07550823,0.16000357,0.08562459,0.51403284,0.045964077,-0.328299,0.062499996
305,0.07034952,-0.2179044,-0.25011796,0.3127352,-0.303541,-0.041876465,0.14652638,-1.1817147,0.090909086
306,0.20235476,0.396053,0.52352536,0.04228495,0.08918451,0.29762405,0.47662485,0.55785227,0.09090908
308,0.86324763,0.107721,0.3905241,-0.22588989,0.2355,-0.7196338,0.5453911,0.14817442,0.062499996
309,-0.2302565,-0.26992387,0.25966287,0.35500968,0.25377238,0.2823997,-0.6581402,-0.29267374,0.05882353
310,-0.011516571,0.024241291,0.32204282,0.070856534,0.16902412,0.46589866,-0.09680706,0.037828818,0.06666667
311,-0.022753745,-0.03225268,0.52086675,0.19771495,0.1793531,0.46519467,-0.25341403,0.30270007,0.055555563
312,0.44664475,0.03194358,-0.36448836,-0.42355317,-0.1538216,0.21417794,0.21025787,-0.13595106,0.06666667
313,0.7349246,-0.057315413,-0.05556269,-0.53543437,0.20258906,-0.1387417,-0.061657768,0.4839161,0.11111111
314,-0.46112528,0.0035115345,-0.10615657,0.09467174,0.021082744,0.9525058,-0.32219023,-0.5188966,0.05263158
315,0.02773156,0.019173497,0.116393074,-0.018053897,0.10191318,0.44155544,-0.08737541,0.0138808,0.05263158
316,0.5344173,-0.44586697,-0.00668256,0.20767158,-0.22287978,-0.3785845,-0.11676617,-0.41728878,0.05
317,0.33325872,-0.2602721,-0.19681065,0.08947734,-0.36448753,0.10542457,0.039973915,-0.35240445,0.099999994
318,-0.51913905,0.3917314,0.14626235,0.20767292,0.21013778,0.638472,0.25318724,-0.5643353,0.06666666
319,-0.48694435,0.3019327,-0.24093555,-0.17530113,0.24223623,0.8434705,-0.079432376,-0.44944802,0.058823537
320,-0.36395958,-0.063400924,0.4035737,0.14405486,0.57494485,0.5646372,-0.71085525,0.065143,0.083333336
321,-0.07944764,-0.06898531,0.42974252,0.053472612,0.4304524,0.41594437,-0.52958125,0.3243415,0.05555555
322,-0.21108946,0.1795966,-0.15494491,-0.0744121,-0.26839238,1.1213412,0.08269665,-0.032180216,0.07692308
324,-0.16769888,-0.05370189,0.045770124,0.114269584,0.22140291,0.28633237,-0.27846435,-0.4396048,0.083333336
325,-0.26975,0.72429115,-0.11576474,-0.48722172,0.7130535,0.2445657,0.3685348,-0.1762685,0.11111111
326,-0.1820448,0.20471068,-0.029156566,-0.14820492,0.19554475,0.6280351,-0.064701684,-0.03700001,0.06666667
327,-0.45945272,0.19130097,-0.013216808,0.073789895,0.18872835,0.7791091,-0.14216335,-0.39225748,0.050000004
328,-0.544016,0.15344591,0.391748,0.41602573,0.0633506,0.78983504,0.050386474,-0.8840299,0.1
329,0.22605664,-0.14161871,0.47159523,0.32036626,0.2017429,-0.23654753,-0.10208276,0.0023860298,0.07142856
330,0.19523782,-0.21127215,-0.38735443,0.046516273,-0.3070606,0.076385215,0.020903751,-0.80045027,0.062499996
331,-0.026817031,0.055176873,0.24138257,0.1486451,0.5753511,-0.39661494,-0.118742794,-0.296361,0.06666667
332,-0.18897462,0.0040483857,-0.38728142,-0.109245785,-0.26097208,0.953079,-0.12197293,-0.26112288,0.058823537
333,0.11236101,-0.52933955,-0.33983207,0.2288064,-0.24939899,0.12594065,-0.47682267,-0.7777594,0.090909086
334,-0.31980366,-0.15015253,0.20335966,0.52336055,-0.14633583,0.6066737,-0.20776038,-0.5302875,0.071428575
336,-0.22257698,0.026846815,-0.38402396,-0.13468784,-0.114466295,0.8629324,-0.10336427,-0.46496817,0.07142858
337,0.58242023,0.04645228,-0.0066730976,-0.4409889,0.20758533,-0.16283432,0.10050309,0.3013799,0.045454547
338,0.3626752,-0.15844738,0.2972147,-0.039021797,0.15651473,0.021853007,-0.18907401,0.19132781,0.05882353
339,-0.11936491,0.072781414,0.3665467,0.22831747,0.17946054,0.33208188,-0.013068385,-0.058309924,0.045454547
340,0.089154534,-0.057434913,0.42996073,0.3298718,-0.10052486,0.35564753,0.019844934,0.15631333,0.07692307
341,-0.13663948,0.01207988,-0.13388373,-0.18332952,0.28542846,0.5455663,-0.27039963,-0.29050314,0.111111104
342,0.5849669,0.22833937,0.12949806,-0.49426103,0.18263546,0.035740945,0.31641823,0.5500876,0.055555556
343,0.3282935,0.2546337,0.12609927,-0.24466538,0.19870509,-0.009663306,0.38644767,0.0722559,0.038461544
344,-0.6213539,0.36618808,-0.083572134,-0.053853042,0.23993257,0.9979675,-0.07007099,-0.36495945,0.07692308
345,-0.23539707,0.09740463,0.14523964,0.112411745,0.09021761,0.63302493,-0.039969996,-0.25260863,0.07692307
346,0.21229768,0.19368692,0.34717596,-0.19735834,0.49112248,-0.0810563,0.07284336,0.098386325,0.07142857
347,-0.11807731,-0.1152439,0.400415,0.47029957,-0.14435504,0.50337565,-0.15017752,-0.03627271,0.083333336
348,0.4307165,-0.2385516,0.1149916,-0.1465851,0.25669563,-0.14903095,-0.41338605,0.38435793,0.055555556
349,0.5190892,0.07069492,0.18974912,-0.04134623,0.13599758,-0.49509597,0.36516154,-0.11957829,0.06666667
350,-0.26689517,-0.07069503,0.3786229,0.027015254,0.8617783,0.20038924,-0.7957327,0.045657817,0.066666655
351,0.12410698,-0.0122368,0.26118067,0.20726717,0.30634323,-0.33953485,0.05158043,-0.491407,0.11111111
354,0.15800539,-0.15266497,0.11992061,0.0064159334,0.23738295,0.0019010901,-0.26295012,-0.20063211,0.071428575
355,0.4470664,0.016960409,0.15061349,-0.10084327,0.17446774,-0.32476854,0.22129889,-0.13016318,0.09090909
356,0.6333327,-0.10576615,0.1333697,-0.15886766,-0.09776695,-0.07298061,0.17160593,0.17513491,0.07692307
357,1.1050055,-0.07111843,0.32649487,-0.2223885,-0.12673263,-0.5830271,0.60052943,0.18913795,0.1111111
361,-0.49708727,0.11480567,-0.482611,-0.29562435,0.048034087,1.224696,-0.34220237,-0.48598346,0.07692307
364,0.45632485,-0.032011747,0.29586852,0.1279299,-0.25728226,0.047561746,0.40744925,0.0019898936,0.071428575
371,0.39531976,0.12340768,0.2817396,-0.20933282,0.03200139,0.32951227,0.21691869,0.4982573,0.052631572
372,0.025839902,-0.26217508,0.108886585,0.4162633,-0.24021663,0.19495727,-0.08213632,-0.55599004,0.076923065
375,-0.41503945,0.23386854,-0.21435802,0.027428858,0.25000298,0.40010902,-0.02162844,-0.56934303,0.11111111
384,0.34304294,-0.14516552,-0.356857,-0.36774218,0.14078999,-0.018523276,-0.16775298,-0.33256757,0.08333333
385,0.79514635,0.124653995,0.43529457,-0.417733,0.43093145,-0.41384876,0.22327934,0.7154527,0.06666666
386,0.15036479,0.02976146,-0.9130223,-0.047119685,-0.6968975,0.1939652,0.5887964,-1.434621,0.071428575
388,0.847056,-0.22004513,-0.22386606,-0.08085156,-0.6276478,-0.19338605,0.5275486,-0.40873966,0.07692308
389,0.15218577,-0.023692654,0.41959274,0.090698734,0.31483167,0.08930394,-0.18618174,0.29360414,0.08333333
390,-0.19247518,0.3224392,0.49980962,0.3480673,0.18097036,0.31026834,0.3218816,-0.10474223,0.111111104
391,-0.08478132,-0.19621117,-0.18355058,0.27888745,-0.6648964,0.9187078,0.053822234,-0.5673775,0.12499999
393,-0.34960154,0.17418067,-0.5647492,-0.22302741,0.0039286762,0.71996784,-0.06709368,-0.8194148,0.111111104
394,0.00045344234,0.33638814,0.22655328,-0.37587592,0.5857408,0.42418617,-0.087851614,0.5319581,0.050000012
395,-0.19717407,0.18716897,0.260621,-0.20838207,0.5075267,0.67987204,-0.37554246,0.36912304,0.06666667
396,-0.12718432,0.2513899,0.26081038,-0.11102254,0.33975875,0.566397,-0.08744709,0.2910239,0.06666667
397,-0.0010954738,-0.09050375,0.10519969,0.10881093,0.18860199,0.19487925,-0.27450374,-0.12775311,0.058823537
398,0.09096231,-0.031499587,0.3312453,0.24479148,0.16578425,-0.006966628,-0.049159177,0.009354878,0.07692307
399,0.9532455,-0.018423337,0.22570923,-0.5542111,0.4915703,-0.72410536,0.08562164,0.5888249,0.1
401,-0.18669519,-0.3624749,0.16447814,0.15916692,0.5312797,0.1440472,-0.90806544,-0.3134778,0.06666667
402,0.5009857,0.15949643,0.10749078,-0.17708892,0.36912823,-0.7249544,0.41921014,-0.3098626,0.05882353
403,0.22737247,0.10953578,0.40156114,0.11898044,0.17770466,-0.06813766,0.23258032,0.07945539,0.05263158
404,0.11680926,0.009421039,-0.24003656,-0.28622228,0.27395445,0.009581432,-0.16744462,-0.25718966,0.083333336
405,0.7340117,0.219901,0.28548485,-0.56054217,0.45488483,-0.30781597,0.37964642,0.373306,0.06666667
406,-0.15298831,0.052777637,0.33638775,0.13710934,0.67491055,-0.114856884,-0.33566648,-0.14647545,0.07142858
407,-0.10105367,0.074484065,-0.06813598,-0.14488935,0.255508,0.40593895,-0.17958336,-0.22210534,0.05882352
408,0.34264058,-0.030577932,-0.115794376,0.0036129802,-0.2885568,0.05053939,0.33893085,-0.4457836,0.0625
409,0.2483257,-0.16231655,0.15075701,-0.07040154,0.2096965,0.16234545,-0.42624736,0.4524017,0.11111111
413,0.0029071495,0.32492727,0.6470134,-0.1927399,0.4644847,0.7048615,-0.038582027,0.8111225,0.0625
414,0.06594638,-0.5317504,0.08062571,0.42268398,-0.31327492,0.43621513,-0.56394017,-0.21654205,0.055555556
415,0.5017093,-0.24403803,0.78223616,0.44479933,-0.07269667,-0.16615418,0.07340729,0.3226692,0.07692307
417,0.54433405,0.15767245,0.16374943,-0.22318065,0.22276363,-0.36890423,0.40672225,-0.017775524,0.052631587
418,0.6176331,0.04105617,0.644688,-0.06608171,0.50147057,-0.5848417,0.13819404,0.5069967,0.071428575
419,0.50315285,0.0016795341,0.16799343,-0.0012838542,-0.033089563,-0.26387918,0.4102311,-0.24350177,0.055555563
420,0.7185843,-0.20085107,0.22305177,-0.142485,0.12009778,-0.44132698,0.018961668,0.15645857,0.052631587
421,0.63815933,-0.21854417,0.04857891,-0.10414422,-0.21859427,-0.013190329,0.058914408,0.17456643,0.090909086
422,0.8760705,0.031023357,-0.19729073,-0.7912457,0.23876911,-0.25575572,0.14751677,0.37784806,0.055555552
423,-0.023656,-0.03347998,0.24647023,0.054235198,0.4840451,-0.05187297,-0.31836867,-0.16695206,0.055555556
424,0.14110464,-0.19597757,0.28178582,-0.19550112,0.4775507,0.35384813,-0.7140712,0.54291517,0.0625
425,0.0927983,-0.07871418,-0.10995768,-0.18706596,0.20106982,0.3078149,-0.40191656,0.17977206,0.08333332
426,-0.38075215,0.2895446,-0.11678693,-0.05689519,-0.16029935,1.202357,0.07586752,-0.14861426,0.09090909
427,0.07399996,-0.25712872,0.55191606,0.54587775,-0.15299927,0.31471333,-0.17409542,0.09419215,0.07142858
428,0.22698775,-0.088887826,0.07434745,0.092965394,-0.120196,0.21211772,0.049073964,-0.14936455,0.058823537
430,-0.19957,-0.17815591,0.520317,0.27572358,0.121469826,0.8035115,-0.49460548,0.08558319,0.07692308
432,0.3859168,0.11947121,-0.052165613,-0.20152652,-0.2156276,0.2958802,0.42145795,-0.106032476,0.12500001
433,0.8025837,-0.32212818,0.22376174,0.23088992,-0.26321304,-0.706947,0.35103738,-0.41271612,0.07692308
434,0.5051242,0.1415365,0.48059845,-0.10639577,0.46237707,-0.50931096,0.29273462,0.040657025,0.11111111
435,0.6057799,-0.06681529,0.067436285,-0.27731812,0.17804036,-0.28394312,0.08501467,0.13662869,0.08333332
436,0.43178,0.078862965,-0.30749565,-0.43501258,0.13307297,-0.13611469,0.16205074,-0.119805396,0.071428575
437,-0.027381022,0.16563244,0.14376926,-0.09104065,0.24912515,0.36677063,-0.01846461,0.08209883,0.058823526
438,0.23656514,0.021969615,0.24379559,0.024468265,-0.0029998869,0.17234233,0.14687894,0.012928706,0.083333336
439,0.16312769,-0.040067505,0.205567,0.12624766,0.13411301,-0.05734262,0.06361982,-0.31158257,0.062499993
440,0.82476705,-0.3579939,0.14484447,-0.060301967,-0.22753291,-0.2626173,-0.0011356995,0.3171286,0.052631587
441,0.3126033,-0.06555849,-0.008979291,-0.047648437,0.16131215,-0.31904298,0.06372632,-0.33077666,0.0625
442,0.8359137,-0.11466998,0.16732097,-0.22263977,0.16739267,-0.6947554,0.216348,0.0673981,0.076923065
443,0.46405545,-0.10499588,0.21385226,-0.1321469,0.20949563,-0.13884428,-0.09232917,0.28180626,0.09090909
444,0.34177202,0.03998946,0.19743139,-0.16672787,0.28434753,-0.10558027,0.046450734,0.0784964,0.05882353
445,0.86462826,-0.40716472,0.024228945,-0.084388725,-0.15522148,-0.5288244,-0.042069092,0.036661208,0.06666667
446,0.648927,0.16736777,-0.21171309,-0.5241768,0.18244219,-0.40156466,0.3430305,0.119088896,0.07142857
447,0.44105056,-0.27064928,0.10799902,-0.050558724,0.036538184,-0.00765419,-0.27477193,0.19878723,0.06666666
448,0.73725426,-0.32684585,0.008104652,0.074444056,-0.26654142,-0.54894644,0.2351955,-0.390881,0.07692309
449,0.7513648,-0.17680839,-0.13529553,-0.28951153,-0.36305827,0.09820971,0.19959758,0.18184558,0.07692308
450,0.35951293,0.04823648,0.15607218,-0.20499608,0.3827976,-0.22209594,0.02353169,0.0076064803,0.055555556
451,0.05435033,0.009057289,-0.19679712,-0.19241247,0.07450936,0.38410777,-0.054245852,-0.3559809,0.08333334
452,0.5351221,0.037877776,0.083054274,-0.31414258,0.37631565,-0.39935473,0.07184218,0.14423187,0.1
453,0.2528057,0.18619698,-0.08589907,-0.31194004,0.07706003,0.22349977,0.27980852,-0.09938905,0.055555563
454,0.5383894,-0.10979721,0.13791597,-0.12184686,-0.014528528,-0.12374769,0.15472479,-0.09319544,0.071428575
455,0.57398105,-0.037221517,-0.007357627,-0.578333,0.4977414,-0.1822907,-0.2186137,0.3297292,0.08333332
456,0.41376534,0.04471224,0.12468885,-0.10075366,0.08812067,-0.15431164,0.2448477,-0.019834746,0.06666665
457,0.6345428,-0.0636473,0.088119514,-0.36022174,0.027321026,0.03459107,0.06341644,0.38816455,0.058823537
458,0.23466831,0.08711639,0.60180205,0.19202167,0.44024026,-0.4607157,0.16891633,-0.14397366,0.125
459,0.43790397,-0.21279277,-0.062704206,-0.26224518,0.07992042,0.08053942,-0.27328402,0.15500097,0.09090909
460,0.67553353,-0.07146177,0.24130127,-0.09388118,-0.041383862,-0.24807525,0.24346246,0.2415944,0.0625
461,0.26297653,-0.047014643,0.22706586,0.03487859,0.08099977,0.08766599,-0.02156163,0.12847205,0.07692307
462,0.38175172,0.11889814,0.08620447,-0.06041307,0.22952907,-0.49616987,0.43208337,-0.5359664,0.1
463,0.9393114,-0.19261648,-0.083200246,-0.579404,0.29735073,-0.5906877,-0.10768893,0.3642192,0.07692308
464,0.34933576,0.31064573,0.089206144,-0.35503882,0.009654954,0.36380112,0.5001315,0.19720674,0.0625
465,0.6612197,-0.14601071,0.12207891,-0.1551331,-0.08492206,-0.17085877,0.10619663,0.29853308,0.071428575
466,0.42478567,-0.20846935,0.22534429,0.009212017,0.24486198,-0.3384852,-0.18522465,0.04924736,0.0625
467,0.13658196,-0.022657596,-0.08021629,-0.22105283,0.08535446,0.42687693,-0.122856304,-0.08151966,0.09090909
468,0.46302173,0.21772735,0.062689945,-0.45635414,0.24392392,0.049610324,0.2495204,0.4102845,0.0625
469,0.5975536,-0.108063266,0.06640926,-0.0789694,-0.39134496,0.18670538,0.29931718,0.13838346,0.071428575
470,0.36104935,0.19891489,0.44130677,-0.119466014,0.2509518,0.016775876,0.27407742,0.40914625,0.08333333
471,0.62693,0.19745004,0.18510556,-0.23286441,0.108406045,-0.36625177,0.5680594,0.07445108,0.07692308
472,0.38033822,0.22237732,0.048745744,-0.35549986,0.15278515,0.081448235,0.3409506,0.08711022,0.058823537
473,0.25540116,-0.020007025,-0.01247406,-0.0034857988,-0.10109,0.06395343,0.21925627,-0.30021572,0.06666667
474,0.26213568,0.24650285,-0.0030609667,-0.19101137,0.030971676,0.11420288,0.40929705,-0.048741493,0.07692308
475,0.6817521,-0.30380443,-0.22820045,-0.34764934,0.004255414,-0.25557664,-0.17466515,0.0040282197,0.071428575
476,0.23538336,0.01611151,-0.08466853,-0.1682823,0.21960966,-0.14279164,0.078808084,-0.37123683,0.09090908
477,0.8942909,-0.24122286,0.06043397,-0.21973655,0.028559625,-0.62636197,0.11972706,0.07376312,0.06666667
478,0.6506172,-0.18937163,0.0030388385,-0.3465114,0.33437002,-0.4498422,-0.20886287,0.17440662,0.058823522
479,0.63399434,-0.10882045,0.19921403,-0.08388368,0.04048486,-0.3620242,0.16294213,0.106605634,0.06666667
480,1.0542716,-0.34276104,-0.029950395,-0.48723483,0.18462278,-0.7387089,-0.1469289,0.31374952,0.11111113
481,0.58028686,0.021278486,0.102544636,-0.19415343,0.18496144,-0.45192838,0.25434637,-0.04402628,0.062499996
482,0.36703536,-0.082766995,-0.31581658,-0.3274826,-0.18877052,0.30173495,0.042595327,-0.114370644,0.066666655
483,0.58293515,-0.08371718,-0.052108005,-0.25522903,-0.025237039,-0.12975168,0.09689927,0.14059667,0.06250001
484,0.2428998,-0.031707283,-0.049888656,-0.11419197,0.12381167,0.0056082606,-0.033476837,-0.120636255,0.045454547
485,-0.20686942,-0.44527203,0.14725362,0.46865386,0.12730877,0.19139327,-0.73121464,-0.5923808,0.055555556
486,0.1983335,-0.084304854,0.4342633,0.053773023,0.3102904,0.08441281,-0.28579614,0.39504835,0.090909086
487,-0.48310086,0.26520446,1.0539594,0.68666154,0.56845844,0.3304063,-0.04954207,-0.033193912,0.07142858
488,1.0946399,-0.08033618,0.3077731,-0.2670864,0.032720417,-0.8374083,0.46742177,0.37977037,0.07692307
489,0.27634108,-0.13559096,0.23213907,0.13983262,-0.043957844,0.07399616,0.02337785,-0.08337368,0.07142857
490,0.07580031,-0.2088267,-0.41645086,-0.16570157,-0.2303858,0.6055084,-0.25579488,-0.37433758,0.099999994
491,0.049108654,-0.031311236,-0.10324496,0.18109183,-0.2630692,0.2850102,0.19038363,-0.5575176,0.071428575
493,-0.20650756,0.014234,0.2753624,0.18767938,0.07121346,0.67985904,-0.17941329,-0.031897444,0.05555555
494,-0.23512146,-0.005852349,0.033024833,0.15278189,0.11914684,0.43078238,-0.16639344,-0.5247851,0.07142856
495,0.95109034,-0.3379926,0.071156316,-0.19913241,0.048014745,-0.7851191,0.07806839,-0.14428942,0.055555556
496,0.53101826,-0.1951106,-0.039358526,-0.27028665,0.120757475,-0.11611995,-0.12950404,-0.011758927,0.07692307
498,0.8083265,-0.41548944,0.42519224,0.31167817,-0.47017747,-0.27400807,0.18905704,0.14148083,0.09090909
499,0.42819935,-0.02073193,-0.019990474,-0.1259883,0.0680338,-0.20875323,0.18005298,-0.18591665,0.08333333
500,0.9327674,-0.013729395,0.14423752,-0.35826486,0.20608106,-0.8188741,0.4395401,-0.040844936,0.07692309
501,1.039335,-0.15716283,-0.032819852,-0.490749,0.09450269,-0.70410645,0.29595602,0.0034328885,0.062499996
502,0.14245296,0.17451738,-0.029525086,-0.3955094,0.20325974,0.5549079,-0.06746549,0.38751978,0.071428575
503,-0.02469612,-0.09603907,0.1852587,0.35108984,0.16990009,-0.068604216,-0.1198685,-0.48770502,0.07692309
504,0.3860793,-0.06795651,-0.38153815,-0.19834834,-0.16354565,-0.13477017,0.2784058,-0.70500696,0.066666655
505,0.0011207908,-0.03706131,0.318677,0.20744604,0.14469515,0.27262074,-0.14900847,0.041838795,0.055555556
506,0.1756222,-0.23125362,0.31178814,0.22343397,-0.009564772,0.22467072,-0.25994933,0.18355511,0.083333336
507,0.4991779,-0.08751817,0.43431377,0.2797294,0.12658384,-0.75209975,0.43507105,-0.7302615,0.090909086
508,0.3994365,0.032514278,0.18363583,-0.071948715,0.10613457,-0.14774191,0.23835193,-0.049757894,0.0625
509,-0.28299016,0.027805736,-0.12812127,-0.08897508,0.42855805,0.39973292,-0.44475102,-0.38874942,0.052631587
510,-0.31569096,0.21524696,0.31706005,-0.18215209,0.82660365,0.47381493,-0.49044526,0.21023093,0.07142857
512,0.5899267,0.25443,0.38645607,-0.08715356,0.29216218,-0.84775996,0.80990463,-0.6243225,0.14285715
513,0.5351049,-0.08429596,0.07282971,-0.11426393,-0.11193363,-0.055825174,0.21785538,0.037571594,0.0625
515,0.5672137,-0.02248462,-0.100711524,-0.40997922,0.37179852,-0.49518335,0.007384561,-0.0816351,0.04761905
517,-0.08388906,-0.09483628,-0.078268394,-0.1563583,0.15745585,0.69946915,-0.43604362,-0.0014340319,0.07142856
518,0.57800114,-0.09141627,0.26727697,-0.05008685,0.15314929,-0.40165132,0.12200642,0.094934285,0.050000004
519,0.5458225,0.21973917,0.08888377,-0.40983063,0.35794425,-0.35663146,0.3111207,0.24689598,0.06666667
520,0.6204452,0.37363312,0.3515805,-0.45009345,0.35744935,-0.21728706,0.5236151,0.5970891,0.06666666
521,0.32826033,-0.04897329,0.2081027,-0.11924904,0.22957319,0.037930414,-0.12268518,0.23505387,0.055555556
522,0.3048463,0.19090284,0.22131619,-0.10506571,0.19182236,-0.1391698,0.34705955,-0.09998435,0.083333336
523,0.5143131,-0.11183688,-0.20991768,-0.39264527,0.26056564,-0.34177306,-0.072662205,-0.19825573,0.1
524,0.23968813,0.10904829,0.16503535,-0.16939795,0.30178273,0.028561845,0.026419505,0.12441194,0.062499996
525,0.31605458,0.13480298,0.11892998,-0.13742921,0.1624765,-0.11572632,0.22466739,0.02264269,0.05263158
526,0.28426576,0.20932443,0.006228082,-0.26357627,0.16045558,0.08192229,0.24812411,0.0742267,0.055555556
527,0.6986845,0.06937496,-0.046576694,-0.6400647,0.22460416,-0.094661936,0.17476006,0.2585415,0.1
528,0.38370034,-0.02688066,0.19669482,-0.026498921,0.14562804,-0.16948113,0.09575759,0.033270493,0.09090909
529,0.5741572,0.32990566,0.20134966,-0.34697717,0.05203423,0.010468841,0.5984285,0.41326413,0.09090909
530,-0.06914756,0.3277623,-0.018116489,-0.21360251,0.1942419,0.5003437,0.25152463,-0.18437995,0.10000001
531,0.3146573,0.28562322,0.23910697,-0.34945792,0.65479267,-0.41200858,0.26675302,-0.048120413,0.08333334
532,0.3874711,0.05653551,0.09836197,-0.2667855,0.22734866,-0.0014434829,0.028352574,0.22549592,0.071428575
533,0.5565767,-0.079219356,0.31079566,-0.24659356,0.47206002,-0.39294773,-0.15524112,0.42429024,0.07692308
534,0.25596634,0.18509941,0.52210873,-0.15639278,0.51107645,0.034807127,-0.013830982,0.48402464,0.0909091
536,-0.08142515,-0.39899704,-0.25859392,0.35370508,-0.16160427,0.067989536,-0.3101382,-1.0608236,0.07692309
538,0.014306694,-0.2933533,0.40047258,0.41559976,0.19755225,-0.003037177,-0.35467798,-0.32625777,0.071428575
539,-0.058348823,-0.5035987,-0.027903572,0.6218942,-0.47948158,0.25749534,-0.25775504,-0.9476684,0.0625
540,-0.12975815,-0.14817733,-0.20459525,-0.2795175,0.34908563,0.6557371,-0.6847051,-0.1160166,0.125
541,-0.07818267,-0.29681197,-0.048185453,0.15473795,-0.088425025,0.53894174,-0.47342175,-0.36959925,0.06666667
542,0.032843545,-0.07736994,0.30837876,0.19476295,0.268889,0.006389864,-0.18372634,-0.14079206,0.083333336
543,-0.28705004,-0.024512865,0.40083408,0.3051629,0.46124005,0.23454833,-0.4158054,-0.077936545,0.08333333
544,0.23528135,0.11127481,0.6056777,0.10175036,0.64327914,-0.42426622,-0.025407188,0.26040274,0.090909086
545,-0.19492516,0.039864082,0.35706973,0.35323483,0.25921205,0.16073227,-0.13733979,-0.2887557,0.07692308
546,-0.2824298,0.018903462,0.03163795,0.18618874,0.21420297,0.3196258,-0.19412716,-0.5598982,0.071428575
547,0.030058943,-0.30292276,0.17848602,0.51347035,-0.11090778,0.015557572,-0.15962473,-0.6407165,0.11111111
548,-0.2132614,0.42541364,0.32231307,-0.31497088,0.99122214,0.16023615,-0.24638216,0.38925597,0.062499996
549,-0.2249395,-0.008345103,0.2021459,0.011557706,0.40067273,0.44718966,-0.42702025,-0.108235136,0.055555563
550,-0.08230487,-0.36077428,-0.04453695,0.037400782,0.37572962,0.13569185,-0.79994094,-0.29272953,0.055555552
551,-0.19377974,-0.09446508,0.2992973,0.20741028,0.17691922,0.58774424,-0.46264833,0.11551288,0.049999997
552,0.18354428,-0.30945462,-0.12341052,0.023463637,0.01685591,0.13088985,-0.43430144,-0.13131842,0.07142857
553,-0.27125755,0.08558135,0.7172715,0.31812584,0.68120956,0.16605026,-0.37555188,0.1340641,0.07692307
554,-0.11264476,0.32926247,0.00096669793,-0.12173676,0.36187315,0.23896469,0.15504046,-0.18419518,0.05882353
555,0.09163012,-0.16010305,0.31185848,0.005973533,0.35163933,0.28042865,-0.5501367,0.4000622,0.06249999
556,-0.14416406,0.20000848,-0.44217747,-0.6139245,0.49361038,0.6184158,-0.3876469,-0.05708583,0.111111104
557,0.23325855,-0.096363544,-0.08042894,-0.094862945,-0.015667304,0.23150517,-0.140167,0.07694351,0.062499996
558,-0.39057842,0.00053587835,0.4584002,0.19949374,0.45023912,0.62610596,-0.5605893,0.09034459,0.099999994
559,-0.27867058,0.19881156,0.079497546,-0.21300763,0.46584922,0.6541336,-0.3214544,0.08390971,0.083333336
560,0.008240692,-0.20772496,0.22017464,0.24981377,0.07569293,0.25126147,-0.32866108,-0.10199654,0.0625
561,-0.17959884,0.01767883,0.31014174,0.253114,-0.039652407,0.71714175,-0.16397275,0.14160448,0.06666667
562,-0.18834655,-0.23581491,0.4551766,0.41798913,0.20582552,0.2783305,-0.48822653,-0.2742437,0.07692309
563,-0.13798627,0.1898141,0.46865737,0.111929394,0.41281223,0.36195832,-0.09455123,0.14983971,0.090909086
564,-0.053556792,0.14725457,0.2563837,-0.045731105,0.26586783,0.46371496,-0.014180347,0.027560785,0.07142858
565,-0.010930177,0.002804771,0.5180095,0.26154062,0.30433422,0.18726477,-0.22306299,0.15503016,0.09090909
566,-0.34201887,-0.104215994,0.16311358,0.18995766,0.2497635,0.6270193,-0.51782835,-0.30874926,0.06666667
567,0.0067869946,0.0066722278,-0.24636985,-0.091221355,0.20408833,0.026823774,-0.11088977,-0.4663402,0.07142857
568,-0.39180425,-0.15557753,0.17152725,0.25284663,0.4136731,0.4011399,-0.6498009,-0.417998,0.1
569,0.67902315,-0.12946148,0.008992538,-0.26150203,-0.06491335,-0.116096854,0.09219922,0.16806592,0.0909091
571,0.24841371,0.08840513,-0.026355281,-0.2202616,0.018154487,0.29760075,0.12896474,-0.04091845,0.071428575
572,0.5704907,-0.08858392,0.029750615,-0.13494772,-0.1652257,-0.010931119,0.23587431,0.0256957,0.08333334
573,0.50206697,-0.05417536,0.7831818,0.258446,0.36302277,-0.56382835,0.06959985,0.34445083,0.11111111
574,0.674147,-0.134594,-0.2234685,-0.33899534,-0.0031099617,-0.45846766,0.22714822,-0.37400657,0.083333336
575,0.69214195,-0.074232,-0.19676943,-0.35516948,-0.15547203,-0.15895274,0.3886804,-0.28096586,0.07142858
576,0.08532519,-0.2761688,0.5071129,0.37622395,0.36252457,-0.17213121,-0.4766296,0.0028357878,0.07142858
577,0.38544363,0.059665434,0.019771919,0.036568716,-0.10165696,-0.25436732,0.489702,-0.58759654,0.07692307
578,0.07290607,-0.095676765,-0.066336244,0.17850345,-0.21552317,0.2927401,0.03428869,-0.5352884,0.07692309
579,0.061038576,0.23306988,0.36973023,0.31649643,0.044785634,-0.037483692,0.49614972,-0.40620747,0.050000012
589,0.36544758,0.04018726,0.21277367,0.02834355,-0.19446908,0.20760489,0.3313474,0.05157563,0.07692307
590,-0.11819123,-0.158294,0.33110058,0.12854326,0.54965866,0.14509109,-0.6440818,0.03369208,0.05263158
591,-0.024819802,0.13117065,0.54481155,0.0149930045,0.68739784,0.08063416,-0.34405068,0.47974828,0.06666668
592,0.035872757,0.29188082,-0.210941,-0.16253477,-0.13092624,0.4658054,0.47771788,-0.39369503,0.06250001
593,-0.20732337,0.037465554,-0.18202515,-0.048378445,0.10327187,0.5591346,-0.11981638,-0.4805642,0.0625
594,-0.2654201,0.25540307,-0.15436645,-0.22575018,0.18327041,0.77799934,-0.016487077,-0.24288015,0.055555556
595,-0.31642213,0.03579851,0.013463452,0.09829861,0.05491239,0.7610946,-0.2169674,-0.27332118,0.07142856
596,-0.32362553,0.3032772,0.05674377,9.171665e-05,0.102505594,0.78582615,0.12143232,-0.11715557,0.052631572
597,-0.21812528,0.18455015,-0.19588242,-0.01013732,-0.060178444,0.63244903,0.18374516,-0.53676325,0.08333333
598,-0.19116688,0.3375807,0.08504907,-0.0034515634,0.19189364,0.45579112,0.3064981,-0.3265935,0.07142857
599,-0.24106765,0.18431067,0.085793406,0.15338305,0.10222286,0.44974634,0.13874142,-0.3788325,0.047619052
600,-0.41972664,0.19130169,-0.023561656,-0.19379044,0.64682233,0.5010812,-0.38216633,-0.3535812,0.07142858
601,-0.0152981095,0.23493856,0.54385006,-0.19695294,0.39475557,0.67596936,0.005090311,0.30891362,0.08333332
602,-0.49418807,0.36355352,0.027235106,0.13542812,0.20307702,0.61742395,0.20859228,-0.54566544,0.08333333
603,-0.23992085,-0.10034178,-0.22886957,0.058919758,-0.16669063,0.8434892,-0.25839928,-0.39358905,0.062499993
604,0.028193861,0.2856968,-0.094242126,-0.27876458,0.4033289,0.061966136,0.19450106,-0.23416786,0.071428575
605,-0.37589204,0.23464173,0.2751978,0.12044303,0.3838182,0.55286175,-0.11169068,-0.17528257,0.071428575
606,-0.15996903,0.45297757,-0.0062029213,-0.24786127,0.12575477,0.75441736,0.38188386,-0.060533036,0.083333336
611,0.4174397,-0.20732358,-0.1653565,-0.12773141,0.1613922,-0.3604037,-0.17105496,-0.2756689,0.052631587
612,0.81887543,-0.39270842,-0.89580536,-0.43974984,-0.5123329,-0.3555649,0.20227174,-0.9406119,0.1
613,-0.04499743,-0.08087984,0.9470595,0.25467205,0.58474785,0.31052935,-0.59190273,0.6346483,0.09090908
614,0.35250047,-0.0685745,-0.35251266,-0.13329604,-0.32515013,0.13940975,0.23646234,-0.4454926,0.047619045
615,0.3246589,0.021523323,-0.09951083,-0.26738146,0.22422992,-0.14477196,0.08721398,-0.2610304,0.09090909
616,0.79412484,-0.1423016,-0.19650428,-0.45773512,0.030868381,-0.33488467,0.08658993,0.054506965,0.04761906
617,0.83019763,-0.2794561,-0.20734592,-0.2174741,-0.19762088,-0.5122693,0.23802547,-0.3690394,0.04761905
618,0.4188161,-0.04953822,0.066477716,-0.011080787,-0.119206235,-0.07435042,0.27815533,-0.200038,0.071428575
619,0.57199144,-0.36703613,-0.10465057,-0.0045123175,-0.1639552,-0.25903416,-0.08356427,-0.3221723,0.08333334
620,0.18544796,-0.09369579,-0.11949803,-0.17442027,0.26264414,0.020652518,-0.26965874,-0.10730161,0.06666667
621,0.8345177,-0.30682367,-0.2386237,-0.25330856,-0.34747958,-0.21052131,0.19824342,-0.22945334,0.06250001
622,1.2993189,-0.7410666,-0.24025176,-0.073213,-0.59858394,-0.85950696,0.036988035,-0.29260328,0.1
625,1.0557538,-0.34768665,0.21010625,-0.08740232,-0.35988492,-0.3673151,0.23184393,0.3564894,0.09090909
626,0.3844424,-0.052862585,0.17914139,-0.094060965,0.27552882,-0.25714147,-0.022689864,0.009739511,0.041666664
627,0.32040077,-0.14289527,-0.11976713,-0.10484425,0.17348327,-0.3183564,-0.094052084,-0.4355631,0.07142857
628,0.1418612,-0.22780386,0.27912313,0.39150998,-0.2646541,0.25088018,-0.0644983,-0.047696706,0.071428575
629,0.57181823,-0.07918167,0.30530006,-0.12552416,0.2656706,-0.37366083,0.020910248,0.26122794,0.04761905
630,0.6061353,-0.002883155,-0.30189985,-0.47065496,-0.054039285,-0.07647386,0.19272219,0.010608021,0.058823522
631,0.0879507,-0.034501564,0.26157436,0.47235256,-0.50459296,0.39267504,0.4208684,-0.37854108,0.07142858
632,0.061176844,0.46199554,0.69038427,-0.06726926,0.5960979,0.16248605,0.18363942,0.799213,0.07692307
633,0.01737497,0.10074599,0.12249008,-0.15161982,0.33995047,0.28691655,-0.12867588,0.022258881,0.055555556
634,0.033785574,-0.038071156,1.0329634,0.56779236,0.55832094,-0.3693558,-0.070410326,-0.08868043,0.083333336
635,-0.14451464,-0.09188166,0.6489952,0.3430136,0.31976932,0.4259746,-0.4922914,0.3584204,0.043478265
636,-0.0129145235,-0.20642115,0.545942,0.031633466,0.6736868,0.21639426,-0.83013356,0.5177918,0.06666667
637,0.29214752,-0.20467487,0.50931716,0.34941462,-0.05993083,0.061231013,-0.092701755,0.2556811,0.04347826
638,0.14091551,-0.2400594,0.30603534,0.33891845,-0.17781968,0.32611555,-0.18976589,0.051582485,0.07692309
639,0.06493806,-0.2735595,1.7496655,0.9251381,0.5773917,-0.10608122,-0.6181106,1.0883218,0.16666664
640,0.0060231164,0.14022894,0.7259488,0.40132365,0.2127792,0.12854818,0.10589036,0.2685453,0.0909091
641,-0.22154471,0.0873612,0.4655192,0.14439623,0.27664742,0.6808647,-0.29459023,0.29785678,0.06666667
642,0.20854625,-0.3709774,0.35039014,0.15252626,0.2447806,0.08888867,-0.63494974,0.34301144,0.07142857
643,0.14617607,-0.051618624,0.32860878,0.14472727,0.07215774,0.20462851,-0.0624061,0.06263388,0.05555555
644,0.023395553,0.030683536,0.08851833,-0.28676713,0.6686824,0.0775305,-0.43372554,0.06647153,0.076923065
645,-0.07775618,-0.30542684,0.14184922,0.22769395,-0.061498985,0.5873941,-0.47012806,-0.24722798,0.05555555
647,-0.13124979,-0.16443549,0.30745995,0.24845177,0.5141381,-0.05748689,-0.54308856,-0.24722297,0.047619037
648,-0.009535372,-0.07287255,0.41341978,0.32506147,0.33480185,-0.14238733,-0.19001774,-0.4525942,0.06666667
649,-0.05847375,-0.21880461,0.545086,0.4619936,-0.052215308,0.52999747,-0.25674188,-0.062380318,0.1
650,-0.074977234,-0.29199755,0.32971275,0.4962571,-0.18706639,0.46173006,-0.31713307,-0.14771709,0.07142857
651,0.023205519,-0.1792369,0.049309872,0.09007354,0.07980477,0.294936,-0.3480482,-0.14855522,0.04166666
652,-0.21318811,-0.41439208,0.0011137575,0.49553165,-0.33228374,0.6218937,-0.4684267,-0.59010196,0.08333334
653,-0.13888386,-0.23195298,0.22233242,0.22777584,-0.083917245,0.7230511,-0.40283155,-0.18518443,0.07142857
654,-0.2165061,-0.1799938,0.057440907,0.27074033,0.26036644,0.14009336,-0.44612914,-0.6084805,0.058823526
655,0.2547974,-0.4844306,0.21663791,0.27874732,-0.09206511,0.106936395,-0.5132497,-0.018134851,0.07692309
656,-0.28631875,0.0390548,0.41903204,0.4198046,0.46611434,-0.023083985,-0.19055298,-0.5210165,0.045454558
657,-0.0002213642,-0.19047539,0.12762572,0.122121245,0.2992567,0.041118257,-0.4246673,-0.18747838,0.06666667
658,-0.0045160204,-0.33509487,0.04583162,0.48714647,-0.29470605,0.21485713,-0.1486662,-0.68084383,0.052631572
659,0.5366109,-0.268794,0.2739011,0.11048347,-0.11615537,-0.12382311,-0.036199503,0.16718769,0.071428575
660,-0.2577595,-0.21726745,-0.11210173,0.121498175,0.059345856,0.58287084,-0.5013646,-0.5568391,0.05882353
661,0.5782728,-0.22883594,-0.063321814,-0.176633,0.0010545701,-0.23799142,-0.07893141,-0.025985677,0.06666666
663,-0.12776005,0.21992038,0.3993237,0.23700902,0.23098275,0.2251873,0.118086085,-0.030641276,0.071428575
666,0.56179607,-0.048153017,0.18964496,-0.19495597,0.09423062,-0.0724709,0.05412823,0.32541862,0.0909091
667,0.73975,0.1180685,0.024354026,-0.5412261,0.08945653,-0.14903924,0.34004742,0.41566536,0.10000001
668,0.2489441,0.118771076,-0.11590038,-0.44754618,0.22395042,0.33557656,-0.056585886,0.2056452,0.07142856
669,0.3018862,0.41034892,-0.1267479,-0.44688082,0.4124187,-0.30595544,0.5306547,-0.40700972,0.071428575
670,-0.12935296,0.25883853,0.31596753,0.10978657,0.45606333,-0.021491274,0.14645,-0.29649058,0.083333336
671,0.5405567,-0.17790939,0.47931862,0.09584235,0.13741934,-0.27522415,-0.0993179,0.50207764,0.07692308
688,0.5892042,-0.33660474,0.5581872,0.3863961,-0.085667774,-0.49920267,0.081904545,-0.09623487,0.071428575
689,0.40566817,-0.27984163,0.17746386,0.16052817,-0.24198373,0.09975646,-0.04361617,-0.06378682,0.08333333
690,0.26285943,0.19212405,0.08414951,-0.90767944,0.8948675,0.34786505,-0.5789783,0.9197974,0.06666668
691,0.21952528,0.023446111,0.031290658,0.029998228,-0.088548824,0.10599731,0.22758313,-0.19965358,0.07692307
701,0.07206013,0.07857618,0.024246916,-0.058784507,0.22822301,0.0141078085,0.06761773,-0.36031762,0.04761905
702,0.38498345,-0.07348776,-0.037998855,-0.25042173,0.049347132,0.1349487,-0.09224132,0.22291975,0.07692307
703,0.22061986,-0.14011914,0.18654107,0.16923288,0.027996883,-0.09605692,-0.017090343,-0.24535756,0.05882353
704,0.36619037,-0.14487068,0.22716847,0.03018906,0.36833423,-0.47388065,-0.16527978,-0.05438863,0.083333336
705,-0.16042304,-0.06896855,0.55902845,0.2087875,0.61795354,0.17963228,-0.584432,0.10746561,0.0909091
706,-0.25227004,-0.032593165,0.7645499,0.55408865,0.1792685,0.525367,-0.25204104,0.16733952,0.07692307
707,0.3196712,0.16868976,0.01854235,-0.25188115,0.08464511,0.08191944,0.29866022,-0.12571247,0.058823526
708,0.8036017,-0.17316703,0.13047276,0.0037773922,0.15100004,-1.1500468,0.4117822,-0.78147215,0.066666655
709,-0.16340294,-0.27072468,0.12844615,0.54629165,-0.58683383,0.83631665,-0.094518535,-0.40013003,0.058823522
710,0.12726492,-0.22920758,0.1636672,0.4490599,-0.58673465,0.5607004,0.09882502,-0.19716378,0.04166666
711,-0.29524368,0.055768628,0.15218171,0.33978063,-0.29091704,0.8888351,0.06399526,-0.2948925,0.06666667
712,-0.02278836,-0.17258321,0.28171903,0.4720488,-0.2131447,0.3387456,-0.03717912,-0.29304105,0.052631572
713,0.20382681,-0.17342092,0.04096683,0.14619254,-0.4123525,0.5021034,0.023248494,-0.032055955,0.07142856
714,-0.29707325,0.06903954,0.6580939,0.53250515,0.14090288,0.47832948,-0.047840834,-0.053489994,0.062499996
715,0.1478945,-0.14089136,-0.07089968,0.19371313,-0.53552204,0.6086308,0.1891747,-0.29868194,0.06666667
716,-0.41201556,0.24463989,0.27011836,0.4507428,-0.025454476,0.53777444,0.25806546,-0.48854092,0.1
717,-0.3025346,0.06034602,0.3230682,0.016972937,0.30232447,0.826257,-0.361947,0.0025458708,0.071428575
718,-0.21688387,0.13865305,0.55186373,0.42827556,0.0038818866,0.56616735,0.08963473,0.1135152,0.062499996
719,-0.39789286,-0.090378776,0.6717455,0.6319752,0.105923034,0.6483144,-0.34838825,-0.051585216,0.06666667
720,0.4863396,-0.27882332,-0.19694643,-0.09916926,-0.07169838,-0.22768828,-0.06725895,-0.43116018,0.08333333
721,0.61829364,0.07150832,-0.4534753,-0.596524,-0.11497508,0.015323967,0.3293752,-0.058456708,0.07692308
722,1.0102569,0.14307699,-0.30008382,-0.92170227,0.053600818,-0.22807804,0.45836103,0.40505895,0.07692308
723,-0.14698115,0.053369444,0.0271919,-0.1314708,0.3230015,0.48194247,-0.3119485,-0.011629473,0.06666666
725,0.4161125,-0.15862197,-0.3906139,0.09239049,-0.736801,0.22050187,0.41148752,-0.54426795,0.125
726,-0.4226982,-0.01797219,-0.16677053,0.06608319,-0.28726065,1.3428892,-0.23175445,-0.3758792,0.08333333
727,0.8491126,-0.56152415,-0.06501913,0.0019215122,-0.3409263,-0.45662934,-0.03708551,-0.3691182,0.076923065
728,-0.06067378,-0.07837604,-0.010800868,-0.00909511,0.18660249,0.35902303,-0.32227695,-0.19840239,0.050000004
729,0.66255367,-0.55664337,-0.39797884,0.32876542,-1.0979651,0.008866049,0.3128577,-0.7788512,0.12500001
730,-0.028388724,-0.032988522,-0.05658619,-0.01786647,0.05474904,0.39467126,-0.13896567,-0.25188035,0.071428575
731,0.12420196,-0.037067086,-0.041834697,-0.023937024,-0.069263965,0.2771603,0.04333444,-0.24023439,0.0909091
732,0.090206884,0.12302169,0.5183115,0.13015015,-0.093707755,0.6716977,0.13068172,0.46432015,0.08333332
733,-0.10921732,0.29614797,0.23172832,0.25091156,-0.017808378,0.29685837,0.5155342,-0.50793415,0.1
734,0.20746249,-0.049935844,-0.069141224,-0.22952256,0.3475859,-0.0077858344,-0.2900582,-0.009378795,0.090909086
735,0.4937037,-0.16130129,0.30276954,-0.09263153,0.15108255,-0.06944649,-0.1459721,0.40492555,0.11111111
737,0.73845047,-0.267126,0.21518353,-0.045042776,0.1221683,-0.6063293,-0.0042745024,-0.03046662,0.062499996
738,0.5543806,0.0940807,0.07447091,-0.22772905,-0.058134556,-0.049754336,0.39723837,0.09058784,0.038461532
739,0.34848142,0.05091111,0.11019237,-0.05555182,0.12613276,-0.20845026,0.23157422,-0.21161877,0.04347826
740,0.7192027,0.10747254,0.05388885,-0.23353085,-0.041467816,-0.47583473,0.6128465,-0.16789973,0.06666668
741,0.4074743,-0.07701692,-0.06814705,0.005178705,-0.50569445,0.38840187,0.384718,-0.17134596,0.06250001
742,0.3731203,-0.13585018,0.03163635,0.055236794,-0.014810428,-0.27884704,0.14440309,-0.44315174,0.111111104
743,0.5827956,-0.26395947,-0.22667651,-0.061446585,-0.4669491,0.043226287,0.14002447,-0.18689795,0.05882353
744,0.8287239,-0.2990173,0.1801256,0.03145037,-0.3642125,-0.2189202,0.15459602,0.2506414,0.099999994
745,0.50697917,-0.35479718,0.24462877,0.13571307,-0.21368755,0.06078872,-0.10003908,0.11615816,0.083333336
746,0.57458025,-0.19543432,0.07445521,-0.05616746,0.073110476,-0.52647924,0.13821863,-0.41379985,0.07692308
747,0.51587844,-0.19914725,0.06444668,-0.15129048,0.22717747,-0.37949228,-0.17470822,0.03417142,0.0625
748,0.47049,0.020809289,0.061108045,-0.2986821,0.3064669,-0.23709896,-0.030828722,0.31150758,0.05882353
749,0.2571926,-0.13401888,0.36389172,0.18134478,0.079592206,-0.0112820715,-0.059414685,0.05006829,0.05882353
750,0.89415556,-0.20332147,0.41248077,-0.08866919,-0.035999477,-0.4098308,0.18827032,0.4239548,0.12499999
751,0.5867662,0.09826954,0.16899833,-0.23345959,0.07483229,-0.19925997,0.42907083,0.016217615,0.07692308
752,0.83559686,-0.056371477,0.1168288,-0.23635364,-0.19532485,-0.28132877,0.5329239,-0.073734835,0.052631572
753,0.35803565,0.045501094,0.38806266,-0.087451465,0.09540798,0.21292277,0.20954333,0.20543666,0.05882353
756,0.08257245,0.021707159,0.14321777,0.08556229,-0.055943668,0.30025417,0.11922236,-0.24807526,0.05555555
757,-0.24151689,0.24994127,0.53217906,-0.00040017813,0.31079066,0.9095992,-0.12267923,0.38892695,0.05
758,-0.26421106,0.0079720225,0.45480287,0.36431378,0.34065998,0.30827278,-0.2811101,-0.19338034,0.06250001
759,0.16952485,-0.22130767,0.26251304,0.29511675,-0.021743402,0.042525936,-0.15494643,-0.07093732,0.052631572
760,0.27390686,0.061718285,0.0069241524,-0.095435955,0.18728538,-0.15454769,0.06451203,-0.089328885,0.07692309
761,-0.102997586,-0.19853947,0.37950224,0.26435378,0.12053299,0.48692656,-0.44424337,-0.151839,0.06666666
762,0.24926284,-0.1580613,-0.33760142,0.075980745,-0.19581826,-0.17665654,0.08044535,-0.7545645,0.043478254
764,0.1793328,-0.10918042,0.038196348,-0.034279354,0.28917572,-0.10861674,-0.21668252,-0.18723194,0.0625
765,0.23527181,0.15098727,0.34005374,-0.020302162,0.43577152,-0.29351312,0.124293685,-0.06342307,0.07142856
766,-0.28654754,0.1811939,0.57176733,0.15128903,0.9810308,-0.13472247,-0.370022,-0.053657327,0.071428575
767,0.12053578,-0.32128042,0.601722,0.4346731,0.29718068,-0.13149264,-0.52914935,0.14825745,0.052631576
768,-0.12613851,-0.18341005,0.5291576,0.39358643,0.36938566,0.14479855,-0.5049359,0.040643565,0.07692308
769,-0.47928712,0.19873245,0.6818638,0.42307255,0.71594256,0.17091802,-0.25907078,-0.2734942,0.06250001
770,-0.1532315,-0.10732788,-0.054542452,0.20919089,-0.05951242,0.43844858,-0.1775454,-0.45945838,0.07692307
771,-0.3457518,-0.19338766,0.23183946,0.3396303,0.07138,0.72905946,-0.54723936,-0.1859584,0.062499996
772,0.75346243,-0.1383933,0.04280214,0.019198008,-0.5663731,-0.050268933,0.5116032,0.031032082,0.10000001
773,0.4508684,0.30090407,0.13815404,-0.11242818,-0.030758396,-0.19433731,0.791072,-0.29100716,0.083333336
774,0.28780338,-0.2474417,0.0146918595,0.11467311,-0.11775388,-0.023684412,-0.10359061,-0.33170742,0.07692308
776,0.6171749,-0.18737514,-0.5071973,-0.13927564,-0.33881307,-0.4168427,0.32704806,-0.8668751,0.045454547
777,0.6467749,-0.34696972,-0.529589,-0.078057654,-0.5142471,-0.26932728,0.19975005,-0.8731312,0.055555563
778,0.63218445,-0.0726082,-0.25439256,-0.14327595,-0.21673228,-0.38124883,0.4191208,-0.6504241,0.052631587
779,0.5975343,-0.11283794,0.13266364,-0.34737885,0.29198354,-0.2563759,-0.12616122,0.356144,0.09090909
780,0.4257615,-0.23430915,0.72749317,0.33596298,-0.34064734,0.3675496,0.12224969,0.40689918,0.2
781,0.16253704,-0.0485945,0.6160217,0.41825768,0.20598783,-0.18026006,-0.00991416,0.13805085,0.1111111
782,0.34049436,-0.15110424,0.34971124,0.0076807067,0.3685404,-0.22608599,-0.30781102,0.34428117,0.071428575
783,0.15464768,0.20662771,0.09840783,-0.33425993,0.5454516,0.014983773,-0.10586076,0.29566112,0.058823526
784,0.017245822,-0.040626317,0.73524857,0.42687413,0.40740597,-0.11987698,-0.15571645,0.061123062,0.058823526
785,-0.0662294,-0.022271812,0.450527,0.22257932,0.46868747,0.03488786,-0.31569785,-0.0077434815,0.062499993
786,0.3855661,-0.20754457,0.10693242,-0.06026084,0.36098802,-0.45942688,-0.32978678,0.10528769,0.083333336
787,0.16377693,0.106435776,0.1679725,-0.090219714,0.10305859,0.29236415,0.061578557,0.20521243,0.08333333
788,0.17415038,-0.040438473,0.12849516,0.014183603,0.15964568,0.036603652,-0.062415943,-0.11669162,0.07142856
789,0.08433477,-0.17812014,-0.26609367,0.028443158,-0.33939785,0.49839324,-0.022471413,-0.5077766,0.062499993
790,0.18976554,-0.21990237,0.15133205,0.12920809,0.101324014,-0.0147916,-0.24148254,-0.10671079,0.09090909
791,0.36070067,-0.09616843,0.31202373,-0.16148266,0.32197657,0.061124098,-0.34841603,0.6099878,0.09090909
792,0.06806446,-0.12849893,0.43783212,0.091250904,0.44308293,0.14758745,-0.52713066,0.3765582,0.09090908
793,0.00093025714,0.22300588,0.27834195,-0.18805936,0.6122776,0.09674517,-0.058306877,0.09147002,0.07692308
794,-0.041015122,0.3759246,0.20705405,-0.19016868,0.43032563,0.24714878,0.20862643,0.07476913,0.055555556
795,0.63908494,0.005594939,0.20892239,-0.27925986,0.24694934,-0.365798,0.1925741,0.2044692,0.071428575
796,0.005796775,0.14335506,-0.2225387,-0.039682545,0.015234038,0.17874093,0.21817614,-0.670663,0.049999993
797,-0.24343649,0.022182677,-0.23985799,-0.03578236,-0.17031555,0.869967,-0.09407842,-0.52970713,0.07142858
798,0.42088562,0.22551748,-0.21974672,-0.1112122,-0.17061691,-0.29183865,0.7447103,-0.80861646,0.05555555
799,0.20615414,-0.08600183,0.18450361,0.22400486,-0.24977271,0.28126654,0.17227896,-0.087560594,0.16666667
802,0.42287672,-0.12443356,0.3118978,0.047405742,0.2654124,-0.46901643,0.064467564,-0.2588379,0.08333333
803,0.88041925,-0.30260098,0.023287691,-0.1780524,-0.0569268,-0.6963259,0.19968586,-0.22839336,0.099999994
804,0.5976916,-0.35404027,0.031387277,0.026169635,-0.38034993,0.0034571365,0.12992106,-0.32950193,0.099999994
805,0.7193617,0.37764,0.34749594,-0.5056906,0.07324113,0.06464273,0.7443022,0.62826496,0.07692308
806,0.8330293,-0.09174901,-0.113765374,-0.35811192,0.03993745,-0.626583,0.36188316,-0.24326305,0.05
807,0.5688899,-0.22833641,-0.0070567727,-0.13464507,-0.051391885,-0.17507982,-0.0020256713,-0.039156664,0.07692308
808,0.5948172,-0.28385663,0.37282896,-0.15178198,0.19733399,-0.058379382,-0.33546036,0.5616769,0.07692308
809,0.78765607,-0.026028119,0.21087438,-0.38667205,0.2882316,-0.4600597,0.18473281,0.25176486,0.052631572
810,-0.2460598,0.02886653,0.57022655,0.6256799,-0.14926116,0.56323385,0.08236237,-0.014843453,0.07142857
811,0.25837058,-0.119852245,0.44590378,0.24080569,0.21993816,-0.19932243,-0.086879365,0.1442694,0.09090909
812,0.07908141,-0.14777473,0.05741895,0.11454831,0.05283618,0.20782855,-0.21418369,-0.19151683,0.07692308
813,-0.06916981,-0.052876852,0.64467764,0.40099326,0.4067965,-0.028774142,-0.33000502,0.15359983,0.07142859
814,0.53614265,-0.33289075,0.18409123,0.17257763,-0.15236293,-0.16684899,0.0075556934,-0.25486943,0.083333336
829,0.13387826,0.15199848,-0.18597518,-0.17786124,0.15712711,0.048216254,0.14676963,-0.2679417,0.06666668
830,1.0770162,-0.32828504,0.36733747,-0.17485529,-0.13812108,-0.46179104,0.27252686,0.20059752,0.083333336
831,0.3235642,-0.14466406,0.07403521,-0.14338452,0.11938928,0.13308664,-0.21660538,0.16185349,0.058823522
832,0.060644336,0.014504076,-0.06419052,-0.09038178,-0.10089718,0.60664475,-0.056833953,0.014806766,0.07142857
834,-0.5110564,0.005067489,0.55015016,0.44030672,0.21218674,0.8109411,-0.4149952,-0.0760808,0.11111111
835,-0.34642333,0.053727787,-0.01303032,-0.054284014,0.33733702,0.6418553,-0.3283272,-0.4351037,0.0625
836,0.027351983,0.18460697,0.49349946,-0.24284494,0.49667692,0.6225766,-0.2639357,0.740633,0.0625
837,0.5875816,0.026852272,0.22031015,-0.18236154,0.1782475,-0.33597085,0.22760199,0.1812297,0.062499996
838,0.5176741,-0.18622543,-0.12368913,-0.18838295,0.10783747,-0.3984086,0.011428684,-0.39618075,0.06250001
839,-0.005902253,-0.35277805,0.48265743,0.6493949,-0.118495926,0.12119754,-0.29766732,-0.32584462,0.04545455
840,0.47586748,-0.19366495,0.5212386,0.23429275,0.12848458,-0.39136538,0.032053784,0.039868914,0.06666667
841,0.4047214,-0.22696498,0.5630801,0.6232334,-0.39573216,-0.26621827,0.4107715,-0.6239503,0.11111111
842,1.0122529,-0.5572924,0.5637404,0.35060075,-0.20767684,-0.8779428,-0.059655555,0.4251553,0.083333336
843,0.43221733,-0.31361926,0.3814494,0.09764177,0.17588092,-0.17732292,-0.35516137,0.2967615,0.047619045
844,0.08038253,-0.0836124,0.25222552,0.26979825,-0.110153064,0.25352615,-0.007820755,-0.056059603,0.06666667
845,0.4239366,-0.57629585,0.25253353,0.67366207,-0.47820032,-0.32218167,-0.08280283,-0.5588322,0.062499996
846,0.30635846,-0.55889225,0.5359109,0.60176843,-0.19656251,-0.028202124,-0.5103108,0.28793848,0.09090909
847,-0.33633214,0.42530924,-0.087036595,-0.09447654,0.06816758,0.7563042,0.2694524,-0.36018804,0.083333336
849,0.19942293,0.01535422,-0.058410123,-0.018115558,-0.14408715,0.21999829,0.20647119,-0.29357594,0.07142858
850,0.1970948,-0.40872702,0.6189127,0.6839247,-0.11379634,-0.05295007,-0.2723415,0.03639214,0.07692309
851,-0.014892608,-0.28430447,0.26736164,0.076104224,0.57191473,-0.105366796,-0.80268407,-0.0018373542,0.07692308
852,0.44428465,-0.11840087,0.16354784,-0.04865185,0.10023576,-0.14517099,-0.07544124,0.2779619,0.090909086
853,-0.11728839,-0.021247676,0.4336673,0.010406993,0.9811003,-0.23422933,-0.6435091,0.108214214,0.07692309
854,0.2157507,-0.2389179,0.45888114,0.22504777,0.20514487,0.022329316,-0.3824334,0.24473749,0.05555555
855,-0.033985026,-0.07943547,0.2821048,0.0725808,0.2795478,0.33877832,-0.3873284,0.1772574,0.043478254
856,0.22703415,-0.2453049,0.2832525,0.013681211,0.23303647,0.14736763,-0.46477067,0.29599497,0.071428575
857,-0.094736725,-0.09092203,0.31203806,0.03566934,0.5017512,0.24902844,-0.5260824,0.08297454,0.055555537
858,0.15021542,-0.46710658,-0.06720905,-0.0028577968,0.021453544,0.35766333,-0.709518,-0.05626275,0.071428575
859,0.11872464,0.0731453,-0.08568901,-0.17594996,0.12050197,0.26009327,-0.016106397,-0.06177404,0.071428575
860,0.07453989,0.15956655,0.09611542,-0.4388883,0.737095,0.10880329,-0.35551292,0.36951408,0.10000001
861,0.48257175,-0.106297255,-0.043119296,-0.3346023,0.3486398,-0.31797555,-0.1606119,0.016360305,0.05882353
862,0.22967324,0.22137411,-0.20562978,-0.42262483,0.46364915,-0.23542276,0.13128413,-0.28272286,0.09090909
863,0.30435017,-0.07454832,-0.1326044,-0.33180442,0.122538164,0.185121,-0.14010769,-0.08417557,0.07142856
869,0.34769577,-0.03236504,0.15607047,-0.115171604,0.079641536,0.08149581,-0.021189883,0.18925838,0.06666666
870,0.74930245,0.13226941,0.08190471,-0.4589091,0.13613072,-0.26772034,0.35259724,0.44212723,0.055555556
871,0.24792427,0.12845846,0.27445918,-0.23431665,0.63952357,-0.28292504,-0.010196373,-0.056097735,0.1
872,-0.3657455,0.066570625,-0.11522314,-0.12621772,0.17923266,0.9229398,-0.34940723,-0.31096062,0.050000012
873,0.47478554,0.23053719,0.09810099,-0.5156345,0.63681257,-0.4842497,0.20225753,0.036468286,0.07142857
874,0.622117,0.1296298,0.42362893,-0.18086731,0.3128733,-0.44226217,0.3409928,0.29845828,0.04347826
875,0.6415757,-0.108793154,0.13722856,-0.13343424,0.024711713,-0.35314858,0.24653171,-0.112118796,0.083333336
876,0.9487257,-0.14656737,0.12135203,-0.422256,0.49179882,-1.0528835,0.05319266,0.09123121,0.058823526
877,0.3896295,-0.039224237,0.11587496,0.058865897,-0.24860512,0.07584341,0.38088065,-0.34957424,0.06666666
878,0.54136765,-0.05052879,0.012665667,-0.10590922,-0.08751868,-0.23959374,0.302177,-0.20766728,0.07142858
879,0.579484,-0.24466255,0.60928047,0.3765909,-0.1329798,-0.30652314,0.15916117,0.14089328,0.05263157
880,0.41843328,-0.019011468,0.16956489,-0.08540136,0.0309297,-0.05506304,0.20653902,-0.009945858,0.06666667
881,0.036248237,-0.22678286,0.66924953,0.48083565,0.2837481,-0.022198603,-0.42948997,0.15332842,0.111111104
882,0.1350964,0.080740884,0.13048899,-0.005787544,0.3526861,-0.2341373,0.09734148,-0.4297886,0.055555556
883,0.84385735,-0.052350964,0.27954948,-0.1739423,0.08206676,-0.5676259,0.35190266,0.17653063,0.052631587
884,0.17215937,0.4048882,0.15290762,-0.00086996704,-0.042286545,0.1534906,0.6158712,0.0011626072,0.09090909
885,0.6323028,-0.27104366,-0.13841213,-0.05543614,-0.42494404,-0.065177664,0.23049732,-0.30539307,0.076923065
893,0.4973916,-0.3435607,0.0065186545,0.07693929,-0.1455368,-0.2225967,-0.068539456,-0.30376828,0.071428575
894,0.88518333,-0.16234727,0.06604394,-0.28428572,-0.0383884,-0.47830284,0.28548604,-0.024120647,0.14285713
895,0.446907,-0.46468943,0.20457792,0.22335103,0.10296099,-0.40526664,-0.41600817,-0.10067542,0.1
896,-0.16264942,-0.092333764,0.10780536,0.018234529,0.30128837,0.46274793,-0.51905835,0.002024576,0.06666667
897,-0.086417526,-0.55602294,0.1656588,0.5754239,-0.3447817,0.5038249,-0.5659082,-0.58362895,0.0625
898,0.29775482,-0.4054497,0.20883897,0.2931164,-0.1262954,0.020221025,-0.36552727,0.0006749369,0.07692309
899,0.27367693,-0.10914448,0.20619702,0.044166245,0.24793863,-0.18897375,-0.15880726,0.019930921,0.06666667
900,-0.09796938,-0.24033083,-0.08165878,0.12933269,-0.21884955,0.7243678,-0.35027498,-0.31550285,0.08333333
902,0.07135888,0.20059149,0.21038477,-0.18783668,0.3005398,0.42549992,-0.085979134,0.5134951,0.11111109
919,0.6032304,-0.05788866,-0.0953656,-0.27987704,0.026139155,-0.2943876,0.15906687,-0.056675818,0.07692308
920,0.8717061,-0.14753614,0.11936061,-0.291046,0.1703989,-0.67899585,0.22362922,-0.08193399,0.09090909
921,0.024509937,-0.051798277,0.11518886,-0.06555144,0.48186147,0.020098567,-0.4308532,0.031948507,0.07142857
924,0.16150779,-0.06390834,-0.28265852,0.09999576,-0.53531003,0.3334452,0.38825315,-0.6938855,0.083333336
925,0.35310006,0.05385905,-0.21457575,-0.1725556,-0.094200954,-0.034024656,0.33852202,-0.47819826,0.05
926,0.742794,0.06349932,0.32586786,-0.1320866,0.2280748,-0.6781992,0.31334257,0.37711918,0.090909086
928,0.14438468,-0.4327119,0.20315759,0.45206133,-0.385243,0.4039896,-0.31911045,-0.1580043,0.055555545
929,0.5290997,-0.24891816,-0.12149812,-0.03690184,-0.0771185,-0.36046767,-0.0055596232,-0.3158852,0.071428575
930,0.6029084,-0.03346496,0.44497132,-0.1891211,0.44873995,-0.47072,-0.03832315,0.49992654,0.10000001
931,0.030254796,0.120751694,0.15623352,-0.081037514,0.40396473,0.048743647,-0.08636349,0.013732415,0.058823526
932,-0.30936956,0.16688731,0.15000069,0.22064662,0.15317954,0.40208295,0.08360906,-0.53128403,0.066666655
933,0.0096529275,-0.28731808,0.17787896,0.16167,-0.046552688,0.59450823,-0.4886849,0.10665903,0.06666668
934,0.1659536,-0.36818284,0.17964953,0.25395283,-0.0516499,0.16406381,-0.43948823,-0.0028564371,0.041666664
935,-0.18485945,-0.08401506,0.23646203,0.23043942,0.06799704,0.57907754,-0.33994102,0.043825563,0.05882353
936,0.039059736,-0.23070706,0.31960678,0.49291047,0.063074656,-0.15098007,-0.1959269,-0.30039772,0.071428575
937,0.32310426,-0.30285046,0.22944309,0.25169033,-0.12991698,-0.0075745806,-0.15973125,-0.038765993,0.04347826
938,-0.30232653,0.34151298,-0.43333304,-0.15584126,0.012342468,0.5229386,0.33836532,-0.66741955,0.062499993
940,0.077060886,-0.33363003,-0.15321524,0.25990647,-0.30508113,0.2448424,-0.23574013,-0.48985538,0.07692308
941,-0.40708056,0.030732967,0.064897574,-0.12757543,0.36846936,0.95418775,-0.63760054,0.10014664,0.09999999
942,0.15740576,-0.06386225,0.14741598,-0.16608953,0.12549406,0.53669393,-0.32424334,0.4664647,0.05882353
944,-0.41532478,-0.022073882,0.47759116,0.5517576,-0.0060691386,0.7286571,-0.15251002,-0.32743725,0.06666666
945,0.42500716,0.10728526,0.046740957,-0.39352468,0.34358823,-0.06902763,0.008406803,0.27715442,0.071428575
946,0.17865652,-0.04813891,0.09832076,0.020354666,0.3657142,-0.25472006,-0.13799754,-0.24518122,0.058823537
947,0.26648158,0.03043605,0.37347114,0.023448437,0.24839202,-0.051375806,0.014858291,0.21960457,0.08333334
948,-0.29408363,0.11439496,-0.23589103,-0.3840996,0.51938355,0.63188004,-0.5436771,-0.10038464,0.07692308
951,0.33602992,0.3733075,-0.019191116,-0.5090507,0.30910277,0.100456335,0.35597658,0.19654705,0.071428575
952,-0.14723685,0.035731103,0.25772762,-0.24335766,0.46449512,0.795994,-0.60717785,0.5735406,0.05882352
953,0.18842122,0.1345224,0.088124774,-0.028883405,-0.031417787,0.20911792,0.30376226,-0.14389847,0.058823537
954,0.41222563,-0.00015622005,0.101681724,0.017886817,-0.27115905,0.15548378,0.40484774,-0.13401592,0.0625
957,0.6450014,0.22162324,0.4837067,-0.39056596,0.43951523,-0.11592902,0.24101658,0.7158182,0.09090908
958,0.104611345,0.11262348,0.111101836,-0.27606422,0.46915662,0.1721001,-0.16527444,0.03357913,0.08333333
959,0.50939256,0.026995612,0.22739917,-0.03696304,-0.03953384,-0.15117882,0.36743027,-0.024240319,0.041666664
962,0.7001246,-0.13452123,0.11148059,-0.19471383,-0.03950855,-0.18834898,0.11001149,0.2725016,0.06666668
964,1.0204517,-0.32155386,0.48657483,0.015848674,-0.013426766,-0.81645226,0.34779137,-0.12374127,0.050000004
966,0.37592855,0.14966725,0.32579815,-0.2251539,0.42453325,-0.12674144,0.018916368,0.51354516,0.083333336
967,-0.23707059,-0.28673393,-0.26864618,0.068745196,-0.0029867291,0.6054873,-0.5962802,-0.61204636,0.05263159
968,0.2744182,-0.2661446,0.23202984,0.3908438,-0.31659293,0.018026263,0.12408529,-0.46960846,0.0625
969,0.6145731,0.05526865,-0.10557221,-0.33382177,-0.15809594,-0.03034538,0.4860618,-0.21049447,0.08333334
970,0.25008094,-0.14991842,-0.035413533,-0.017223604,0.14468095,-0.18489838,-0.10719629,-0.38613656,0.055555552
971,0.62535554,0.07329485,-0.5317071,-0.39178002,-0.25946248,-0.21149048,0.5350414,-0.53515756,0.06666668
972,-0.23337117,-0.18699794,-0.07828912,0.00784231,-0.17329569,1.0791881,-0.45025218,-0.27610824,0.09090908
973,0.029503278,-0.3032635,0.07742692,0.0136399865,0.1459344,0.44389772,-0.577794,-0.14959477,0.045454536
974,-0.017121587,-0.0016129799,0.0763248,0.23585239,0.018226549,0.119049154,0.080055356,-0.5726049,0.06250001
975,0.2829638,0.06314793,-0.44830537,-0.17096928,-0.7244478,0.69488966,0.56796736,-0.49824926,0.099999994
977,0.33031324,-0.107957065,0.024822116,0.044080675,-0.15231355,0.061053418,0.08774628,-0.06999715,0.1
978,0.46784654,-0.30829072,-0.08283648,0.19492653,-0.17571943,-0.4686603,0.11057921,-0.74885267,0.11111111
979,-0.2768372,0.004151406,0.78561246,0.552193,0.3421131,0.32813925,-0.24579336,-0.012304913,0.0625
980,0.08964243,0.2957345,0.5060286,-0.08787947,0.5409779,0.11586369,-0.0019827187,0.48389435,0.05
981,-0.25407028,-0.015171425,0.0034463704,-0.009742379,0.2593733,0.6312148,-0.39410096,-0.25158998,0.062499996
984,-0.28747332,-0.0953895,0.37821382,0.1954897,0.21002683,0.77734333,-0.51703113,-0.024891686,0.058823526
985,0.24809042,0.30428296,-0.025543824,-0.4159006,0.3730535,0.060862847,0.19727378,0.1345197,0.055555563
986,0.68890274,-0.32657716,-0.1023625,0.23178455,-0.5417959,-0.43486756,0.40285754,-0.68014544,0.06666666
987,-0.24117115,-0.16884308,0.25844333,0.34428507,0.2992748,0.21587467,-0.5402459,-0.2283207,0.071428575
988,0.000829719,0.20501651,0.3187086,0.09922849,0.33286715,0.045316517,0.078467965,-0.004618291,0.06666668
989,-0.28628585,0.116012976,0.2812449,0.18577893,0.5385076,0.102180995,-0.24121211,-0.2713936,0.06250001
990,-0.14749932,-0.20878495,-0.10241701,0.07421733,-0.00677602,0.6194437,-0.46436793,-0.38851175,0.09090909
991,-0.0071415007,-0.32354227,0.01938425,0.17228183,-0.15196536,0.5992428,-0.4909423,-0.069860116,0.06666667
992,-0.05103658,0.014065156,0.07441513,0.016534805,0.18217686,0.34231544,-0.17066792,-0.11776179,0.04999999
993,-0.2645003,0.15868632,-0.14983822,-0.11238926,0.18922515,0.6320045,-0.10733464,-0.30208048,0.05882353
994,0.042882882,-0.12876599,0.32550976,-0.020572409,0.3799179,0.30143166,-0.5304915,0.37354225,0.062499996
995,-0.2646109,-0.13640107,0.18415964,0.28061858,0.073300205,0.6028243,-0.36484295,-0.38256037,0.058823537
996,-0.17240289,0.34024918,-0.059243754,-0.4683599,0.74382335,0.36897692,-0.29325306,0.22245757,0.05
997,0.5492166,-0.1991822,0.030182943,-0.025665887,-0.2079113,-0.08156295,0.1056277,-0.07968733,0.06666667
998,0.42652452,-0.31941667,-0.24355666,-0.1708732,-0.13097756,0.066164054,-0.28395522,-0.08300117,0.1
999,0.33823642,-0.08121741,0.21476163,-0.001354754,0.21313544,-0.21471971,-0.01479312,-0.087435514,0.05555555
1000,0.5007921,-0.103490695,-0.1105333,-0.2370376,0.10430722,-0.26034093,0.060648397,-0.22676443,0.04166667
1002,-0.02414263,0.12748906,0.71128386,0.22567397,0.06989616,0.7247304,-0.0023889467,0.65270746,0.090909086
1003,-0.6007542,0.17717355,1.0478386,0.7370854,0.42876267,0.5244688,-0.12951407,-0.30452845,0.090909086
1004,-0.1316936,-0.25604397,0.21900547,0.25987184,-0.040909395,0.6733232,-0.51624626,0.010605987,0.09999999
1005,-0.33226717,0.12469056,0.53078264,0.31230298,0.54872143,0.25875124,-0.27581337,-0.10392977,0.045454547
1006,-0.23238078,0.11136767,0.71140695,0.57475686,0.23992631,0.19465125,-0.030542798,0.039141774,0.07692308
1007,-0.20299876,0.1833693,0.5901891,0.12936543,0.46355146,0.46594512,-0.16948894,0.2629468,0.05882353
1008,-0.16708773,-0.09503549,0.70975757,0.4925859,0.27994323,0.3474977,-0.37123978,0.19445519,0.055555556
1009,-0.09738052,0.12756294,0.8850203,0.29398876,0.47678047,0.36023358,-0.21708386,0.5732038,0.045454547
1010,-0.023009557,-0.21328583,0.539906,0.29149008,0.091070935,0.62366724,-0.49456584,0.43708977,0.06666667
1011,-0.5159979,0.03790072,0.48422635,0.48674744,0.30548346,0.5426694,-0.34065068,-0.41971704,0.08333334
1012,-0.18598644,0.24756776,0.4885885,-0.071128406,0.58879447,0.5225895,-0.24194337,0.46929744,0.052631587
1013,0.954175,-0.33142692,-0.39457512,-0.25207943,-0.29871964,-0.68035877,0.1749195,-0.36412936,0.07692309
1014,0.33308092,-0.2799284,0.1885024,-0.023326479,0.13893312,0.029721022,-0.3810808,0.12220864,0.11111111
1015,-0.16174078,0.13875715,0.6298926,0.20763674,0.33648124,0.50688726,-0.16245896,0.2925752,0.04999999
1016,-0.039051794,0.016408391,0.37740874,0.08906991,0.09193197,0.69093925,-0.16451077,0.17934646,0.076923065
1017,-0.15405637,-0.077437565,0.22164628,-0.092900254,0.9074171,-0.11172125,-0.75126123,-0.13506083,0.071428575
1018,0.20437852,-0.3741002,0.4686355,0.47809023,0.027625933,-0.08584578,-0.45944476,0.3042908,0.12500001
1019,0.1286596,0.019192662,0.26516864,0.1416643,0.279112,-0.19141465,0.0015666559,-0.19051246,0.07142858
1020,0.24513069,-0.24031717,0.45381516,0.23994279,0.038710997,0.165222,-0.26789343,0.31245413,0.06666668
1021,0.82391566,-0.27619886,-0.050014332,-0.087412275,-0.2757423,-0.48129356,0.23684524,-0.17081676,0.07692308
1022,-0.08413173,-0.060143735,0.09588592,0.053470325,0.24259457,0.32707486,-0.32459044,-0.1540801,0.10000001
1023,0.12709287,0.014333893,0.08938675,0.10922818,-0.05109985,0.20596594,0.08893062,-0.13711442,0.09090909
1024,0.6015957,-0.3194154,0.26713532,0.18881069,-0.2030635,-0.22220302,0.018055707,0.050348286,0.05555555
1025,0.5870439,-0.32965013,0.4139222,0.367353,-0.38659745,-0.15693235,0.15985523,0.036065727,0.099999994
1026,0.10588778,-0.100770965,0.46704918,0.09696982,0.50797534,-0.10452075,-0.34498608,0.13182499,0.07692308
1027,-0.0118616335,-0.053283468,0.2683776,0.15724412,0.15945771,0.27363437,-0.21999037,0.07534247,0.1
1028,-0.15452981,-0.07959935,0.1771192,0.25755334,0.16804864,0.25857222,-0.25237757,-0.4021784,0.071428575
1029,-0.18520643,0.042730328,0.6789682,0.31644532,0.6179699,0.048471272,-0.33716178,0.063223645,0.071428575
1030,-0.14199233,0.124413595,0.25933856,0.13974331,0.37643564,0.13805118,-0.112964734,-0.07937901,0.066666655
1031,0.39361948,-0.21157883,0.31047732,0.277317,0.024343893,-0.484105,0.1538717,-0.5767249,0.062499996
1032,0.12294445,0.08456239,0.41985154,0.1461743,0.2939152,-0.029043548,0.06104356,0.04740527,0.04545454
1033,0.40431777,-0.19965462,0.082825415,0.13952616,-0.09503104,-0.21679497,0.029231027,-0.19853212,0.05882353
1034,0.11802033,-0.3479532,-0.049867257,0.117627226,-0.13752584,0.34537238,-0.38982046,-0.27318004,0.05882353
1035,-0.077739015,-0.29430723,0.059211813,0.22545671,-0.028641492,0.4690948,-0.4500062,-0.3483532,0.09090909
1036,0.17234555,-0.10379206,-0.05837989,-0.010572664,-0.02870275,0.23587921,-0.08076515,-0.19435228,0.14285715
1037,-0.13153881,-0.23079295,0.3192855,0.5117477,-0.17764021,0.43261185,-0.22841802,-0.3544617,0.062500015
1038,0.7287356,-0.040734746,0.48108077,-0.009715207,-0.054457083,-0.27675435,0.33330297,0.44624206,0.08333334
1039,-0.07660699,-0.24705623,0.40897965,0.3842439,0.15015994,0.2492975,-0.40433013,-0.1907249,0.058823522
1040,-0.1305197,-0.112674594,0.049664706,0.10036434,0.1970985,0.39105803,-0.42834604,-0.10607441,0.055555552
1041,0.44693485,-0.36913502,0.37265444,0.13334309,0.05091019,-0.07398781,-0.2910879,0.08490038,0.0625
1042,0.32831421,-0.2793832,0.43493313,0.45056957,0.03280966,-0.36706263,-0.122997046,-0.067292824,0.05882353
1043,0.30223787,-0.112252876,0.47156256,0.28934982,0.16195032,-0.31604517,0.027916193,-0.080655605,0.1
1044,0.124083035,-0.14146633,-0.14542858,-0.118971564,0.09827909,0.2309234,-0.3543206,0.02616975,0.07692308
1045,0.17498922,-0.22728135,-0.13659938,0.0474391,-0.15687363,0.2129659,-0.14717086,-0.47606555,0.05882353
1046,0.5611484,-0.3890537,0.26606864,0.33441764,-0.24840777,-0.35433298,0.031080633,-0.20867841,0.055555563
1047,0.0656747,0.09682365,-0.0051130205,0.08679017,-0.28042817,0.53041697,0.30400747,-0.25072286,0.052631587
1048,-0.04961269,-0.10348025,0.1410241,0.16706301,0.116424754,0.3118528,-0.22290282,-0.21145101,0.05555555
1049,0.39688167,-0.12547135,0.08247586,0.02980838,-0.055470243,-0.109838605,0.043194637,0.028350923,0.058823522
1050,0.058085687,0.11089362,0.4643129,0.23660135,0.53484935,-0.49873435,0.13258168,-0.5152659,0.07692307
1051,0.6191865,-0.1977615,0.24578926,0.054794256,-0.08766483,-0.27967623,0.084386826,0.21282946,0.06249999
1052,0.084277324,-0.19203483,-0.0355715,0.20935374,-0.16765563,0.24839538,-0.06508541,-0.41858986,0.1
1053,0.049378,-0.1534265,-0.12026648,-0.027427547,-0.02151692,0.42153925,-0.25072512,-0.19898476,0.06666667
1054,0.34386605,-0.4027869,0.23618339,0.23547983,-0.005001053,-0.14544046,-0.35881537,-0.034009088,0.055555556
1055,-0.28021115,-0.073970065,0.2303193,0.2765985,0.37544954,0.18886825,-0.40550882,-0.43335587,0.047619052
1056,0.29777277,-0.21171731,0.28611207,0.20472585,-0.16821139,0.23006934,-0.09232226,0.092065275,0.049999997
1059,0.47082528,-0.43336457,0.030782484,0.23583087,-0.17901932,-0.36716917,-0.12430751,-0.41774678,0.06666666
1064,-0.32890615,-0.36046657,-0.29670382,0.39772728,-0.21595828,0.45140007,-0.40071362,-1.1224068,0.08333333
1065,0.4719731,0.019607699,0.22404632,-0.17972648,-0.014557764,0.22954476,0.1252647,0.41502774,0.083333336
1066,0.15166593,0.11036646,0.21828997,-0.1547297,0.6242053,-0.19916809,-0.18853223,0.16963142,0.08333332
1067,0.18575713,0.16341038,0.33488333,-0.30779585,0.44231576,0.33858156,-0.13266167,0.5632268,0.05882353
1068,-0.22893366,-0.14552085,-0.06992166,0.05324544,0.2771993,0.42843923,-0.58807206,-0.25870225,0.07692308
1069,0.5504692,0.16062468,-0.21055733,-0.17289978,-0.16792847,-0.3170088,0.6437591,-0.58505106,0.083333336
1070,0.20434982,0.39349884,0.3713767,-0.1911377,0.67054737,-0.40616563,0.35457128,-0.10055199,0.071428575
1072,0.49286202,0.19858387,0.057138056,-0.10520614,-0.07504873,-0.22244376,0.64004666,-0.2613345,0.04761904
1073,0.6063627,-0.26260132,-0.0462396,0.25770515,-0.6652652,-0.2416299,0.5058522,-0.66150045,0.11111111
1074,-0.11717477,0.12349594,0.17497745,0.07353935,0.13702153,0.47794664,-0.042252146,-0.028073605,0.058823526
1075,-0.14490038,0.5189651,0.7460129,-0.31162447,0.8680161,0.62322634,-0.119494244,0.9524563,0.1
1076,-0.099183664,0.024178978,0.1194817,0.18413258,0.02422969,0.4156505,-0.020597346,-0.25991637,0.08333333
1079,-0.33729115,0.48179603,0.056836694,-0.13831732,0.5003848,0.35921416,0.23287578,-0.4037596,0.08333333
1080,-0.19542539,0.4211551,0.26262897,-0.001006633,0.39620167,0.25285852,0.32485312,-0.24339087,0.0625
1081,-0.109143585,0.037166085,0.043800004,-0.3665363,0.59258235,0.5527308,-0.58756477,0.15174182,0.055555552
1082,0.22190431,-0.07542707,0.6818452,0.14042228,0.33470368,0.08288319,-0.20460652,0.3494793,0.07142856
1083,-0.17954808,0.50352514,0.24407794,-0.30693844,0.32148406,0.9115505,0.1590256,0.43470505,0.071428575
1084,0.8207309,-0.066685736,0.4365946,-0.14899898,0.065396726,-0.40603936,0.3205102,0.2742812,0.07692308
1085,-0.12239236,0.11748271,0.46047056,0.09816553,0.5001872,0.21981342,-0.2239906,0.11315733,0.05882353
1086,0.62011516,-0.034548823,0.2580607,-0.134278,-0.010378227,-0.123827755,0.29679793,0.078341685,0.071428575
1087,0.6518194,-0.34976435,0.110543884,0.18488851,-0.49670088,-0.055641174,0.14942296,0.0020659491,0.07692308
1088,0.7463721,-0.015628891,0.48862112,-0.07302091,0.06753428,-0.37520638,0.4429388,0.17513227,0.052631576
1089,0.3485968,0.20337673,0.28433502,-0.22031727,0.3798053,-0.17198414,0.35819173,-0.10883941,0.083333336
1090,0.70453787,0.14042065,0.5435927,-0.064120226,0.17879687,-0.5514518,0.65386754,0.05331432,0.07142858
1103,0.027147643,0.032208018,0.3395432,-0.021561384,0.41660988,0.21706384,-0.33738327,0.34041727,0.05263158
1105,-0.062230546,0.52070653,0.039294906,-0.5710922,-0.009765968,1.385825,0.30296832,0.63821125,0.09090909
1106,0.18245271,-0.06570138,0.0647939,-0.45151693,0.8748603,-0.17297441,-0.72197,0.35852543,0.058823537
1107,-0.29112673,0.14686044,-0.0007842183,-0.25478685,0.47759557,0.70867205,-0.44676876,0.078911744,0.058823526
1108,-0.005438544,-0.15046939,0.024193399,0.12801291,0.058192715,0.27079964,-0.26930365,-0.27201796,0.06666668
1109,0.3638924,-0.17474258,0.1117364,0.26202545,-0.4859084,0.18227673,0.21604197,-0.08642316,0.07692307
1110,0.7026964,0.003466636,0.14352612,-0.40182388,0.21928975,-0.28675377,0.17470612,0.3010473,0.071428575
1111,0.46835938,-0.0012001619,-0.061256155,-0.25793353,-0.07215631,0.08473187,0.1935199,0.0049267896,0.0625
1112,0.34444904,0.40864903,0.07949114,-0.3478599,0.1677581,0.06283322,0.5504117,0.29415286,0.125
1113,-0.24986175,0.11203039,0.26849762,-0.14080742,0.6268966,0.53453374,-0.55626667,0.20719008,0.08333334
1114,0.020199507,-0.2142431,-0.09983307,0.18427896,0.04597804,0.055895105,-0.26054612,-0.47503522,0.1
1115,0.07349882,-0.123873234,-0.13575126,-0.1556195,0.19287132,0.22966337,-0.35748994,-0.15723298,0.08333334
1116,0.86308557,-0.20561655,-0.18742217,-0.33279544,-0.05040662,-0.6263736,0.27951914,-0.3355102,0.07142857
1117,0.562027,0.05942635,0.06933769,-0.08471296,0.059879266,-0.5434511,0.5264974,-0.47737864,0.058823545
1118,0.2561104,0.090106055,0.3115668,-0.23710251,0.75440603,-0.39083427,-0.14914578,0.09756105,0.055555556
1119,0.6061002,-0.45673436,0.30914772,0.3893119,-0.43820363,-0.23692083,0.14762355,-0.3151523,0.055555552
1120,0.032992132,0.12987162,0.042234942,0.18051513,-0.16849224,0.2084075,0.43330216,-0.5617603,0.08333333
1121,0.44874743,0.06705752,0.15542309,-0.20013791,0.073181,0.04180534,0.23269825,0.0885964,0.0625
1122,0.6360619,0.046333697,0.074076794,-0.22712955,0.28652197,-0.6425041,0.2702061,-0.07051502,0.099999994
1123,0.08536718,0.31490043,0.22416496,0.112786725,-0.07942136,0.2256599,0.64556706,-0.37560394,0.07692308
1124,0.0031895265,0.28196344,-0.18165417,-0.12298337,-0.041954413,0.40641987,0.36230034,-0.3266399,0.05882353
1125,0.2285884,0.0924834,0.06490494,-0.1783781,0.3131777,-0.05681345,0.03436403,-0.011524577,0.1
1126,0.007395424,0.16523552,-0.36012912,-0.6901243,0.35436684,0.7316109,-0.28476506,0.120782316,0.1
1127,-0.35655165,0.17344132,-0.1979164,-0.072506465,-0.048441306,0.9778972,-0.09061901,-0.33044347,0.062499996
1128,0.05976077,0.12416515,0.02908358,-0.08155314,0.064502604,0.35795707,0.05857797,0.067721486,0.03846154
1129,-0.2697886,0.14487667,0.3332616,0.11752502,0.4520471,0.33800393,-0.19966036,-0.13406877,0.07692309
1130,-0.13661075,0.07982214,-0.0128481835,0.041200727,0.061029702,0.5334306,-0.056774788,-0.24214469,0.066666655
1132,-0.331286,-0.06308815,0.30235434,0.14953975,0.25461686,0.81673735,-0.5302334,0.07182352,0.076923065
1133,0.108852215,-0.17082466,-0.12835328,-0.19291902,0.361192,0.056391716,-0.46768892,-0.2650217,0.111111104
1134,-0.1634632,-0.01824589,-0.11314157,-0.1421664,0.05281619,0.79011095,-0.3215981,-0.089599,0.083333336
1135,-0.29329565,0.21277085,-0.36889112,-0.12983775,-0.08763941,0.8032909,0.119541466,-0.48570994,0.05263158
1136,0.483102,-0.35080838,0.10366269,0.070655204,0.04580243,-0.34138316,-0.20427427,-0.19422986,0.08333334
1137,0.809407,-0.17531024,0.11168073,-0.25110352,0.31154895,-0.83362806,0.109275475,-0.18201633,0.071428575
1138,0.34013262,0.18285279,-0.30847782,-0.5414616,0.3795401,-0.21284485,0.29552323,-0.44308499,0.14285715
1139,0.012528345,-0.34507087,0.06525387,0.2676015,0.09634723,0.09190323,-0.48176968,-0.40433124,0.055555556
1140,-0.004384108,-0.024548285,0.44194144,0.12886462,0.2754845,0.34675443,-0.2806471,0.33670765,0.07692309
1141,-0.21398637,0.22326651,0.55961865,0.1128151,0.5363324,0.37824598,-0.18561223,0.31143567,0.04545454
1142,-0.12329541,-0.20689145,0.094414845,0.13612026,0.014048412,0.66500694,-0.4806475,-0.0045676194,0.07142858
1143,-0.09577755,0.108468145,0.07880321,-0.23310864,0.4468606,0.4895282,-0.33372688,0.13158476,0.08333333
1144,-0.034071848,-0.1239389,0.22881854,0.38576525,-0.30885708,0.6177424,-0.07936917,0.043326885,0.090909086
1145,-0.25872344,0.27139595,0.3692637,0.19422165,-0.006429568,0.8592945,0.15756805,0.13454996,0.099999994
1146,0.57044196,-0.019518157,0.13112071,-0.24609348,0.026094496,0.051371507,0.09559527,0.4647323,0.07692308
1147,0.014644347,0.03277021,0.2549735,0.08009551,0.44722706,-0.030603454,-0.21970841,-0.052881632,0.07142856
1148,-0.07870367,0.1443574,0.49224257,0.043813266,0.36919588,0.49313536,-0.18179357,0.47138146,0.06666666
1149,-0.05567174,0.07630594,0.33407062,0.067606404,0.02793929,0.7565057,-0.11433652,0.3905138,0.04761905
1150,0.30971593,-0.17616011,0.4060586,0.2052328,0.27697968,-0.2886446,-0.23673667,0.16429654,0.09090907
1151,-0.0077038296,-0.24310912,0.27253932,0.32468945,-0.076747134,0.44792452,-0.36799192,0.045215182,0.050000004
1152,0.13448372,0.52611834,0.19650193,-0.14692071,0.41483957,-0.21334279,0.5956267,-0.17869255,0.12499999
1153,0.6376801,-0.31507593,0.21964604,0.071834855,-0.0049181134,-0.4649641,0.017328084,-0.15501647,0.04761905
1154,-0.17831835,0.13136442,0.2941875,0.20249575,0.17785603,0.41283956,-0.022261947,-0.22003101,0.08333332
1155,0.0026012585,-0.36709562,0.7825744,0.5036932,0.032531902,0.59173405,-0.6462087,0.59948796,0.07692308
1156,0.12576813,-0.100023955,0.12727137,0.20564437,-0.0634118,0.20174867,-0.072084814,-0.16014908,0.09999999
1157,-0.12713005,-0.114880875,0.111064844,0.059028275,0.39828622,0.1845845,-0.439269,-0.29231808,0.1
1158,0.83364946,-0.24404904,-0.013843492,-0.2177917,-0.012970597,-0.6151539,0.17631184,-0.18617617,0.09090908
1165,-0.011615522,0.25759923,-0.13122989,-0.22295076,0.10776703,0.39773226,0.22419979,-0.2640508,0.11111111
1166,0.09547923,0.3010798,0.32242203,-0.21740422,0.36536127,0.31747139,0.16173364,0.34344572,0.08333332
1167,-0.021421999,-0.2535679,-0.053073093,0.050964974,0.19767903,0.21358822,-0.5661183,-0.1453061,0.07692308
1169,-0.25037995,-0.03877482,-0.23020576,-0.015544921,-0.10229008,0.80313283,-0.22835705,-0.43451995,0.05
1170,-0.039025128,-0.23948711,0.04913976,0.30085453,-0.25171882,0.5186359,-0.22054705,-0.32634082,0.07692309
1171,0.2950371,-0.16589957,0.34938812,0.22148094,0.2371557,-0.3815972,-0.11565372,-0.19015123,0.066666655
1172,0.36318645,0.12403715,0.09312233,-0.07141545,-0.12821795,0.112670794,0.3760227,0.08369775,0.06666668
1173,0.6282715,-0.265731,-0.1233369,-0.3530543,0.14347386,-0.24904016,-0.21608035,0.05336225,0.05882353
1174,0.6524577,-0.074042216,0.017279103,-0.34642857,0.21460627,-0.41309196,0.09487404,0.08398335,0.05882353
1175,0.25243828,-0.400863,-0.10516022,0.33399066,-0.28670597,-0.16740525,-0.042220578,-0.8059953,0.1
1176,0.43482688,-0.34842196,0.15264401,0.31028795,-0.41394705,0.08029716,0.080464914,-0.22267987,0.099999994
1177,0.57931876,-0.33064857,-0.026462704,-0.1287438,-0.083246365,-0.08836311,-0.15286085,-0.023912247,0.083333336
1178,0.67297524,-0.10078788,-0.12679891,-0.22995311,-0.12295462,-0.27814448,0.2921155,-0.18551652,0.06666668
1179,-0.101546735,-0.24380161,0.4291994,0.20874977,0.5301169,0.113933206,-0.7327854,0.056132644,0.07692309
1181,-0.15321073,0.1288526,0.16980663,0.23917869,-0.1673782,0.6507604,0.26716274,-0.2613031,0.09090909
1182,0.47413334,-0.3331635,0.1105903,0.06947481,-0.11671628,-0.0881518,-0.14443175,-0.051659133,0.0625
1183,-0.2730215,0.3498327,0.03415452,-0.049130835,0.13958277,0.6620872,0.20834981,-0.15126322,0.06250001
1184,0.69234645,0.046420913,0.6346466,-0.13593054,0.45634598,-0.59246814,0.32183605,0.2813964,0.05555555
1185,0.9462267,-0.082216024,0.41099602,-0.19290492,-0.07465257,-0.41003597,0.54065746,0.1414976,0.058823537
1186,0.95676315,-0.2253259,0.28054821,-0.35798505,0.027427986,-0.2725408,0.12122138,0.38124633,0.04761904
1187,-0.10288488,-0.08044301,0.25134426,0.15409432,0.026824653,0.6544783,-0.26601455,0.078886524,0.055555552
1188,0.3132312,-0.11179261,0.25227982,0.05477082,0.4020499,-0.541309,-0.1353627,-0.1185825,0.07142856
1189,0.022160612,-0.14816597,-0.09665637,0.5578196,-0.3757602,-0.1338931,0.29520935,-1.236098,0.07692308
1190,-0.28756595,-0.039842505,-0.15666501,0.18318054,0.08940295,0.37948602,-0.10707383,-0.85937953,0.083333336
1191,0.57968,-0.06571944,0.2564422,-0.07014907,0.06532842,-0.23277593,0.13287087,0.2784261,0.083333336
1192,0.14016056,0.0730228,0.31534576,-0.17204183,0.70674825,-0.16143191,-0.37296087,0.43548578,0.06666668
1193,0.17002332,-0.1380633,0.40568042,0.33464172,0.13856326,-0.1676383,-0.09702504,-0.08209287,0.07692308
1195,0.39381495,-0.050010443,0.4300049,0.049089316,0.27126446,-0.22095427,-0.06352023,0.31147316,0.05882353
1196,0.19810826,0.15760404,0.67277145,0.24893251,0.12664479,0.10719259,0.27578002,0.28999364,0.055555556
1199,0.045492657,0.14379373,0.039057687,-0.09243397,0.055592194,0.43581247,0.097651616,0.08168388,0.099999994
1200,-0.26794463,0.34590405,0.014376193,-0.04516495,0.35522157,0.27589178,0.23660378,-0.46451947,0.0909091
1201,0.7644384,-0.1110919,0.2511164,-0.002802983,-0.26019275,-0.29991382,0.4310615,0.14215651,0.05882353
1202,0.2656916,-0.13808277,0.67970335,0.30122393,0.31818473,-0.17227262,-0.28382212,0.5366339,0.05
1203,0.32261592,0.004869897,-0.3703283,-0.10179029,0.038017496,-0.42713934,0.2282912,-0.90323,0.07692308
1206,0.8643813,-0.1631756,-0.057707533,-0.3551457,-0.04896672,-0.4137699,0.19701074,0.12423125,0.062499996
1207,1.0038054,-0.30371863,-0.43691063,-0.24473244,-0.68363243,-0.44332606,0.59721035,-0.6656616,0.08333332
1212,0.0583343,-0.064253405,0.07066808,0.11336985,-0.17022939,0.46983635,-0.05690077,-0.0148556195,0.055555552
1222,0.27189896,0.12780018,-0.12273222,-0.49779248,0.4179774,0.083704084,-0.09172768,0.11413127,0.06666667
1226,0.44000718,-0.2524203,0.2437922,0.1827797,-0.009866595,-0.24008024,-0.07935636,0.038894217,0.19999999
1227,-0.29048944,-0.35205904,0.37718803,0.56160146,0.02014935,0.55392504,-0.6266798,-0.25994065,0.055555556
1228,0.5533291,-0.0097556375,0.49926025,0.052067094,-0.04293874,-0.08122647,0.35317266,0.18625218,0.07142858
1229,-0.032441996,0.16691574,0.5271195,0.030223213,0.45243657,0.29980242,-0.14771551,0.29930866,0.0625
1230,-0.32562318,0.21677336,-0.23068728,-0.21443379,0.26709354,0.6847113,-0.0799472,-0.39374313,0.058823537
1231,-0.11298059,0.13831323,-0.108436555,-0.23911774,0.11913331,0.7674216,-0.1520885,0.13989598,0.052631576
1232,-0.014483929,0.4145463,0.29375112,-0.10005771,0.09865547,0.6486042,0.40701365,0.23266946,0.066666655
1233,-0.10046114,0.09676941,0.006535813,0.00436718,-0.18399309,0.9025393,0.034365788,0.013769407,0.0625
1234,-0.3193172,0.1990539,-0.0098629445,-0.15434104,0.21785225,0.8505524,-0.15310068,-0.20271005,0.06666667
1235,-0.31622088,0.30055556,-0.2460125,-0.20841396,0.43330455,0.32427102,-0.02440679,-0.47191074,0.055555556
1236,-0.21482056,0.035161234,0.039182052,0.052849095,0.04065825,0.701375,-0.1175807,-0.32645524,0.04999999
1237,-0.4750803,0.16340365,-0.19996025,0.00919462,-0.032079026,1.0183368,-0.13277012,-0.3853957,0.055555552
1238,-0.22919056,0.57047534,0.08914934,-0.11276915,0.42728055,0.16809934,0.55463314,-0.5533101,0.0625
1239,-0.20983645,0.09389582,-0.25224358,-0.18962258,-0.017344221,0.84753215,-0.089566424,-0.322437,0.058823537
1240,-0.3596871,0.27569717,-0.21483071,-0.25122884,0.35943148,0.6672497,-0.1488103,-0.27197018,0.05
1241,-0.2296274,0.22363105,0.16263214,-0.087253146,0.49687892,0.36347142,-0.13154134,-0.17194085,0.055555556
1242,-0.27763242,-0.046296526,-0.29764825,-0.30542758,0.30562127,0.8072458,-0.6162573,-0.1824336,0.07692309
1243,-0.33146435,0.17116761,-0.28717566,-0.13082659,0.17127572,0.6314572,-0.10620594,-0.4764811,0.076923065
1244,-0.27523586,0.30992442,-0.03383331,-0.2682357,0.44458383,0.60998976,-0.08266704,-0.17797263,0.055555556
1245,-0.25483683,-0.10109526,-0.27782863,0.09096471,-0.020967662,0.5056648,-0.21214654,-0.76503456,0.08333333
1246,-0.40613708,0.24168639,-0.046511382,0.009240329,0.14169961,0.7317311,-0.005045064,-0.61303955,0.071428575
1247,-0.36667323,0.32701722,-0.6892767,-0.46342248,0.12350771,0.86272573,0.024303064,-0.55188596,0.09090909
1248,-0.11401948,0.32594836,-0.103609264,-0.47379708,0.6018045,0.44049615,-0.16528034,0.14816429,0.14285715
1249,-0.40220106,0.0704328,-0.14228927,-0.0041687265,-0.020492777,0.9428958,-0.17700048,-0.69533765,0.06666667
1250,-0.26829636,0.31760606,0.101855606,-0.15773147,0.36600864,0.6671595,-0.056411657,0.03582013,0.05555555
1251,-0.2336764,0.27547237,-0.44346547,-0.31753805,0.34679663,0.31381354,0.0089117065,-0.5649159,0.0625
1252,-0.3322511,0.17275314,0.009297907,0.00550586,0.2945493,0.5258877,-0.14011678,-0.28367874,0.049999997
1253,-0.47370362,0.37829107,-0.0258715,-0.1465792,0.15837036,1.1174716,0.03082624,-0.10013732,0.055555563
1254,-0.28413492,0.15391661,-0.5714444,-0.35720006,-0.107258484,1.0638213,-0.1251386,-0.35468566,0.111111104
1255,-0.22772828,0.31559706,-0.21967904,-0.19717196,-0.0076618195,0.80577254,0.20630835,-0.26791108,0.06666666
1256,-0.25496924,0.25182545,-0.07741229,-0.15520239,-0.054139376,1.046442,0.104591146,-0.20633782,0.083333336
1257,-0.5428998,0.30568126,-0.38443935,-0.15893936,-0.11560239,1.2596694,0.06900476,-0.48228005,0.07692309
1258,-0.46788943,0.10570297,-0.1947468,0.16204068,-0.08937548,0.8766714,-0.051339567,-0.69243836,0.062499993
1259,-0.2966753,0.007693166,0.1510939,0.085965425,0.084081,0.8565307,-0.18720186,-0.31258753,0.06666666
1260,-0.15062128,0.2871966,-0.14837147,-0.1841852,0.0020860583,0.7557088,0.22504361,-0.3404968,0.07692309
1261,-0.6023227,0.24562521,0.2262277,0.36721045,0.21235648,0.7073461,-0.042581946,-0.5857587,0.111111104
1262,-0.34360707,0.32990655,0.05200319,0.19677809,0.21024711,0.17882574,0.38567883,-0.78868586,0.083333336
1263,-0.2721933,0.011704948,-0.3353263,-0.16310239,-0.061301306,1.0082891,-0.26276994,-0.30756906,0.071428575
1264,-0.4058044,0.22913414,0.18988943,0.06379451,0.5281484,0.37556475,-0.14621486,-0.32025337,0.047619045
1265,-0.45104825,0.086912274,-0.65415233,-0.41035086,0.0130907595,1.2343411,-0.39130098,-0.49903652,0.125
1266,0.16412371,0.12265925,0.33687496,0.017185196,0.1039817,0.30486572,0.07280977,0.31230488,0.07692308
1267,0.8332338,-0.08670637,-0.3702286,-0.56371653,-0.11042367,-0.25416976,0.24576108,-0.04787204,0.083333336
1270,0.86280924,0.10929911,0.5074203,-0.30493915,0.36814564,-0.6605701,0.43108422,0.47468337,0.07692308
1278,0.67509735,-0.15606056,-0.10830514,0.04584955,-0.78765386,0.21204084,0.5312579,-0.09411676,0.071428575
1279,0.6036214,-0.1683949,-0.15278591,0.10708023,-0.65236455,0.034084372,0.52356416,-0.4805301,0.076923065
1280,0.39495188,-0.1606506,-0.57565844,-0.02891127,-0.50676167,-0.0339545,0.27026778,-0.8617015,0.06666668
1281,0.5369121,0.10796112,0.3196919,-0.17924854,0.4083107,-0.5847348,0.28870118,0.04687964,0.06666667
1282,0.22184664,0.04479034,0.5722178,0.16136427,0.26732993,-0.004610747,0.02298595,0.3225418,0.062499993
1283,0.8028414,-0.022510603,-0.008095726,-0.25756603,-0.16302241,-0.31226563,0.4111629,0.11617054,0.12499999
1285,-0.26796836,0.09798446,0.31183618,0.15328151,0.35457492,0.44026473,-0.20572877,-0.25729975,0.06250001
1287,0.43160895,0.08800712,-0.13031314,-0.43890685,0.15545227,0.062425487,0.14629681,0.042870503,0.055555556
1288,0.5205557,0.31684977,-0.20359997,-0.5903471,0.06534276,0.15664399,0.44461823,0.30202186,0.083333336
1289,0.7003231,-0.15545523,-0.22363459,-0.19978315,-0.3061213,-0.2910676,0.37514853,-0.36387652,0.06666667
1290,0.43583736,-0.056645878,0.26344028,-0.12339715,0.37770832,-0.3473479,-0.03540232,0.06776265,0.041666668
1291,0.55601925,-0.19682658,0.06427663,0.160685,-0.1322727,-0.5294641,0.17258047,-0.27110726,0.066666655
1292,0.4472386,-0.051447973,-0.32828033,-0.51835173,-0.016638786,0.32167774,-0.0714501,0.106509715,0.07692307
1293,1.0041281,-0.29842892,0.26912513,-0.18622553,-0.0067412853,-0.62533015,0.11355874,0.34668034,0.071428575
1294,-0.3703276,-0.15276451,0.14665322,0.3887773,-0.19742398,0.9662233,-0.33656067,-0.3727609,0.0909091
1295,0.557994,-0.22306289,-0.07456711,0.009704925,-0.35913253,-0.032052517,0.1455393,-0.099088326,0.099999994
1296,0.584882,0.1963767,0.21345922,-0.32829875,0.29218486,-0.35380802,0.40404707,0.13970783,0.07692308
1297,0.3875232,0.1155348,-0.17455284,-0.5188949,0.49281132,-0.25357866,-0.06685938,0.023078542,0.083333336
1301,0.5940128,-0.31480068,0.16719703,0.19078574,-0.04177527,-0.62183034,0.06107536,-0.3838728,0.058823537
1302,0.4656398,-0.07158019,0.14740385,-0.13533008,0.058219656,-0.018937178,0.053472444,0.13222478,0.049999997
1303,0.20233488,0.26675373,0.4010833,-0.13255173,0.22961554,0.28916743,0.3602041,0.16870026,0.06250001
1304,0.5536639,-0.016687263,0.18847385,-0.15584224,-0.022581175,0.043593004,0.19044231,0.23378825,0.0625
1305,0.29238024,-0.3462709,-0.052457288,-0.048865624,0.0144954175,0.14336936,-0.45929968,-0.0009201616,0.1
1306,-0.2730552,0.3687572,0.30249214,-0.1077311,0.6336822,0.4267196,-0.14418374,0.2547859,0.06666667
1307,0.17212737,0.131174,-0.10770962,-0.22678673,-0.021751046,0.41720575,0.1839483,-0.056398813,0.090909086
1308,0.24381259,-0.019461427,0.34071535,0.22495681,0.047102362,-0.1277147,0.22448505,-0.2428556,0.071428575
1309,0.14696154,0.1576515,0.05406192,-0.19339913,0.29172486,0.07559673,0.10818528,-0.12213731,0.07692308
1310,0.3230116,-0.060053747,-0.17720188,-0.17992434,0.052695565,-0.04135883,-0.008119166,-0.20604111,0.09090909
1311,-0.26164812,0.31089005,0.069320425,0.094035886,0.32879567,0.058134615,0.24576513,-0.58314055,0.125
1312,0.6298753,-0.25235927,0.34315327,0.016936965,-0.068468764,-0.11673808,-0.053944476,0.40954736,0.076923065
1313,0.48178467,-0.2641021,-0.12880303,-0.20329642,-0.20793103,0.24524303,-0.13411742,0.110212184,0.11111111
1314,0.5009095,-0.12326805,-0.00096677244,0.10579197,-0.4521699,-0.0014828295,0.40664804,-0.28849563,0.06666666
1315,0.27732432,-0.052697845,0.4682278,0.09648383,0.1600148,0.07984376,0.01501064,0.19804503,0.071428575
1316,0.27221137,0.14214318,0.23725218,-0.16835237,0.21234873,0.15421443,0.14528601,0.25833553,0.04347826
1317,0.5617517,-0.2858569,-0.28113663,-0.09740571,0.099486105,-0.7472416,-0.016040131,-0.7307525,0.12500001
1318,0.42528617,0.037081685,-0.09847063,-0.32398948,0.122099005,-0.031586885,0.10635175,-0.019231353,0.052631576
1319,0.20985249,0.15013178,0.13191944,-0.105919056,0.09179979,0.18642408,0.27690428,-0.14400524,0.06666667
1320,0.48238322,-0.10107951,0.33772504,0.10962941,0.08375402,-0.3560367,0.18077992,-0.14451535,0.04761905
1321,0.50610733,0.15941025,0.106284805,-0.1435732,-0.005878702,-0.2836837,0.6072603,-0.4636226,0.06250001
1322,0.34142846,0.04215646,0.4135335,-0.070189245,0.38314414,-0.1712091,0.024477601,0.15230627,0.10000001
1323,0.36203554,0.0657886,-0.0028816909,-0.10370671,-0.06526174,-0.00042383373,0.36043996,-0.27351484,0.06666666
1324,0.38130823,0.091303706,0.36578286,0.051976338,0.005446106,-0.023943633,0.3988136,-0.03386903,0.07142857
1325,0.7814847,-0.16522014,0.022793032,-0.30639562,-0.03936185,-0.2185066,0.12852757,0.17207251,0.11111113
1326,0.7585551,-0.084597275,0.2725519,-0.053746544,-0.03273806,-0.45200324,0.31445098,0.16871773,0.05882353
1327,0.3745168,-0.26761055,0.14007649,0.10579368,0.14493959,-0.32950306,-0.20563133,-0.1876162,0.062499996
1328,0.25447908,-0.090543106,0.6183937,0.44752437,0.1289241,-0.30959693,0.076643005,0.02540033,0.06666666
1329,0.3507668,0.15776293,0.18894528,0.025077216,-0.09444444,-0.01142703,0.5995857,-0.35984892,0.0625
1330,0.06620496,0.17793457,0.33991945,0.2779131,0.2529523,-0.2955293,0.31461036,-0.44043866,0.05555555
1331,0.7504958,0.03876602,0.24786942,-0.25558934,0.110234916,-0.43822145,0.39785182,0.14105082,0.071428575
1332,0.4193347,-0.33479095,0.07608998,-0.012373634,-0.22600655,0.2587083,-0.20466241,0.057568744,0.090909086
1333,0.49438533,-0.020840485,0.13560067,-0.34630123,0.33309072,-0.1278534,-0.064135015,0.29380438,0.06666666
1334,0.29826134,0.09871112,0.10131944,-0.02425766,0.17108846,-0.2555324,0.31955743,-0.35367873,0.04545454
1335,0.6835587,-0.41721356,-0.047904477,-0.17688635,-0.14739878,-0.075261384,-0.23273231,0.10014135,0.083333336
1336,0.6231576,-0.32583886,0.02807951,0.04434021,-0.39023876,-0.01193434,0.14015357,-0.15501352,0.07692308
1337,0.98088217,-0.098128274,0.50696397,-0.13908586,-0.102890894,-0.37446555,0.5224402,0.3253643,0.055555556
1338,0.48162052,-0.075457975,0.2309722,0.09688663,-0.18014817,-0.10278091,0.3101083,-0.024008457,0.058823537
1339,0.44316724,0.42753714,0.6610206,-0.31840673,0.4160789,0.19507493,0.4326995,0.8696131,0.06666667
1340,0.7432395,-0.094790995,0.23487851,-0.17588091,0.31878942,-0.80021733,0.12686764,0.07413714,0.07142856
1341,0.58088344,0.031773638,0.17939879,-0.28892547,0.089684255,0.008089393,0.19108854,0.3264696,0.125
1342,1.0394384,-0.13292068,0.32339042,-0.119533874,-0.2602898,-0.46314168,0.5445087,0.26039553,0.066666655
1343,0.32992163,-0.13419217,0.14008868,0.032577656,0.06335253,-0.11028443,0.0494902,-0.28253183,0.05
1344,0.050337993,-0.063779265,0.5149726,0.6569866,-0.24569331,0.063215256,0.2402985,-0.26759595,0.08333333
1345,0.8803191,-0.41535735,0.29395524,-0.06831642,0.22879517,-0.86626744,-0.1337722,0.032052435,0.07692307
1346,0.44732526,-0.21669872,0.4903673,0.412467,-0.17178251,-0.26442355,0.1302682,0.053664897,0.06666668
1347,0.8957565,0.021747712,0.21632102,-0.42045212,-0.100219,-0.07783143,0.50589734,0.29694954,0.1
1349,0.6826564,-0.11585583,0.3881216,-0.041117154,-0.11299558,-0.042167187,0.19565423,0.4363732,0.05
1350,-0.13225901,-0.37140334,0.46111715,0.3882027,0.39561218,0.18119685,-0.83698344,0.06654747,0.062499996
1351,0.7926593,-0.12882613,0.043676183,-0.2944447,0.17437014,-0.60744995,0.17717575,-0.04653504,0.047619052
1353,0.3800903,0.17674203,0.28479958,-0.15245432,-0.09422697,0.39876616,0.3499288,0.44470596,0.062499996
1354,0.67703474,-0.27991694,-0.096074805,-0.18592364,-0.082079664,-0.29752713,0.00232625,-0.14271674,0.040000007
1355,0.40980193,-0.24285175,-0.22292499,-0.24848723,0.21751492,-0.25155187,-0.2796446,-0.2176051,0.083333336
1356,0.24252456,-0.3527481,0.21605071,0.21577516,0.033845767,0.027057089,-0.3535591,-0.057594102,0.04761905
1357,0.6504433,-0.01061816,0.16443379,-0.25644493,0.36853665,-0.61409426,0.09183745,0.11173077,0.06666667
1358,0.18456754,0.14892681,-0.0010010079,-0.21810082,0.24925976,0.051520362,0.15926708,-0.21513961,0.05
1359,-0.05581396,-0.29547828,0.49270642,0.44493383,0.25506875,0.074027166,-0.5104866,-0.19750015,0.062499996
1360,0.7172516,-0.09180614,0.26553023,-0.13137773,0.09614078,-0.486511,0.23636521,0.12763587,0.06666667
1361,0.49682173,0.2303192,0.39801538,-0.12691915,0.24716033,-0.2998233,0.5217517,0.11046639,0.0625
1362,-0.16675165,0.28203985,0.28431195,-0.031018816,0.54799926,0.2010766,-0.022667132,-0.087554395,0.039999995
1364,-0.24428305,0.15258144,0.15113981,-0.028311945,0.54532284,0.26050264,-0.23016036,-0.20019822,0.07692309
1365,0.8031438,-0.55380154,0.3229161,0.33960956,-0.51141596,-0.25754398,0.11270203,-0.1422088,0.11111111
1366,-0.103065625,-0.23431638,-0.01784812,0.25347903,-0.091167584,0.37219578,-0.29064155,-0.4916328,0.052631587
1367,0.080953605,0.123586714,0.13517296,-0.004523471,0.3515977,-0.07391511,0.08241068,-0.28412625,0.083333336
1368,-0.0070926026,0.39544255,0.2672462,-0.24838805,0.6171314,0.092090264,0.12660335,0.14437063,0.06666667
1369,0.39016828,-0.2280645,0.31225055,0.061269123,0.3863235,-0.46144378,-0.3419209,0.17219597,0.05263158
1371,-0.079846695,0.08922371,0.15308328,-0.19771132,0.19124272,0.811722,-0.3062409,0.3421916,0.099999994
1372,0.32583877,-0.10696137,0.51577073,0.23839977,0.26248863,-0.35646975,-0.0554215,0.088141106,0.09090909
1373,-0.3870498,0.06956597,-0.12077643,0.016340964,0.1680769,0.74249274,-0.26590076,-0.42941707,0.05263158
1374,-0.12681724,0.080594,0.2625398,-0.009980209,0.40783405,0.3959202,-0.24966593,0.010984171,0.0625
1375,0.6015126,0.0142828,0.44559413,-0.047270007,0.19209473,-0.30265582,0.3234328,0.099851474,0.071428575
1376,0.87131983,-0.32660666,-0.06807831,-0.13972408,-0.106738076,-0.7245375,0.24028309,-0.51062936,0.043478265
1377,0.8007709,-0.472297,0.13434866,0.20642713,-0.23066933,-0.6557753,-0.0013480633,-0.17028166,0.16666667
1378,0.40163007,0.041856024,-0.2144029,-0.4494813,0.17743361,0.068733454,-0.008234248,0.04636272,0.06666667
1379,0.8815176,-0.1624759,0.07572193,-0.38802618,0.111974016,-0.44676882,0.07368958,0.35471562,0.07692308
1380,0.70009816,-0.15578769,0.05194004,-0.19262084,0.024184957,-0.42338693,0.20051084,-0.12486255,0.09090909
1381,0.83655214,-0.38540083,0.46681195,-0.08573302,-0.09906827,-0.030998468,-0.10079303,0.4822071,0.09090909
1382,0.60135216,-0.12020497,0.32224423,-0.00024231523,0.21323346,-0.6002681,0.16961859,-0.12953235,0.0625
1383,0.40148962,-0.18332824,-0.2901473,-0.029415824,-0.22705863,-0.1905314,0.23394538,-0.77752244,0.07692309
1384,0.63153696,-0.34535238,-0.088712364,0.10713891,-0.43231845,-0.16037634,0.13692544,-0.3165314,0.05263158
1385,0.5505963,0.042607997,0.20581348,-0.19541234,0.07836022,-0.13726632,0.3013702,0.10057977,0.06666666
1386,0.9116717,-0.34128594,-0.08387281,-0.25021118,-0.2503916,-0.3336165,0.09239124,0.0896977,0.08333333
1387,0.6809179,-0.09477265,0.3051889,-0.0061663166,-0.013882875,-0.37255812,0.20679466,0.33210814,0.09090908
1388,-0.09577563,0.28864923,-0.20264785,-0.27041692,0.31558818,0.30919605,0.07895115,-0.24555795,0.12499999
1389,0.025908649,-0.10071549,-0.13780905,0.17881371,-0.20581017,0.3100815,-0.0006152019,-0.4924198,0.07692308
1390,0.4457055,0.123696834,-0.06605148,-0.49865985,0.29541326,-0.0007682666,0.06267154,0.22492678,0.0625
1391,-0.36763793,0.048527975,0.35346884,0.30997053,0.4910974,0.14506944,-0.29070574,-0.41932705,0.071428575
1392,-0.11961608,0.0852049,0.2675162,0.37367445,-0.0025557727,0.22333595,0.14035325,-0.28615642,0.07142857
1393,0.43447158,0.07956311,-0.24432047,-0.3296063,-0.06091319,0.055784665,0.31129324,-0.24023582,0.05263158
1394,0.7964761,-0.43242303,0.22979213,0.09451078,-0.021371096,-0.74412596,0.0154596865,-0.20294257,0.07142858
1395,0.8407977,-0.4558953,0.34030026,0.33462915,-0.4962616,-0.44588923,0.24174272,-0.060699817,0.07142857
1396,0.5877424,-0.034783367,0.6783183,0.19486675,0.018144429,-0.3706135,0.47251004,0.044668276,0.0625
1397,0.32877687,-0.5503526,0.3491739,0.28027236,0.12561041,-0.14442065,-0.66120744,0.025128629,0.07142857
1398,-0.22338313,-0.02611611,-0.15090735,0.11040877,-0.15101178,0.7169663,-0.14800224,-0.38249877,0.06250001
1399,0.33652443,0.2696823,0.027079187,-0.4143539,0.23802017,0.14217979,0.24481453,0.32149768,0.03846154
1400,-0.10706751,-0.03939442,0.1180165,0.0695876,0.33729693,0.17207935,-0.2963984,-0.20950644,0.0625
1401,0.08687868,-0.051382747,0.19637589,0.26260224,-0.010849521,0.047633268,0.0919707,-0.34093902,0.06666667
1402,0.0012757555,0.037374992,0.12102593,-0.060850583,0.25582656,0.28540796,-0.14912358,-0.06388077,0.05882353
1405,0.3570143,0.21238302,0.20375106,-0.314427,0.03974746,0.42305315,0.37291056,0.23748769,0.09090909
1406,0.56294847,-0.033972062,0.3606676,-0.111831434,0.1724385,-0.19504729,0.07630779,0.48583275,0.11111111
1407,0.5427561,-0.06431405,0.43358302,-0.25695154,0.44285208,-0.12658377,-0.18415122,0.6001521,0.071428575
1408,-0.22334981,-0.039812755,0.23728162,0.34608996,0.03732668,0.39422703,-0.0983516,-0.43965515,0.062499993
1409,0.006904632,-0.22015607,0.5476751,0.3432581,0.09746701,0.4011257,-0.4743619,0.37571397,0.055555556
1410,-0.23827559,0.047036096,0.32379025,0.012293808,0.42934084,0.6334936,-0.48857802,0.1961183,0.052631576
1411,-0.19027592,-0.12950572,0.13220674,0.39295903,-0.047878727,0.3687223,-0.22204284,-0.36354837,0.1
1412,0.119092725,-0.18747558,0.368538,-0.003180422,0.35257423,0.29581243,-0.5463428,0.34020245,0.083333336
1413,0.4965404,0.031911474,-0.03976281,-0.42076117,0.05900839,0.16544122,0.12261531,0.1856559,0.07692307
1414,0.42218155,0.17976913,0.098400354,-0.29752913,0.24973711,-0.14765248,0.2570877,0.17540054,0.09090908
1415,-0.33739784,0.27547,0.46958542,0.26861945,0.23928726,0.63724774,0.024746895,0.13337785,0.07142857
1416,-0.008800771,-0.10595691,0.7258024,0.38521522,0.4703464,-0.008832075,-0.41845626,0.32664147,0.04545455
1417,-0.06857636,-0.33026427,0.44337314,0.42229128,0.33969116,0.05866764,-0.65026873,-0.2213086,0.06666666
1418,-0.21185493,0.02551684,0.63655674,0.2570392,0.4300033,0.49260288,-0.35985884,0.1817827,0.062500015
1419,0.07974634,-0.060023915,0.3838917,0.1487979,0.23816827,0.26466238,-0.27126753,0.3130186,0.12500001
1420,-0.09665811,-0.3534803,0.21317407,0.2354827,0.3089847,0.19185445,-0.7325316,-0.216821,0.08333333
1421,-0.21490267,0.090513796,0.1326874,0.15378256,0.3179454,0.24319878,-0.20326373,-0.22827406,0.083333336
1422,0.19045803,-0.42247176,0.5712503,0.35689396,0.2611605,-0.02733133,-0.7285266,0.44768953,0.050000004
1423,0.13315189,-0.054466568,0.44030297,0.19033948,0.19965906,0.13242649,-0.14552191,0.23501888,0.062499993
1424,-0.13229334,-0.03679542,0.5285573,0.28463164,0.29371873,0.34711367,-0.31682086,0.084935695,0.0625
1425,-0.3624577,-0.041623246,0.5504666,0.22672498,0.5282007,0.5896389,-0.61406434,0.10040259,0.062499996
1426,0.0025733337,-0.2443851,0.52298146,0.20099294,0.3788987,0.2662952,-0.60088164,0.2355805,0.058823526
1427,0.03160985,-0.22375639,0.72055113,0.41990298,0.082899824,0.47786582,-0.41669095,0.50422,0.05263159
1428,-0.009031665,-0.4473764,0.48064762,0.680717,-0.15784581,0.27764767,-0.4731291,-0.19162147,0.0909091
1429,-0.25911263,0.1454589,0.6348131,0.30153948,0.5696286,0.19955932,-0.21916766,-0.036744025,0.071428575
1430,-0.230412,-0.00629746,0.7366564,0.22786146,0.7600257,0.21630904,-0.63199115,0.31237873,0.05882353
1431,-0.0053177252,0.08499488,0.51525384,0.25613812,0.2872475,0.14872718,-0.082032956,0.22910045,0.07692307
1432,0.5690405,-0.23671974,0.45499623,0.21234177,-0.026421204,-0.3352387,0.0829861,-0.022961427,0.06666667
1433,0.31851557,0.1283491,-0.18719693,-0.27260926,0.13548702,-0.12881231,0.3330043,-0.47481576,0.08333333
1434,0.87840515,0.15691526,0.18151338,-0.5133608,0.13460335,-0.35573173,0.6935249,-0.030477513,0.062499993
1435,0.61100906,0.23748505,0.3132397,-0.2912222,0.20878786,-0.2624073,0.4773686,0.29047415,0.06250001
1436,0.357665,0.11333616,0.019786865,-0.22235218,-0.04163657,0.26776046,0.23088615,0.17468701,0.05882353
1437,0.017955437,0.0014313888,0.15581033,0.12863149,-0.045970738,0.444067,-0.016997002,0.052094318,0.066666655
1438,0.3610866,0.28427473,0.17425427,-0.2481401,0.31898138,-0.2347745,0.43308717,-0.054750543,0.071428575
1439,0.3736639,0.114773005,0.44111013,-0.009179063,0.51520383,-0.56107527,0.12561187,0.14064352,0.076923065
1440,0.61337906,-0.044756796,0.23359315,-0.09649522,-0.06394747,-0.12264794,0.31984764,0.13740785,0.06250001
1441,-0.18019691,0.4838102,0.11939712,-0.011892259,0.27385494,0.3115646,0.43782306,-0.24318178,0.07142857
1442,-0.3427172,0.00078702625,-0.33413368,0.1002901,-0.12741654,0.7050014,-0.108640805,-0.6960784,0.058823526
1443,-0.15141627,-0.16079812,-0.20860995,0.12785913,-0.27923745,0.7239916,-0.15020785,-0.7016933,0.071428575
1444,-0.20947841,-0.14864631,-0.1444007,0.16263434,-0.21689515,0.78485674,-0.27173802,-0.4207331,0.090909086
1445,-0.5303967,0.3178223,-0.33268523,-0.12725341,0.12622216,0.8687932,0.019014746,-0.651813,0.058823526
1446,-0.17530796,-0.13745528,-0.04626894,0.17130795,-0.04496768,0.5651111,-0.23620193,-0.4745935,0.04166667
1447,-0.4625758,0.28092006,0.080038846,-0.04267835,0.47592336,0.5742278,-0.11837745,-0.42737004,0.055555556
1448,-0.054403134,-0.0411234,0.46994132,0.20828465,0.18849269,0.4226829,-0.2434189,0.13959667,0.07142858
1449,-0.12162178,0.22837305,0.53278005,0.2717338,0.23982365,0.36712608,0.122599185,0.13581361,0.071428575
1450,0.15506199,0.10262784,0.19801745,0.22500283,-0.4033162,0.41319627,0.51599836,-0.27555174,0.045454543
1451,-0.079549715,0.17625748,0.04085858,0.07871107,0.35671228,-0.16144201,0.15369321,-0.6670288,0.041666664
1452,0.78791296,-0.41731828,-0.09026493,-0.07698888,-0.23505773,-0.39095938,-0.032915093,-0.096588925,0.050000012
1453,-0.090442225,0.26489696,0.5047284,0.17593539,0.27106142,0.34747595,0.19684063,0.057795536,0.071428575
1454,0.18060067,-0.25928944,0.33539176,0.26908314,0.11517951,-0.00011686981,-0.32402515,0.010037884,0.055555563
1455,-0.14879492,-0.17688614,0.23821196,0.27049187,-0.16721298,0.8313074,-0.32366788,-0.07598086,0.07692308
1456,0.9692178,-0.26879406,0.20092578,-0.06344136,-0.24074073,-0.5296091,0.34985816,-0.026549328,0.06666668
1457,0.32588696,-0.20910314,0.20464292,0.3589368,-0.6714567,0.51672894,0.21429966,0.11834264,0.076923065
1458,0.2949561,-0.20920894,0.12587537,0.051733226,-0.028378233,0.12311113,-0.18612196,0.1288677,0.0625
1459,0.4022706,0.04844361,-0.10551238,-0.043298982,-0.1410446,-0.21783403,0.494691,-0.58949536,0.052631572
1460,0.573828,0.04707744,-0.021486908,-0.19615862,-0.05238077,-0.3548963,0.46211326,-0.252017,0.099999994
1461,0.014148451,0.21538323,0.2547877,-0.049962766,0.22504091,0.36018547,0.11895062,0.1326407,0.049999997
1463,0.088145666,0.26504064,-0.087663814,0.046742693,-0.052251846,-0.044624925,0.6557997,-0.837764,0.07142857
1464,-0.4138686,0.5472632,-0.19531132,-0.39553353,0.52127236,0.68931097,0.058285132,-0.102515355,0.07692308
1465,0.04351306,0.12308814,0.19649056,0.14677271,0.060855128,0.1674976,0.21974404,-0.31540397,0.083333336
1466,-0.27578926,0.060575195,0.01160121,0.3000834,0.048084423,0.10039203,0.15601929,-1.1353011,0.083333336
1469,0.1791589,-0.03671141,0.02687151,-0.18952176,0.22546875,0.24909666,-0.18769322,0.06743942,0.090909086
1470,0.1328463,0.08290841,0.6977989,0.24971133,0.33220118,-0.0043582767,0.084312946,0.12814237,0.05882353
1471,-0.10068066,0.08913393,-0.45709378,-0.18961668,-0.1199664,0.6058997,0.03895156,-0.52956164,0.045454547
1472,-0.14565775,-0.26786014,0.16901429,0.36837938,-0.2633583,0.8089035,-0.35428983,-0.15412284,0.06666667
1473,-0.44358772,0.016606856,0.2497965,0.3650537,0.22278151,0.53089213,-0.28098917,-0.42988947,0.045454547
1474,0.6624578,-0.5901624,-0.071746856,0.3282151,-0.7696516,-0.043522656,0.059276715,-0.43966576,0.06666668
1475,0.60179514,-0.046993617,0.31035784,0.0622317,-0.22922878,-0.049770102,0.4397322,-0.011297386,0.0625
1476,0.013862871,0.15761381,-0.06365508,0.16493478,-0.3002038,0.3574812,0.3990044,-0.36934713,0.11111111
1477,0.43203744,0.4102146,-0.049788147,-0.35801,-0.17680956,0.2781844,0.75006324,0.14277604,0.08333333
1478,0.38875017,0.11635859,-0.031854436,-0.21472108,0.17290565,-0.19470146,0.29355228,-0.24237455,0.043478265
1479,0.45625165,0.010221422,0.4058249,-0.012239054,0.108358175,-0.01651369,0.13938163,0.32390803,0.07142857
1480,-0.26042697,0.23658606,0.30298543,0.34845853,-0.17108999,0.6652328,0.3739571,-0.48360893,0.07142859
1481,0.54374564,-0.08372675,0.37604338,-0.085697405,0.014853045,0.08687194,0.13263427,0.35619843,0.14285715
1484,0.7560017,-0.31536782,0.43991232,0.015865639,0.08518398,-0.43974507,0.056556344,0.070783414,0.045454543
1485,0.6541905,-0.015776614,0.6685395,0.09537162,0.0049253553,-0.2347529,0.4370188,0.33932617,0.06666667
1486,0.55545574,0.05934708,0.6888076,-0.0065859854,0.32879102,-0.32852224,0.2691781,0.32562044,0.08333333
1487,0.7367271,-0.013359293,0.032208152,-0.35078263,-0.19755675,0.04376027,0.41573143,0.18334006,0.055555556
1488,0.447418,-0.16369477,0.567331,0.066396385,0.30001646,-0.18885815,-0.10987209,0.27379006,0.14285715
1489,0.64501387,0.044370428,0.0060985684,-0.41976684,-0.12503974,0.161879,0.39815247,0.181065,0.07692308
1490,0.55011415,-0.2257719,0.19389999,0.2500162,-0.31719607,-0.23615846,0.2906345,-0.22869273,0.2
1491,0.7709527,-0.17040993,0.2711696,-0.07335196,0.03249064,-0.4797169,0.20997326,0.05305903,0.06666666
1492,0.7439585,-0.11259544,0.2384377,-0.13250309,-0.08540644,-0.2870322,0.37498456,0.037568055,0.071428575
1493,0.9777154,-0.19742677,0.28524578,-0.14718124,-0.17108391,-0.4277963,0.3477487,0.2577534,0.06666666
1494,0.5118651,-0.09904109,0.5913518,0.09043181,0.20649022,-0.22035748,0.058385,0.27963078,0.049999993
1495,0.092289396,-0.11992836,0.3012417,0.24123663,0.19000205,-0.036895365,-0.10841161,-0.2740437,0.07142857
1496,0.94166875,-0.40008473,0.09743965,-0.29142034,-0.056816965,-0.36954957,-0.029763617,0.116613075,0.11111111
1497,0.8693546,-0.16881883,0.6839139,0.04115247,-0.014954314,-0.37612322,0.23583399,0.61604303,0.047619052
1498,0.5062523,-0.025797673,0.29027653,0.021835819,-0.032009438,-0.17613289,0.3514424,-0.08736065,0.055555552
1499,0.63549393,-0.07168579,0.09960509,-0.16216555,-0.28712022,0.10932137,0.378273,0.05538326,0.052631576
1500,0.96858513,-0.20321083,0.32075912,-0.10655204,-0.0938517,-0.58421504,0.3911966,0.076642714,0.058823545
1501,0.6229795,-0.1221244,0.103746295,-0.23903334,0.21520439,-0.4280057,0.09982701,-0.10789545,0.0625
1502,0.7427623,-0.013883162,0.22352187,-0.25482255,-0.019997984,-0.21566555,0.38338673,0.18156995,0.066666655
1503,0.77301335,0.06256835,0.7238291,-0.052084245,0.35445327,-0.66231716,0.43055898,0.30291402,0.066666655
1504,0.55628026,-0.27055192,-0.0069729835,-0.12866071,-0.09122048,-0.12754482,0.07734138,-0.38657826,0.05555555
1505,1.2526971,-0.41100016,0.46978992,-0.13465098,-0.29218364,-0.43661195,0.15884359,0.67691106,0.14285715
1506,0.529105,0.11137608,0.45965952,-0.12653118,0.3870917,-0.46263355,0.3746466,-0.10375883,0.1111111
1507,0.29217312,-0.10579173,0.7315525,0.4820185,0.110042974,-0.29783893,0.1663153,-0.020542432,0.083333336
1508,1.1152722,-0.2798686,0.4603389,-0.0964522,-0.05038874,-0.8308891,0.40420645,0.107988924,0.05882353
1509,0.6917315,-0.030054078,0.5786543,-0.048547365,0.26970577,-0.4957962,0.27594084,0.26299477,0.07142857
1510,1.3745408,-0.42089587,-0.17289607,-0.33006987,-0.74565953,-0.44900143,0.5500249,-0.0543116,0.076923065
1511,0.33512396,-0.28243026,0.33535755,0.39974308,-0.36447155,0.16362649,0.12045595,-0.16386898,0.090909086
1512,0.4191678,0.115662724,0.45064753,-0.19393882,0.84471416,-0.7539265,-0.09736472,0.2551337,0.066666655
1513,0.4123722,0.054287624,0.39238095,0.110904396,-0.22130428,0.19747488,0.406083,0.21511368,0.11111111
1514,0.58021176,0.041300956,-0.706015,-0.63834697,-0.114568874,-0.045757785,0.3807119,-0.6989327,0.16666666
1515,0.23229557,0.094574705,0.11402249,0.037555214,-0.1795945,0.30646247,0.30945808,-0.045683462,0.055555556
1516,0.23514858,0.217226,0.2960235,0.0070367977,0.07667836,0.12312375,0.37980998,0.089579344,0.05882353
1517,0.051766746,0.40598872,0.046195045,-0.12995467,0.1149462,0.26353902,0.5252848,-0.24695961,0.055555556
1518,0.80317765,-0.13206065,0.16937341,-0.1886127,-0.282439,-0.05221221,0.28467083,0.4083437,0.08333332
1519,0.63893485,-0.014703382,0.3265589,-0.15574077,0.22100061,-0.41571027,0.1666377,0.3139086,0.06250001
1524,-0.27036655,-0.06825149,0.39022398,0.32155064,0.17665298,0.5513177,-0.38155472,0.0031436197,0.0625
1525,-0.284186,0.0030047316,-0.06647128,-0.014856301,0.2136301,0.60386246,-0.3807938,-0.17894676,0.090909086
1526,0.26379725,0.29289204,-0.0042541027,-0.15833697,-0.13292892,0.25735053,0.61952084,-0.19463114,0.05882353
1527,0.30268958,0.2943478,-0.012448907,-0.18330222,-0.17123033,0.26493376,0.6320331,-0.05861831,0.055555563
1528,0.29131043,0.0297108,-0.18442105,-0.17634237,-0.14843239,0.22234805,0.23800047,-0.2845879,0.0625
1529,0.24882767,0.3423821,0.11168588,-0.015622467,0.0035550892,-0.09091103,0.71990895,-0.40787587,0.055555563
1530,0.3971549,0.2916857,-0.22980906,-0.41594136,-0.34266275,0.58020806,0.5784573,0.17219777,0.07692306
1532,-0.18335214,0.13296089,0.48744172,0.15905795,0.48700345,0.2732141,-0.1913312,0.0724542,0.07692307
1533,0.3488594,0.02570272,0.78932744,0.28010622,0.2660254,-0.21527284,0.14936952,0.35762927,0.06250001
1534,-0.071676776,-0.041901525,0.51100844,0.23766801,0.2297979,0.4487723,-0.26574346,0.18895152,0.07692308
1536,0.54570425,0.09358354,0.045823663,-0.4416569,0.29125053,-0.18434858,0.116135255,0.31341767,0.10000001
1537,0.4222165,0.36897114,0.35678166,-0.45686883,0.8636505,-0.60607344,0.2577777,0.1582288,0.07692307
1538,-0.022532605,0.40903986,0.22421935,-0.07810218,0.20072192,0.2774303,0.41417092,-0.017350052,0.099999994
1539,0.43976286,0.12844199,0.51011187,-0.06114816,0.42084873,-0.3326038,0.12835467,0.46303493,0.08333334
1541,0.124731086,0.10339287,0.22142938,-0.12839797,0.72057766,-0.37981373,-0.1719072,-0.03112683,0.125
1543,-0.06389128,0.12637125,0.87092865,0.33106425,0.31653437,0.45614713,-0.13369274,0.6215679,0.08333334
1544,0.6386342,0.28476834,0.37892354,-0.38302302,0.19954494,-0.07415721,0.4609543,0.672929,0.055555552
1545,0.68470323,-0.31100094,-0.022837058,-0.168758,0.05505812,-0.48027956,-0.09625817,-0.09530786,0.076923095
1546,-0.12956458,-0.18152213,-0.2696731,-0.042648666,-0.091244206,0.7205956,-0.40568727,-0.40920478,0.076923065
1547,-0.10483879,-0.1899463,0.14212477,-0.017915145,0.3810361,0.36970627,-0.6688013,-0.039014693,0.05263158
1548,0.0021471009,0.08803436,0.24187955,-0.29690155,0.22317892,0.9145662,-0.3046252,0.5582437,0.08333333
1549,-0.13687992,-0.023735696,0.40347666,0.18856744,0.4313904,0.12074633,-0.3423488,-0.05246773,0.06666668
1550,0.8963982,0.06061002,0.082092896,-0.16810241,-0.2925533,-0.51795524,0.8702814,-0.31844428,0.055555556
1552,0.11607791,-0.19615597,0.12771142,-0.15030953,0.25190383,0.42688504,-0.5668076,0.3026861,0.08333333
1556,0.8022919,-0.34301022,0.28171495,-0.14276826,-0.117783055,-0.058040574,-0.079788186,0.40698656,0.09090908
1557,-0.13623084,0.19692084,-0.093119994,-0.15951735,0.45307505,0.118084684,-0.15151104,-0.25528157,0.06666668
1558,0.7034606,-0.18623309,-0.014107257,-0.025043711,-0.25153345,-0.40665492,0.37158054,-0.341279,0.052631576
1559,0.37119284,0.002246596,0.17611371,-0.03602148,-0.14896517,0.22003084,0.25246364,0.10441232,0.07142858
1560,0.6107147,-0.20468915,0.2321145,-0.2681133,0.18761311,-0.045928895,-0.23830536,0.5763498,0.1
1561,-0.2576596,-0.04108979,0.15131411,0.47133124,-0.08260818,0.32931733,-0.030544922,-0.59684926,0.07692308
1562,0.082828246,0.015053624,0.033703893,0.06509651,-0.03960423,0.26161003,0.035256207,-0.14727697,0.06666667
1563,0.2572889,-0.250093,0.021923512,0.1576267,-0.20908742,0.15762341,-0.13440463,-0.09852706,0.06250001
1564,0.25493497,0.14584593,0.053677708,-0.013093747,-0.10723294,0.101653986,0.46255785,-0.2712029,0.05882353
1565,0.070106335,-0.091571584,0.44569266,0.3956508,0.14252299,-0.026912868,-0.08222048,-0.10731667,0.08333333
1566,-0.07429592,-0.050882954,0.24776247,0.21054173,0.15917954,0.2613297,-0.1787413,-0.15104176,0.06666666
1567,0.18081933,0.20691362,0.2357024,0.1296529,-0.21617307,0.32327172,0.56108564,-0.25293943,0.06666667
1568,0.6881908,-0.097340256,0.6519792,-0.043365948,0.28987205,-0.4264387,0.1292101,0.45639053,0.071428575
1569,0.021171592,0.2564411,0.5700004,0.21681264,0.2625488,0.06219843,0.32477105,-0.0725884,0.07142856
1570,-0.2975222,-0.21370019,0.23283505,0.10861931,0.16568036,0.8844766,-0.55832213,-0.26088288,0.1
1571,-0.23511434,0.04131429,0.20751125,0.009728424,0.17285126,0.87732595,-0.24503314,-0.057412963,0.055555563
1572,-0.46354035,0.015487937,0.07310417,-0.088005744,0.102437034,1.3815999,-0.48457026,-0.10936104,0.055555556
1574,-0.09981608,-0.067215204,0.304565,0.32875368,0.11503319,0.21515933,-0.21950388,-0.09555456,0.05882353
1575,0.5814073,-0.13141495,0.9557055,0.21780705,0.36006415,-0.39399374,0.010254785,0.579253,0.090909086
1576,0.98578644,-0.08222869,0.25503576,-0.40183616,-0.14627372,-0.095237315,0.38175738,0.5622896,0.10000001
1577,0.8408687,-0.25800017,-0.2083806,-0.37274724,-0.17035697,-0.22292703,0.07187782,0.032428693,0.06666667
1578,0.46757194,-0.16544253,0.26550972,0.34762642,-0.41552222,-0.10504651,0.40917587,-0.2687538,0.124999985
1579,0.25596613,-0.12708706,0.20610805,0.14796463,-0.18158336,0.267614,0.0540414,-0.06394218,0.055555552
1580,0.94895554,-0.101526976,0.3845176,-0.14742023,-0.12956746,-0.4282694,0.46479505,0.29553404,0.055555556
1581,0.83661586,-0.28832847,-0.029700339,-0.19128749,-0.21026053,-0.33306223,0.22381835,-0.19223873,0.062499993
1582,0.068275474,-0.103269815,0.14975432,0.24193284,-0.14083917,0.31884456,-0.026728421,-0.16505551,0.058823526
1583,0.06472976,-0.15697446,0.0881305,0.14387283,-0.09812544,0.32663858,-0.12239678,-0.3046141,0.045454543
1584,0.08483664,0.0660408,0.168432,-0.018331848,0.10389583,0.3374946,-0.02907668,0.17607024,0.09090909
1585,0.3109889,-0.013375338,-0.101550475,-0.23728728,0.16911392,0.002559431,-0.03685408,-0.019690547,0.05
1586,-0.0017794371,0.19709286,0.8919061,0.2712349,0.4908437,0.14928252,-0.015281126,0.5291084,0.06250001
1587,-0.21498036,0.34564927,0.41421366,-0.10827046,0.5959052,0.44225776,-0.103895396,0.26401827,0.05882353
1588,-0.19128673,0.29952702,0.6282916,0.2394962,0.25980833,0.5665464,0.09854515,0.33791235,0.058823537
1589,0.15895128,0.01926357,0.0654307,0.14326896,-0.2276914,0.26335946,0.25615072,-0.17252645,0.05882353
1590,0.33136183,0.10463649,0.06452469,-0.29104394,0.26586452,-0.031037517,0.091102466,0.020374063,0.055555563
1591,0.72385836,0.083736256,0.13222446,-0.3493414,0.19365624,-0.43989182,0.35890013,0.14802976,0.06666666
1592,0.382808,-0.12126556,-0.34112132,-0.33072096,-0.042274326,0.12078369,-0.0026365444,-0.34055784,0.07692308
1593,0.51564777,0.16143706,0.01783172,-0.37755015,0.12682223,-0.088342935,0.36890966,0.0070160143,0.07692308
1594,-0.13016628,-0.029637594,0.22751507,0.23886093,0.23183405,0.19392167,-0.16175017,-0.29960164,0.11111111
1595,0.6233801,-0.1628863,0.08840592,-0.15164125,-0.007812962,-0.1849955,0.0025165975,0.21343434,0.071428575
1596,0.47762772,-0.08955154,-0.0335162,-0.018712752,-0.23141949,-0.07567246,0.2820714,-0.23400204,0.050000004
1597,0.50010556,0.043755624,0.060669858,-0.28544655,0.035029605,0.04321688,0.25554103,0.082341336,0.058823526
1598,0.5232945,0.07540195,0.1539538,-0.20377672,0.20109715,-0.30933273,0.29739887,-0.042320114,0.06666667
1599,0.44016787,0.00058237463,-0.00075258315,-0.17485103,0.105978526,-0.22049147,0.19090472,-0.17176834,0.03999999
1600,0.28514826,-0.23642562,0.08746752,-0.0074628815,0.04240167,0.1293756,-0.3430434,0.17845693,0.06666666
1601,-0.13975906,-0.24481304,0.088518955,0.43681073,-0.32311916,0.5848459,-0.17967474,-0.45722565,0.058823526
1602,0.4094152,-0.3011371,0.32042354,0.31087914,-0.12244503,-0.17229667,-0.079701215,-0.010252494,0.058823522
1603,0.18574777,-0.07601091,0.37723994,0.33087432,-0.2722882,0.28352988,0.21715228,-0.016882706,0.11111111
1604,0.17363974,0.17025311,-0.26637566,-0.15428016,0.14941466,-0.19717234,0.3288712,-0.83630973,0.058823537
1605,0.04758992,0.32775962,0.3389644,0.18461442,-0.20158397,0.5114831,0.5677322,0.017719347,0.07692307
1606,-0.2310535,-0.37384778,0.013101935,0.3299707,-0.07602669,0.6049676,-0.6426807,-0.40388265,0.071428575
1607,-0.15545377,-0.42605016,-0.2518676,0.2819517,-0.48799437,0.8243554,-0.4005028,-0.7126292,0.07692306
1608,0.36719963,0.0671123,-0.16073222,0.18678786,-0.5830931,0.05711776,0.7233692,-0.799514,0.099999994
1609,0.65486616,-0.53090084,0.1820595,0.31210357,-0.6952819,0.027528383,0.069628015,-0.11009158,0.05882353
1610,0.47923782,-0.093168646,0.023112357,-0.2898305,0.22512946,-0.13478467,-0.10493523,0.17898,0.071428575
1611,0.5106067,-0.3149199,0.7474457,0.4547778,0.2850546,-0.8000052,0.040017292,-0.40288863,0.07692309
1613,0.019368678,0.083384454,0.5023722,0.4591419,-0.21991454,0.32454455,0.34807247,-0.08324896,0.06666667
1614,0.107987486,-0.24574281,0.014700189,0.02376581,0.26870465,-0.028147906,-0.41929168,-0.27884215,0.05
1615,0.5248247,-0.017237902,0.5891216,0.36529475,-0.13511299,-0.3862745,0.5142723,-0.020144332,0.071428575
1616,0.22632357,0.22824116,0.2769748,0.11015692,-0.08800407,0.11230649,0.5960019,-0.19204889,0.055555556
1618,0.6739159,-0.21498911,-0.2946627,-0.3233999,-0.1315081,-0.18280792,0.076518565,-0.22083618,0.055555556
1619,0.2708327,0.021688936,0.42502487,-0.18878159,0.7333434,-0.3395816,-0.23999305,0.08504555,0.1
1620,-0.21420252,-0.13062724,0.8191488,0.5759082,0.25571552,0.3711794,-0.4653228,0.3107822,0.0909091
1621,0.22879115,-0.1932614,0.09961227,0.27403453,-0.18965895,-0.13371849,0.18791087,-0.684516,0.124999985
1622,0.46637657,0.11070931,-0.25959706,-0.12083531,-0.56038034,0.19519672,0.7424003,-0.5245272,0.07692309
1623,0.22385335,-0.2551,0.34418342,0.32814884,0.04028593,-0.13004288,-0.11471971,-0.26944283,0.07692309
1624,0.5441097,-0.42677203,0.5035052,0.09965805,0.22443038,-0.2498371,-0.4727226,0.4081381,0.07692307
1625,0.44091204,-0.25335175,-0.061818644,0.115105495,-0.48372513,0.15200733,0.13993163,-0.22326379,0.09999999
1626,0.0756327,0.14800566,-0.3085428,-0.20578313,-0.010758638,0.26930612,0.16991092,-0.34215823,0.07142856
1627,0.42242104,-0.3668735,0.048622094,0.0727534,-0.078507945,-0.048279434,-0.24615951,-0.14714262,0.06250001
1629,0.52709484,-0.43588233,0.09202642,0.06347733,0.07963738,-0.43388492,-0.3379357,-0.15164283,0.06666667
1630,-0.3179378,-0.2173967,0.38506442,0.2538707,0.46474248,0.4829404,-0.7578458,-0.08935335,0.07692307
1631,-0.105724014,-0.066667125,0.32707152,0.24638346,0.40291208,0.014843151,-0.3491059,-0.08592616,0.090909086
1632,-0.3747626,0.082549766,0.15236878,0.031390257,0.50145894,0.49524325,-0.43680078,-0.19749393,0.04999999
1633,0.9608375,-0.23833032,0.03407731,-0.2265422,-0.06840095,-0.6151223,0.19269292,0.11992136,0.058823537
1634,-0.34404635,-0.05795523,0.25659245,0.3345748,0.042109847,0.7425028,-0.34739327,-0.19685291,0.07142857
1635,0.44719407,0.1688416,0.14805816,-0.24185953,0.20909305,-0.13057134,0.25151342,0.29240406,0.12500001
1636,-0.010001931,0.20893368,0.39412814,0.00682956,0.49752325,0.09217681,-0.07547743,0.28488067,0.0625
1637,0.086899854,-0.25203353,0.004812576,0.014843501,0.23469433,0.105037704,-0.50158256,-0.17701681,0.047619052
1638,0.5227241,-0.17156588,-0.5652632,-0.33368447,-0.42455113,0.13443023,0.21382882,-0.54090756,0.07692308
1639,0.40999815,-0.1740547,-0.05040975,-0.11346757,0.14551826,-0.2926068,-0.09778292,-0.18642317,0.07692308
1640,-0.0047598034,0.42168602,-0.09690039,-0.22512028,0.263498,0.1676816,0.3863778,-0.22958873,0.04761905
1641,0.50903064,-0.34792414,0.14094451,0.14788884,-0.077564105,-0.30777577,-0.07702145,-0.22802825,0.050000004
1642,0.98539984,-0.37103388,0.3031308,-0.011144541,-0.016547441,-0.7939261,0.138867,0.021399498,0.05882353
1643,0.4790474,-0.15788983,0.015380733,-0.09981527,0.18517184,-0.39050224,-0.08702517,-0.07009865,0.071428575
1644,0.9824171,-0.46001342,-0.12390888,-0.17108092,-0.39848703,-0.44035512,0.21792029,-0.40393478,0.06250001
1645,0.4897448,-0.050383307,0.5045762,-0.09516025,0.4282831,-0.29536384,-0.11635517,0.44846737,0.050000004
1646,0.38359648,-0.3192773,-0.4812855,0.07607789,-0.3943146,-0.20931968,0.12958099,-1.0543725,0.06666666
1647,0.02103728,0.33431298,0.23735991,-0.030000068,0.18370733,0.29718578,0.38521427,-0.1090986,0.052631576
1648,-0.11735079,-0.21460293,0.5488165,0.36329493,0.38728034,0.20388424,-0.57115495,0.059844587,0.06666668
1649,0.44845417,-0.031347036,-0.080100685,-0.35103917,0.24370411,-0.15474345,-0.09414606,0.13358523,0.07692308
1650,-0.066074245,-0.3239973,-0.14564358,0.2778675,-0.18596856,0.32979453,-0.31320077,-0.6497429,0.071428575
1651,0.5706535,-0.34375483,-0.050906345,0.08036344,-0.27303165,-0.20439407,0.07346271,-0.40799224,0.07692309
1652,-0.30980936,-0.37650076,0.077385254,0.30438456,-0.18519329,1.0033191,-0.7147334,-0.281728,0.125
1653,-0.10544196,-0.009539497,0.6428459,0.16546288,0.39983627,0.5285313,-0.4458481,0.57648325,0.05
1654,-0.3945929,-0.11470665,0.36038187,0.5767719,0.10634547,0.44540185,-0.317962,-0.5103368,0.125
1655,-0.078135,0.19182381,0.3800643,0.011482127,0.19444399,0.635255,-0.020735517,0.34247234,0.058823526
1656,-0.4033124,0.018227516,0.36319768,0.5006148,0.4061767,0.06415929,-0.24506088,-0.54245853,0.08333334
1658,0.30683056,0.25926083,0.051075615,-0.43736863,0.40746444,0.006517768,0.15337966,0.23745401,0.09090908
1659,0.20738918,-0.4938915,0.1868166,0.39629674,0.17422616,-0.37240785,-0.5976198,-0.32228827,0.16666667
1660,-0.18698028,-0.21079747,0.68438834,0.40526548,0.61442196,0.0914297,-0.7049876,0.055454507,0.07692307
1661,-0.50942814,0.1963547,0.5139478,0.28467774,0.80633277,0.21592814,-0.38550383,-0.15609396,0.0909091
1662,-0.23326793,0.16613749,0.1931706,0.1763067,0.15256916,0.47112575,-0.02532629,-0.14519079,0.12499999
1663,-0.17148411,0.70337075,0.6571538,-0.3421425,0.700432,0.7412063,0.19381545,0.9977681,0.06666666
1664,0.67679274,0.18925366,0.13932423,-0.46411926,0.18340515,-0.14790386,0.37592137,0.4124639,0.04761905
1665,-0.33264068,0.2506128,0.00855425,0.13342007,-0.08404516,0.7442219,0.2626735,-0.3401394,0.090909086
1666,-0.40337288,0.1271657,0.25318593,0.18017049,0.21832067,0.76932937,-0.14593197,-0.27349165,0.055555563
1667,-0.44669387,0.041683648,0.1600115,0.0568635,0.010876581,1.2824739,-0.33602452,-0.119824395,0.08333333
1677,0.14938378,0.012656901,0.5957291,0.3264943,0.2047607,-0.17302898,0.14582951,-0.16289334,0.07142858
1678,0.010341197,0.1451275,0.56532705,0.3639354,0.046935007,0.16161096,0.25558037,0.0348374,0.06666667
1679,0.35580963,-0.1936918,-0.059591457,0.1533798,-0.70425475,0.500502,0.31819254,-0.23515694,0.058823537
1680,0.54568505,-0.0473548,0.28888312,0.31418762,-0.5395628,-0.11865324,0.72866106,-0.3156156,0.05882353
1681,0.24860063,0.08673902,0.3945654,0.31395298,-0.25455648,0.132194,0.46612704,-0.031080794,0.07142856
1682,0.19675088,-0.026677798,0.70460093,0.55350786,-0.17123757,0.04268606,0.31070578,0.041667208,0.09090909
1683,0.40568563,-0.07069351,0.44282353,0.2014229,-0.055016592,-0.15020059,0.17932676,0.22579977,0.083333336
1684,0.09619964,-0.198347,0.35043627,0.5335249,-0.26621532,0.1111825,0.08075161,-0.2836964,0.07692308
1685,0.040137537,0.2426352,0.4232244,0.29654908,-0.19644015,0.4151844,0.55495656,-0.09417352,0.06666666
1686,0.19772375,-0.0714505,0.4332435,0.507358,-0.46221834,0.2890856,0.35986114,0.0037035085,0.05555555
1687,0.39748806,-0.05546358,0.32987967,0.4120596,-0.29751694,-0.3023923,0.53981847,-0.45280656,0.125
1688,0.15719149,-0.09111285,0.32798177,0.42802322,-0.70921135,0.74864364,0.37567204,-0.05746456,0.090909086
1689,0.18376979,0.11071229,0.33977807,0.17658052,-0.18958037,0.3149864,0.3877101,0.017022405,0.05882353
1690,0.33163807,0.14955607,0.4385394,0.2667199,-0.3265112,0.16676292,0.6317524,0.025682554,0.041666664
1691,0.08260686,0.14623281,0.4794451,0.32267165,-0.11487125,0.16872364,0.42766726,-0.19020595,0.083333336
1692,0.23338807,0.033571277,0.49584264,0.35729027,-0.363903,0.31882954,0.46757853,0.020678543,0.07692308
1693,0.6741107,-0.21472472,0.29039195,0.3181604,-0.61544275,-0.1439783,0.5503539,-0.17132819,0.076923065
1694,0.48518917,-0.31122115,0.15787655,0.35986513,-0.55897963,-0.058170557,0.26308692,-0.3676522,0.05882353
1695,0.3037924,-0.090867504,0.28364968,0.38828766,-0.56872946,0.29763788,0.48662013,-0.26953834,0.041666668
1696,0.3109447,-0.07904504,0.32909155,-0.0016029924,0.1482936,0.05772418,-0.13956271,0.3853125,0.083333336
1697,0.7745006,-0.4145596,0.36685994,0.34189835,-0.43859088,-0.4418729,0.28779197,-0.17301902,0.10000001
1698,0.4274026,-0.24015824,0.1223375,0.2833012,-0.47688627,-0.01072479,0.30402386,-0.41249076,0.07692309
1699,0.12241871,0.024899255,0.62054014,0.373462,-0.17126183,0.42737,0.17698644,0.3732342,0.076923065
1700,-0.023468278,-0.13257661,0.37288344,0.5516326,-0.544263,0.7101528,0.15553512,-0.093915075,0.06666666
1701,0.13271177,0.20777436,0.5812699,0.19204152,0.0065874755,0.3340465,0.3506232,0.27205467,0.076923065
1702,0.31842503,-0.25839996,0.6494757,0.39785254,-0.44155443,0.54297256,0.054128602,0.2466555,0.1
1703,0.32359102,-0.27220768,0.3214677,0.55975807,-0.3744852,-0.18172416,0.16978835,-0.37999508,0.07692308
1704,0.13478512,-0.0636908,0.23965043,0.36493915,-0.43816614,0.42516553,0.31648016,-0.23396797,0.07142856
1705,0.18033782,0.22282805,0.25330645,0.21823916,-0.1920044,0.04205495,0.69668454,-0.46091256,0.07692308
1706,0.7928759,-0.2207542,-0.6193724,-0.3800762,-0.2405978,-0.547549,0.28369182,-0.74255854,0.055555563
1707,0.17464787,-0.024653202,0.88270104,0.6418662,-0.19149129,0.20756783,0.18927987,0.49297798,0.1
1708,0.00023834407,-0.06621058,0.25263533,0.4349351,-0.53503406,0.6630486,0.27243912,-0.19396837,0.125
1709,0.034611113,0.21225384,0.35130692,0.098504566,0.029055372,0.37570333,0.26884604,0.066247925,0.0625
1710,-0.2769317,0.050894428,0.032899372,0.3621196,-0.54668224,1.0439157,0.18219243,-0.48768225,0.14285715
1711,0.25472382,0.014752425,0.43799466,0.032526575,-0.27265275,0.7762768,0.1507938,0.5868015,0.071428575
1712,0.4575505,-0.20232636,0.4688297,0.41335252,-0.32426894,-0.11960545,0.26748258,-0.02049457,0.07142857
1713,0.08979946,-0.0222654,0.26632044,0.45772356,-0.46426082,0.3305443,0.40657735,-0.40473065,0.04999999
1714,0.0012414679,-0.15389927,0.4267041,0.5222943,-0.33807623,0.5105808,0.079706386,-0.13303904,0.052631587
1715,-0.0063619018,0.03089565,0.02190648,0.27920642,-0.42890579,0.57186353,0.2725606,-0.25583512,0.06666667
1716,0.26263264,-0.061738428,0.04289317,0.19710428,-0.64113486,0.5524109,0.46280915,-0.28167245,0.07142858
1717,0.33098194,-0.09614976,0.18293643,0.25993046,-0.15177815,-0.2603222,0.2584511,-0.3111697,0.06666667
1718,0.14437309,0.112881616,0.13982904,0.13147122,-0.3353865,0.42507687,0.43596298,-0.15119262,0.08333333
1719,0.009316288,0.037431877,0.2766796,0.21216097,0.023158357,0.1919288,0.08446285,-0.1758458,0.099999994
1720,0.3973641,-0.0019140686,0.46983838,0.17122191,-0.22858582,0.23877972,0.31054324,0.34360847,0.058823537
1721,0.211227,-0.18534583,0.54739195,0.59667516,-0.39359725,0.16406754,0.20610724,-0.07015324,0.049999997
1722,0.11101618,-0.016417917,0.11164208,0.3975758,-0.5029754,0.3484504,0.39440042,-0.3684275,0.06666667
1723,0.20729724,0.024105774,0.47151625,0.41095603,-0.19511639,-0.006648779,0.38014865,-0.0421363,0.11111113
1724,0.16505995,-0.18418646,0.10525775,0.34746498,-0.6649658,0.66094065,0.19110595,-0.17265384,0.083333336
1725,0.039603926,-0.22801954,0.1932591,0.34879512,-0.31522202,0.47873598,-0.111620925,-0.16430049,0.071428575
1726,0.027584136,-0.16129494,0.46327424,0.4773178,-0.16897018,0.3450086,-0.07808684,0.029269371,0.0625
1727,0.08732278,0.04617431,0.18287377,0.27896327,-0.26395732,0.27587777,0.33819658,-0.23741685,0.06666666
1728,0.31791157,-0.099088535,0.3078327,0.35993814,-0.3676288,0.081410035,0.38375443,-0.23506613,0.07142857
1729,0.018156134,-0.050875615,0.23465994,0.3285718,-0.14814414,0.3237544,0.11027995,-0.26030308,0.05882353
1730,0.21325618,0.09874393,0.68244565,0.52563,-0.24409245,0.06953785,0.5005764,0.17594032,0.076923065
1731,-0.16358072,0.00034027733,0.1596574,0.49837857,-0.5659785,0.7414203,0.30318046,-0.37621275,0.1
1732,0.5944745,-0.31941953,0.29839498,0.45683053,-0.6755388,-0.037656143,0.33252442,-0.039552096,0.11111111
1733,0.26583996,-0.049256764,0.01990702,0.1621906,-0.6113182,0.51296276,0.4089465,-0.22848113,0.055555563
1734,0.0018682852,0.03130416,0.5063827,0.46042138,-0.16572864,0.36393464,0.22419055,-0.018029,0.05263159
1735,0.025687262,0.033665754,0.08539449,0.43291146,-0.6112212,0.49551138,0.4658839,-0.405347,0.058823526
1736,0.32866982,-0.074736506,0.4828971,0.161091,-0.24662812,0.4875984,0.16564985,0.41215855,0.058823526
1737,-0.14446698,0.19693819,0.3665218,0.3332329,-0.06908761,0.47670835,0.29632193,-0.18545018,0.05555555
1738,-0.14571398,0.12485376,0.13122042,0.23536646,-0.06559861,0.40957713,0.17255677,-0.33109692,0.06666667
1739,0.59458953,-0.11896825,0.0658783,0.0953737,-0.80514044,0.41359288,0.5809315,0.037766926,0.06666667
1740,0.21757862,0.2261989,0.25283933,-0.011096902,-0.09617497,0.33763134,0.47817338,0.00033127517,0.09090909
1741,0.4068167,-0.07319771,0.005016461,0.13087612,-0.5086742,0.22174326,0.40332913,-0.19219805,0.06666667
1742,0.083166264,0.25757688,0.7569768,0.4783408,-0.17876376,0.29142845,0.65696275,0.06675712,0.07692308
1743,-0.38796073,0.085490346,0.3997773,0.43125463,-0.19540812,0.9341592,0.04787962,-0.29090908,0.111111104
1744,0.38327882,-0.31691626,0.20913926,0.08474554,0.12849906,-0.16335365,-0.3712135,0.13287565,0.047619052
1747,-0.34082168,0.3197904,0.048088044,-0.06252884,0.1825537,0.79933125,0.08982815,-0.20620392,0.0625
1748,-0.013200179,-0.01826226,0.6450019,0.044294685,0.45320648,0.48818806,-0.4539848,0.64271677,0.06666667
1754,0.22147474,-0.27726424,-0.22536255,0.047993384,-0.095441565,-0.042021394,-0.20469716,-0.42396888,0.06666667
1755,0.33750743,-0.14206633,0.062469687,-0.065147586,0.33024618,-0.4485674,-0.124871105,-0.38439175,0.07142856
1756,-0.49895957,0.17834023,-0.35774606,0.101782694,-0.21370195,0.9548144,0.11444652,-0.92669666,0.09090909
1757,0.49844328,-0.15789257,0.1564021,0.055538584,-0.3008865,0.10050634,0.19346605,-0.019124288,0.07142858
1760,0.44958833,0.30990958,0.09148714,-0.42867142,0.24998502,-0.021668889,0.4231341,0.20014615,0.05
1761,0.56004643,-0.032291193,0.23209831,-0.10758688,0.19758749,-0.41904068,0.19809891,0.0024043731,0.055555563
1762,0.6129839,-0.32022396,0.36636278,0.15758014,0.035004035,-0.44696563,0.01898159,-0.08368671,0.06666667
1764,0.044429652,0.045915194,0.18925944,0.11781089,0.09112735,0.19360894,0.02057153,-0.04779328,0.05882353
1765,0.057806887,-0.17407744,0.45011842,0.41170204,0.09864722,0.06622794,-0.19893269,-0.10486199,0.055555556
1766,0.6447387,0.2163068,0.44483167,-0.49634588,0.31491542,0.1809088,0.13230245,1.1528168,0.11111111
1767,0.3325604,0.27831146,0.4234218,-0.25042456,0.33147454,0.14499182,0.26292408,0.54518276,0.1
1768,0.38643658,0.0611384,-0.039566875,-0.12928733,-0.27085268,0.2921526,0.37077665,0.00578006,0.062499996
1769,0.8412619,-0.1708938,-0.0008885488,-0.35141087,0.09224234,-0.5082654,0.1024984,0.14033873,0.071428575
1770,0.6257297,-0.057145964,0.26517314,-0.17667982,0.30949163,-0.51149315,0.11766337,0.059694726,0.05882352
1771,-0.2206254,-0.1539211,0.07730623,0.3065979,0.16682518,0.18925732,-0.3119293,-0.7092779,0.06666666
1773,-0.29987517,0.081035316,0.28130388,0.3266947,0.18040176,0.42360368,-0.101194896,-0.26074937,0.09090909
1775,1.1148564,-0.27497518,-0.48780757,-0.5867359,-0.4334541,-0.3022488,0.31923676,-0.116016194,0.066666655
1776,0.68490076,-0.048855264,0.04595673,-0.17520013,0.08469086,-0.5874694,0.36503154,-0.32465428,0.06666666
1777,0.35423622,-0.00095354766,-0.34609115,-0.14073327,-0.15338056,-0.15897992,0.3625223,-0.7186985,0.083333336
1778,0.559549,0.211868,-0.28944737,-0.4924317,-0.061530277,-0.019033954,0.48284608,-0.019815091,0.06666667
1780,0.79353297,0.24261695,0.2804028,-0.5225118,-0.1757846,0.43191057,0.5889521,0.8402534,0.055555552
1781,0.3006071,0.23204516,0.46435326,-0.13838768,0.16050673,0.3578319,0.21834554,0.67362803,0.062499993
1782,0.7126524,-0.044188395,0.21811604,-0.19179311,-0.054558605,-0.18889186,0.3385023,0.20425667,0.047619037
1784,0.27497154,0.08445664,0.053009965,-0.36920348,0.18733402,0.37787348,0.0040690154,0.21327002,0.076923065
1785,0.15399781,-0.3074342,-0.09660721,-0.0061744004,-0.06993455,0.3664262,-0.39848936,-0.16772805,0.05882353
1786,0.59617585,0.23939903,0.2930556,-0.20727295,0.09654072,-0.26471782,0.63009906,0.12594493,0.06666667
1787,-0.08940061,0.18951115,0.1019454,-0.114647456,0.22847164,0.55180705,-0.061530612,0.16050586,0.062499996
1788,-0.065466,-0.10456984,0.28788453,0.34248853,-0.12690945,0.49979803,-0.09480981,-0.115584984,0.062499996
1789,0.23203069,-0.054588564,0.091246,0.0153931305,-0.04476382,0.24855673,-0.007727325,0.1005182,0.071428575
1790,0.22828284,0.04107298,0.3857863,0.15410936,0.24681367,-0.24108043,0.1638241,-0.16974,0.052631572
1791,0.3236045,0.094212905,-0.15744369,-0.12847766,-0.11672987,0.024524704,0.36447978,-0.36171684,0.041666668
1792,1.1126586,0.09292169,0.26816052,-0.4852261,-0.25728565,-0.10082844,0.77380645,0.48908353,0.055555556
1793,0.58478796,-0.082431406,-0.101037785,-0.34669587,-0.09250374,0.11474334,0.10883373,0.18867312,0.050000004
1794,0.29214275,-0.015172873,0.2909422,-0.058988668,0.32508975,-0.100832045,-0.11477851,0.22912803,0.055555552
1795,0.49886224,-0.043001607,-0.33121604,-0.5618723,-0.029391944,0.34332106,-0.108199246,0.39426458,0.10000001
1796,0.18232521,0.38322005,0.2651195,-0.2892204,0.63562286,-0.20964986,0.28396368,-0.019400734,0.07692308
1797,0.61936843,0.00078525394,-0.0768054,-0.30699843,0.27435085,-0.63283217,0.2121406,-0.27371457,0.07142856
1798,0.2054941,-0.3457579,0.2515069,0.2565414,-0.06872925,0.14173284,-0.32597753,-0.08537613,0.09090909
1808,0.10596038,-0.10647234,0.38215965,-0.0030440912,0.25094676,0.35549825,-0.35930836,0.34865278,0.07142857
1809,0.1671648,-0.23741515,0.09848542,0.111620225,0.009285867,0.18222114,-0.29493472,-0.09152746,0.04545455
1810,0.21241146,0.019363744,0.20798899,0.21060058,-0.054917738,-0.008422986,0.1846547,-0.17061126,0.0625
1811,0.09430105,0.044813506,0.04354287,-0.06686758,0.27031985,0.06437645,-0.08168916,-0.12360354,0.06666667
1812,0.07583014,0.06520307,0.26119524,0.1450343,0.21492188,-0.0564968,0.10425159,-0.2870191,0.083333336
1813,0.5848149,0.10887948,0.063107945,-0.3811022,0.15406188,-0.16898614,0.24944855,0.24589974,0.06250001
1814,0.32412168,-0.019340059,-0.3048771,-0.49202448,0.43315405,-0.2042523,-0.23109001,-0.12951368,0.07142857
1815,0.40572137,-0.18195064,-0.06071998,0.08779691,-0.061321914,-0.38976702,0.14732592,-0.58304507,0.058823537
1816,0.5421127,-0.32550344,0.41850287,0.27175888,-0.43597507,0.17232373,0.09563534,0.25875157,0.0909091
1817,0.6669778,-0.1822716,-0.47027546,-0.3341679,-0.17289637,-0.3606497,0.19395901,-0.57815343,0.052631576
1818,0.72931457,-0.36158398,-0.5705103,-0.33819494,-0.48526615,-0.0018434525,0.10214403,-0.49262127,0.11111111
1819,0.65713984,-0.11710343,-0.09734185,-0.054406114,-0.1575303,-0.4437188,0.33174318,-0.34500474,0.11111111
1820,0.65093213,-0.16883385,0.083156705,-0.07759369,0.14741215,-0.66019225,0.15560608,-0.37043932,0.06666666
1821,0.60313475,0.04043195,0.0042971745,-0.43307662,0.047688708,0.026580222,0.24299695,0.14663264,0.083333336
1822,0.571182,0.05118445,-0.041697443,-0.37130192,0.10465156,-0.15030596,0.20009194,0.05225086,0.055555556
1823,0.5636412,-0.29997188,0.07027793,0.25743023,-0.6476496,0.10401738,0.32623488,-0.28248778,0.07692307
1824,0.22044739,0.35050797,0.42684442,-0.18580294,0.5498971,-0.19324619,0.34112686,0.08890421,0.083333336
1827,0.50813997,0.051243864,0.107936546,0.014641441,-0.4602483,0.26660356,0.58186924,0.02265608,0.083333336
1828,0.4034223,0.0037863646,0.20958729,0.18667649,-0.33841056,0.07940574,0.47930485,-0.16067426,0.06666667
1829,0.40909624,0.012720387,0.28119662,0.014812827,0.06769545,-0.17011085,0.22661372,-0.028026614,0.05263158
1830,0.37825283,-0.17834072,-0.2322288,-0.21527627,-0.27188224,0.39992738,-0.10255875,0.04190137,0.083333336
1831,0.5999964,-0.14273389,-0.11862302,0.039742075,-0.58679473,0.056486994,0.4463336,-0.24059363,0.071428575
1832,0.09902,0.13008854,-0.0013508275,-0.16703159,0.21167198,0.27001393,0.10054125,-0.2510598,0.083333336
1833,0.79510295,0.04286206,-0.020625666,-0.2824062,-0.31304228,-0.10608943,0.557161,0.14080578,0.05882353
1834,0.18843427,0.29557747,0.18883428,-0.059965633,0.07037889,0.16166042,0.4781981,-0.09000471,0.07692307
1835,0.47388384,-0.10667224,0.034962513,0.03128162,-0.30817097,0.11211647,0.20278116,0.036500715,0.055555556
1836,0.67926526,0.06945664,-0.121802494,-0.3148766,-0.053292885,-0.32630315,0.4114442,-0.023106072,0.090909086
1837,0.31003615,0.44645968,0.2546867,-0.21026814,0.22344366,-0.026553243,0.6704304,-0.040984396,0.09999998
1838,0.22698766,0.2235466,-0.24925335,-0.10787993,-0.17091478,0.07427573,0.5130514,-0.4442822,0.066666655
1839,0.15732846,0.2935713,0.01538305,-0.22676879,-0.021547735,0.5046654,0.35591418,0.06873904,0.0625
1840,-0.112579495,0.5459309,-0.21134295,-0.16497278,-0.20277224,0.7143425,0.69858485,-0.23190941,0.11111113
1841,0.039421193,0.27465537,-0.04945992,-0.10353034,-0.25041658,0.7274726,0.4610291,-0.11212525,0.062499993
1844,0.1144296,-0.08532886,0.6104906,0.30454862,0.20208833,0.1445631,-0.21783622,0.45184955,0.06666667
1846,0.016839877,-0.113725856,0.19574782,0.24220648,0.11292197,0.11367608,-0.21978918,-0.15925242,0.11111111
1847,0.55899006,-0.16101581,0.1615859,-0.0011063889,-0.15976302,-0.052791864,0.21810414,-0.05788823,0.047619045
1848,0.09961689,-0.035734225,-0.053118184,-0.0010120347,-0.16516395,0.48629013,0.005912669,-0.13839638,0.071428575
1849,0.046819568,-0.037226614,0.56661165,0.165851,0.38292122,0.18047348,-0.33145937,0.43357158,0.043478265
1850,0.05675424,-0.20389354,0.4063686,0.5340179,-0.16394214,0.19306801,-0.08332671,-0.057936568,0.09090909
1851,-0.031157449,0.42768562,0.5521906,-0.07044577,0.47793174,0.2680132,0.27834505,0.29463026,0.09090909
1852,-0.28176683,0.13442576,0.21512364,0.16501492,0.15405896,0.56088334,-0.10576573,-0.053667035,0.050000004
1856,0.4971334,-0.31868482,-0.20614748,0.07653318,-0.46589303,-0.04428971,0.0699251,-0.32140866,0.083333336
1857,0.56658125,-0.2956505,0.38398266,0.26289305,-0.2279539,-0.23513082,0.11079714,-0.011106316,0.05882353
1858,-0.36414978,0.1466654,0.036670372,-0.018108197,0.36914113,0.6049608,-0.13389242,-0.52063435,0.07692308
1859,0.53996176,-0.27167,0.070053354,0.18281096,-0.31297338,-0.25761175,0.25843728,-0.5158888,0.06666667
1860,0.45996132,0.043047164,0.1289686,-0.06961099,0.03213902,-0.2826869,0.37251335,-0.22878958,0.09090909
1861,0.5558154,-0.24990533,0.39297462,0.1329283,-0.039105877,-0.18645221,-0.10873241,0.40318307,0.07692307
1862,0.48754385,-0.09111272,0.29118893,-0.09704193,0.2659099,-0.3126744,-0.024993584,0.19720758,0.0625
1864,0.18695551,-0.006340187,-0.058522344,-0.099485494,0.22166088,-0.103142336,-0.05997882,-0.15834256,0.05
1865,0.1526582,-0.1707608,0.3505236,0.20900041,0.25054753,-0.0865809,-0.30169135,0.040943354,0.058823526
1867,0.12415881,0.06823267,0.18201783,0.27679384,-0.20169882,0.11599727,0.35581958,-0.3424225,0.052631576
1868,0.3287752,-0.26619634,0.21349442,0.017000444,0.23279649,-0.1259856,-0.3728956,0.048300426,0.09090909
1869,0.38996562,-0.117176935,0.41521716,0.09817179,-0.08888103,0.19940859,0.03186862,0.31120968,0.1
1870,0.2065979,-0.3060153,0.48392034,0.13794605,0.20470133,0.23657301,-0.55688953,0.39529034,0.062499996
1871,0.34003267,0.07916708,0.3596856,0.05500647,-0.100234136,0.15971345,0.3309555,0.2494649,0.05
1872,0.3891437,0.0730695,0.33887196,-0.020231389,-0.011238009,0.11417278,0.26716805,0.31877738,0.08333332
1873,0.24495366,-0.015594941,0.40697384,-0.004141398,0.41495633,-0.06745039,-0.20787048,0.3717254,0.06250001
1874,0.295628,-0.051427368,0.0852899,-0.025789924,-0.123546526,0.27894402,0.091996804,0.0065052547,0.05263158
1875,0.41723576,-0.6397013,0.4674549,0.421292,0.05603067,-0.29967713,-0.68284935,0.17670493,0.052631572
1876,0.6517442,-0.43999445,0.099785306,0.19138008,0.03109312,-0.8547296,-0.06457254,-0.48872706,0.1
1877,0.5061463,-0.29167178,0.60959595,0.5135224,-0.054258212,-0.55918837,0.15585433,-0.23481984,0.1111111
1879,0.71319044,-0.23710842,0.0384,0.024124019,-0.23012005,-0.49003124,0.34198332,-0.38377368,0.09090909
1880,0.5030252,-0.36110407,-0.2241538,-0.12515482,-0.26515466,0.112022445,-0.14933102,-0.15950465,0.12499999
1881,0.82924116,-0.295109,0.42659533,0.08922054,0.0020449609,-0.61556834,0.13669486,0.08177121,0.058823545
1882,0.870057,-0.4456017,-0.10336204,-0.103182964,-0.20547687,-0.5512793,0.030085847,-0.32931602,0.111111104
1883,0.86794573,-0.27435103,0.01219216,-0.0991788,-0.28238207,-0.4893419,0.39793342,-0.37671453,0.058823515
1884,0.833065,-0.4373994,-0.16437311,-0.099674456,-0.41894603,-0.26142192,0.10975224,-0.28300592,0.071428575
1885,0.3508894,-0.17261969,0.39611542,0.31495976,-0.088339254,-0.17011368,0.25812805,-0.4384226,0.06666666
1886,0.24555281,-0.08538188,0.17258559,0.13309695,0.228504,-0.39110544,-0.03250476,-0.2464237,0.111111104
1887,-0.124678776,0.037378978,0.51917106,0.2921031,0.32070035,0.1952657,-0.110091254,-0.13196556,0.05882353
1888,0.23405191,0.06565379,0.17186213,0.0041119307,0.26212066,-0.28640702,0.17794718,-0.3281381,0.05882353
1890,1.2861758,-0.4517316,0.29889345,-0.057371326,-0.16417532,-1.0474354,0.37498683,-0.21722673,0.07692308
1891,0.47309187,0.18661524,-0.1478361,-0.35366395,0.060277373,-0.13630849,0.42775476,-0.123269424,0.07692309
1892,0.35194615,0.25879622,0.015380323,-0.43881112,0.28854406,0.07866302,0.29918754,0.02063002,0.05882352
1893,0.7617319,-0.15300846,0.18277642,0.016407676,-0.35093755,-0.18928361,0.38934034,0.11643239,0.05882353
1894,0.3063679,0.1518389,0.08420557,-0.368592,0.37549058,0.07552973,0.041373834,0.19282588,0.09090908
1895,0.6186881,-0.3235579,-0.1633069,-0.17796463,-0.18996857,-0.111056715,-0.07818936,-0.07545386,0.071428575
1896,0.39153892,-0.16581693,0.21100873,-0.04806266,0.29688168,-0.32764244,-0.2107319,0.10171303,0.062500015
1897,-0.42017362,-0.21127866,-0.13015072,0.0791527,0.06136582,0.97915417,-0.5954605,-0.591648,0.058823537
1898,0.25158706,-0.12878555,-0.12160127,0.112142555,-0.25358576,0.13540137,0.17172824,-0.5386688,0.07692308
1900,0.69935834,-0.27808073,0.16589037,0.23142576,-0.7569467,0.12909055,0.46234167,-0.090836555,0.1
1901,0.2555025,0.07230161,0.38020957,0.056793354,0.19308177,-0.0052328557,0.09687625,0.27117923,0.049999997
1902,0.16577286,-0.20386139,0.42058933,0.3782036,0.03822784,0.019429699,-0.2028952,0.11467307,0.04761905
1904,0.61318,-0.19120644,0.27543792,-0.015938051,0.14467898,-0.43983853,-0.013634972,0.12967695,0.055555556
1905,1.0217952,0.13667756,-0.1815549,-0.9644575,0.75039697,-1.0733005,0.13776688,0.3263229,0.125
1909,0.7005302,-0.3030488,-0.19019575,-0.18767929,-0.27733403,-0.16681328,0.08184415,-0.20181836,0.0625
1910,0.74788046,0.015370719,-0.08448525,-0.47428507,0.4020403,-0.79611444,0.17183842,-0.019671772,0.07692307
1911,0.046488933,0.09550446,0.09287471,0.1935587,-0.06478217,0.10407083,0.29605585,-0.46784112,0.058823526
1912,0.14645335,0.07570413,0.34506327,0.3217391,-0.14546128,0.109931834,0.37353015,-0.17511322,0.052631587
1940,0.34495047,0.14095518,0.0703453,-0.2523154,0.26002985,-0.12209299,0.22367416,-0.0134089105,0.071428575
1941,0.38059387,-0.20857655,-0.020054296,0.030625574,0.023351267,-0.2387293,-0.09545356,-0.2080736,0.06666667
1943,0.0013311505,-0.025043158,0.08015109,0.0239034,0.24071124,0.19173676,-0.19609436,-0.06722884,0.04
1944,0.17502624,-0.24077629,0.2114673,0.13363063,0.21685332,0.024910606,-0.43778515,0.13600649,0.08333333
1945,-0.14438167,0.20881315,0.118567064,-0.28060123,0.42897987,0.67506564,-0.2433586,0.26212096,0.058823526
1946,-0.11812773,0.009491195,-0.14631234,0.024166845,-0.2236531,0.77782714,-0.025818706,-0.24673204,0.052631587
1947,-0.026156686,0.12047443,0.18781705,0.05645286,0.15249065,0.30867743,0.039551288,-0.11280055,0.07692309
1948,0.67873544,-0.11743106,-0.011848971,-0.34846926,0.05276993,-0.17762876,0.06352703,0.1818701,0.058823515
1949,0.26271978,-0.13754925,1.5976924,0.725868,0.43029588,-0.07714301,-0.27309328,1.2320544,0.11111111
1950,0.5302825,-0.34419,0.13500871,0.33055472,-0.42281985,-0.17829716,0.115058795,-0.21588401,0.0909091
1951,-0.22752544,-0.055992585,0.36962986,0.0966122,0.2357009,0.78644246,-0.52021235,0.20892006,0.055555552
1952,-0.16687176,0.55035865,0.22984618,-0.24475986,0.38495162,0.64478314,0.32895446,0.23816384,0.083333336
1953,0.15895817,-0.4282291,0.47913498,0.48688665,0.050468095,0.006296277,-0.48252034,-0.03877156,0.066666655
1955,-0.45933673,0.19726926,-0.006570548,0.008556128,0.13897103,0.97820115,-0.14899719,-0.29675686,0.06666668
1956,-0.5114465,0.2635004,0.035980433,0.0023924857,0.29006836,0.838564,-0.13286722,-0.37507907,0.071428575
1957,-0.46852288,0.46175358,-0.5232739,-0.38146612,0.005056396,1.1970239,0.22146444,-0.47854462,0.07692309
1958,0.27972916,0.1629514,-0.09124562,-0.17844507,-0.2053291,0.36662936,0.41515875,-0.0031953491,0.09090909
1959,-0.19295129,0.5357825,0.113022625,-0.166938,0.492962,0.19964634,0.36909872,-0.11346662,0.07692309
1960,-0.04876963,0.078237355,0.22867785,0.16520506,0.04693672,0.3766688,0.06316395,-0.065218076,0.0625
1961,-0.25704902,0.38125506,0.097702906,-0.15989313,0.20687817,0.7960168,0.17096604,-0.057334606,0.06666667
1962,-0.4022744,0.27772787,0.087487936,0.12444762,0.046608463,0.7409856,0.16034062,-0.388309,0.07692307
1963,-0.49313906,0.056146193,0.11934971,0.20854601,0.14531933,0.78951347,-0.27795118,-0.6008085,0.058823526
1964,-0.04399258,0.19622155,0.22384551,-0.037759714,0.3784296,0.13172483,0.029207483,-0.17506476,0.06666667
1965,-0.17626685,0.023243044,-0.102901384,0.08242487,0.15228546,0.24626543,-0.11624297,-0.4273182,0.07692309
1966,-0.20844701,-0.0476608,0.03320405,0.24267557,-0.20093979,0.72835076,-0.009378873,-0.45143858,0.08333333
1967,-0.16696543,0.2860777,-0.17334597,-0.15799189,0.012597352,0.6820647,0.23934086,-0.31029576,0.055555556
1968,-0.50697625,0.4639852,-0.049203232,-0.08003443,0.18359692,0.94278395,0.21391045,-0.4016326,0.07692309
1969,-0.48662934,0.16417074,0.15082692,0.05120141,0.44198352,0.6458409,-0.27941138,-0.32502905,0.07142856
1970,-0.30552748,0.39080912,0.259431,0.21818784,-0.05761923,0.7675754,0.34110957,-0.09847909,0.11111111
1971,-0.093384154,0.13619122,-0.1281812,-0.28818533,0.16458565,0.7477848,-0.17694184,0.09298335,0.052631572
1972,-0.18977799,0.18758763,-0.25539416,-0.30861622,0.11140987,0.84984446,-0.13571149,-0.03261937,0.062499993
1973,-0.20514137,0.29640314,0.013319522,-0.044187166,0.2647655,0.38243458,0.10408826,-0.23304261,0.09090909
1974,-0.44315994,-0.04142651,-0.22587933,0.140178,-0.064071864,0.81705326,-0.24745402,-0.86295176,0.111111104
1975,-0.12652662,-0.024619024,0.054248437,0.31664318,-0.03334436,0.25204402,0.018459305,-0.5906449,0.10000001
1976,0.5862361,-0.16430204,0.050148934,-0.16187346,-0.24843408,0.20190188,0.08234875,0.29230684,0.06666668
1978,0.090092786,0.12599783,0.42590332,0.104118876,0.2548866,0.18127826,0.06274611,0.18430158,0.07142857
1981,-0.15634283,0.08650561,0.68056303,0.15280367,0.7103111,0.20177913,-0.42209518,0.331754,0.062500015
1982,-0.07904554,0.19095482,0.64849645,0.24538752,0.15302701,0.63542753,-0.0151470825,0.5422272,0.08333333
1983,-0.062127173,0.22805366,0.6932283,-0.03156454,0.44835907,0.68276876,-0.20646527,0.85599613,0.058823526
1984,0.021770686,0.030968413,0.6857128,0.36201233,0.092732236,0.37003994,-0.029336885,0.28591526,0.06666668
1985,-0.24089527,0.32098928,1.0033363,0.2247603,0.72620493,0.43663192,-0.14849588,0.5575696,0.058823537
1986,-0.18356693,0.2490389,0.94178843,0.1979039,0.52477217,0.5920062,-0.21195452,0.76569396,0.090909086
1987,-0.03302358,0.16799286,0.7883038,0.22857776,0.43029845,0.34729198,-0.10274722,0.5083556,0.083333336
1988,0.058352105,-0.1123434,0.4316901,0.2613802,-0.16622944,0.6085372,-0.08867274,0.1780075,0.05263158
1989,0.28725532,0.31755218,0.0031635612,-0.45151037,0.29104066,0.12980238,0.2855553,0.14595906,0.07692309
1990,0.85304385,-0.030696027,-0.02133666,-0.4089867,0.009005412,-0.41580534,0.28475827,0.28420776,0.055555563
1991,0.04819224,-0.10460521,0.18113469,0.09844941,0.37470734,-0.054510564,-0.3071531,-0.1317659,0.04545455
1993,0.688887,-0.43729597,0.11016607,0.010608889,-0.08898322,-0.33184686,-0.2432922,0.12382555,0.066666655
1995,0.6782377,0.07758321,0.23846562,-0.17584628,0.2174108,-0.61434436,0.48987848,-0.18819371,0.071428575
1996,0.21481732,-0.074375376,0.38642985,0.33794257,-0.2178065,0.23692498,0.12429489,0.1635584,0.052631576
1997,0.9806621,-0.31963292,0.05211045,-0.11153481,-0.4745298,-0.19621196,0.3024757,0.089454494,0.06666667
1998,0.26900014,-0.12902313,0.1309563,0.21308795,-0.09008877,-0.072963506,0.08045605,-0.25463846,0.08333333
1999,0.29024658,-0.24383871,0.032800764,0.15670212,-0.22130926,0.12439945,-0.09796906,-0.089299574,0.083333336
2000,0.41690725,-0.18940385,0.111868024,0.13959849,-0.058657646,-0.24130046,0.09888135,-0.3982808,0.083333336
2003,-0.15510783,0.11775768,0.26146585,0.40085083,-0.15587722,0.42494595,0.26779526,-0.32601434,0.07142857
2004,0.08511918,-0.036762044,0.20089704,0.11550872,0.013981193,0.2953644,-0.046672896,-0.1604514,0.05
2005,0.17051014,0.25366336,0.27051425,-0.5080707,0.7847913,0.13525558,-0.2700274,0.6682649,0.04761905
2006,0.21639442,-0.18513666,-0.040835515,0.31553432,-0.5400065,0.27473158,0.2695102,-0.5462464,0.11111111
2008,0.4561564,-0.070995584,0.23179632,-0.029320098,0.21306783,-0.38334388,0.046538755,0.09234121,0.1
2009,0.32996494,-0.22149079,0.31539613,0.20678915,0.05584313,-0.13377161,-0.17638388,0.030668747,0.07692309
2010,0.30527905,-0.24771924,-0.22112699,-0.07957103,-0.1293465,0.13164528,-0.16755188,-0.26561013,0.058823526
2012,-0.013639975,0.03922831,1.1496019,0.6142906,0.3456082,0.104243115,-0.082006425,0.55977875,0.10000001
2013,0.11453346,0.664839,0.12985422,-0.52402693,0.36717105,0.42293757,0.657957,0.22735569,0.09090909
2014,0.06403672,0.1906587,0.2868662,0.11521022,-0.032926068,0.4178396,0.30364603,-0.03233165,0.071428575
2015,-0.124720246,0.16308625,0.5035186,0.034696415,0.73792183,0.09636429,-0.35524213,0.37591317,0.04761905
2016,-0.15335687,0.15188369,0.4110415,-0.027703367,0.36880296,0.6584229,-0.2562725,0.4032816,0.050000004
2017,-0.18738383,0.19542554,0.5232795,0.14809921,0.25828272,0.7069793,-0.14331368,0.508641,0.08333333
2018,-0.32818744,0.47958258,0.798768,0.041077767,0.6095821,0.78627235,0.0018544793,0.620731,0.1111111
2019,0.38066116,0.20281006,0.2810042,-0.19424427,0.32995945,-0.25947887,0.3687268,0.03669635,0.06666666
2020,-0.0059162006,0.033510096,0.0070593953,-0.02524846,0.120922774,0.29591927,-0.03553745,-0.37075382,0.14285715
2021,0.5338189,0.1924887,0.086949974,-0.36209264,0.20637828,-0.22822106,0.32748836,0.28328332,0.06666666
2022,-0.05302111,-0.068179846,0.22621965,0.074707046,0.46618074,0.13733552,-0.4121294,-0.0948102,0.06666667
2023,-0.28599408,0.14771248,0.16361873,0.047065232,0.1824257,0.6892729,-0.10049944,-0.1568569,0.07142858
2024,0.09103108,-0.26939642,-0.38748914,0.043778967,-0.33056605,0.4003553,-0.18512058,-0.56229657,0.071428575
2025,0.22364712,-0.0028921878,-0.2969854,-0.020113848,-0.50153536,0.41584474,0.37593305,-0.53791356,0.07142856
2027,0.46183643,0.278995,0.1193486,-0.30653253,0.30110103,-0.33948538,0.5018262,-0.052401368,0.071428575
2030,0.5181953,-0.1421297,0.10680595,-0.14338875,0.043383718,-0.06763883,-0.00918109,0.17122778,0.06666667
2031,0.47638765,0.14491807,-0.04907073,-0.31916866,-0.030700818,0.08302746,0.42915756,-0.037759703,0.06250001
2032,0.3483114,-0.1362491,0.14859101,-0.035631053,0.24499248,-0.22302946,-0.1201935,-0.101088315,0.05555554
2033,0.36887968,-0.032947227,0.038808674,-0.016350366,0.17184702,-0.47024238,0.1981871,-0.5465019,0.07692309
2034,0.9247533,-0.57287014,-0.38635975,-0.16261327,-0.62011755,-0.18317586,-0.055638723,-0.18702261,0.12500001
2035,0.50610906,0.11559896,0.24990846,-0.2676341,0.31013155,-0.25636864,0.21097909,0.21292193,0.090909086
2036,0.070074596,0.24259275,0.12854394,-0.17600548,0.5086257,-0.10233815,0.12833025,-0.18740141,0.07142858
2037,-0.14491111,-0.23666435,0.09431483,0.21456829,0.14593835,0.3346793,-0.45068717,-0.40145284,0.05
2038,0.26281586,-0.11901027,0.13884002,0.016298942,0.29887938,-0.25799707,-0.22998223,-0.013137136,0.09090909
2039,0.023741111,0.17504415,0.3333438,-0.18204191,0.33967212,0.5576841,-0.18363872,0.56977487,0.09090908
2040,0.628899,-0.11370233,0.26229313,-0.049186774,-0.47627193,0.37823814,0.29274577,0.48488533,0.071428575
2041,-0.2254703,0.036534812,0.5276616,0.43620437,0.30567914,0.20377873,-0.17796403,-0.08371155,0.083333336
2042,0.1494647,0.24090694,0.16810882,-0.11194693,0.25413412,0.0674955,0.27454525,-0.0864179,0.055555556
2043,0.09092262,-0.24510379,0.51543826,0.6217631,-0.51705045,0.54443324,0.07610436,-0.07062377,0.083333336
2044,0.20729128,-0.014613785,0.28821683,0.25379515,-0.28465003,0.26955417,0.3066156,-0.10748272,0.05263158
2045,0.187011,0.11383228,0.169365,-0.13195136,0.19377334,0.20085931,0.11196385,0.017865501,0.055555552
2046,0.498942,-0.12829557,0.3405969,0.051049307,0.0038478523,-0.1032369,0.07227565,0.25205022,0.07142856
2047,0.38731152,0.0038427562,0.44261342,0.07788691,-0.035168663,0.10997826,0.22196178,0.27682593,0.06666667
2048,0.361692,0.03164866,0.20909345,-0.18593442,0.21767528,0.03693665,0.004829876,0.22610167,0.06666668
2049,0.97309685,0.22848135,-0.026373938,-0.51332027,-0.088126555,-0.4744689,0.84932864,0.06440044,0.06666667
2050,0.23161861,0.16201276,0.19264373,-0.03551898,-0.03685324,0.2012322,0.37153727,-0.009077515,0.0625
2051,0.5635568,-0.15863864,0.23256567,-0.019770466,0.021624535,-0.24090412,0.06105824,0.12437673,0.083333336
2052,0.1982817,-0.18938066,0.16622595,0.10788814,0.016145289,0.1407542,-0.19368112,-0.060240168,0.058823522
2053,0.108439825,0.088844895,0.5356204,-0.20867035,0.651986,0.27047122,-0.43613517,0.7937852,0.05555555
2054,0.16841161,0.28798503,0.24160968,0.014796905,-0.023014352,0.29992503,0.46247077,0.039238084,0.058823522
2055,-0.12864764,0.07333733,0.41590655,0.058592036,0.5878832,0.15274122,-0.32829142,0.001426477,0.066666655
2056,0.17717293,-0.07861741,0.5143743,0.24208829,0.22575222,0.001009874,-0.10437723,0.19899063,0.052631587
2057,0.16275963,0.06856066,0.3162902,-0.022824265,0.37645268,-0.024080046,-0.10059066,0.22735512,0.083333336
2058,0.49992904,-0.13179204,0.39031398,-0.008536443,0.22281197,-0.2803135,0.015656441,0.052478183,0.055555563
2059,-0.047162756,0.12384805,0.038834885,-0.27742544,0.53905946,0.27925247,-0.3511271,0.12131049,0.062499996
2060,-0.091478005,0.20554812,0.11408868,-0.14557752,0.16477175,0.64166427,-0.026535794,0.13001332,0.047619052
2061,0.49774596,0.05814611,-0.068736956,-0.40058723,0.048656747,0.10647552,0.16184442,0.24538474,0.07692308
2062,0.1523678,-0.26878724,0.059297524,0.049151637,0.085434586,0.15967852,-0.3742932,-0.16204083,0.062499993
2063,-0.03520422,-0.5308753,0.29906607,0.3918781,0.21530081,0.15203744,-0.8846116,-0.17264386,0.047619052
2064,-0.2370905,-0.19083284,-0.14791109,0.33737475,-0.059204772,0.2090159,-0.23122016,-0.996254,0.099999994
2065,-0.5055381,0.21882303,-0.07267043,-0.1766904,0.5884053,0.6824796,-0.38453794,-0.43808174,0.055555563
2067,-0.41502088,-0.10906637,0.0068857223,0.20326293,-0.033843547,0.97009695,-0.4495771,-0.37094623,0.0625
2068,-0.06979918,-0.2928067,-0.3113507,0.08879957,-0.08124517,0.3346923,-0.35067314,-0.7917075,0.07142858
2070,0.29131424,0.29612076,0.4450233,-0.07401148,0.36792123,-0.17020014,0.36750352,0.2527402,0.07692309
2072,-0.2847885,0.13600543,0.26664555,0.28677052,-0.25461906,1.0383196,0.11026032,-0.14610426,0.062499996
2073,-0.21233231,0.11661735,0.28303477,0.0851214,0.14911075,0.6985167,-0.12533706,0.033496942,0.099999994
2074,-0.20322779,0.008549703,0.77171636,0.29306346,0.6181943,0.27104247,-0.4526701,0.34477276,0.06250001
2075,0.17358714,0.11922032,0.009610333,-0.33972752,0.57977283,-0.15613301,-0.10618433,-0.13053398,0.08333334
2076,0.26590657,-0.14212565,0.18632185,0.19391423,0.058861345,-0.23649967,0.09093024,-0.46777555,0.099999994
2077,1.2132399,-0.22372879,0.067496054,-0.41365975,-0.03349626,-0.8569467,0.38813943,0.044561025,0.06249999
2078,1.1088234,-0.28680348,0.42311984,-0.035792388,0.03511621,-1.0477463,0.3907773,-0.15211947,0.055555556
2079,0.65848607,0.2097166,0.3698784,-0.28626758,0.6885075,-0.98515105,0.4440701,-0.33946306,0.09090909
2080,0.58986044,-0.07462978,-0.22398652,-0.4308161,-0.20899503,0.2522164,0.14710806,0.12679572,0.10000001
2081,0.6197831,-0.20924412,-0.050614074,-0.3348576,0.2298976,-0.35510287,-0.22283539,0.15766846,0.06666668
2082,0.20385793,-0.29690984,-0.19547845,0.1416455,-0.50951546,0.5400891,-0.031991214,-0.36289638,0.06666668
2085,0.18480203,0.030082356,0.31463826,0.0031547472,0.44491208,-0.22928575,-0.13755454,0.055226278,0.071428575
2088,0.48507687,-0.34506667,0.3447212,0.37426832,-0.47416985,0.113671005,0.02156575,0.19191228,0.07692308
2089,0.25531864,-0.7085862,-0.25094175,0.2312788,-0.50881183,0.40587157,-0.58318627,-0.48785225,0.07692309
2090,0.24440315,-0.10446605,-0.083330825,-0.09004561,0.14458013,-0.124633044,-0.0569936,-0.30279619,0.083333336
2095,0.30417463,0.3366909,0.10400486,-0.4688295,0.45846796,0.054497287,0.2384967,0.31341702,0.06666668
2096,0.72039163,-0.13731349,0.2669625,-0.11942641,0.15200791,-0.46798277,0.039195836,0.33422327,0.071428575
2097,0.12709889,-0.00858047,0.0009872243,-0.18280873,0.12692223,0.41831315,-0.17781283,0.13673949,0.06250001
2098,-0.45244047,0.10053933,0.3947593,0.51905435,0.14196013,0.48067978,-0.043179587,-0.5520732,0.062500015
2099,-0.2284958,0.07560526,0.13893062,0.174889,-0.2811315,1.1076442,0.033272147,0.010406189,0.047619045
2100,-0.17172462,-0.023185883,0.32885543,0.1864922,0.27107504,0.42147112,-0.27153832,-0.13513868,0.047619052
2101,-0.1897298,-0.043159783,0.41664916,0.35379568,0.274365,0.21603091,-0.19370231,-0.31188923,0.071428575
2102,-0.22478992,0.11324996,0.10540621,0.14453702,0.12044959,0.5033399,-0.00032632798,-0.36837515,0.05
2103,-0.4951601,-0.006742458,0.11256212,0.15428655,0.3744002,0.65478295,-0.50387836,-0.3824878,0.07692308
2104,-0.30162585,0.056320276,0.6599356,0.42389795,0.46741915,0.23210916,-0.27246222,-0.0324641,0.0625
2108,0.29919788,-0.2868153,0.28130925,0.4496416,-0.105194464,-0.3597967,0.04986058,-0.50081563,0.043478265
2109,0.7369906,-0.19973116,0.47622627,0.003675662,0.24214587,-0.6237156,0.07468228,0.17432627,0.055555563
2110,0.36176455,-0.032900006,0.29418367,-0.012738697,0.04782304,0.103381716,-3.8705766e-05,0.36117145,0.04347826
2112,-0.017127756,0.32369238,0.5153708,-0.07550319,0.473863,0.37943488,0.029773965,0.46157503,0.05
2113,-0.34384575,0.026409354,0.20322192,0.26735014,0.107968636,0.6255933,-0.14483026,-0.49138817,0.07142858
2114,0.43153623,-0.05575503,0.29809555,0.20110434,-0.2141907,0.020397723,0.29151046,0.07753149,0.111111134
2115,0.31470934,0.43066123,0.6260991,-0.1566909,0.20675458,0.3297925,0.5972285,0.53438693,0.07692307
2116,-0.19880503,0.039258383,0.45865965,0.24695316,0.23566091,0.5133364,-0.20805544,0.028067261,0.055555556
2127,-0.09126152,0.1307293,-0.11837226,-0.21324563,0.33009744,0.3480019,-0.06738347,-0.4058012,0.11111109
2128,0.6375312,-0.2250427,0.23754469,0.04938225,-0.26509207,-0.03580846,0.24516235,-0.05496644,0.071428575
2129,0.40964428,-0.2524705,-0.57915944,-0.52684176,0.06557588,0.063295804,-0.34577572,-0.28085732,0.066666655
2130,0.66365445,-0.070565835,0.045443498,-0.34001744,0.18696368,-0.32577014,0.077595115,0.21817148,0.06666666
2131,-0.23221835,-0.013551541,0.2492147,-0.007742673,0.4895591,0.44765997,-0.54015857,-0.009701725,0.04347826
2135,0.36360627,-0.28146857,0.53471184,0.43913996,0.043654695,-0.40788525,0.030481815,-0.31105062,0.1
2136,0.48665014,-0.54574126,0.10745447,0.465972,-0.40258765,-0.3182335,-0.07741789,-0.47953293,0.09090908
2140,0.7116339,-0.5167016,-0.38912606,-0.08984863,-0.45665216,-0.2262756,-0.020376526,-0.6407184,0.05882353
2141,1.0068756,-0.37775603,-0.11600463,-0.21933857,-0.4405759,-0.30412778,0.3150459,-0.23173429,0.09090909
2142,0.9265862,-0.3304157,0.60434353,0.19983554,-0.042603,-0.8217258,0.40848035,-0.2645027,0.06666667
2147,0.5136036,-0.023468567,0.04424066,-0.2557053,0.19058111,-0.27485797,0.10271591,0.006722193,0.04761905
2148,0.7341804,-0.31014454,0.14553308,-0.098301105,0.17165646,-0.72304845,0.015708104,-0.29889503,0.0625
2150,0.4340298,0.28457442,0.32571238,-0.27217904,0.22761564,0.08739148,0.38407642,0.509072,0.07692308
2151,0.05090625,0.05123666,0.78127825,0.2095443,0.7941554,-0.29106155,-0.34451032,0.4426723,0.11111111
2152,-0.16899662,0.10180357,0.18124294,-0.021722928,0.4049188,0.43200737,-0.34843415,0.1582879,0.05
2153,0.101544924,0.15954603,0.37600458,-0.2828159,0.7652938,-0.008071668,-0.32679528,0.5220231,0.0909091
2154,0.2621017,0.14936218,0.31389302,-0.19353816,0.19095154,0.31113246,0.019047841,0.62478954,0.08333333
2155,-0.075716846,0.29503694,0.546996,-0.2895535,0.58493304,0.7284978,-0.22026841,0.7146141,0.066666655
2156,0.2490316,0.21803829,0.23001672,-0.54367626,0.5569796,0.4241534,-0.23442371,0.90444916,0.07692309
2157,-0.15821958,0.05609278,-0.09945847,-0.2657415,0.25677454,0.69363695,-0.34095818,-0.097246245,0.058823522
2158,-0.08286589,0.49857894,0.20356609,-0.22914952,0.48614186,0.29123574,0.2733835,0.14451389,0.05555555
2159,-0.13774708,0.42286882,0.33574402,-0.08638071,0.4203679,0.3730619,0.25946403,0.076035544,0.06666666
2161,0.64899564,0.11054605,0.6766755,0.060037356,0.038513705,-0.16887087,0.50594443,0.4598249,0.090909086
2162,0.72917885,-0.05134466,0.68854064,0.34121278,-0.38945055,-0.17373413,0.567357,0.47695717,0.07692309
2163,0.53621596,-0.31785166,-0.06470455,-0.08474011,-0.20342962,-0.012168221,-0.03590069,-0.19564079,0.06250001
2164,0.6792363,0.26077282,0.7637879,0.025015853,-0.15417118,0.06414437,0.8346663,0.54737544,0.06666668
2165,0.7109487,-0.030847035,0.46048182,-0.083502375,-0.073389575,-0.040567428,0.3491472,0.40968943,0.10000001
2166,0.19159994,-0.04417429,0.29284257,0.22742674,-0.1921935,0.3735011,0.10127708,0.1689285,0.062499996
2167,0.37140658,-0.14030468,0.21163514,0.09404227,-0.22638477,0.1954051,0.19509728,-0.09634718,0.08333333
2168,0.97743285,0.20615296,-0.40912378,-0.55216837,-0.8169532,0.2026552,1.0901462,0.06286747,0.125
2169,0.4155192,-0.24988051,-0.26757652,-0.24878198,-0.119078025,0.13537419,-0.17625508,-0.12951884,0.071428575
2171,-0.103786394,0.13168854,0.49404258,0.41680145,-0.27392465,0.6678221,0.3715315,-0.19871219,0.07692309
2172,0.08389104,-0.0019489555,0.42184234,0.3855261,-0.21864502,0.34144187,0.27553755,-0.07676044,0.06666667
2173,0.37982413,-0.29344606,0.17446059,0.20520443,-0.051600173,-0.15626824,-0.19686764,0.005352985,0.058823537
2174,0.10344497,-0.108168975,0.08126538,-0.053980477,0.29618534,0.09756427,-0.32167262,-0.054505307,0.071428575
2175,0.30250907,-0.12912962,0.52316993,0.44739592,0.028958663,-0.40616158,0.16811828,-0.22219561,0.06666667
2176,-0.12899639,0.017693777,0.48844075,0.5343994,-0.27220392,0.5217211,0.24276213,-0.22756515,0.07692308
2177,0.11535517,0.045127507,0.46831816,0.3063873,-0.09620933,0.20887391,0.27752286,-0.080677286,0.07142856
2179,-0.057066057,-0.038343396,0.2631653,-0.0035043359,0.51471794,0.16713071,-0.5103554,0.20189984,0.06250001
2180,0.2804509,-0.13095607,-0.28437966,-0.034268685,-0.16890292,0.01779794,-0.01486329,-0.4043482,0.05882353
2181,0.5366069,0.03295895,0.22221458,-0.04988029,-0.17605902,0.077381104,0.32540524,0.3628295,0.06666668
2182,0.53862065,-0.24278918,0.23939425,0.2266441,-0.43906337,0.04931709,0.19918548,0.06808281,0.06666667
2183,0.53322303,0.035828084,0.16534449,0.07095966,-0.31876653,-0.06340307,0.5563104,-0.063921794,0.05882353
2186,-0.14239848,0.18368976,0.6000136,0.056032445,0.6030281,0.31244075,-0.2220074,0.406263,0.0625
2187,0.7116655,-0.47065377,0.65047014,0.35315126,0.1874659,-0.8154143,-0.22966324,0.18427292,0.083333336
2188,0.73565334,-0.13182421,-0.027103826,-0.2173121,0.0036007762,-0.47466898,0.22591178,-0.13070004,0.04761905
2189,0.73803097,-0.18619967,0.2824062,-0.23705056,0.07870587,-0.16446131,0.11738029,0.1585577,0.050000004
2190,0.3613666,0.03967047,0.06390579,-0.46172106,0.4227743,0.10058397,-0.18924199,0.45105603,0.083333336
2191,0.30236772,0.25217497,0.14619878,-0.13819593,-0.10177748,0.3903564,0.50392294,0.08462718,0.1
2192,0.30481836,-0.17640099,-0.009133935,-0.08815921,0.014054775,0.11484725,-0.106591925,-0.11984888,0.05
2193,0.47540662,0.23338665,0.2666517,-0.18725881,0.19557756,-0.27214253,0.5385973,-0.03018314,0.07142857
2194,0.5166502,-0.34243983,0.3237623,0.16240022,-0.11041762,-0.07842423,-0.16739637,0.2625022,0.05882353
2195,0.06955879,0.52291197,0.50537777,-0.57442296,0.76206756,0.6204299,-0.025752462,1.1096857,0.06666667
2196,-0.059429765,0.44574696,0.5707252,-0.01718022,0.15047598,0.75063044,0.34083563,0.54763293,0.052631572
2197,0.032629088,0.2134536,0.030878127,-0.12093008,0.3740183,-0.027749121,0.0819595,-0.14514461,0.125
2199,0.3496561,-0.06208251,0.38174915,-0.0025039688,0.26324838,-0.10154323,-0.08459025,0.26854458,0.05882353
2200,0.5441416,0.020940643,0.04831107,-0.35623872,0.2123941,-0.15959793,0.09757759,0.14841884,0.041666668
2201,-0.014315695,-0.15248875,0.5476929,0.23076981,0.5117328,-0.11751704,-0.3612904,-0.3041254,0.125
2202,-0.33798692,0.102848396,0.19771595,0.19865143,0.2352562,0.37048268,-0.05977024,-0.6149904,0.12500001
2210,0.07777447,-0.100561514,0.035056412,0.3050774,-0.19388296,0.004317209,0.21480103,-0.8519587,0.05882352
2211,-0.054197796,-0.42979935,-0.14236377,0.09249937,-0.03163816,0.49570668,-0.6695184,-0.4563366,0.11111113
2212,0.43663463,-0.27490705,-0.43646747,-0.14257738,-0.29132527,-0.06993863,0.052567914,-0.69048035,0.06666666
2213,0.4225743,0.22708754,-0.23893534,-0.3974319,0.07388961,-0.07546176,0.35823208,-0.11175746,0.2
2214,0.42944202,-0.3367743,0.29160637,0.14793122,-0.3708794,0.47628725,-0.1811302,0.3501919,0.11111113
2215,0.67605734,-0.15002099,0.090291664,-0.20032585,0.11091881,-0.4504552,0.0531967,0.051299162,0.05263158
2222,0.15620711,0.008458448,0.36955115,0.08609455,0.19955872,0.13551387,-0.051477224,0.18699265,0.06666667
2223,-0.13300894,0.07358755,0.08327657,0.07156332,0.07028464,0.5918297,-0.14044452,0.029755905,0.05
2224,0.5786523,-0.23070963,-0.42947185,-0.21414018,-0.15507196,-0.39118445,0.17647837,-0.70348614,0.071428575
2225,-0.389407,0.2528539,0.4582941,0.09564244,0.12431095,1.1458868,-0.021002784,0.12493841,0.099999994
2226,-0.34470886,0.17232165,-0.26669842,-0.28290054,0.40647757,0.621373,-0.22271493,-0.54039145,0.09999999
2227,-0.37123165,-0.016790463,-0.23418047,-0.008445777,-0.08719079,1.0533094,-0.24249981,-0.4535353,0.08333334
2228,0.28375855,0.09428944,0.118655786,-0.1671153,0.3176754,-0.18642747,0.09877148,0.0032734387,0.071428575
2229,-0.0026359558,0.2857291,0.29351896,-0.14115915,0.5768033,0.012159333,-0.0034009516,0.25021324,0.083333336
2230,0.2129767,0.1755144,-0.16619734,-0.7271745,0.7191959,0.13989672,-0.3649987,0.4657093,0.050000004
2231,-0.033233102,0.19721901,-0.18220891,-0.38832927,0.59351575,0.081374116,-0.2209453,-0.09272505,0.062499996
2232,-0.2785555,0.03085439,-0.065787405,-0.46731937,0.9091031,0.35954344,-0.9041679,0.090932325,0.09090909
2233,-0.28426525,0.3324864,-0.10054304,-0.20405263,0.7401623,0.00072900206,-0.14234002,-0.33065993,0.06666667
2234,-0.3516111,0.1499547,-0.17699863,0.0098154545,0.19279972,0.46504012,-0.12216221,-0.42129466,0.06666666
2235,-0.30488622,0.08589347,-0.15470572,-0.16073766,0.43916726,0.4159135,-0.4526363,-0.19426592,0.062499993
2236,0.31084895,-0.13266397,-0.42327803,-0.44709122,-0.020129323,0.4018418,-0.3501765,0.2824235,0.09090908
2237,-0.07182368,0.04589723,0.03679487,-0.1887328,0.55057955,0.17977175,-0.42915446,0.008873634,0.062499993
2238,-0.16418588,0.2859807,-0.138952,-0.6344266,0.8511111,0.36713865,-0.5339483,0.3106579,0.09090909
2239,-0.17964682,-0.18713412,-0.10594222,0.27807048,0.0029388517,0.25434136,-0.3834656,-0.37015113,0.11111111
2240,0.11597072,0.063718885,0.08523533,-0.19523299,0.18882106,0.44492048,-0.19995528,0.3878376,0.06666667
2241,-0.09709049,0.12549053,-0.2529146,-0.37410444,0.40854847,0.3781348,-0.29953772,-0.0860903,0.07692308
2242,-0.1370667,0.3310379,0.11935891,-0.28685468,0.54339945,0.40182227,-0.090026185,0.195079,0.07142857
2243,-0.11732191,-0.028344616,-0.124348596,-0.21711612,0.12817118,0.74723303,-0.4245764,0.09240626,0.05263158
2244,0.16342393,-0.098817244,0.22277886,-0.01744239,0.3930742,-0.07363847,-0.3358366,0.0939226,0.14285713
2246,0.37009212,0.16178112,-0.113016516,-0.3297077,0.042979553,0.101230286,0.34015667,-0.08485995,0.07142856
2247,-0.29761082,-0.16895024,0.035287924,-0.04545153,0.44842392,0.5595688,-0.77879035,-0.17906733,0.08333334
2248,0.33929342,0.06447837,0.30877948,-0.07015901,0.2704558,-0.11738028,0.13675989,0.0460287,0.099999994
2250,0.23936477,-0.0045205317,-0.39704955,-0.23076755,0.051664673,-0.0959605,0.10487786,-0.63539904,0.0625
2251,0.36082748,-0.26183477,0.39085686,0.35032398,0.088312216,-0.47675216,-0.11938437,-0.03528342,0.1
2252,0.8929272,-0.23253578,-0.046278253,-0.264078,-0.16330142,-0.44992852,0.21461932,-0.00433198,0.058823526
2253,-0.21911266,-0.054219045,0.010178745,0.05989069,0.17162214,0.551712,-0.34411424,-0.3348765,0.052631587
2254,-0.21141443,-0.06665307,0.12335785,0.019849412,0.33872664,0.4758313,-0.4444797,-0.24631153,0.05882353
2255,-0.27813604,0.11992082,0.434058,0.1797588,0.5097307,0.3391557,-0.2972406,-0.017467503,0.07692308
2256,-0.074630804,-0.047077674,0.09937878,-0.05402804,0.34687585,0.36170915,-0.36578882,-0.17571448,0.049999997
2257,0.35949287,-0.06462464,0.1424961,-0.038586803,0.045356974,-0.016000383,0.028860405,0.09483819,0.11111113
2258,0.21980277,0.031800836,0.117630064,-0.011480816,-0.08914377,0.35932952,0.11198366,0.13481635,0.0625
2259,-0.18003021,0.23847401,0.14844203,-0.08812577,0.40975958,0.43356732,-0.07970405,-0.013743047,0.052631572
2260,0.6502641,-0.3008482,0.19159919,-0.14164779,0.01921393,-0.14326651,-0.17298537,0.34625235,0.08333333
2261,0.2820673,0.05748641,-0.2441022,-0.24083543,0.025005817,0.05270565,0.14204787,-0.2036009,0.071428575
2262,0.13040215,0.4611988,-0.13605838,-0.1254968,0.18104507,-0.2854064,0.72259074,-0.8039519,0.09090909
2263,0.35514817,-0.21393745,-0.6754386,-0.21173638,-0.38091475,0.12946263,0.020306602,-0.6264465,0.07142858
2264,0.23407331,-0.09549381,-0.25309527,0.044565346,-0.32804567,0.16298342,0.2085511,-0.58958566,0.062499996
2265,0.5531352,-0.04997188,-0.3684147,-0.17063022,-0.32365143,-0.20563862,0.4582926,-0.57677543,0.06666668
2266,0.35536253,-0.1576989,-0.09243657,0.10688059,0.02166842,-0.4177841,0.06844039,-0.6567772,0.14285715
2267,-0.0030304864,0.44193533,-0.43591273,-0.37828943,0.19894378,0.19138959,0.4041981,-0.5279077,0.08333333
2268,0.62579465,-0.15605447,0.026008375,-0.19922209,0.11179655,-0.36351672,-0.020808943,0.14884566,0.05
2269,0.25588283,-0.22035833,0.011288948,0.35135642,-0.47698855,0.11674375,0.2855054,-0.7319894,0.076923065
2270,0.13927248,-0.3593276,-0.21152957,0.19745705,-0.2919942,0.20012748,-0.22316828,-0.65452117,0.05882353
2271,0.62462157,-0.35549408,-0.19736241,0.100661375,-0.264791,-0.6958674,0.26414806,-1.0275605,0.14285715
2272,0.50048023,-0.34149843,-0.24533711,0.07912771,-0.45044172,-0.046380877,0.0038573593,-0.30514684,0.083333336
2273,0.33302057,-0.20826387,0.19738321,0.27640387,-0.16834964,-0.12950172,0.09487279,-0.29104066,0.076923065
2274,0.00791689,-0.021941666,0.17387307,0.11936708,0.02004753,0.37992632,-0.03420721,-0.1686607,0.08333333
2275,0.3848894,0.039732933,0.14396732,-0.11963756,0.29193127,-0.32401726,0.114288345,-0.031714063,0.07142858
2276,0.05753631,0.034324996,-0.1352702,0.050517365,-0.1889865,0.36999848,0.2009301,-0.4330753,0.07142856
2277,0.79324234,-0.054582912,0.15350015,-0.20721385,-0.228792,-0.079322085,0.449521,0.14685698,0.071428575
2278,0.3350743,-0.17443779,0.13833447,-0.075372376,0.13698173,0.07516229,-0.296813,0.20831075,0.0909091
2279,-0.45915198,0.35304764,-0.08484635,-0.18741089,0.13930795,1.1544476,-0.027097218,-0.1081889,0.1
2281,-0.016828842,-0.15030271,0.23770112,0.4463007,0.044286758,-0.090002775,-0.051575378,-0.61703086,0.125
2282,-0.06878808,0.09169099,0.617353,0.2947741,0.35954815,0.14713342,-0.04710172,0.10263088,0.06249999
2283,0.5360413,-0.024726234,0.02356457,-0.23595658,-0.024911523,-0.033912852,0.2048193,0.037533727,0.052631587
2284,-0.11700052,0.054759007,0.4293344,0.37277177,-0.090633556,0.52789515,0.08964652,-0.0019269921,0.05
2287,0.22129077,-0.17242306,-0.01574798,-0.10107101,0.18920726,0.09921412,-0.38593435,0.100358635,0.062499993
2288,0.3487284,0.010918148,0.27880025,-0.24106604,0.59388494,-0.3078393,-0.24727137,0.30132163,0.05882353
2289,0.22789338,0.11843814,0.075879864,-0.24075037,0.46331984,-0.21910578,-0.021871917,-0.009499546,0.049999997
2290,0.30514202,-0.026466548,0.45340562,0.028281271,0.48923433,-0.3197723,-0.19629747,0.33448228,0.06666667
2291,0.88699466,-0.12168795,-0.014581934,-0.3142489,-0.1463577,-0.44282532,0.44867635,-0.1423156,0.11111111
2292,0.5659859,-0.06582385,0.03806302,-0.17147338,-0.08739911,-0.08997512,0.26582134,-0.046990227,0.07142857
2293,0.68834066,-0.10161421,-0.24507277,-0.36254728,-0.4179796,0.19975552,0.36316198,-0.02668124,0.12499999
2294,0.14448443,0.1536402,0.2565791,-0.10731756,0.22492304,0.2149283,0.078498304,0.19851455,0.055555552
2295,0.06392086,0.49070796,0.7436744,0.09772547,0.6003664,-0.08297783,0.3459229,0.4475289,0.090909086
2296,0.12309527,-0.118470326,0.23740502,-0.081163935,0.2616752,0.40711334,-0.53414536,0.6117872,0.07692307
2297,0.009113558,-0.31435457,0.27486837,0.27378437,-0.1291156,0.6263258,-0.4081009,-0.00432295,0.07692307
2298,-0.13138051,-0.32759067,0.3756984,0.83375084,-0.45027918,0.25239298,0.016569495,-0.8467077,0.045454543
2299,-0.2478556,-0.2308862,-0.24346633,0.45528862,-0.43039012,0.4548242,-0.060161043,-1.0972502,0.0625
2301,0.45384958,0.189418,0.5673513,-0.06647775,-0.18468802,0.57462454,0.50602984,0.6917454,0.0909091
2304,0.10667675,0.15512335,0.77166986,0.083986096,0.624999,0.05610399,-0.16135225,0.69043297,0.1
2305,0.11561004,-0.114144966,0.32556516,0.5146885,-0.1428764,-0.106181204,0.110837385,-0.51371294,0.1
2306,0.43589643,-0.18016323,0.3292653,0.026147105,0.30901474,-0.38847268,-0.1733189,0.12656824,0.055555552
2307,-0.008544147,0.39751166,-0.01787509,-0.2199718,0.17594744,0.39944932,0.27488655,0.042025503,0.07692309
2308,0.30632174,0.10605772,-0.2189401,-0.3735087,0.55215794,-0.5161574,-0.029012844,-0.30793622,0.125
2309,0.14244092,0.18374878,0.44696528,0.18910947,0.06832518,0.114786044,0.42885005,-0.13238049,0.05
2310,0.64839035,-0.56471497,0.15250592,0.18425733,-0.00010584295,-0.5858737,-0.37254387,-0.116982654,0.09090909
2311,0.112167515,-0.3221932,-0.055671826,0.051173188,-0.18826775,0.55179095,-0.43709695,-0.020810362,0.125
2312,0.7227762,-0.6200754,-0.042820215,0.06370376,-0.35830462,-0.21189731,-0.30587018,-0.09448795,0.06250001
2313,0.25176567,0.13710684,0.2956788,-0.018032521,0.34694272,-0.24926922,0.18358742,-0.026704747,0.045454536
2314,0.46326628,-0.08184253,-0.34257585,-0.24516484,-0.1930177,-0.042067245,0.21340768,-0.41304696,0.06666667
2315,0.54895097,-0.21588838,0.061763164,0.035040535,-0.03852184,-0.48461974,0.19168209,-0.557667,0.083333336
2316,0.70135146,0.036506906,0.50444,-0.14219236,0.3172915,-0.5282902,0.29544687,0.30130824,0.06666668
2318,-0.03189441,0.18561445,0.32055843,0.15511562,-0.22336672,0.7944178,0.38902897,0.045496967,0.0909091
2319,-0.0010188222,-0.029811356,0.22629169,0.14641932,-0.17986383,0.73148316,-0.060384676,0.14153354,0.07142858
2320,0.6291698,-0.12250759,-0.36823612,-0.30979276,-0.19267641,-0.19835588,0.259129,-0.396445,0.055555552
2321,-0.068449035,0.38224247,0.87093806,0.21266761,0.4715122,0.285864,0.2273293,0.47165933,0.09090908
2322,-0.097667575,-0.011367653,0.8740704,0.45966446,0.07259479,0.73215026,-0.23560217,0.685877,0.11111113
2323,0.0063220114,0.053138305,0.611039,0.2551226,0.08511268,0.54942,-0.009178564,0.38162243,0.07142856
2324,0.40249762,-0.32884264,-0.41425383,-0.12742633,-0.2868219,0.06295352,-0.14584742,-0.48791823,0.08333333
2326,-0.29401743,0.11402576,0.66084814,0.276875,0.7316624,0.11953118,-0.35896376,-0.031109076,0.09999999
2327,0.5921879,-0.22572947,0.027035557,0.065187216,-0.31023037,-0.16216317,0.16921388,-0.02783351,0.09090909
2328,0.145711,-0.122648925,0.012900457,0.26814568,-0.4381106,0.37461707,0.20292543,-0.3885216,0.07142856
2329,0.037860014,-0.19205144,0.051425733,0.223459,-0.12778579,0.29624504,-0.18633527,-0.24640946,0.05263158
2330,0.39331582,-0.4266575,0.14462943,0.4413959,-0.24185897,-0.39633283,-0.10394515,-0.36934274,0.11111113
2331,0.5883741,-0.13046774,0.2964431,0.0743846,0.09191809,-0.5033481,0.14480148,0.0067053474,0.05882353
2332,0.5635601,-0.19288296,0.06186303,-0.0028196946,-0.18210562,-0.18019444,0.13563679,-0.0062448718,0.07692308
2333,0.3506249,-0.04004482,0.12003085,-0.17232126,0.07535342,0.22521421,-0.19287105,0.6086497,0.083333336
2334,0.37326238,-0.2302076,0.21613733,0.2877198,-0.2827769,-0.01197499,0.18179162,-0.37438533,0.1
2335,-0.021511085,-0.06817223,-0.018472001,0.046108738,0.10929574,0.2681629,-0.22125468,-0.18202336,0.09090908
2336,0.4066448,-0.16583015,0.12804757,0.06340716,-0.1766089,0.061558142,0.075599015,-0.016788173,0.050000004
2337,0.35610673,-0.26907718,0.49342048,0.57108957,-0.15682264,-0.4143138,0.18460523,-0.5307645,0.1
2338,0.2002958,-0.09653784,0.18188629,0.19685851,-0.043974474,0.029800192,-0.0077278465,-0.051242884,0.083333336
2339,0.40480936,-0.35643888,0.4745211,0.37603727,-0.15296929,-0.045039386,-0.15814868,0.20661,0.08333333
2340,0.4340838,-0.4567392,0.027160324,0.37222075,-0.5108908,-0.029154405,-0.032113165,-0.3521113,0.083333336
2341,0.6265453,-0.33412522,0.108545184,-0.04085248,-0.16760333,-0.048095226,-0.18390782,0.3901185,0.083333336
2342,-0.07364658,0.21478957,0.26304287,-0.16256252,0.6504249,0.22566502,-0.33415255,0.35791963,0.11111111
2343,0.09543563,-0.013155878,0.30221695,0.12319402,0.24762774,0.03346985,-0.087221034,-0.09994164,0.1
2344,-0.046316072,-0.20293672,0.36870033,0.23704496,0.3508337,0.09246485,-0.49145496,-0.06868456,0.071428575
2345,0.31764552,0.020352524,0.70028484,0.10226984,0.6225907,-0.5092968,-0.03694515,0.13145912,0.099999994
2346,0.37974077,-0.20711628,-0.09516217,0.09536038,-0.22710858,-0.092166126,0.12628983,-0.55109805,0.07142857
2347,0.72953343,-0.20023406,0.3439986,0.1955874,-0.12262298,-0.6676499,0.3463115,-0.13569081,0.083333336
2348,0.46172968,-0.2871297,0.3480571,0.18116394,-0.19123293,0.115760565,-0.12750359,0.33093166,0.0625
2349,0.3707459,-0.22411741,0.11325652,0.22475749,-0.3782333,0.1443213,0.16570796,-0.21747832,0.08333333
2350,0.7213334,-0.122688636,-0.23568667,-0.27331185,-0.25002396,-0.2289365,0.25651097,-0.068495736,0.06666668
2351,-0.026035205,-0.071456894,0.27997708,0.12659924,0.3741665,0.08351882,-0.33045653,-0.0771825,0.06666666
2352,-0.09137829,-0.079857886,0.111904904,0.32388455,-0.034705624,0.19312426,-0.004610598,-0.6082822,0.07692307
2353,-0.30494183,0.014671832,0.18713681,0.3554699,0.092498444,0.42355266,-0.10009938,-0.527065,0.07692307
2354,0.24837619,0.006259568,-0.3236115,-0.25388044,-0.35566622,0.60555017,0.17380162,-0.08684625,0.1
2355,0.27695507,-0.064570636,0.28043586,0.12881637,0.15488784,-0.24635795,0.09467806,-0.36120313,0.058823537
2356,0.29517514,-0.2519721,0.027415238,0.36683333,-0.2978714,-0.22317514,0.16583402,-0.736824,0.07142858
2357,0.44106033,-0.09504266,-0.12807919,-0.049604602,-0.3614834,0.05155445,0.3579722,-0.4206563,0.07692309
2358,0.3251735,-0.18070073,0.33356532,0.18345606,-0.037185058,0.049425304,-0.06941726,0.19020519,0.06250001
2359,0.29130286,0.102489024,0.17386574,-0.04430417,0.22468853,-0.22118074,0.23298042,-0.090253755,0.06666667
2360,0.11687354,-0.02472432,0.05717209,-0.05978381,0.026625797,0.34972766,-0.070360824,-0.094200715,0.07142857
2361,-0.24424261,0.06669397,0.28106976,0.067121565,0.4259163,0.46910468,-0.34822187,0.014242008,0.06666668
2362,0.58106995,-0.16767173,-0.33579683,-0.40932435,-0.54435784,0.6198231,0.09172894,0.23214112,0.08333332
2363,-0.14416662,-0.033772152,0.23437035,0.03195122,0.56822616,0.12672521,-0.38905734,-0.4183666,0.07142857
2364,0.18148735,-0.080720276,0.27582037,0.016750857,0.1316036,0.21905123,-0.11724895,0.10300328,0.1
2365,0.25518665,-0.08097531,0.18545939,0.15771422,-0.032353774,-0.049838886,0.112303704,-0.18092915,0.0625
2366,0.3142897,-0.16359097,0.13551703,0.21600288,-0.2168817,0.013160363,0.10756767,-0.23861237,0.04545454
2367,0.15998495,-0.032710787,0.2170138,0.24057269,-0.050886378,0.0106619075,0.16921718,-0.24855064,0.06250001
2368,0.21144527,-0.13427626,-0.17110138,0.13129011,-0.25187683,0.054893676,0.12135859,-0.4734424,0.05
2369,-0.20974287,-0.26431528,0.11955243,0.32286987,0.0022344142,0.508142,-0.50964224,-0.31946835,0.06250001
2370,0.11574628,-0.23145431,0.3028632,0.21514365,-0.10216071,0.45135495,-0.23530692,0.027372696,0.0625
2371,0.4697145,-0.27041626,0.05168142,-0.06252364,0.006984964,-0.1721386,-0.1297173,-0.09423439,0.11111111
2372,0.12362703,0.0724944,0.24546298,0.17533734,0.088014804,-0.042184174,0.21099319,-0.26561943,0.0625
2373,0.045047022,0.071313515,-0.15348534,0.015875481,-0.13078563,0.25922632,0.25973898,-0.621184,0.049999997
2374,0.22791395,-0.38239464,0.2137252,0.35461515,-0.27831727,0.23586372,-0.2736815,-0.03269082,0.05263158
2375,0.16909766,-0.20301555,0.13025343,0.28686452,-0.122054264,-0.0026659667,0.015924022,-0.52425414,0.05882353
2376,0.2068659,-0.14523543,-0.069587484,0.038859017,-0.123705074,0.16137902,0.0074627995,-0.35471684,0.055555563
2377,0.15458754,0.08454807,0.22720794,0.0525264,0.020333618,0.2324075,0.18078388,-0.0036285184,0.06666667
2378,0.220265,0.106647864,0.32334262,0.26434302,-0.14897443,0.0136627555,0.5508477,-0.33566973,0.11111111
2379,0.20685911,-0.13444625,0.15922382,0.07116263,-0.03633836,0.24890134,-0.12057556,-0.04136591,0.062499993
2380,0.14776209,-0.038475864,0.37659067,0.16856784,0.31283116,-0.20864466,-0.060391054,-0.13522577,0.07692308
2381,0.44452956,-0.25790316,0.034354806,0.09386595,-0.07052238,-0.30022117,-0.032914452,-0.29840004,0.047619045
2382,0.41527733,0.063748576,0.32756197,-0.08069459,0.05445037,0.11966927,0.17611514,0.433235,0.06666666
2383,0.13501504,0.025974125,0.16920091,-0.017804824,0.13403182,0.2547252,-0.07905843,0.20396817,0.111111104
2384,-0.52103233,0.01969767,0.38051224,0.61384535,-0.18712525,0.97462386,-0.0727954,-0.3653085,0.14285715
2385,0.47020158,-0.35127705,0.3003245,0.16303888,0.050840497,-0.28726348,-0.1660876,-0.12720065,0.07692308
2386,0.40253457,0.04278645,-0.029613063,-0.114807986,0.06463775,-0.19609833,0.21037932,-0.11823271,0.06666667
2387,0.045834646,-0.22038393,0.07414369,0.040854078,-0.020014957,0.49922478,-0.32673168,-0.2068773,0.11111113
2388,0.32400712,0.14119068,0.55853325,0.2420263,0.07356404,-0.30338532,0.5983451,-0.4267377,0.09090909
2389,0.35997593,-0.2731926,0.28093362,0.35853323,-0.18721063,-0.098456815,-0.029562525,-0.121342406,0.06666666
2390,-0.3533124,0.4451601,0.1516255,-0.11140699,0.55033606,0.36761189,0.038621843,-0.16226606,0.07142857
2391,0.08510221,-0.075133994,0.55394906,0.3487631,0.09675883,0.21409516,-0.17576535,0.37307534,0.055555556
2392,0.15398234,0.00081697106,0.51135993,0.19418094,0.19174892,0.122024216,-0.04034573,0.2550963,0.07142857
2393,-0.18672216,0.19161616,0.12899823,-0.003386438,0.09277141,0.7023388,-0.017649308,0.036174506,0.071428575
2395,0.5873051,-0.10421641,0.1903047,-0.0064571574,-0.021822944,-0.34564626,0.23512422,-0.06306197,0.0625
2396,-0.2697272,-0.34603143,0.28221396,0.43157056,0.22227606,0.3257928,-0.71677274,-0.34092388,0.07692307
2397,-0.20291203,0.3906414,0.14957945,-0.101595886,0.211081,0.6321005,0.20696299,0.039156158,0.14285713
2398,-0.031155638,-0.34016052,0.0054029375,0.08905393,0.059826203,0.49493468,-0.6410401,-0.11601262,0.055555563
2399,-0.2049123,-0.28257927,0.29078752,0.25946277,0.13898018,0.64323914,-0.6937037,0.016174499,0.07142857
2400,-0.27645713,-0.09859575,0.19423044,0.14890906,0.07507167,0.86901206,-0.4242549,-0.10455404,0.062499996
2401,-0.1422765,-0.066645876,-0.07068172,-0.11321234,0.14837646,0.66274,-0.35527077,-0.18613581,0.1
2402,0.1061705,-0.1082322,0.43309498,0.01647643,0.45541406,0.18637818,-0.49725825,0.45628124,0.083333336
2403,0.21868566,-0.3330317,0.28164926,0.27093583,-0.18725537,0.33884442,-0.28824282,0.115205504,0.14285712
2404,-0.20012048,-0.23611414,0.22998586,0.11897966,0.30321887,0.57941437,-0.7067104,-0.001397308,0.08333334
2405,0.13717934,-0.37560183,0.21123363,0.30390984,0.2818398,-0.3610155,-0.48771185,-0.41642758,0.083333336
2406,-0.38350263,-0.0031112088,-0.23683836,-0.037265785,0.23404631,0.6300429,-0.4003945,-0.5507235,0.055555552
2407,-0.2635646,-0.05486239,0.048545018,0.11939837,0.16620958,0.57551974,-0.33735442,-0.30353498,0.06666666
2408,-0.24263865,-0.25380817,0.12900028,0.4539514,-0.06436628,0.47067475,-0.37504417,-0.47830006,0.05882353
2409,-0.29331717,-0.16177012,0.10129436,0.28446916,0.06832074,0.58952886,-0.42285264,-0.40292305,0.066666655
2410,-0.06987624,-0.24751107,0.33001858,0.26950976,0.17494655,0.31208092,-0.49172562,-0.062018793,0.058823526
2411,0.0118637085,-0.39361244,-0.026655942,-0.03621062,0.15068716,0.5545926,-0.82410806,0.07209403,0.05882353
2412,-0.21438476,-0.2483932,0.07021266,0.26130804,0.44147742,-0.036712125,-0.5917929,-0.621233,0.0909091
2413,-0.33036932,-0.1897955,0.3500571,0.3468346,0.002456516,0.926457,-0.5423184,0.02392396,0.08333332
2414,-0.09004747,-0.043400027,0.19794789,0.16507205,0.15943529,0.3377949,-0.215294,-0.16715856,0.07692308
2415,-0.27836254,0.004232551,0.4538263,0.3267264,0.14636418,0.6465208,-0.23855525,-0.09374009,0.06666667
2416,-0.2837094,-0.26814985,0.12289944,0.38316682,0.028029427,0.52333415,-0.4898191,-0.5122876,0.052631587
2417,-0.19944829,-0.22548512,-0.092357874,0.27302265,0.1503193,0.124759726,-0.41577655,-0.7462544,0.08333333
2418,-0.19267616,-0.30825496,0.05702611,0.14150824,0.14964181,0.54284847,-0.67083836,-0.35612428,0.06666667
2419,-0.14147165,-0.045896266,0.449152,0.27475077,0.24349792,0.3889126,-0.26075143,0.009081345,0.066666655
2420,-0.2909606,-0.17569649,0.13122758,0.33951706,0.18214335,0.349235,-0.41549617,-0.5567575,0.035714287
2421,-0.17997713,0.05058984,0.47888172,0.19821727,0.4435178,0.29003584,-0.24397899,0.03725529,0.07142857
2422,0.25735536,-0.15143125,0.2147778,0.07580928,0.10978086,0.025297076,-0.15262724,0.06431806,0.055555556
2423,0.60960287,-0.29861835,0.20403916,0.087987885,-0.04868023,-0.38693482,0.016506687,-0.09034783,0.045454543
2424,0.25242567,0.025107458,0.39069438,-0.31814897,0.5782199,0.22987999,-0.40958625,0.7294441,0.06250001
2425,-0.030832067,0.32704943,0.020790331,-0.40946484,0.37425655,0.59856766,-0.01648663,0.29012138,0.058823537
2426,0.5652454,0.33815515,0.10977909,-0.65110487,0.16086274,0.36544964,0.3703692,0.7803141,0.049999997
2427,0.48188707,0.030739816,-0.2434697,-0.64945215,0.1596232,0.27623433,-0.072837315,0.27545583,0.07692309
2428,0.34683526,0.38922828,0.7759342,-0.2991502,0.54990304,0.19588253,0.2537623,0.9492867,0.11111111
2429,0.5411493,-0.43105072,0.24057308,0.10506829,0.023124024,-0.31531763,-0.34372872,0.07883495,0.07142857
2431,0.630415,0.10698718,-0.34949547,-0.7372304,0.0015766919,0.20272255,0.2341926,0.21523516,0.08333333
2432,0.16975167,0.032602828,0.040837757,0.2157807,0.0915774,-0.46538758,0.35466152,-0.9513325,0.07692308
2433,0.8824575,-0.12650402,0.12852958,-0.107432075,-0.11742525,-0.68113124,0.54212123,-0.33636305,0.062499996
2434,0.8489342,-0.45605242,-0.14148302,-0.20901293,-0.28420126,-0.17264253,-0.11041207,0.0051597767,0.07142858
2435,0.1205476,-0.036878433,0.35843173,0.26882273,-0.057916775,0.21174139,0.124056965,-0.10265948,0.07692308
2437,0.7627123,-0.4149726,0.30826536,0.12268623,-0.12171818,-0.4906844,-0.008472115,-0.014893454,0.08333334
2438,0.7148955,-0.6139444,0.16022277,0.2478132,-0.061530247,-0.7483428,-0.295821,-0.3095245,0.06666667
2439,0.60741025,-0.23585409,0.5547122,0.29853305,-0.034910068,-0.49119413,0.19678377,-0.016196322,0.05263158
2440,0.7026684,-0.20585424,0.37670577,0.03977223,-0.19353963,-0.13714911,0.23277362,0.18781267,0.058823537
2441,0.8493544,-0.36076665,0.37622845,0.13443035,-0.2675057,-0.3875078,0.15860699,0.16420245,0.076923065
2442,0.7901476,-0.26869226,0.1779498,0.017646715,-0.11509322,-0.62713575,0.25212532,-0.19196074,0.07142858
2443,0.03881067,-0.32272893,0.26645204,0.30323955,-0.14759247,0.48386222,-0.36543977,-0.08190437,0.071428575
2444,0.28319353,0.11228475,0.35418677,-0.05958291,0.41380364,-0.27228332,0.08459894,0.06770117,0.062499996
2445,0.38368887,-0.25371155,-0.1808985,-0.11861705,-0.041946605,-0.025697872,-0.20090047,-0.21581976,0.058823537
2446,0.3917946,0.30768812,-0.2146927,-0.28953958,0.059788845,-0.33424073,0.72380507,-0.8280216,0.062499996
2447,0.234481,0.028162954,-0.2254904,0.029776864,-0.06781013,-0.25358996,0.368213,-0.9441603,0.05263158
2450,0.08984461,-0.29726186,0.3686384,0.3050245,0.13970423,0.03656701,-0.333232,-0.24782585,0.1
2451,0.31291416,-0.25337803,0.5740329,0.33378807,0.4437303,-0.57565653,-0.37637222,0.14486657,0.06250001
2452,0.57903206,-0.32525116,-0.07124598,-0.1037356,-0.2916981,0.12131216,-0.117256224,0.101334736,0.09090909
2454,0.14502987,0.07508102,0.6536328,0.24287361,0.28435975,0.05078393,-0.0021834448,0.3923262,0.06666668
2455,0.5029302,-0.49177617,-0.20171751,-0.134512,0.1689657,-0.45129555,-0.50442636,-0.33698025,0.07692308
2456,0.17185768,-0.23041023,0.49111843,0.3512836,-0.06458174,0.31018975,-0.23111072,0.27665302,0.047619052
2457,-0.23608962,-0.20482676,0.5169243,0.79581076,0.112107545,-0.10076329,-0.15551573,-0.77564764,0.09090909
2458,0.14343804,-0.5167272,0.10047372,0.28747097,-0.09240092,0.22645402,-0.6255083,-0.14283961,0.06666667
2459,-0.37218416,-0.13053401,0.03197386,0.3826334,-0.10847761,0.6931452,-0.3154264,-0.5306855,0.076923065
2460,-0.13815738,-0.31450877,0.12744881,0.38817677,0.085800275,0.20914549,-0.49796808,-0.38250503,0.07692308
2461,0.24972507,-0.262634,0.22399625,0.20049974,0.21837303,-0.2781811,-0.27935848,-0.21613882,0.08333332
2462,0.13760856,-0.23387446,0.57144976,0.49764645,0.28437525,-0.40902025,-0.21028927,-0.1474189,0.1
2463,-0.019351825,-0.5110892,0.08156529,0.40988228,-0.112643674,0.3020693,-0.6697615,-0.33887625,0.07692309
2464,-0.26389456,-0.09840785,0.5531993,0.28977516,0.59452677,0.19253573,-0.52339137,-0.074043706,0.09090909
2465,-0.16749834,-0.37507248,0.6405016,0.5128523,0.11933939,0.60112095,-0.7252493,0.19758339,0.09090909
2466,-0.067636505,0.008273076,0.4952197,0.37585568,0.27601,0.016775526,-0.06853721,-0.16053198,0.05263158
2467,-0.7646496,0.2860927,0.20345995,0.15080343,0.779195,0.4988862,-0.35556334,-0.601841,0.14285715
2468,-0.17638305,-0.27669454,0.009617418,0.05621846,0.0033199638,0.8119494,-0.59220344,-0.27950615,0.04761904
2469,-0.066504285,0.059723098,0.3175652,0.30071467,0.17657094,0.077119,-0.023761898,-0.10185826,0.06666666
2470,-0.1585527,-0.2766952,0.08502294,0.21472934,0.054768436,0.48603836,-0.5727653,-0.2050928,0.05263158
2471,-0.15969552,-0.3509662,0.49904847,0.46591106,0.26921397,0.24831611,-0.73848873,0.03266189,0.1
2472,0.004434362,-0.27774006,0.5689313,0.54497963,0.14184041,0.053131144,-0.40636474,-0.041422118,0.058823522
2473,-0.22153404,-0.34770584,0.3005225,0.69691074,-0.17279454,0.3019167,-0.33460674,-0.6107355,0.062499985
2474,0.26048914,-0.394561,0.26599887,0.30676475,0.0068552047,-0.122103974,-0.3777172,-0.19107188,0.07692308
2475,-0.030623596,-0.13067651,0.2789576,0.29354453,-0.11262356,0.4570535,-0.12028161,-0.18577763,0.058823522
2476,-0.16102722,-0.32039672,0.18251167,0.27717784,0.15461245,0.33122706,-0.6015472,-0.36618963,0.066666655
2477,-0.22007868,-0.17001489,0.088663794,0.15018398,0.13629723,0.5652114,-0.45276517,-0.31141883,0.06666666
2478,0.3600128,0.16580904,-0.18784703,-0.15212819,-0.29851854,0.23000598,0.49961513,-0.15963699,0.052631576
2479,0.24356553,0.15550967,0.104512915,-0.0743689,0.08699812,0.06328842,0.2583487,-0.016934473,0.04761905
2480,0.79856205,-0.30137873,0.14756097,-0.06228728,0.024219528,-0.5839851,0.028772801,0.003620591,0.08333333
2481,-0.40836716,0.19210668,0.44730645,0.21534866,0.37769789,0.6518073,-0.2146181,-0.0020773225,0.076923095
2482,0.0014610961,-0.51777256,-0.035530925,0.42758906,-0.35636145,0.44929647,-0.5505644,-0.3561144,0.07692309
2483,-0.23971254,-0.010125959,0.2014414,0.34459284,-0.13314773,0.64276886,-0.047631055,-0.343618,0.066666655
2484,-0.087406576,0.12407516,0.0020072162,-0.101785354,0.24356917,0.41121006,-0.107976176,-0.061522875,0.047619045
2485,0.64205575,-0.037702393,-0.0050718337,-0.34878477,0.08203796,-0.19432911,0.20036249,0.054437153,0.055555552
2486,0.8086453,-0.102487266,0.25671816,-0.1149695,-0.027381241,-0.38974723,0.2263235,0.3555594,0.09090909
2487,0.53972095,-0.2013085,0.13222784,-0.01912991,-0.35250306,0.2212314,0.14317463,0.13273765,0.07692309
2488,0.3574351,0.03224861,0.29599714,0.002704367,-0.25374758,0.38630992,0.30180997,0.29650545,0.076923065
2492,0.9227695,-0.422328,-0.24791186,-0.28659055,-0.25261438,-0.37888724,0.022350729,-0.22302811,0.04347825
2493,0.57958746,-0.13380525,0.033677533,-0.1696459,0.03892234,-0.25229096,0.04465832,0.06761404,0.07692308
2494,0.4819766,-0.34021312,0.016304873,0.19798854,-0.50992095,0.099499114,0.19309582,-0.48720232,0.055555563
2497,0.39667666,-0.20319211,0.08037729,0.17906807,-0.19225384,-0.11843562,0.099027276,-0.26941332,0.058823537
2498,0.29063463,-0.27289277,0.24079828,0.2595066,0.12878728,-0.30250147,-0.13118926,-0.44527283,0.04761905
2499,0.6365699,-0.05812129,0.49649078,0.118647136,-0.04315929,-0.2759913,0.29133105,0.33207744,0.0625
2500,0.35557836,0.0313266,0.32517397,0.1486043,-0.058254227,-0.045572355,0.29439008,0.10653813,0.062499996
2501,0.28271255,-0.26386046,-0.110454485,0.15796554,-0.43160492,0.3081316,0.0101859495,-0.26151487,0.066666655
2502,0.28215155,-0.51404095,0.06149342,0.14920606,0.18098836,-0.15934426,-0.7087455,-0.058589,0.07142857
2503,0.5700418,-0.0923416,0.21135473,0.064126186,-0.25240636,-0.076143175,0.33549106,0.055882607,0.055555563
2504,0.45859936,-0.0045123436,0.02226045,-0.21797895,-0.14905344,0.31953052,0.19135244,0.17777143,0.11111111
2505,0.13601246,0.39882594,-0.2620681,-0.14544716,-0.19168355,0.17423573,0.7571135,-0.5121562,0.12500001
2506,0.4317927,-0.40591866,-0.2596566,-0.044444777,-0.46733677,0.38808566,-0.23955502,-0.03258847,0.05555555
2507,-0.12800807,0.01504821,0.06571617,0.2575374,-0.12400155,0.4319344,0.11406389,-0.51012844,0.0625
2508,0.31272885,0.1146085,-0.07781996,-0.17630026,0.22486356,-0.30318502,0.2502314,-0.38528675,0.058823526
2511,0.18749017,0.2608077,0.27203107,0.0014860779,0.10747019,0.122099265,0.41000396,-0.028900255,0.07692308
2512,0.30412927,-0.040163703,-0.24032228,-0.20393655,0.12882648,-0.15302067,0.009729177,-0.3265645,0.076923065
2513,0.6389044,-0.30356732,0.14132385,0.12307577,-0.2407173,-0.3021858,0.10499489,-0.17848267,0.052631572
2514,0.4024273,0.19313823,-0.039034978,-0.6091364,0.3840251,0.18049659,-0.06356064,0.6078334,0.14285715
2517,0.40866944,0.2095112,0.0082065165,-0.22095865,-0.09389277,0.170919,0.5260268,-0.02341735,0.052631587
2518,0.064961664,-0.30134928,0.0006925911,0.13845515,-0.100287005,0.41385812,-0.4634686,-0.002301056,0.0625
2522,0.33089364,0.17490707,0.31176448,-0.22518218,0.55019754,-0.2843306,0.0864549,0.17846392,0.05882353
2523,0.2430337,-0.017145965,0.29280823,0.27326816,0.054919317,-0.28316474,0.19176148,-0.23443724,0.058823522
2524,0.68623096,-0.1890414,0.14212364,-0.4257198,0.2173463,-0.0762267,-0.23371764,0.4814813,0.11111111
2525,-0.2152153,0.2028337,-0.029110804,-0.019846603,-0.24086322,1.0770066,0.13229854,-0.10268633,0.05882353
2526,0.295155,-0.3004914,-0.026710525,0.5200132,-0.85934305,0.29477173,0.3509285,-0.6492838,0.083333336
2527,0.1732589,-0.18978491,-0.22875227,0.22690058,-0.4279799,0.0892823,0.2645232,-0.9502409,0.06250001
2528,0.29824996,-0.508074,-0.20711718,0.16473344,-0.4827807,0.3166347,-0.30216533,-0.4377967,0.083333336
2529,-0.03780861,-0.068148196,-0.3027606,-0.13697326,-0.07926102,0.5595677,-0.1837838,-0.4337765,0.05882353
2530,0.19975105,0.11475961,0.15843949,0.03142505,-0.14050288,0.3315161,0.3382368,-0.12769167,0.07692308
2531,-0.31135395,-0.10905072,0.39285934,0.61565864,-0.18363632,0.6586863,-0.100507565,-0.45385024,0.06666667
2532,-0.21560863,0.10716896,0.041340336,0.3344263,-0.08088003,0.2961684,0.22847508,-0.8299397,0.07692307
2533,0.5645261,-0.12089585,0.6502522,0.07931653,0.2973515,-0.3518847,-0.039148375,0.55733865,0.09090909
2534,0.5953218,0.05322428,0.5963281,-0.20160839,0.49842125,-0.33181593,0.107761696,0.40919083,0.083333336
2538,-0.175987,0.02519466,0.37451,0.14407632,0.14408161,0.711847,-0.11928147,-0.04127847,0.050000004
2539,-0.40473422,0.17081386,0.051287815,0.2111112,-0.008262381,0.79150623,0.14269848,-0.6296225,0.055555552
2540,0.5554505,-0.15434021,0.18096608,0.07662043,-0.27491224,-0.018898599,0.21025176,0.11969662,0.10000001
2541,0.60305274,0.12945476,0.044904478,-0.50185436,0.41598594,-0.38669544,0.21380807,0.09833293,0.04761905
2543,0.062886186,-0.17460984,0.13066414,0.31257042,-0.06144242,0.07597124,-0.08465659,-0.370745,0.05882353
2547,0.56955504,-0.1338213,-0.3605336,-0.32266334,0.061931856,-0.42500108,0.11635472,-0.5101424,0.083333336
2554,0.64075005,-0.09579545,-0.053949848,-0.36823255,0.17277417,-0.28323287,-0.006452933,0.16012023,0.06250001
2582,-0.01452883,0.14857525,-0.09302597,-0.3273139,0.33681417,0.45408586,-0.15920019,-0.0045632236,0.07692308
2583,-0.0712844,0.045055445,-0.087603614,0.076825716,0.08590514,0.09321334,0.06466603,-0.64840674,0.07692308
2584,0.24138403,0.40971458,-0.23883356,-0.7318933,0.500384,0.09763686,0.23164363,0.15261498,0.08333334
2585,0.17589042,0.5776836,-0.29892373,-0.84298754,0.95591545,-0.31726182,0.102545515,0.12991007,0.111111104
2588,0.68277717,-0.2573924,-0.015555248,-0.13487864,0.03436081,-0.46538436,-0.07291589,0.036703635,0.071428575
2589,0.43417296,-0.06569506,0.3686362,-0.08043676,0.27185327,-0.13093741,-0.05053018,0.23753048,0.045454543
2590,-0.30772465,-0.05821346,0.44252735,0.32251003,0.48601288,0.30555275,-0.49174267,-0.14428444,0.05263158
2591,-0.3682329,-0.029965684,0.25234926,0.14973556,0.4999447,0.44058436,-0.5644181,-0.24453951,0.04761905
2593,0.03005857,-0.15500347,-0.14065118,0.19979997,-0.21736176,0.24720535,0.04768674,-0.6885021,0.055555556
2594,-0.20276195,0.096638754,0.1424193,-0.036214687,0.5365889,0.2719382,-0.37291044,-0.04275577,0.099999994
2595,-0.26709425,0.14765514,0.196538,-0.100204684,0.36207968,0.66605514,-0.2773841,-0.033346955,0.08333334
2596,0.05923847,0.16625494,0.4077264,0.24477318,0.18390231,-0.098141566,0.26024896,-0.22041099,0.08333334
2597,0.1547882,0.07486853,-0.2672022,-0.4662556,0.6368095,-0.21675661,-0.2810527,-0.15953285,0.055555552
2600,-0.074247204,0.0913437,0.17426443,0.44311926,-0.04050663,-0.107878834,0.36535007,-0.9198621,0.083333336
2601,-0.31604186,0.20963235,0.399938,0.29987523,0.19066711,0.5111446,0.04158756,-0.16418974,0.058823526
2602,-0.45245308,0.050407957,0.0693003,0.24272501,0.16379958,0.6609529,-0.2846528,-0.41557422,0.04545455
2603,-0.1492482,0.23779157,0.32581547,0.05296785,0.3948794,0.35135788,-0.04982382,0.16704762,0.049999993
2604,-0.34985712,0.13431786,0.3950017,0.13603093,0.47639447,0.5677022,-0.34634483,0.04288711,0.07142856
2605,-0.42504826,0.19801848,0.030709364,-0.043063395,0.23909517,0.9281666,-0.23104548,-0.12534072,0.05882353
2606,-0.08785236,-0.1131541,-0.044175774,-0.009326287,0.21735974,0.43407875,-0.51459193,0.038980905,0.07142857
2607,-0.12851924,0.23906255,0.06647009,-0.15539575,0.41119468,0.36825866,-0.07779728,-0.02109031,0.05263158
2608,-0.12455625,0.45006695,0.13920015,-0.281463,0.2681736,0.7370804,0.20070146,0.2982445,0.052631572
2609,-0.38289294,0.19074881,0.09327939,-0.22322741,0.4013229,0.9890849,-0.41639978,0.12123105,0.045454547
2610,-0.09090106,0.43203992,0.34530967,-0.08348065,0.27302974,0.5397851,0.23291104,0.522967,0.099999994
2611,0.08058024,0.1003512,0.23848017,-0.13152769,0.6878778,-0.19639501,-0.22492416,0.05827289,0.035714284
2612,-0.22412607,0.35153776,0.009798147,-0.097429074,0.44566053,0.23236075,0.017840058,-0.09463239,0.071428575
2613,-0.29021826,0.1979625,-0.028409451,-0.20147192,0.26555294,0.9156863,-0.33675942,0.2844957,0.125
2614,-0.22880822,0.2657193,0.529265,0.2816917,0.46097028,0.11926171,0.13722642,-0.20375745,0.06666667
2615,-0.13139609,0.2701794,0.043248497,-0.3026929,0.4748971,0.48043448,-0.18838754,0.24568252,0.08333334
2616,-0.05317411,0.17041029,-0.006550148,-0.15864259,0.529275,0.03370961,-0.1978373,-0.026864354,0.125
2617,-0.18497908,0.08930026,0.03665883,0.080053166,0.13492659,0.45815572,-0.07830833,-0.3534288,0.052631587
2618,-0.3513535,-0.0045525488,0.23084064,0.17354932,0.16537131,0.8165043,-0.39497852,-0.059186604,0.08333334
2619,-0.18390256,-0.034614656,-0.25933278,-0.28074676,0.15718247,0.8361128,-0.48968023,-0.07579218,0.07142856
2620,0.052394338,-0.10688323,0.39816695,0.18266001,0.28621063,0.05780693,-0.28237972,0.08669765,0.05882353
2621,-0.25757533,0.19717777,0.123991825,-0.1670658,0.6560817,0.31565747,-0.34866518,-0.010052685,0.062499993
2622,-0.08100339,0.18093278,0.9519673,0.42290002,0.5049371,0.11210614,-0.058562793,0.4109678,0.07142858
2623,0.06716313,0.05361375,-0.18028806,-0.30636668,0.29891673,0.24621952,-0.23092665,-0.06903753,0.083333336
2624,0.33671924,-0.16088162,0.20417164,0.04220385,-0.01923582,0.0777793,-0.009014204,-0.050466876,0.06666668
2625,0.6028674,-0.08473562,-0.036532357,-0.4107225,0.07884176,0.045446966,0.003910318,0.21018541,0.055555552
2626,0.017869085,0.19369653,0.11403112,-0.07864682,0.3491304,0.0620063,0.06913988,-0.12874258,0.058823526
2627,0.40520433,-0.08045529,-0.597046,-0.38503572,-0.2153088,0.08167514,0.14894871,-0.53579885,0.06249999
2628,0.4062975,-0.095990464,-0.32444543,-0.3131554,-0.11753304,0.16068769,0.003082335,-0.12480895,0.12500001
2629,0.05426593,-0.07491878,0.16479267,-0.020580135,0.31533617,0.16798201,-0.29561818,0.030406184,0.124999985
2630,0.15946716,0.099395216,-0.10120244,-0.02035033,-0.17976008,0.24660438,0.3310895,-0.3068544,0.08333333
2631,0.11181494,0.12273458,0.3522324,0.18576083,0.24391633,-0.0873127,0.1903417,-0.17971066,0.083333336
2632,-0.06771238,0.039957542,0.32306886,-0.032301612,0.47461104,0.28138983,-0.34447217,0.16067797,0.0625
2633,0.32109624,0.08153187,0.12045173,-0.23152646,-0.026643336,0.38829735,0.15767686,0.27218625,0.050000004
2634,0.41705343,0.06755155,0.3804677,-0.06972317,0.10646717,0.045084096,0.18739901,0.33886898,0.07692309
2635,0.10974378,0.04249786,0.17792937,-0.0580206,0.10106526,0.39906037,-0.043421544,0.15381294,0.047619052
2636,0.041407213,-0.26795655,-0.26474774,-0.061190493,-0.15599711,0.52809536,-0.41028845,-0.2195033,0.08333333
2637,-0.021136392,0.2511386,0.0341783,-0.06991159,0.2934162,0.06629521,0.22469844,-0.35394546,0.05555555
2638,-0.25515696,0.19687362,0.05621466,0.11127633,0.15431519,0.42204833,0.06717782,-0.33687586,0.08333333
2639,0.27223554,0.06375983,0.09212695,-0.06277273,-0.14210542,0.30657083,0.22288547,0.01142611,0.043478254
2640,0.24972647,-0.22383554,-0.39915252,-0.31126192,0.09164584,0.061191842,-0.33773607,-0.35166892,0.07142857
2641,0.02168087,-0.19639237,0.18332052,0.24137205,0.006322071,0.2666062,-0.27357602,-0.1527806,0.05882353
2642,0.57559884,-0.28276813,0.03569284,-0.12853858,0.14187048,-0.32169694,-0.25122857,0.15042517,0.06666667
2643,0.5434432,-0.24359414,0.10124202,0.13931224,-0.101609334,-0.5213042,0.16330235,-0.45534983,0.0625
2644,0.6470353,0.0990428,-0.018804625,-0.035571,-0.3404054,-0.41109174,0.8808483,-0.5980356,0.09090909
2645,-0.3812083,0.39204997,0.40302658,-0.02713827,0.45202482,0.8043778,-0.05626442,0.24435131,0.08333333
2646,-0.07123857,-0.0020210939,0.49274713,0.2632013,0.10100834,0.46242267,-0.2035858,0.33761075,0.058823522
2647,-0.12518775,0.30017626,0.6754914,0.06655584,0.47184676,0.464028,0.019714102,0.43334597,0.09090909
2648,-0.25131267,-0.26366985,-0.009854779,0.17279519,0.18233977,0.4981755,-0.6597566,-0.33415803,0.06250001
2652,0.05472797,-0.26580873,-0.095572054,0.27394018,-0.27691257,0.24481761,-0.10088441,-0.6185925,0.07142856
2653,0.1336734,0.3273904,0.20945267,0.060129873,0.25743812,-0.33509654,0.62671113,-0.58057797,0.062499996
2654,-0.12595616,0.23244108,0.09089791,-0.18246424,0.4167496,0.38588685,-0.08359639,-0.10213995,0.038461544
2655,0.35722616,-0.01973191,-0.024555594,-0.4834261,0.451886,0.049673926,-0.30372775,0.33138043,0.08333333
2656,-0.09838599,0.035860613,0.4424256,0.090455905,0.56204474,0.15644863,-0.4066766,0.21332775,0.0625
2657,-0.07565089,-0.20062208,0.23526324,-0.07125766,0.49358094,0.43158168,-0.8255899,0.35912573,0.07692308
2658,-0.0020891055,-0.16396266,0.51896095,0.21579985,0.56579894,-0.054620087,-0.5729482,0.14156684,0.049999997
2659,0.31487727,0.12657627,0.09775956,-0.35508838,0.5209345,-0.2146684,-0.031375468,0.18111297,0.07142856
2660,0.21480167,-0.15728468,0.9546549,0.5528361,0.34048325,-0.27261603,-0.27537167,0.4791331,0.11111113
2661,-0.1234692,0.13695084,0.09581263,-0.22842199,0.536537,0.3904685,-0.36595708,0.15874755,0.07142858
2662,0.053859808,-0.046529,0.3244676,0.12087106,0.518146,-0.18614498,-0.2695676,-0.08470093,0.050000004
2663,0.2279996,0.07832636,0.12201245,-0.070857815,0.38821325,-0.35209936,0.12972628,-0.39865094,0.055555563
2664,-0.04805248,-0.03679656,0.08116601,0.36121014,-0.1315252,0.048142076,0.19248979,-0.74587554,0.08333334
2666,-0.008373614,0.21164098,0.1941705,0.0125980005,-0.08410089,0.7099079,0.16253756,0.1462656,0.125
2667,0.21531251,0.32034707,0.7093751,-0.042404957,0.2468255,0.45464858,0.3220917,0.69860107,0.062499993
2668,0.4273398,0.22721747,0.18220583,-0.36953688,0.42477143,-0.16520116,0.12630461,0.45526496,0.071428575
2673,0.10479482,-0.14058919,0.16106941,-0.2873252,0.5273443,0.3018759,-0.65308607,0.31958723,0.09090907
2674,0.29489166,0.06593098,0.13023587,-0.30552316,0.19844453,0.29243952,-0.032815896,0.3085585,0.058823526
2675,0.016825989,0.16270663,0.010212377,-0.2760909,0.57366496,0.023481727,-0.15129125,-0.03746565,0.06666666
2677,0.6279734,-0.17982738,-0.6998994,-0.2962872,-0.57492703,-0.022240251,0.32841504,-0.63552374,0.06666667
2690,0.52486104,-0.28177696,-0.3531322,-0.08077598,-0.30197233,-0.16715953,0.053582802,-0.52483714,0.062499993
2691,0.48065683,-0.14932361,-0.19095378,-0.045759834,-0.33161396,-0.08913912,0.40015846,-0.78116786,0.07692308
2713,0.09250135,-0.4609863,-0.12822692,0.15439601,-0.07062742,0.2403379,-0.6215361,-0.29729998,0.058823537
2715,0.16226003,0.19872089,0.007382408,-0.1948021,0.17112303,0.16491067,0.2487051,-0.18296885,0.07692309
2718,1.0234004,-0.43827406,0.43208897,0.16076104,-0.21774076,-0.73649997,0.16656406,0.16508687,0.058823522
2719,0.43641528,0.013773935,-0.08966118,0.1156161,-0.35829806,-0.15969524,0.6079591,-0.720507,0.05882353
2720,-0.022579364,0.22085136,0.41601026,0.08502081,0.19414726,0.4105057,0.16503789,0.23836593,0.07692309
2721,0.027938463,0.44074246,0.39453954,-0.2807521,0.69385934,0.16251136,0.046685696,0.6457535,0.08333333
2722,-0.16265789,0.14871259,0.47549528,-0.12952912,0.5805146,0.6248798,-0.42081165,0.542141,0.05882353
2723,-0.030333452,0.028244887,0.2329634,0.10130236,0.21780331,0.31015038,-0.12892352,-0.051199954,0.0625
2724,0.11494926,0.24102177,0.77631277,-0.13219133,0.7609762,0.17755136,-0.2393836,0.8821766,0.099999994
2725,-0.035703212,0.123373225,0.4676352,0.034241058,0.31716597,0.42815414,-0.14367542,0.27194837,0.10000001
2726,1.1993732,-0.19757621,0.12583435,-0.3704842,-0.4109416,-0.25317973,0.36301482,0.7484483,0.2
2727,-0.3106779,0.54641104,-0.03805776,-0.2746396,0.4660247,0.5412959,0.2141063,-0.11943065,0.06250001
2728,0.044748142,0.29959944,0.5975313,-0.14046156,0.68861496,0.16758144,-0.09246279,0.6927178,0.08333333
2729,0.1790007,0.08574669,0.5446849,-0.07869538,0.20485795,0.56085527,-0.14618091,0.83288556,0.07692308
2730,0.17291564,0.068379775,0.2672439,-0.17819136,0.3993916,0.23868918,-0.178137,0.36618003,0.058823537
2731,-0.3347608,0.14072914,0.33403996,-0.027131326,0.5340561,0.6784973,-0.42900074,0.13891588,0.08333334
2732,-0.11536124,0.5301178,0.2756403,-0.35014403,0.50835663,0.5897825,0.20606984,0.33151808,0.090909086
2733,-0.08195013,0.47878706,-0.00044550002,-0.5907562,0.32568884,0.9949108,0.08147462,0.49540102,0.06666667
2734,0.015422471,0.09449613,0.40042913,-0.068198524,0.31585264,0.54282165,-0.27273294,0.57879335,0.062499996
2735,-0.025955461,0.10343064,0.7012577,0.19997042,0.25891432,0.500896,-0.16798046,0.63812304,0.071428575
2736,0.19741043,0.15958335,0.40908915,0.06975834,0.059438474,0.23704714,0.20730866,0.3662822,0.08333333
2737,0.1618303,0.056458388,0.45911896,-0.15688545,0.42359787,0.37170607,-0.28790796,0.6407689,0.08333332
2738,-0.123371504,0.29246858,0.50409925,0.32541484,0.18818308,0.23006421,0.33585578,-0.09101547,0.0625
2739,-0.13911569,0.48460975,0.38467127,-0.36923683,0.6069437,0.69946676,-0.059642494,0.71567965,0.05
2740,0.27074072,0.3545493,-0.012780219,-0.44292903,0.33773726,0.10120931,0.28908408,0.18208289,0.09090909
2741,-0.11238802,0.08515032,0.55106556,0.1338898,0.37066293,0.5056836,-0.26108605,0.39180416,0.06666666
2742,0.7397852,-0.4825949,-0.1188222,-0.103644066,-0.17982884,-0.36788076,-0.16367242,-0.23313896,0.06666667
2743,0.70736504,-0.17943515,-0.04993421,-0.1932618,-0.37495124,0.11654444,0.21923204,0.12659062,0.055555556
2744,0.12743622,0.15802293,0.12908854,0.13661195,-0.269197,0.40177238,0.45967537,-0.20875804,0.07692308
2745,0.4069469,0.2629326,0.22994515,0.18478191,-0.46145618,0.08023116,0.944651,-0.29409286,0.1
2746,0.34621468,0.116964,0.035493612,-0.15844065,-0.22717015,0.43151176,0.34717822,0.13935913,0.0625
2747,-0.6538636,0.27905324,0.5266491,0.46353146,0.3150367,0.72091573,-0.06646907,-0.35149494,0.0625
2748,0.7005437,-0.06621051,-0.0021077693,-0.07581719,-0.67499274,0.28389573,0.59812415,0.065872215,0.06666667
2749,0.6936184,0.040021013,-0.1360427,-0.23655468,-0.41031432,0.033716988,0.6118582,-0.1426707,0.062499996
2750,0.7348027,0.06732206,0.13599263,-0.07406119,-0.44534606,-0.07436517,0.7779996,-0.08019729,0.062499985
2751,0.70643383,-0.28534952,0.19719443,0.17276692,-0.5258303,-0.0062873065,0.27703083,0.09928921,0.06666667
2752,0.45984724,0.35591835,0.41384673,0.28773525,-0.70612764,0.32900244,1.2587837,-0.17890656,0.09999999
2753,0.6348905,-0.18208307,-0.0067670196,0.011541195,-0.47738415,0.05316591,0.34498692,-0.08583978,0.071428575
2754,0.7170615,0.44470027,-0.054820642,-0.5365486,-0.02100338,-0.18333548,0.94867563,0.008406121,0.083333336
2755,0.21201545,0.22752269,0.29264563,0.11043798,-0.08821149,0.19599572,0.50771326,-0.05041163,0.06250001
2756,0.5362697,-0.039248735,0.048496366,0.13765278,-0.48149836,-0.10684109,0.65428036,-0.4756421,0.0625
2757,0.09828987,0.4650758,0.31828308,0.009311445,-0.29791522,0.809574,0.7103832,0.44125047,0.11111111
2758,0.35123304,-0.06701635,0.19806427,0.39090446,-0.52363133,0.07400708,0.5948558,-0.5090384,0.06666666
2759,0.59618783,0.14234085,0.28664467,-0.17329076,0.121089995,-0.2502789,0.44790393,0.20116311,0.083333336
2760,0.3897334,-0.038032886,0.20897414,0.17342472,-0.40779465,0.24928507,0.3767491,-0.024445388,0.058823526
2761,0.35709485,0.36662078,0.3980347,0.08486099,-0.13868807,-0.06939711,0.9036859,-0.15642728,0.08333333
2762,0.37611824,-0.058099728,0.07743992,-0.0483262,-0.057647526,0.0412231,0.095443055,0.017812192,0.07692307
2763,0.29661041,0.40660506,0.18034078,-0.18873602,-0.19507106,0.5287389,0.7340496,0.21754918,0.04761905
2765,-0.28055763,0.10477102,-0.11262289,-0.057225235,0.09996978,0.71017164,-0.1194503,-0.4428095,0.0625
2766,0.62836117,0.09366967,0.032635838,-0.24346519,-0.3711688,0.2570505,0.54684216,0.25721782,0.05263158
2767,0.22649959,0.17305334,0.25869355,-0.14720714,0.2597338,0.07979329,0.14265244,0.25414434,0.055555552
2768,1.0378438,-0.4304372,-0.05718793,-0.25031447,-0.20796467,-0.46522897,0.031376734,0.04828288,0.090909116
2769,1.0985576,-0.52749896,-0.022297889,-0.11971795,-0.027669013,-1.0772113,-0.010946825,-0.3860936,0.090909086
2770,0.04285256,0.030783944,0.57483023,0.22517234,0.14066486,0.42588288,-0.11502831,0.4772086,0.04545455
2772,0.09629438,0.60132635,0.5469611,0.051138356,0.17208967,0.19004984,0.8057671,0.080251575,0.07692308
2773,0.6758841,-0.31046745,0.25210416,0.1438217,-0.11523537,-0.3813107,0.006222233,0.0076178648,0.124999985
2774,0.011113666,-0.14408578,0.12182489,0.20656677,0.16946249,-0.06880452,-0.10939558,-0.60335726,0.09090909
2783,0.581529,-0.28221095,0.23399082,0.2054582,-0.030262262,-0.568948,0.10336347,-0.35422686,0.08333333
2784,0.7415198,-0.1309266,0.11074293,-0.30787423,0.15334992,-0.40085503,0.11641081,0.10742092,0.05263158
2785,0.82869726,0.060147103,-0.1378978,-0.28400165,-0.13435201,-0.53637254,0.5920435,-0.24882136,0.071428575
2788,0.036355555,-0.6891466,0.049604826,0.43657583,-0.10834058,0.1814925,-0.8223043,-0.4582142,0.1
2789,0.8327866,-0.41479108,-0.08708526,-0.16610417,-0.32289475,-0.19285592,0.040742114,-0.09939979,0.08333333
2790,-0.18908077,-0.3732409,0.29095286,0.4001706,0.042104885,0.46099085,-0.6968489,-0.21924068,0.09090909
2791,-0.33489418,-0.034013342,0.6079318,0.4474328,0.44128096,0.35831407,-0.41147417,-0.1185884,0.041666664
2792,0.59799635,-0.29713073,0.11159761,0.0687955,-0.002847284,-0.5302259,0.1118304,-0.47647873,0.07142857
2793,0.4481773,-0.163827,-0.11023007,-0.1346119,-0.16904972,0.057751656,0.045993358,-0.12681523,0.05263158
2794,0.7951493,0.24550189,0.6406113,-0.28250775,0.20574106,-0.20645437,0.6115273,0.69555134,0.06666668
2795,0.02676215,-0.5670938,-0.12982066,0.32594052,-0.5034892,0.6844013,-0.5431662,-0.4088155,0.071428575
2796,-0.12283523,-0.1709707,0.0060114786,-0.21434048,0.47027504,0.4995386,-0.8146986,0.10447104,0.11111111
2797,-0.15380225,0.18785943,0.12447171,-0.108176716,0.39750007,0.38695887,-0.14550139,-0.039752875,0.0625
2798,-0.19188558,0.30433154,-0.0127247125,-0.28319263,0.50835484,0.3948017,-0.077677175,-0.124956,0.111111104
2799,-0.06514163,0.23769961,0.2661484,0.04353322,0.25715467,0.24250488,0.15400358,-0.09539129,0.062499996
2800,0.0077547356,0.12453395,0.014650941,-0.19582444,0.29900846,0.2897945,-0.09949906,0.022520054,0.05882353
2801,0.7060095,-0.047369216,0.40186304,-0.040540732,0.26586598,-0.7521997,0.22790386,0.2235211,0.10000001
2802,0.061089,-0.10633576,0.32871932,-0.06563454,0.56176996,0.13326508,-0.59292114,0.38303977,0.07142858
2803,0.0021482036,-0.091362044,0.26710546,0.066527896,0.33256525,0.19063452,-0.34530485,0.023166168,0.09090909
2804,0.4328386,-0.09166582,0.39938164,0.11826975,0.13538074,-0.3022924,0.075039834,0.06095883,0.055555563
2805,-0.13127428,0.17817493,0.2180005,-0.11441744,0.59170765,0.26737058,-0.28909016,0.065114275,0.06666667
2810,-0.21148437,0.42172787,0.6288831,0.0006601736,0.71850246,0.2808155,-0.019236296,0.34168604,0.09090908
2811,0.07797221,-0.230342,0.44949108,0.2385309,0.2048521,0.22286455,-0.4028393,0.10922096,0.07142857
2812,-0.2799377,0.39875278,0.8895236,0.14769645,0.6060266,0.66330457,-0.07895832,0.68464446,0.045454543
2813,-0.26871985,0.3954433,1.0279624,0.13282265,0.72855127,0.6259633,-0.17561772,0.9163582,0.09090908
2814,0.045966126,-0.18007834,0.06719744,0.06134638,0.11191402,0.28301555,-0.3904894,-0.03081065,0.058823526
2815,-0.3612887,0.3174711,0.16962805,0.10909779,0.30871874,0.4222957,0.14674534,-0.41205204,0.055555563
2816,0.07904681,0.35736302,0.17966694,-0.40277886,0.5777644,0.30910626,-0.0777646,0.59433997,0.11111111
2817,-0.035037473,0.27073175,0.52370304,-0.0023129135,0.18411258,0.7295391,0.07204248,0.55541253,0.05263157
2818,0.02121704,-0.080495864,0.9736779,0.4742155,0.5292815,-0.0019812733,-0.41846704,0.6797245,0.083333336
2821,0.38084123,0.3519979,0.33911848,-0.21345419,0.14877692,0.13734892,0.54954207,0.31365836,0.0625
2822,0.3506487,-0.0027105175,0.71088386,0.20354411,0.08908254,-0.012139782,0.184983,0.26128224,0.12500001
2823,0.583232,-0.046630993,0.28887117,0.0152896345,0.043841228,-0.42862666,0.3343823,-0.13723308,0.06666667
2825,0.56632143,-0.19117783,-0.32509744,0.048201766,-0.43876708,-0.365883,0.3953684,-0.7768834,0.06666667
2826,0.1338825,0.2982459,0.6776486,0.13284034,0.39121032,0.016477667,0.34227437,0.14811891,0.07142858
2827,0.91399264,-0.1887377,-0.65594834,-0.84359705,-0.030348122,-0.30130363,0.039289907,-0.1093708,0.06666666
2828,0.38935313,0.14748181,-0.15354265,-0.55150956,0.42575258,-0.08685017,0.026269048,0.070218176,0.049999993
2829,0.33867425,-0.379633,0.5434498,0.43849573,0.123749025,-0.29568747,-0.3464818,0.12018021,0.08333333
2830,0.046940297,-0.45951387,0.112592325,0.59193534,-0.13002996,-0.18810466,-0.34777313,-0.60999566,0.08333333
2831,0.23005125,-0.21953481,0.44951254,0.08864857,0.57489836,-0.2817784,-0.60337234,0.44739547,0.083333336
2832,0.275697,0.09351276,-0.5300408,-0.17932379,-0.07178399,-0.24894452,0.37561655,-1.007894,0.0625
2833,0.33830073,0.056790754,-0.3426929,-0.11441552,-0.4199751,0.22191337,0.48409927,-0.53968,0.06666667
2836,0.70599943,-0.023380373,-0.35611385,-0.35253063,-0.16091488,-0.3859323,0.4123714,-0.3929976,0.047619045
2837,0.283259,-0.2666996,-0.18681349,0.09089875,-0.50129503,0.38752884,0.04966177,-0.44950935,0.090909086
2838,0.5932304,-0.16387425,0.07779377,-0.15395766,0.014622226,-0.18365237,-0.02564501,0.26055232,0.07692307
2839,0.13552344,0.14832361,-0.12081534,-0.36962342,0.28509945,0.27215707,-0.039589822,0.029457748,0.06666667
2840,-0.27644348,-0.15840034,0.11793935,0.22612026,0.10174075,0.61321133,-0.4897762,-0.2532182,0.055555552
2841,0.15566808,-0.061426785,0.24555829,0.15368365,0.22475481,-0.13886088,-0.07476696,-0.19602413,0.0625
2842,0.07740665,-0.084319696,0.14195687,0.1699121,0.22471118,-0.21107519,-0.07959027,-0.52883583,0.076923065
2844,0.227112,-0.1676176,-0.1693622,0.14990512,-0.25630248,-0.036656722,0.1999995,-0.8001358,0.055555552
2845,0.77845377,-0.28928757,0.48612207,0.16926542,-0.1031654,-0.45919496,0.17868899,0.16541478,0.07692309
2847,0.3212309,-0.09918721,-0.19248535,-0.11457036,0.11577425,-0.3272841,0.0653148,-0.684293,0.06666667
2848,-0.22749862,0.15969992,-0.37245178,-0.45967537,0.3338815,0.7085683,-0.34832296,-0.18623932,0.035714295
2849,-0.20849633,0.09631762,-0.09124051,-0.026028745,0.1364954,0.55323267,-0.13461216,-0.3081432,0.06666666
2850,-0.15734208,-0.03408018,0.38959354,0.17210652,0.41300657,0.3102616,-0.3917176,-0.027439717,0.07692307
2851,0.22170562,-0.32272056,0.41868657,0.023434654,0.6294391,-0.13639408,-0.87669706,0.60610855,0.07142857
2852,-0.2830489,0.15434626,0.6468343,0.31622273,0.655325,0.058256786,-0.22893725,-0.106314644,0.066666655
2853,-0.26910082,-0.050575964,0.36105287,-0.0727093,0.63109493,0.57513094,-0.74873936,0.14896303,0.06666668
2854,-0.46367756,0.11800167,0.6851205,0.72478426,0.13677582,0.459681,0.100466356,-0.41238105,0.099999994
2855,0.15554798,-0.15820073,0.76532024,0.64873385,0.42156345,-0.69947135,-0.1204077,-0.16476335,0.16666666
2856,0.11982169,-0.043118004,0.60489994,0.45441794,0.16578342,-0.13049363,0.008088827,0.08926748,0.07692309
2857,1.0514209,-0.1888152,-0.19780974,-0.33577555,-0.5214233,-0.3200581,0.5675489,-0.108605996,0.1
2858,-0.018583871,-0.07762137,0.45488685,-0.041043974,0.59490097,0.25451517,-0.61358595,0.49975595,0.099999994
2859,0.67119116,-0.26119664,-0.13315229,-0.34804606,-0.17101716,0.0689231,-0.014700308,0.03690783,0.0625
2860,0.26565963,-0.005734399,0.2501456,-0.03925962,0.014043286,0.34193337,0.08135381,0.15605067,0.08333334
2861,0.48424092,-0.040943876,0.25518346,-0.09765891,0.16424172,-0.21614805,0.11747122,0.023568634,0.06666666
2862,-0.13616282,0.14053814,0.2421821,-0.04621298,0.7702407,-0.050520718,-0.4028858,0.11865048,0.066666685
2863,0.28945214,0.08511168,-0.08029494,-0.38839668,-0.029321,0.43578225,0.12898956,-0.008730527,0.06666666
2864,0.5055342,-0.0527448,0.52287614,9.663403e-06,0.25971723,-0.22086608,0.019678757,0.30633682,0.11111111
2865,-0.067015,0.13453563,-0.08276303,0.023679532,0.10698064,0.20014584,0.0817446,-0.3734878,0.14285716
2866,0.66731673,-0.14130509,0.19704655,-0.094978385,0.046734214,-0.39252952,0.13454036,0.16413848,0.0625
2867,0.92776203,0.06021116,-0.09979908,-0.6191486,-0.09350534,-0.1141198,0.3795104,0.4549399,0.09090908
2868,0.6544821,-0.14665149,-0.08395235,-0.35818422,0.04709287,-0.13469024,-0.030649617,0.18314834,0.083333336
2869,0.7745866,-0.16592075,0.12398929,-0.21587566,-0.012426332,-0.33135563,0.118053764,0.2850285,0.09090909
2870,0.40775564,-0.013775621,0.18686557,-0.018163614,0.1510603,-0.22467917,0.11511813,-0.0026157089,0.07692307
2871,0.9403763,0.103168026,-0.45039415,-0.8907895,-0.30009955,0.26323277,0.5145242,0.26913878,0.07142856
2872,0.2675391,0.41061273,0.43102306,-0.10321597,0.37487394,-0.21059251,0.5944114,-0.030413043,0.07142858
2873,0.72531956,-0.18217856,-0.15231447,-0.31276432,0.04407561,-0.50117016,0.10202794,-0.19943427,0.05882353
2874,0.60395133,-0.118817076,-0.5032023,-0.5315256,-0.08907987,-0.08136186,0.046171367,-0.18831988,0.05882353
2875,0.45769462,0.38812608,0.51174057,-0.29111665,0.48894846,-0.23400867,0.42737126,0.5421199,0.07692308
2876,0.22269592,0.076722324,0.051313445,-0.15320572,0.136845,0.13025025,0.12726474,-0.15243606,0.07692308
2877,0.25693867,0.35633165,0.1716974,-0.30782375,0.20952429,0.2541739,0.39450824,0.22678956,0.04347826
2878,0.61515504,0.13341793,0.07041457,-0.43144947,0.6139984,-0.8314759,0.17855756,-0.017766047,0.045454547
2879,0.028938971,0.423398,0.442451,-0.009021647,0.38516432,0.12630953,0.42942548,-0.05474965,0.083333336
2880,0.8651119,-0.16947442,-0.062211484,-0.3657907,0.0667496,-0.5372264,0.10158208,0.10706619,0.058823537
2881,0.65447056,-0.07855061,0.25078225,-0.20541045,0.24647792,-0.400547,0.02741979,0.3574084,0.08333331
2882,0.27781364,-0.06717174,-0.026150033,-0.15194416,-0.050529078,0.3479397,-0.1072908,0.19804177,0.055555556
2883,1.1781057,-0.056427002,-0.085264266,-0.787631,0.04292421,-0.37587917,0.22397394,0.7516573,0.099999994
2884,1.0672518,-0.19235042,-0.31236637,-0.6656712,0.055714652,-0.608883,0.08025716,0.21715306,0.07692309
2885,0.39338034,0.54277474,0.2236836,-0.52597696,0.522317,-0.15016192,0.55014074,0.34775993,0.071428575
2886,-0.0732395,-0.11769615,0.21921062,0.22601497,-0.1784978,0.75142515,-0.17234874,0.02715708,0.07142858
2887,0.08206008,-0.27389354,0.37282422,0.2864119,0.03487459,0.26102284,-0.40096623,0.081026,0.05882353
2888,0.2396855,-0.033781175,-0.14350127,-0.3709005,0.18173379,0.34273058,-0.19645979,0.14152017,0.07142858
2889,0.8861176,-0.15261827,0.04924994,-0.30071977,-0.11366846,-0.34969395,0.2756498,0.08801096,0.058823537
2890,0.49332067,0.00041615404,-0.0056115985,-0.22696295,0.12623659,-0.22739035,0.18038894,-0.08278796,0.052631572
2891,0.52914256,-0.27226722,-0.061176628,0.035385944,-0.20363669,-0.22137812,0.03374131,-0.21712293,0.049999997
2892,0.61697894,0.13364504,0.28032902,-0.38119847,0.5504824,-0.4985422,0.11798006,0.4352398,0.071428575
2893,0.59372145,0.0027768165,-0.25635397,-0.49638963,0.15272243,-0.24293151,0.10252151,0.025415804,0.07692308
2894,0.6282284,-0.23578593,0.1386482,-0.21787626,0.09680766,-0.100638345,-0.16239835,0.33540344,0.08333332
2895,0.485055,0.074940205,0.08020556,-0.28721845,0.14172062,-0.085118875,0.18601008,0.20361792,0.1
2896,0.3290235,-0.12087412,-0.037915424,-0.1107137,0.08855502,-0.07101919,-0.14268743,0.049395174,0.083333336
2897,0.789893,-0.29875395,0.28533626,0.03006193,-0.09940611,-0.45628464,0.15746187,-0.058486614,0.071428575
2898,0.5226663,0.07947616,0.661347,0.043588676,0.43503904,-0.58227456,0.24681057,0.28548813,0.06666667
2899,0.39930314,0.05984467,-0.40871757,-0.4192664,-0.26096314,0.3253013,0.35040706,-0.33742937,0.07142857
2900,0.05268091,-0.10163511,-0.17577647,0.061194766,-0.2575993,0.5266747,-0.020438597,-0.32659057,0.071428575
2901,0.72752327,-0.07064322,0.1415509,-0.19913286,0.006980896,-0.3934668,0.27576292,0.11060746,0.06666666
2902,0.25878957,-0.16327913,0.22558421,-0.035462804,0.16712235,0.15267535,-0.25920665,0.14515479,0.05882353
2903,0.8204718,-0.06272988,-0.18661423,-0.43209463,-0.114032105,-0.26050407,0.29179543,0.09924412,0.058823526
2904,-0.04442335,-0.29596648,0.4869455,0.23101717,0.29246446,0.4180118,-0.74269,0.3678988,0.055555552
2905,0.97198427,-0.04282415,-0.021735728,-0.5120508,0.092955664,-0.55483496,0.35063213,0.1428535,0.071428575
2906,0.6418662,-0.103054866,0.44907916,0.0912144,-0.081925884,-0.21754795,0.285253,0.22105105,0.055555563
2907,0.5432413,-0.08557691,0.0141118765,-0.17393333,-0.19858496,0.13237551,0.21408398,0.08695265,0.047619037
2908,0.4930617,0.09943223,0.061034914,-0.11330923,-0.13290201,-0.08430418,0.5709767,-0.2794078,0.055555556
2909,0.80643404,-0.3928128,0.18717586,-0.026248075,-0.3162353,-0.09278092,0.024106681,0.14523192,0.05555555
2910,1.0003793,-0.10460299,0.16677746,-0.11034351,-0.6162832,-0.06808725,0.78174037,0.016039815,0.07142857
2911,0.604088,-0.14094244,0.01826398,-0.17401496,0.102612644,-0.38766474,0.028671026,0.022802811,0.07142857
2912,0.07783241,0.19940034,0.0002887398,-0.047109865,0.013814226,0.14909023,0.4108166,-0.44387904,0.083333336
2913,0.3105093,0.15849711,-0.31557572,-0.43115687,0.3066442,-0.21373746,0.20550577,-0.4901987,0.055555556
2914,0.30141005,-0.220244,0.20958365,0.09360453,0.05007744,0.005890049,-0.20830509,0.08136941,0.071428575
2915,0.6305858,-0.36557811,0.13739347,0.2643527,-0.57061607,-0.078091234,0.22367583,-0.16088389,0.07692308
2919,1.017003,-0.05998626,-0.22786485,-0.37894768,-0.25368005,-0.6559292,0.6481657,-0.31658852,0.0625
2921,0.6089995,-0.10691346,0.27398533,-0.14790821,0.377544,-0.6121,-0.04418747,0.24705382,0.07692308
2922,-0.10344812,0.12395236,0.43614906,0.086795814,0.36984015,0.40152204,-0.15472384,0.15703861,0.04545454
2923,-0.25554916,0.110003516,0.43437725,0.27662045,0.31104064,0.32154286,-0.08738672,-0.21986736,0.06666668
2924,0.1309179,0.08479802,0.1489654,-0.2420311,0.1257799,0.5837259,-0.053832278,0.23420742,0.071428575
2925,0.06204527,0.31354564,0.30696306,-0.22228262,0.62320757,0.08437633,0.04501769,0.18584669,0.083333336
2926,0.3228597,-0.03682195,0.2684692,0.0034046844,0.26886302,-0.19065183,0.03389354,-0.07665929,0.04347826
2927,0.6373171,-0.049967386,0.10614956,-0.12468024,-0.09854965,-0.21194264,0.36160195,-0.1177948,0.0625
2928,0.009368867,-0.4313992,-0.20718421,0.39913002,-0.36982316,0.21138029,-0.2427209,-0.93707865,0.047619045
2929,0.4695615,-0.7553213,-0.3790506,0.19908546,-0.6267198,0.045290284,-0.39171827,-0.7546049,0.1
2930,-0.29527557,0.37546897,0.71037424,-0.005980693,1.1270366,0.010162324,-0.32693738,0.331734,0.083333336
2931,0.50074136,-0.10828389,-0.21390332,-0.42191744,0.09144095,0.068260625,-0.15014914,0.21070431,0.14285712
2932,0.2782121,0.058670413,0.12587768,-0.18674213,0.37206128,-0.1551253,-0.058889143,0.078685425,0.0625
2933,0.18477473,0.13037735,0.047096096,-0.19396093,0.3211128,0.034540877,0.054435253,-0.03516606,0.0909091
2934,-0.39654726,0.3858444,0.48704714,0.045157224,0.41451302,0.8537955,-0.018583931,0.1499664,0.083333336
2936,0.61212987,-0.22931774,0.16062737,-0.10988257,-0.012796283,-0.19615349,0.0013887361,0.07936725,0.09090909
2937,0.7708798,0.07006465,0.12048837,-0.3379685,-0.052633435,-0.22248122,0.51655793,0.13779421,0.04761905
2938,0.6597148,-0.14414726,0.08505758,-0.3317008,0.022941843,-0.022310928,0.008346297,0.31514776,0.06249999
2939,0.080058046,-0.14961796,0.2643619,0.075821996,0.36539912,0.01078321,-0.42380095,0.04070159,0.062499996
2940,0.45688227,-0.08309157,0.37950033,0.14944193,0.003947079,-0.19521773,0.14920713,0.113841966,0.07142858
2941,0.87017274,-0.08266823,-0.22563793,-0.380575,-0.08261226,-0.6064077,0.3933395,-0.19761975,0.06666668
2942,0.17969379,-0.13697188,0.3340659,-0.024417669,0.35013014,0.17894104,-0.46649235,0.4943945,0.062499996
2943,-0.34662667,0.21056662,0.44943678,0.23896068,0.36666673,0.571002,-0.1596962,0.081979856,0.050000004
2944,0.11479365,-0.0016221479,0.2637738,0.46745846,-0.5135296,0.35158134,0.495754,-0.4294479,0.09090907
2945,0.061765097,0.27769285,-0.069000706,-0.2404806,0.27336413,0.15545389,0.1965395,-0.15658592,0.06666668
2946,0.32741305,-0.08263235,-0.2920106,-0.057794057,-0.21211515,-0.02084732,0.178683,-0.6253864,0.06666665
2947,0.97086,-0.26256874,0.05290833,-0.43971044,0.05786159,-0.38582134,-0.0661906,0.4672706,0.0909091
2948,0.018559687,-0.09930886,0.29147273,0.31474003,0.09593609,0.05373653,-0.07062954,-0.36320814,0.055555556
2949,0.7072669,0.06914315,0.0048929304,-0.35582346,-0.121366724,-0.055406302,0.4446876,0.20537454,0.058823526
2950,-0.087159805,-0.10848929,-0.045447215,0.38760513,-0.20515071,0.2155782,0.13106033,-0.77645284,0.0909091
2951,0.24161282,0.16626401,0.12890592,-0.6152612,0.9346162,-0.17900044,-0.33047378,0.31279925,0.125
2952,-0.097938076,0.15997586,0.43612522,0.23084155,0.6239661,-0.30433103,-0.082481235,-0.14889191,0.06250001
2954,1.284126,-0.49161768,0.24560444,-0.038353987,-0.39840418,-0.8336458,0.34299898,0.06480524,0.08333334
2955,0.88361275,-0.0651364,0.52522343,-0.08863009,0.16747764,-0.6561176,0.3784294,0.26628563,0.14285715
2956,0.43870595,-0.1985428,-0.046742424,-0.08961374,-0.2140065,0.21920763,0.034583837,-0.12299481,0.090909086
2957,0.48506603,0.09054275,-0.18861504,-0.26694804,-0.14976947,-0.060021758,0.48798013,-0.34450716,0.066666655
2958,0.3625975,-0.30009305,-0.18918122,0.1340859,-0.53011936,0.2782147,0.078096166,-0.39717248,0.1
2959,0.2442151,-0.05043625,0.063385084,0.16778858,-0.16610892,0.017284341,0.1992342,-0.24735992,0.07692309
2960,0.57811743,0.051405676,0.13202477,-0.22946379,-0.096636966,0.056667745,0.2809984,0.4422734,0.09999999
2961,0.35872793,-0.1733094,-0.016275465,-0.051387735,0.24381417,-0.38032964,-0.119829774,-0.3414537,0.07692307
2962,0.7980915,-0.2354244,0.24688572,-0.06714157,-0.0116457045,-0.5311312,0.100023866,0.12953095,0.083333336
2963,0.80942196,-0.113487616,0.23399274,0.026126795,-0.4087156,-0.19183597,0.539507,0.05324824,0.05263158
2964,0.49831966,-0.12838729,-0.1367432,-0.265122,0.09537915,-0.17839113,-0.059552,-0.028009634,0.045454547
2965,0.32897928,-0.1867271,0.050255254,0.1094638,-0.039745703,-0.19168684,-0.020971872,-0.20580657,0.07692308
2966,0.6964517,-0.2215277,-0.23885424,-0.37097827,-0.25235605,0.0623657,0.09883188,-0.064374864,0.05882353
2967,1.0775906,0.109752566,0.23092166,-0.34590167,-0.61442035,0.124343105,0.88795483,0.63386554,0.125
2968,0.19171467,0.1844706,0.33732694,-0.081962295,0.36279637,-0.031165287,0.1420341,0.085494876,0.1
2969,0.514905,-0.30790564,-0.1292636,-0.12946907,0.06971568,-0.31142664,-0.26251674,-0.019884247,0.058823526
2970,0.16664407,-0.010381121,-0.18292175,-0.15090144,-0.056141257,0.25709862,0.0986132,-0.39580876,0.062499996
2971,0.010646082,-0.09215218,0.15826964,0.28165165,-0.06986737,0.18581319,0.054936215,-0.45279858,0.14285713
2972,-0.01428948,-0.19154538,-0.049041763,0.11871971,-0.27590692,0.6805841,-0.12963739,-0.31574267,0.07692309
2973,0.96390676,-0.06584577,-0.17182977,-0.6070143,-0.14630918,-0.14205202,0.2794848,0.40703854,0.11111111
2974,0.45331874,0.09236848,0.2748406,-0.10607099,0.09901301,-0.11177738,0.26614785,0.24872887,0.083333336
2975,0.14859474,-0.23211558,-0.2275054,0.018787816,-0.0771388,0.09970718,-0.1703116,-0.53192025,0.09090909
2976,0.03295163,-0.19991878,0.38429815,0.3663159,0.18957825,-0.023396038,-0.35978532,0.038521588,0.0909091
2977,0.43853775,-0.24370806,0.28096426,0.4099879,-0.13674651,-0.5525735,0.19687168,-0.53454626,0.083333336
2978,0.6816405,-0.20002936,0.042655513,-0.15186515,-0.0020395815,-0.37650612,0.081584856,-0.011040222,0.066666655
2979,0.31758922,0.19015673,0.10908255,-0.124674834,0.19168147,-0.16857025,0.35480005,-0.19637783,0.05263158
2980,0.8884514,-0.47895926,0.013205856,0.0029660836,-0.15888311,-0.7333378,-0.010931432,-0.22005488,0.052631572
2983,0.21205416,-0.00035602972,0.442132,0.34563997,-0.12133627,0.037965067,0.22289513,0.017150018,0.05
2984,0.23920023,-0.09441848,0.26598257,0.25720343,-0.35370594,0.36560753,0.17334042,0.07461387,0.05882353
2985,0.3526876,0.050155792,0.18965101,0.15025884,-0.41226512,0.2115737,0.5690433,-0.19937982,0.05882353
2986,0.31357208,-0.023991253,0.62006974,0.5213855,-0.5709622,0.3778282,0.55781126,0.122725055,0.062499996
2987,-0.110257275,0.013292739,0.4761094,-0.061683573,0.7392632,0.27721387,-0.6767251,0.6111247,0.07142856
2988,0.12332974,-0.14122799,0.024397776,0.08085382,0.03915119,0.13355428,-0.18271193,-0.16116416,0.05882353
2989,0.4658877,-0.086292505,0.16246602,-0.03609053,0.077931285,-0.26267102,0.07187419,0.07744621,0.05555555
2990,-0.2069763,-0.05946101,0.30581528,0.142174,0.47307962,0.29422045,-0.5447238,0.020344164,0.071428575
2992,0.5094035,-0.19058874,0.26109374,-0.10355038,0.2596261,-0.2610061,-0.18772067,0.2500288,0.071428575
2993,0.43108383,-0.1175936,0.13439138,0.05936761,0.08907549,-0.39320788,0.13318744,-0.32714516,0.06666668
2994,-0.24102989,-0.23089449,0.30833906,0.31408885,0.17074563,0.5151932,-0.5757165,-0.20594536,0.11111111
2995,0.048076235,0.27836844,0.4370833,-0.20588577,0.66238725,0.18096337,-0.12746692,0.5491252,0.05
2996,0.57852024,-0.41654748,0.15991688,0.22236407,-0.08817251,-0.515967,-0.018365994,-0.44443473,0.07692307
2997,0.47941402,-0.2046153,0.31337845,0.3340404,-0.15135537,-0.3992691,0.24585162,-0.27923852,0.062499993
2998,0.9457716,-0.12492469,-0.2163115,-0.5349398,-0.19846977,-0.29064205,0.3740431,-0.036492962,0.058823522
2999,0.1800881,-0.33706754,0.21887076,0.041401032,0.40122312,-0.029669344,-0.68237484,0.07767384,0.08333332
3000,0.34772155,-0.15977213,0.03327778,-0.08135409,0.118120976,-0.07405481,-0.14994308,-0.023404222,0.062499993
3001,0.44467828,-0.17761897,0.005111836,-0.006531112,0.09741813,-0.43775618,0.06684674,-0.41994458,0.07692307
3002,0.0051758215,0.19134744,0.19886424,0.049938563,0.113104455,0.24368086,0.22379692,-0.07473843,0.09090909
3003,0.43059915,-0.18277225,-0.079867765,0.012035273,-0.19001792,-0.077469185,0.08198498,-0.20762296,0.05882353
3005,0.41111112,0.104901746,-0.08541006,-0.3983723,0.12783867,0.08083642,0.17875268,-0.022722859,0.06666667
3006,0.5045982,-0.17492905,0.27758515,0.1599679,-0.40379226,0.17578186,0.26316118,0.031386618,0.05555555
3007,-0.2887569,-0.20783804,0.21452653,0.5477397,-0.44061482,0.95841926,-0.20805612,-0.3508218,0.07142857
3008,0.0072864965,0.047778815,0.021545812,-0.15628943,0.6965554,-0.23063952,-0.4166932,-0.03221922,0.10000001
3009,-0.2348026,-0.028111495,-0.19375472,-0.09151136,0.34477183,0.3426014,-0.44046867,-0.5180606,0.07142857
3010,0.07319302,0.20829356,0.31854486,-0.30350462,0.4610083,0.50648063,-0.19237946,0.5585699,0.06666667
3011,1.236237,-0.33797503,-0.21816738,-0.34331462,-0.27906483,-0.97533524,0.45080167,-0.39603618,0.1
3012,0.85307294,-0.27146173,-0.27040148,-0.31077468,-0.1956094,-0.51408887,0.31338197,-0.5292386,0.083333336
3013,0.28654465,0.3136958,0.050139286,-0.3653343,0.3154812,-0.027087413,0.38729995,-0.06754927,0.06250001
3014,0.3906756,-0.0057428237,-0.03256686,-0.25138372,0.18770713,-0.11702137,-0.011043549,0.06819008,0.052631572
3015,0.39344567,-0.17895174,0.28450072,0.17928228,0.15675484,-0.40736055,-0.081055425,-0.032860916,0.09090909
3016,0.5267916,0.11571729,0.045169592,-0.23886731,0.14411405,-0.35668957,0.36076444,-0.057759333,0.055555563
3018,0.6352702,-0.2672172,0.63572454,0.50729674,-0.20587458,-0.5491209,0.28124553,-0.12148212,0.058823522
3019,0.154199,0.033644415,-0.02522093,-0.14761433,0.2981134,-0.03532946,-0.08536027,-0.14475575,0.06666668
3020,0.15226495,0.07153745,0.3174535,0.014588557,0.4955625,-0.25699043,-0.10508937,0.10346812,0.04761905
3021,-0.2059097,-0.15890367,0.05789853,0.1446442,0.15391628,0.5175649,-0.4523971,-0.27933878,0.047619045
3022,0.5425931,-0.31176183,-0.09138252,-0.33814347,0.1418441,-0.08105196,-0.38671905,0.13058497,0.09090909
3023,-0.26788035,-0.20525351,-0.19103096,0.17078343,-0.019384906,0.58844876,-0.38168734,-0.7030624,0.11111111
3024,0.3862201,-0.046296474,-0.25034803,-0.39595664,0.24283814,-0.1624411,-0.016344428,-0.25029182,0.1
3025,0.9932015,-0.10240291,-0.026628643,-0.43094862,-0.02764444,-0.52754265,0.32446533,0.16858514,0.06666667
3028,-0.1583923,-0.0420831,0.08878046,0.0038934276,0.16939154,0.64143854,-0.30643076,-0.2190112,0.06250001
3029,0.32539806,-0.5139003,0.17855118,0.05685593,0.088886164,0.14087789,-0.66867435,0.10895532,0.099999994
3030,0.08657888,0.39841133,0.4775229,0.00077684224,0.71967554,-0.41613275,0.275263,-0.04156046,0.09090909
3031,0.21707746,-0.01041517,0.28445303,0.07653687,0.25766885,-0.10222635,-0.04975556,0.027962506,0.055555563
3032,0.18464032,-0.0074252877,0.27536,-0.069911785,0.10769512,0.42154422,-0.1121529,0.33283257,0.06666668
3033,0.52404904,-0.36188072,-0.46736294,-0.23955747,-0.35174108,0.07590407,-0.1485109,-0.26889914,0.07692307
3034,0.69784176,0.20130289,0.5089922,-0.20293495,0.28211534,-0.4402339,0.54822266,0.2604205,0.052631576
3035,0.99056697,0.20719539,0.25270152,-0.5456161,-0.028437585,-0.11925924,0.7010829,0.5498922,0.1
3036,-0.1933729,-0.002013823,0.26650286,0.106124386,0.3274365,0.48404977,-0.39764,0.09897728,0.083333336
3037,-0.2955377,0.13852808,0.40393353,-0.056190766,0.6565882,0.548942,-0.53268987,0.36326176,0.06666666
3038,-0.015905596,-0.31308585,0.201926,0.46564236,-0.30186218,0.46198863,-0.27544782,-0.21045582,0.08333332
3050,0.49847654,-0.0448557,0.44379568,0.016273327,0.48043996,-0.7260445,0.008950405,0.02526132,0.0625
3051,0.052051656,-0.37458956,0.014483742,0.2849414,0.024903357,-0.0028472468,-0.42421705,-0.5122529,0.07692307
3052,1.1580698,-0.372583,-0.1924314,-0.41392106,-0.23684798,-0.6276857,0.12369676,0.14478521,0.055555563
3053,0.26443174,-0.013995256,0.2060742,0.07453739,0.19743311,-0.19847125,0.09804481,-0.20436813,0.049999993
3054,0.7939042,-0.27442697,-0.11283988,-0.3191907,0.04699412,-0.49702775,-0.026720084,-0.07097161,0.071428575
3055,0.3211323,-0.13921362,0.06677751,-0.0059999228,-0.030454293,0.08122772,-0.04664591,-0.05469257,0.06666667
3056,0.23896024,-0.21663684,0.0916577,0.2261298,0.05451127,-0.31397295,-0.040312186,-0.46275476,0.12500001
3057,0.54917073,-0.28410423,0.04887393,0.030892856,-0.17043065,-0.1455523,-0.02087827,-0.048914697,0.04999999
3058,0.34672156,-0.11074878,0.07917344,-0.12731653,0.14450623,0.004673429,-0.12672105,0.06315501,0.055555556
3059,0.49960914,-0.18288243,-0.33110833,-0.27817097,-0.14822851,-0.031931758,0.04975678,-0.37493792,0.055555552
3060,0.9064206,-0.37671596,0.08772807,-0.07077893,0.016608387,-0.8490544,0.036931053,-0.18577315,0.09090909
3061,0.34869757,-0.20165294,0.13702652,0.08856447,0.026144445,-0.18676504,0.0044817477,-0.42684373,0.05882353
3065,0.38405374,0.03702817,-0.08228178,-0.17775369,0.09222207,-0.20300388,0.2434672,-0.36086014,0.083333336
3066,0.28343186,0.02700215,-0.23831137,-0.28047878,0.16729371,-0.09776135,0.041265994,-0.26366034,0.055555556
3067,-0.16371708,-0.07874982,-0.025921524,-0.0041942075,0.29536912,0.3416007,-0.44928205,-0.21361561,0.05555555
3068,-0.00776748,-0.33134413,-0.035221636,-0.05121278,0.24748181,0.3847718,-0.7437933,-0.0628839,0.055555556
3069,-0.22847804,0.023561016,0.2030339,-0.015306756,0.5306837,0.38834414,-0.4581213,0.018812135,0.09090909
3071,-0.25754675,0.16531089,0.6244243,0.31983525,0.38759887,0.46240637,-0.099511474,0.012008749,0.071428575
3072,0.18564826,-0.18061005,0.05049096,0.29492125,-0.07724486,-0.15199746,0.06579201,-0.62616897,0.0625
3073,0.38933858,-0.05253298,-0.26671898,-0.05218906,-0.22748117,-0.12183431,0.3359517,-0.6071965,0.071428575
3074,0.5300199,-0.047430877,-0.40663666,-0.23497686,-0.31102288,-0.10504885,0.42907542,-0.7003628,0.055555556
3075,0.31097987,-0.18714373,-0.32417142,-0.0693774,-0.17239393,0.072183356,-0.0031197518,-0.52933824,0.1
3076,0.35921198,-0.15006281,-0.6864124,-0.24090934,-0.6928571,0.51846206,0.1939794,-0.49237725,0.07692308
3077,0.73362815,-0.31447253,-0.5469735,-0.12777287,-0.6449068,-0.20808679,0.36490375,-0.7576497,0.090909086
3078,0.04935307,-0.02384634,-0.48169804,-0.045897268,-0.3041185,0.3174677,0.164533,-0.8628202,0.0625
3079,0.65402406,-0.2009782,-0.5917005,-0.25933582,-0.59467673,0.0053229555,0.35470635,-0.5896681,0.083333336
3080,0.38625845,-0.009430907,-0.2666325,-0.015720777,-0.25301927,-0.18804482,0.42737406,-0.77925605,0.06250001
3081,0.35079157,0.10896881,-0.34429514,-0.16226217,-0.34068912,0.16043627,0.5420753,-0.5786854,0.083333336
3082,0.27653292,-0.057970274,0.0119260475,0.04795438,0.03657429,-0.1789386,0.10514851,-0.46776578,0.04761905
3083,0.8688411,-0.20640554,-0.30609536,-0.36530158,-0.30473763,-0.2757969,0.1877551,-0.00889178,0.08333333
3084,0.25302297,-0.068756595,-0.18934055,0.08220286,-0.27802074,0.06329428,0.24770395,-0.56543595,0.071428575
3085,0.28656802,-0.019421432,-0.1494488,-0.03629712,0.050387427,-0.3285648,0.2896608,-1.056726,0.05
3086,0.075391,0.0006678011,-0.103234336,0.104358606,-0.12561859,0.2060503,0.12435834,-0.5020763,0.047619052
3087,0.60789806,-0.15141419,-0.13140388,-0.10638652,-0.15014334,-0.35726914,0.24566464,-0.45922247,0.06666666
3088,0.5013273,-0.27611345,-0.065680936,0.12099528,-0.39391327,-0.11162619,0.19112457,-0.48232117,0.05263158
3089,0.007123165,-0.18500108,0.19059452,0.38699254,-0.11237584,0.19525468,-0.14135976,-0.31319115,0.06666668
3090,0.20300195,-0.24920465,-0.030320749,0.13011126,-0.19197537,0.1889338,-0.053195953,-0.48070952,0.071428575
3091,0.19376409,0.06491639,-0.27134025,-0.027057,-0.2977847,0.2360567,0.411183,-0.72618496,0.055555563
3092,-0.16520509,-0.002163237,-0.4725725,0.14279461,-0.50574666,0.6891095,0.17707525,-0.8996575,0.07142856
3093,0.44773653,-0.20459019,0.109595865,0.27311918,-0.10619472,-0.55776656,0.22288443,-0.7719478,0.045454547
3094,0.511656,-0.24671526,-0.94513905,-0.23150939,-0.59008676,-0.20366484,0.3669474,-1.2542237,0.0909091
3095,0.44851503,-0.033908974,-0.2104253,-0.052292816,-0.40573364,0.047441155,0.42942756,-0.47541103,0.05263158
3096,0.18451783,-0.24497303,-0.3634975,-0.06530873,-0.16882698,0.21117383,-0.23191847,-0.51142687,0.06666667
3097,0.3932737,-0.08349261,-0.1409223,0.13207135,-0.13874654,-0.45392823,0.38768524,-0.9227389,0.06666667
3098,0.3975544,-0.21517523,-0.42274767,0.06802575,-0.62865305,0.13301745,0.29427207,-0.6642409,0.05882352
3099,0.21703386,0.12258476,0.040066883,0.16037571,-0.087258145,-0.18709457,0.47905326,-0.69154966,0.058823526
3100,0.522933,-0.020697277,-0.53784144,-0.4437794,-0.278502,0.08724283,0.36902815,-0.60461015,0.07692308
3101,0.021044813,-0.20197023,-0.15209581,0.34385252,-0.29975075,0.13757351,0.0017885268,-0.7829344,0.07692309
3102,0.2279244,-0.11348362,-0.060467005,0.22493422,-0.48468637,0.26137632,0.30783665,-0.64592624,0.055555552
3103,0.09259882,-0.11962736,-0.19010963,0.242185,-0.2564072,0.08468553,0.17512839,-0.8450114,0.090909086
3104,0.2909172,-0.19383569,-0.34818286,-0.19912654,-0.21235289,0.3124104,-0.11222289,-0.3308534,0.0625
3105,0.29829782,-0.103915334,-0.07226148,0.1789003,-0.13007365,-0.24551296,0.19427715,-0.6465371,0.06250001
3106,0.29493275,-0.22298592,-0.07659505,0.15140127,-0.13860618,-0.15137547,-0.030290566,-0.52403486,0.07142857
3107,0.50022453,-0.07406695,-0.24176936,0.018989854,-0.27344686,-0.39581874,0.5026347,-0.8602992,0.062499996
3108,0.37365547,0.13255702,-0.051024973,-0.19225606,0.1990027,-0.3595891,0.3893479,-0.58302504,0.06666667
3109,0.37699264,-0.18072766,-0.1935695,0.14346051,-0.41922218,-0.09059654,0.32161492,-0.7836417,0.055555556
3110,0.41518342,-0.16327816,-0.63072246,-0.21505111,-0.11446716,-0.3994913,0.10558212,-0.88910276,0.090909086
3111,0.4662697,-0.10457082,-0.33802813,-0.09031405,-0.2536741,-0.21210918,0.34955442,-0.7934185,0.08333332
3112,0.4423587,-0.63538,0.045233876,0.40137404,-0.3017823,-0.24874765,-0.402977,-0.31804186,0.111111104
3113,0.31462005,0.035686757,-0.3334272,-0.17195928,-0.2242005,0.10176129,0.36589414,-0.6497794,0.055555556
3114,0.29854885,-0.097020224,-0.07982212,0.15167312,-0.26507634,-0.05283709,0.26091373,-0.57996327,0.045454547
3115,0.39823684,-0.1836073,-0.026216343,0.102203496,-0.034389913,-0.37007523,0.013496563,-0.37068853,0.0625
3116,0.3089062,-0.050021756,-0.21004294,0.005172454,-0.3582974,0.16560084,0.32523894,-0.50602806,0.06666666
3117,0.1779468,0.052914064,0.30316228,0.08695084,0.1612455,0.054991208,0.08774984,0.020296145,0.071428575
3118,-0.20572728,0.25164115,0.20725988,0.100886494,0.5250996,0.0025297552,-0.024125919,-0.29879043,0.083333336
3119,1.0228378,-0.30594933,0.5162022,0.09052088,-0.012808815,-0.9606787,0.379754,-0.07917957,0.08333332
3121,0.23507223,-0.14534986,0.44036067,0.18193793,0.31470335,-0.21010134,-0.24699396,0.10336299,0.05882353
3122,0.6310253,0.14351772,-0.07037258,-0.38469845,0.1282028,-0.40169078,0.5278552,-0.21941228,0.125
3123,0.16271886,0.09122315,0.6713368,-0.06370125,0.81803805,-0.21758011,-0.28064376,0.38378876,0.066666655
3124,0.5021789,0.0057203714,0.39563453,0.16472632,-0.06955898,-0.27435687,0.43311906,-0.07860334,0.062499996
3125,-0.09315244,-0.0985664,0.31960553,0.43571892,-0.17519738,0.52709246,-0.07407878,-0.15045716,0.083333336
3126,0.5306797,-0.3027714,0.092110895,0.28883427,-0.29410058,-0.44669843,0.28791982,-0.7026771,0.07692308
3127,0.5169884,-0.051691134,-0.028143942,-0.235134,0.0028707683,-0.035991132,0.09564376,0.136676,0.07692308
3128,1.1720895,-0.63419145,0.14759849,-0.056999005,-0.12173961,-0.8975791,-0.16777039,0.14063428,0.06666667
3129,-0.25026932,0.41221157,0.69852006,0.09266734,0.5811009,0.53479934,0.04200712,0.4213966,0.07142858
3130,0.18457553,0.04029896,0.3797201,0.16708435,0.13874689,0.06022747,0.062248915,0.20609048,0.07692308
3131,0.524122,0.00773162,0.1285991,-0.191903,0.33368695,-0.54748595,0.10848467,-0.067920744,0.0625
3132,0.20397308,0.032487355,-0.009967238,-0.16201746,0.35289404,-0.18925127,-0.020798437,-0.35953605,0.058823526
3134,0.2593919,-0.45234287,-0.043520525,0.15003578,-0.14406048,0.116813086,-0.5035109,-0.029702034,0.071428575
3135,-0.04670396,-0.13751455,-0.09729211,-0.15310544,0.48390073,0.10665841,-0.5909357,-0.14592724,0.083333336
3136,0.27265096,-0.2750205,0.04130257,0.020147838,0.05563186,0.02389279,-0.37121075,0.025994834,0.083333336
3137,0.9760096,-0.31724685,0.3003256,-0.17721984,0.13966145,-0.7801666,0.11996485,0.00988378,0.05882353
3149,-0.24410209,-0.0132874865,-0.047250047,-0.03896337,0.5274474,0.23032972,-0.4505579,-0.4548261,0.06666668
3150,0.0024542585,-0.18077058,0.17862198,0.09167379,0.49743307,-0.16113633,-0.57513934,-0.0900975,0.09999999
3151,-0.10950578,0.16966146,0.6176748,0.35759854,0.34887856,0.118588805,-0.051073357,0.27091688,0.09090909
3152,-0.12223714,-0.17467305,0.014600225,0.14717083,-0.123323664,0.7058505,-0.32533377,-0.2537806,0.06666666
3153,-0.05988721,-0.27283368,0.2027478,0.12596545,0.65089303,-0.13473055,-0.77032673,-0.19603457,0.07142858
3154,0.12902477,-0.08669151,0.008340694,-0.17119527,0.23981169,0.2984174,-0.3936326,0.23261292,0.07142857
3155,-0.20154485,-0.14528655,0.1635592,0.29404837,0.015561387,0.50150394,-0.29593638,-0.29641777,0.041666668
3156,-0.18895096,0.26495856,0.3177213,0.07969076,0.38594836,0.2620566,0.04266469,0.06910616,0.090909086
3157,0.019416936,-0.16792472,0.30571967,0.3622309,-0.20472215,0.4586336,-0.08222633,-0.12429632,0.05882353
3158,-0.03067946,0.14802781,-0.032713324,-0.15971708,0.22795554,0.36913675,-0.053872745,-0.07368626,0.055555556
3159,-0.13292402,0.13620542,0.14473793,0.15527643,0.1086244,0.40970856,0.13315548,-0.33234903,0.19999997
3160,-0.26203611,0.22282264,0.26423168,-0.09710837,0.33622676,0.7472405,-0.1317141,0.024127547,0.06666666
3161,0.120801516,-0.16683872,0.07270741,0.07758731,0.3638311,-0.22464415,-0.40322977,-0.097841665,0.066666655
3162,-0.30703598,-0.1885542,0.18852139,0.064490035,0.4210624,0.66439366,-0.82098836,0.044006243,0.055555545
3163,0.080636255,-0.04023905,0.094675705,-0.120580696,0.801963,-0.43009073,-0.45232016,-0.19642515,0.09090909
3164,0.04241904,-0.1741806,0.43636614,-0.07940791,0.7118629,0.1514687,-0.7440867,0.38472205,0.052631576
3165,-0.34161815,0.12458438,0.3696391,0.10230018,0.60482246,0.38160983,-0.35449016,-0.20556475,0.05882353
3166,-0.047970086,-0.048710056,0.18505323,-0.04628078,0.31322357,0.5254092,-0.42112887,0.19346884,0.058823537
3167,-0.33308348,-0.16793005,-0.0020689368,0.039210495,0.38865623,0.5826452,-0.78760046,-0.20235707,0.07692308
3168,-0.3662341,-0.021477766,0.23097701,0.16536409,0.61650133,0.23825337,-0.5487354,-0.383866,0.05882353
3169,-0.123995975,-0.11266065,0.0865917,-0.043239735,0.50864494,0.2145299,-0.55067766,-0.23848717,0.047619045
3170,-0.712186,0.16996235,0.12896402,0.32899395,0.32224402,0.75598717,-0.29505128,-0.72362846,0.1
3171,-0.009628013,-0.21828242,0.0633637,-0.011848062,0.6771502,-0.22633135,-0.63080585,-0.40058163,0.04761905
3172,-0.23653439,0.017523633,-0.09295982,-0.1627396,0.65881044,0.23936686,-0.5406527,-0.3598785,0.07692308
3173,-0.13411072,-0.026945774,-0.08139868,-0.09138916,0.25982332,0.48931235,-0.37234372,-0.24368815,0.066666655
3174,-0.25889456,-0.035279315,0.2629436,-0.028254397,0.75655484,0.29207665,-0.732703,0.059052378,0.045454547
3175,-0.47357166,-0.00961167,-0.07010628,0.088786595,0.52206343,0.35014617,-0.51096284,-0.69546103,0.07692308
3176,-0.6266874,0.26482332,0.39176852,0.15231961,0.6731424,0.69278187,-0.3329996,-0.26708654,0.06666667
3177,-0.20584348,0.082007065,0.439672,-0.060269125,0.9347659,0.08445146,-0.61977416,0.18831465,0.05263158
3178,-0.2927247,0.13935539,1.0405493,0.26181042,0.88650686,0.2747043,-0.40555018,0.13636763,0.09090909
3179,-0.010369498,-0.1044268,-0.21589227,-0.19701546,0.40373325,0.1905524,-0.52662724,-0.19673185,0.083333336
3180,0.47179344,0.33026904,0.5039036,-0.3029524,0.2533199,0.1884118,0.449728,0.54632115,0.07692307
3181,0.12104995,0.006242999,0.08781507,-0.15530455,0.48964357,-0.09536415,-0.29497766,0.060000908,0.055555552
3182,0.46043906,-0.45130953,0.23961216,-0.17898482,0.46724063,-0.2673509,-0.7481984,0.21675242,0.083333336
3184,0.16465184,-0.34236994,-0.12924315,0.12560907,-0.1311493,0.1286248,-0.2788705,-0.46531752,0.047619052
3185,0.22424105,0.49337283,0.4236765,-0.050475277,0.023647368,0.29669085,0.82791144,0.075232774,0.07692308
3186,0.40540817,-0.8262978,0.39171195,0.6286865,-0.3336944,-0.07441941,-0.6180172,-0.20215063,0.090909086
3187,0.3492638,-0.12970816,0.2295075,-0.084850274,0.22310497,0.015869647,-0.21616518,0.22168428,0.07142857
3188,0.43904904,-0.090741605,-0.3754381,-0.27927136,-0.16717748,-0.008666664,0.11690794,-0.28686073,0.06666666
3189,-0.083806425,0.20161097,0.10167852,-0.24591067,0.5373067,0.31515205,-0.20835608,0.12636782,0.055555556
3190,0.43763873,-0.017380632,0.18781485,0.053356662,-0.19972868,0.031845406,0.318586,0.039599795,0.049999997
3191,0.05749706,0.009057619,0.06913306,0.010098137,-0.056751013,0.47618747,-0.0010129064,-0.03820092,0.0625
3192,0.69072247,-0.10426532,0.35036063,-0.015212171,0.06762329,-0.43310565,0.14699154,0.38464558,0.111111104
3193,0.016623579,0.27384418,0.26095518,-0.19898713,0.26314726,0.5614323,0.1380706,0.20804742,0.090909086
3194,0.23841876,0.034897007,0.039684504,-0.046433084,0.07533884,0.01038596,0.17231162,-0.17571846,0.083333336
3195,0.51643723,-0.092905775,0.14090341,-0.23616299,0.08929811,0.0805525,-0.09990408,0.50639087,0.06666666
3197,-0.1030889,-0.10217117,0.14571959,0.1665304,-0.11854629,0.6380801,-0.17659926,-0.27533686,0.0625
3198,0.6808297,0.48365438,0.453655,-0.42288572,0.112181894,0.049692295,0.93373096,0.45278,0.071428575
3200,0.40774363,0.058376487,0.14257243,-0.06361664,0.14819768,-0.26251167,0.18521266,0.02628563,0.09090909
3201,-0.4956808,0.3027943,-0.40555757,-0.08366012,-0.101583615,1.021594,0.18154077,-0.7951921,0.05882353
3202,-0.43019104,0.29189566,0.24998145,-0.0024646223,0.7342296,0.3588512,-0.16403623,-0.25107798,0.12500001
3204,0.4165901,0.0075868573,0.23509645,-0.1186532,0.15253174,-0.03228359,0.05699803,0.2510378,0.066666655
3205,0.38933674,0.33935875,0.3655321,-0.22905132,0.19389617,0.09578198,0.4807073,0.34603947,0.055555556
3206,-0.3434155,0.10457212,0.17405748,0.09581327,0.32640317,0.57201415,-0.23730767,-0.2199926,0.07142856
3210,0.14956135,-0.1658631,0.33506536,0.26323378,0.07397491,0.06564943,-0.20122278,-0.019590672,0.052631576
3211,0.49302712,0.08333193,-0.18415271,-0.27313057,-0.0556086,-0.15783629,0.34898585,-0.18842347,0.05555555
3212,0.35868526,-0.035061,-0.022000015,-0.0377843,-0.044285893,-0.040426,0.17275013,-0.18662809,0.045454547
3213,0.18008351,-0.14627674,0.110008165,0.18356997,-0.081906214,0.08855738,-0.028728634,-0.23839493,0.047619052
3219,0.5696641,-0.088709176,-0.15636592,-0.28382134,-0.07507765,-0.056096986,0.1415195,-0.100590095,0.07692308
3220,0.7078379,-0.045611177,-0.005800158,-0.3203278,-0.16869782,0.007068053,0.31612444,0.1604728,0.06666667
3221,0.90769136,-0.2742453,0.27432477,-0.09330695,0.09394319,-0.7892477,0.0936766,0.11219244,0.055555556
3222,1.2350305,-0.48733276,-0.047122926,-0.25199705,-0.3573578,-0.6803485,0.17243232,0.01290388,0.045454543
3223,0.5422326,0.00061546126,-0.42151237,-0.5432672,-0.0014043003,-0.052315682,0.18480031,-0.21057005,0.06250001
3224,0.8543299,-0.27121863,0.018411003,-0.13495427,-0.07222323,-0.6472115,0.21419235,-0.22568478,0.06250001
3225,0.55017936,-0.113587365,-0.03191091,-0.23043117,0.078177676,-0.19569495,0.08523345,-0.05947176,0.11111111
3226,0.491905,-0.06789267,-0.08432551,-0.27175778,0.08037008,-0.14597632,0.0631599,-0.04610465,0.071428575
3227,0.82759017,-0.13352759,-0.20810647,-0.35568574,-0.08615427,-0.5205951,0.36146748,-0.32654253,0.055555556
3228,0.23131809,0.20708211,0.47944546,-0.015449919,0.4986534,-0.28795063,0.22755013,0.004905205,0.07692309
3229,1.0503333,-0.4181658,0.07985686,-0.31773353,0.031451747,-0.5719888,-0.20318124,0.49968833,0.11111111
3230,0.40435594,-0.2147171,-0.020649448,-0.23886749,0.29170048,-0.1897448,-0.26878524,-0.17061873,0.058823537
3233,0.7929801,-0.04181868,0.16410291,-0.1360752,-0.2973109,-0.10564822,0.47654885,0.2188543,0.052631587
3234,0.468285,-0.12450865,-0.07375206,-0.24518755,0.3322603,-0.5091152,-0.090673044,-0.22944148,0.062499996
3235,0.7865207,-0.42044923,-0.2561077,-0.34854603,0.097564094,-0.58217907,-0.26312304,-0.14224583,0.07142856
3236,0.069928534,-0.33511028,0.0042250603,0.29967737,-0.25508958,0.2605439,-0.21478881,-0.41287935,0.071428575
3238,-0.08331702,0.41514024,0.4819001,0.042882703,0.22857186,0.5415901,0.30961215,0.41682947,0.055555556
3239,0.16740865,0.04161556,0.7429622,0.27607843,0.28775746,0.09060223,-0.019716911,0.5222514,0.083333336
3240,-0.10008183,0.03725758,0.5399229,0.0790159,0.11867223,0.9288336,-0.26568305,0.5205697,0.058823522
3241,0.09022007,-0.34379214,-0.13428034,0.120695665,-0.08212243,0.24871281,-0.4233917,-0.3814933,0.052631572
3242,0.82729334,-0.034152254,0.49686265,-0.31942585,0.23611313,-0.21078414,0.14096807,0.7538064,0.076923065
3243,0.79787135,-0.16504006,-0.22631143,0.10240611,-0.7047707,-0.47885084,0.7969609,-0.8850386,0.071428575
3244,0.60393757,-0.29754248,-0.27604192,-0.12501279,-0.34050763,-0.09287104,0.11009872,-0.35751048,0.052631587
3245,0.56129694,0.09064098,0.39655352,0.031073399,-0.27128065,0.15888721,0.5170969,0.3064589,0.04761904
3246,-0.1926792,0.19406705,0.52151406,0.044876866,0.61349046,0.31033546,-0.246522,0.2201687,0.09090907
3247,0.39750898,0.088125005,0.57524824,0.22757295,-0.04414323,-0.03881626,0.48752266,0.057112295,0.09090908
3248,0.37362796,-0.10711837,-0.122063816,-0.006410353,-0.09726228,-0.16760135,0.16016321,-0.37971315,0.083333336
3249,0.41316745,-0.24003732,0.17189078,-0.04641158,0.29085517,-0.30491132,-0.25120386,-0.14336438,0.062500015
3252,0.02332829,-0.15476161,0.47371453,0.2352184,0.37777084,0.06661649,-0.41803098,0.15619512,0.06250001
3253,0.40238613,-0.13241053,-0.1433091,-0.2538098,-0.010088965,0.1115181,-0.108384825,0.02366886,0.06666668
3254,-0.13532305,-0.05521172,0.18496984,0.10280947,0.17832325,0.49362996,-0.32658693,-0.035365764,0.0625
3255,-0.17737061,-0.34699625,0.08704,0.33533046,-0.10176544,0.6813585,-0.5337969,-0.32938573,0.16666667
3256,1.0278672,-0.1280348,0.63214844,-0.22139573,0.029014423,-0.25119483,0.18215542,1.0647924,0.07692309
3257,0.78250635,-0.08360027,0.3249966,-0.25656784,0.21339925,-0.45875335,0.22739999,0.20467018,0.0625
3258,0.7846956,-0.20468388,0.7883845,0.005617313,0.10359751,-0.11302143,-0.08686064,1.0937103,0.14285715
3259,0.35175887,-0.252809,0.1318881,0.21448463,-0.12691708,-0.09087852,-0.11326211,-0.026208553,0.06666667
3260,0.007556021,0.16947062,0.38594067,0.16988319,0.08665654,0.36001605,0.17382933,0.049713086,0.0625
3261,-0.14439732,-0.18716654,0.3423148,0.26625293,0.2790716,0.34992674,-0.50335586,-0.14374802,0.04761905
3262,0.19376928,0.012032736,-0.30371243,0.067416854,-0.29186183,0.03759402,0.3839233,-0.93897885,0.09090909
3263,-0.042319935,-0.32384488,0.38121593,0.37407643,0.10078781,0.18469635,-0.4484886,-0.1923865,0.0625
3264,0.3627776,-0.30258912,-0.25854075,0.083545685,-0.38686627,0.07378015,-0.026341528,-0.43804345,0.04761905
3265,0.14260185,0.040401734,-0.0399182,-0.027178667,-0.07944237,0.30549884,0.15056767,-0.23961021,0.07692308
3266,0.22724542,-0.27669206,0.113483034,0.12340891,0.124850094,-0.078242436,-0.39000678,-0.0063876472,0.04761905
3267,-0.2358203,0.30311036,0.8286455,0.056389987,0.54070884,0.7928826,-0.22014153,0.80807215,0.07142857
3268,-0.30811813,0.06986776,0.61329186,0.31199932,0.099838674,0.9288416,-0.1990663,0.13691936,0.09090909
3269,0.08514973,0.06308314,0.4813655,0.18097329,-0.040517524,0.5666436,0.03976193,0.432089,0.099999994
3270,-0.09039136,0.01690241,0.23408374,0.13334748,-0.31966764,1.1268296,-0.05620016,0.3314973,0.1
3271,-0.16213146,0.5045414,0.539377,0.33736515,-0.11454554,0.66261417,0.6888063,0.06683815,0.07692309
3272,-0.15910408,0.016831245,1.11788,0.845181,0.08736225,0.3405303,-0.035406187,0.41490015,0.1
3273,-0.074534126,0.07894221,0.7566563,0.3165115,0.45534217,0.20323981,-0.18748352,0.31373167,0.04347826
3274,-0.37996334,0.107708886,0.76042944,0.43443087,0.39830616,0.6089818,-0.3173225,0.28109002,0.07692307
3275,0.1522269,-0.012589883,0.45557076,0.07965246,0.2403571,0.2316171,-0.16352624,0.3350696,0.055555552
3276,1.1588478,-0.4162017,0.47063875,-0.11203752,-0.1633615,-0.48497176,0.13172856,0.45749864,0.07692307
3278,-0.44459626,-0.14346156,-0.21837048,0.14993773,0.0074767917,0.821138,-0.50127953,-0.5916457,0.125
3279,0.5708482,0.032953545,0.07571649,0.08509195,-0.15839975,-0.5300854,0.6498686,-0.6581922,0.04
3280,-0.3554418,0.018406644,-0.4765973,-0.15214556,0.0007223338,0.8367831,-0.3413656,-0.5252793,0.09090909
3281,0.1991367,-0.18805164,0.062236376,0.026497468,0.18016565,-0.023043156,-0.29643098,-0.040088933,0.07692308
3284,0.10808859,-0.30250046,0.3155257,0.25881034,0.29048422,-0.08768262,-0.52307487,-0.058186706,0.038461532
3286,-0.016486697,-0.03557134,0.2349293,0.37908146,-0.22406422,0.4118567,0.0665351,-0.18827984,0.04761905
3287,0.73283917,0.02532478,0.09420798,-0.024063893,-0.4901883,-0.07135387,0.68199646,-0.016941253,0.07142858
3289,0.8728431,-0.18329653,0.1586653,0.121022195,-0.36262184,-0.6852267,0.6189777,-0.44869998,0.08333334
3290,-0.20313972,0.22604693,-0.21102066,-0.25891778,0.24912025,0.6014781,-0.121515326,-0.16659932,0.099999994
3292,0.28531235,0.39713287,0.388869,-0.40979362,0.37944773,0.42756215,0.3289786,0.518046,0.07142858
3293,-0.06014675,0.21120171,0.27225578,-0.15206829,0.41225064,0.4176798,-0.107678235,0.21537718,0.09090909
3294,-0.49743703,0.25261948,-0.010127738,-0.0023921356,0.3304658,0.74177796,-0.13982004,-0.40651172,0.06666666
3295,-0.13502374,-0.09605415,0.5033296,0.39489263,0.458786,-0.08706041,-0.35601854,-0.17223926,0.1
3296,0.01589492,-0.16078182,0.10775862,-0.12090386,0.26897788,0.5058947,-0.59150076,0.27644554,0.06666667
3297,0.40211198,-0.25012797,0.05244212,0.12515798,0.07653255,-0.444686,-0.13569501,-0.22747673,0.11111111
3298,0.17688742,-0.009747755,0.31819028,0.21949995,0.059027553,-0.008054808,0.078103065,0.05077101,0.09090909
3299,0.24786782,-0.28685117,-0.3953668,0.03182915,-0.4501289,0.27312064,-0.04384841,-0.5612934,0.04545455
3300,0.18427083,0.023273766,0.1964225,-0.11868229,0.4798653,-0.20119038,-0.01818493,-0.32599154,0.11111111
3301,0.17110687,-0.37353402,-0.022129223,0.033044197,-0.14901449,0.5404661,-0.54475856,0.16493362,0.06666667
3302,0.07186019,-0.08072513,0.06908165,-0.25667876,0.26234472,0.5344111,-0.45025504,0.307276,0.07142858
3303,0.34298113,-0.21014908,0.10204243,0.10799031,-0.14501815,0.07349181,-0.036581986,-0.07440652,0.052631587
3304,-0.024616182,-0.2623921,-0.019972757,0.33818844,-0.2675004,0.3837046,-0.19938079,-0.47231248,0.06666666
3305,0.44965044,-0.50471663,-0.15245466,0.075735435,-0.043394744,-0.37002155,-0.43895227,-0.30706805,0.09090909
3306,-0.10734402,-0.26607683,0.2525125,0.20764911,0.053556927,0.65719,-0.580514,0.10463883,0.07142857
3307,0.037059702,-0.24754857,-0.3164832,0.10972307,-0.24528219,0.2970571,-0.23107085,-0.4882265,0.06666666
3308,0.34676445,-0.28408864,0.042866066,0.13360897,-0.23006712,0.11500765,-0.15090723,-0.009266708,0.043478265
3309,0.88073295,-0.11266513,-0.08916563,-0.38679498,0.07725523,-0.6834162,0.2946397,-0.12088926,0.055555556
3310,-0.051771842,-0.25743455,0.21096072,0.5190221,-0.48464525,0.68079174,-0.09853029,-0.16067305,0.07692308
3311,0.45983598,0.25691092,0.39821035,0.11380032,-0.18116395,-0.063212544,0.7757109,0.048960205,0.07692308
3312,0.29696,-0.0029409267,-0.086086646,0.049193975,-0.32085824,0.14013946,0.37608844,-0.46003923,0.066666655
3317,0.3398653,0.09993386,0.19787616,-0.13207635,0.45786405,-0.5018595,0.13768433,-0.2404374,0.058823522
3318,0.5213228,0.15944712,0.108153395,-0.35771346,0.18521437,-0.03822635,0.251544,0.35236058,0.07692308
3319,0.05398216,0.30349013,0.41212898,0.0658824,0.05338365,0.43624625,0.33600253,0.19268265,0.1
3320,-0.01219748,-0.018135311,0.84953374,0.35981494,0.3419663,0.3009571,-0.2563321,0.5243279,0.071428575
3321,0.57899874,-0.20024717,-0.052023172,-0.03117562,-0.31180155,-0.0443611,0.19312264,-0.17797981,0.06666667
3322,-0.3184798,0.19298454,0.69376206,0.21760926,0.57824653,0.5118935,-0.29118788,0.32911634,0.076923065
3323,-0.19920808,0.4401604,0.6452883,-0.13269332,0.599005,0.66688514,0.008876011,0.56004363,0.066666655
3324,-0.028091997,0.16460605,0.24949926,0.14607595,-0.08299394,0.5459976,0.18422796,0.14138356,0.055555563
3325,-0.24105754,0.09639852,0.19314894,0.0023855343,0.34081107,0.6090801,-0.3055836,0.04929645,0.07692308
3326,-0.3406279,0.7070941,-0.0019912422,-0.3169199,-0.053499237,1.4040145,0.50728023,0.2502509,0.14285715
3327,0.21489361,0.0157714,-0.48038465,-0.17238986,-0.27889156,0.21959743,0.3001362,-0.85000956,0.07692308
3328,0.38554734,-0.40973374,-0.39325863,0.15649794,-0.37271583,-0.21377331,-0.060308974,-0.88977873,0.099999994
3329,0.681524,-0.23092784,0.06046915,0.07324137,-0.2222506,-0.43543977,0.32225466,-0.4302057,0.05263158
3330,0.49399874,-0.49298728,0.5041842,0.24278599,0.126423,-0.22617984,-0.43967104,0.21853326,0.07142857
3331,0.7733681,-0.58031994,-0.29123145,-0.29681233,-0.1059023,-0.2461707,-0.4904576,0.047407646,0.11111111
3332,0.78569764,-0.36363375,0.13285671,0.066781856,-0.11760561,-0.6359844,0.14120881,-0.3128303,0.0625
3333,0.66486585,0.03479509,0.033370808,-0.38029072,-0.10986619,0.104687855,0.30458736,0.35099474,0.111111104
3334,0.11265551,0.1563936,0.14043301,-0.06833198,0.33359134,4.452467e-05,0.04878834,0.031653166,0.07692307
3335,0.36072704,0.008312553,-0.020158544,-0.32173133,-0.04995027,0.43265525,0.04407142,0.24579422,0.083333336
3336,0.25356042,0.15805945,-0.063868135,-0.29497728,0.17285429,0.11620258,0.17521451,-0.03242216,0.071428575
3337,0.07421813,0.4074524,0.1647857,-0.23788095,0.3006339,0.28479233,0.2851233,0.37653136,0.16666667
3338,0.63084096,-0.3242672,0.069561295,-0.06211499,0.0070218146,-0.3769074,-0.098087676,-0.12583594,0.076923065
3339,0.5214454,0.1970066,0.10148271,-0.46547568,0.3308996,-0.16418982,0.2761557,0.20232925,0.05
3340,0.07778189,-0.25816858,0.08339366,0.11801158,-0.03644477,0.42766488,-0.36011833,-0.08068207,0.08333334
3341,0.112188585,-0.037265174,0.2379483,0.07292018,0.09589453,0.26926672,-0.12417939,0.07506399,0.07692308
3342,0.5015485,-0.18293327,0.32587558,-0.027980976,0.34836936,-0.517334,-0.12649891,0.1100445,0.07692308
3343,-0.53146094,0.4368865,-0.18786065,-0.059289716,0.12150431,0.8538871,0.22427379,-0.59427303,0.052631576
3344,-0.26645893,0.25218323,-0.3462968,-0.18731958,-0.09868683,0.9298414,0.09913744,-0.34018642,0.07692309
3345,0.37812695,-0.31151316,0.34078628,0.35137513,-0.36387682,0.20163065,-0.021385588,0.0877372,0.05882353
3346,-0.14455703,-0.07210043,0.36254513,0.27760255,0.24364308,0.30707037,-0.3347944,-0.046948913,0.083333336
3352,0.6583712,-0.09230797,0.28298268,-0.17885667,0.177176,-0.3872163,0.15863977,0.064527564,0.07692308
3353,1.6269578,-0.49613822,0.11403614,-0.3212628,-0.75081116,-0.5852144,0.59174526,0.29285306,0.076923065
3354,1.0249414,-0.52519697,0.17762965,-0.07667629,-0.1502424,-0.6246143,-0.014149576,-0.05650981,0.06666668
3355,1.0616537,-0.26875043,0.15784615,-0.33944017,-0.0017929226,-0.56816083,0.2404965,0.07265866,0.052631576
3356,0.90907884,-0.30641583,0.20837286,-0.21451068,-0.08552246,-0.3398296,0.13861094,0.10366218,0.071428575
3357,1.21044,-0.20353542,0.39566404,-0.32139468,0.13687728,-0.8935841,0.40878767,0.17074543,0.052631587
3358,1.0443829,-0.1282917,0.5386199,-0.058326013,0.1377023,-1.0474029,0.62710756,-0.22569169,0.06666667
3359,0.8757854,-0.29084665,0.47895586,0.023181506,-0.056971863,-0.463176,0.21779881,0.15819463,0.07142858
3360,0.9580611,-0.27266505,0.26671666,-0.047949202,-0.14187665,-0.6902503,0.46613896,-0.31704983,0.08333334
3362,0.018955447,-0.10949291,0.43880147,0.067314774,0.47639096,0.16342714,-0.47917378,0.24710259,0.062499993
3377,0.8071024,-0.03786769,0.21651405,-0.049271725,-0.22138937,-0.39521104,0.5692151,-0.0565766,0.07142857
3384,0.6846975,-0.31082296,-0.13246317,-0.0955236,-0.49598342,0.07748507,0.1274037,0.044799592,0.19999997
3385,0.41307965,0.0009050667,-0.2523471,-0.026226893,-0.08504008,-0.45733166,0.42170012,-0.81267613,0.05882353
3386,0.03991691,0.13032508,0.25874144,0.13135925,0.18614289,0.06595963,0.14602996,-0.18299377,0.09090909
3387,0.66960406,0.13404718,0.105250485,-0.4713943,0.19779171,-0.13798867,0.26069754,0.42030618,0.049999997
3388,0.537148,-0.08005659,0.32823217,-0.008705184,0.05731879,-0.16535169,0.13169637,0.2141624,0.06666667
3389,0.45762601,-0.11008975,0.27253664,0.032929204,0.10979448,-0.2695435,0.09773348,-0.12853241,0.07692308
3390,0.64141846,-0.23921674,-0.17946683,-0.15490514,-0.3036468,-0.110491365,0.20564707,-0.26060277,0.058823522
3391,0.6806925,-0.098345846,0.38262135,-0.10231043,0.24330394,-0.4720661,0.08652741,0.30421922,0.05882353
3392,-0.1501643,0.082893476,-0.04361391,-0.075362004,0.2033901,0.41525552,-0.14946571,-0.30450454,0.055555563
3393,-0.013639368,-0.05160606,0.4133889,0.24456108,0.2860747,0.062536195,-0.1838583,-0.07013169,0.11111111
3394,-0.32065126,0.2235512,0.7548514,0.37515676,0.8037485,-0.11035022,-0.18235552,-0.14607118,0.083333336
3395,-0.36713523,0.12532435,0.4217127,0.15251116,0.62372196,0.4023256,-0.4136411,-0.037722874,0.0625
3396,-0.12737794,0.016409112,0.6145264,0.43210217,0.32669318,0.059318513,-0.12914261,-0.0799111,0.062499996
3397,-0.44960028,0.0834994,0.3410359,0.5057161,0.33450675,0.19500124,-0.115938306,-0.59550047,0.071428575
3398,-0.1997112,-0.27695033,0.26755393,0.36717695,-0.047615767,0.67455655,-0.50781333,-0.10812074,0.058823545
3399,0.00013525784,-0.45088264,0.056833953,0.34589756,-0.15705793,0.39034852,-0.5632924,-0.2866834,0.090909086
3400,0.10048839,-0.42082083,0.20843896,0.3491843,-0.023251623,0.15868247,-0.53089374,-0.11823316,0.045454547
3401,-0.052888814,-0.21855237,-0.009964496,0.15939409,-0.14727588,0.5624979,-0.3128681,-0.25649324,0.05555555
3402,-0.03932365,0.08975752,0.32449418,-0.14603785,0.53899634,0.3738587,-0.41122544,0.50694644,0.050000004
3403,0.6186924,-0.19066282,0.24277847,-0.07264312,-0.04022844,-0.15264392,0.07957356,0.14272915,0.05882353
3404,0.8124917,-0.33879757,0.2521391,-0.07603591,0.20792885,-0.75170606,-0.15625277,0.1893509,0.08333334
3406,0.12747937,0.18235642,0.06348374,0.055175617,-0.11494763,0.17747922,0.44287658,-0.28404772,0.049999997
3407,0.72575134,-0.064529836,0.12427725,-0.2022222,0.13629317,-0.56228304,0.27863795,-0.0384722,0.07692309
3408,0.93116486,-0.48084605,-0.17400207,-0.23098087,-0.101125136,-0.694723,-0.03647369,-0.40539882,0.124999985
3409,0.05066134,0.13455309,-0.33879286,-0.23718682,-0.12558608,0.55013394,0.15952943,-0.27737877,0.058823526
3410,0.047807045,0.23226303,0.7054681,0.31130704,0.44896758,-0.2096357,0.22505964,-0.019227553,0.07692308
3411,0.7008575,-0.27075604,-0.20574315,-0.18141621,-0.29294062,-0.21259952,0.13840471,-0.25014684,0.05882353
3412,0.71864694,-0.3197727,-0.008853406,-0.24659091,0.05245678,-0.36867565,-0.105898604,-0.063081846,0.07692308
3413,0.13100672,-0.42214307,0.1818461,0.40599215,-0.35352212,0.38007748,-0.26670408,-0.26548392,0.04761906
3414,-0.1074224,-0.4715168,0.03471212,0.4615986,-0.44715637,0.69576854,-0.42164427,-0.45641628,0.09090909
3415,0.27701864,-0.44430915,-0.40473408,0.2536431,-0.6396184,0.014731258,0.099848926,-1.0075785,0.11111113
3416,0.033354193,-0.22738363,0.28462547,0.57584566,-0.40751028,0.28710085,0.1131763,-0.4870231,0.06666668
3417,0.037013613,-0.45214608,-0.07721132,0.39407516,-0.7730166,0.7834792,-0.14189015,-0.52413327,0.09999999
3418,0.45232615,-0.04370363,-0.32563996,-0.16526422,-0.03642553,-0.36629936,0.25549263,-0.72552747,0.047619045
3421,-0.15355119,0.03546897,0.350455,0.20583612,0.38571417,0.18354407,-0.27816314,0.0084305,0.0625
3422,-0.07577658,-0.27015764,0.68869114,0.6206315,0.10212003,0.22831394,-0.39352608,-0.034624014,0.099999994
3423,0.74136126,-0.38641483,0.3248157,0.207387,0.015520051,-0.80326337,0.047614306,-0.18259667,0.07692309
3424,0.09611074,-0.50762606,0.21907404,0.44348264,-0.237942,0.38127673,-0.5814868,-0.035192337,0.090909086
3427,0.044699468,0.20006767,-0.092910364,-0.046202086,-0.29590368,0.6423466,0.37596405,-0.10860869,0.052631572
3428,0.5996343,0.118737504,0.23885064,-0.19414511,0.20135017,-0.4662726,0.46443617,-0.086335614,0.0625
3429,0.22334984,-0.14034083,0.5348921,0.34111416,-0.26216698,0.42325523,0.007665284,0.3391458,0.07692307
3430,0.45100662,0.015974853,-0.08721599,-0.08896495,-0.59475565,0.44103846,0.5561949,-0.07048772,0.09999999
3433,0.13806865,0.033092156,0.2528113,0.13923162,0.19317913,-0.086218596,0.11667298,-0.26879364,0.05263158
3434,0.2481283,-0.10856548,0.16988647,0.20367652,-0.13193662,-0.015155248,0.1590585,-0.31043276,0.047619045
3435,0.24079463,-0.009376418,0.13390699,0.10608679,0.011145815,-0.13405898,0.22839491,-0.32428762,0.062499996
3436,0.12822491,0.15635741,0.40682912,0.030278727,0.073269166,0.43359414,0.12453188,0.42655227,0.07142858
3437,0.5141785,-0.49527454,-0.12770687,0.13792002,-0.33059657,-0.22441256,-0.19313571,-0.5391213,0.11111111
3438,0.022456273,-0.08199017,0.6998164,0.60056144,-0.12731315,0.3231235,0.08045885,0.11039004,0.07692308
3439,0.17625597,-0.13321736,0.22475132,0.6019918,-0.49942136,-0.09886855,0.47485584,-0.756677,0.14285713
3440,0.23603573,0.06621691,-0.13610779,0.1709094,-0.17454834,-0.24800873,0.47166687,-0.85299915,0.06666666
3441,0.34121934,-0.22510244,-0.24628504,0.20267309,-0.26287872,-0.37077647,0.25020355,-1.066612,0.083333336
3442,0.28593236,-0.14940648,-0.5193834,-0.041177623,-0.40076894,0.07054071,0.272532,-1.0414658,0.05882353
3443,0.17064199,-0.39155895,0.43858147,0.3551458,0.0646842,0.116194144,-0.5321866,0.18247299,0.083333336
3444,0.13091105,0.16011472,0.43652856,-0.27138275,0.70362276,0.1952233,-0.31905144,0.66587484,0.06666667
3445,-0.044749383,0.22079714,0.19212994,-0.2393829,1.0043501,-0.31802726,-0.4173761,0.11543271,0.062499996
3446,-0.34080666,0.16039938,0.4723335,-0.044412278,0.7300995,0.523175,-0.4935133,0.2219303,0.052631572
3449,1.2050778,-0.3673546,-0.12916349,-0.26464376,-0.60856074,-0.40285268,0.51078427,-0.16259679,0.08333333
3451,-0.41913122,0.2558043,-0.14130951,-0.18459153,0.059398472,1.172797,-0.041922532,-0.28274146,0.06666666
3452,-0.6129873,0.19824256,0.28838915,0.37247106,0.09566344,0.98930323,-0.0578332,-0.5532862,0.09090909
3453,-0.1583609,-0.074529916,-0.100370675,0.15408595,-0.2161658,0.71647525,-0.074746944,-0.41863707,0.049999997
3454,-0.1601753,0.2287195,-0.23269095,-0.4918527,0.24875198,0.9912918,-0.19636153,0.15095505,0.06666667
3455,-0.5151604,0.16588539,0.25407118,0.20643929,0.46758896,0.5384496,-0.26613677,-0.35876065,0.08333333
3456,-0.43895558,0.15070924,0.058423564,0.04203082,0.09567335,1.045196,-0.1484668,-0.27025038,0.06666667
3457,-0.42167455,0.084283695,-0.13047872,-0.002224706,-0.13466088,1.208323,-0.16613054,-0.4130929,0.052631572
3458,-0.408771,0.031067628,0.3351503,0.32258353,0.17380941,0.6670714,-0.21348026,-0.39260545,0.045454547
3459,-0.28902638,0.10076183,0.41623455,0.25836757,0.16784613,0.6541774,-0.048797637,-0.17408879,0.07142858
3460,-0.5997274,0.03373785,-0.23935561,0.12661952,-0.279074,1.4609133,-0.19071689,-0.6218049,0.07692307
3461,-0.29876927,-0.020036008,-0.13840409,-0.10983806,0.096310854,0.9321577,-0.39304954,-0.21703433,0.04545454
3462,-0.3255751,0.017240627,0.15540081,0.20750025,0.2603373,0.4378582,-0.21520993,-0.4307185,0.058823526
3463,0.025157325,0.061548296,0.5689407,0.24992135,0.6105347,-0.55485713,0.119373694,-0.7169887,0.125
3464,-0.19607624,0.10808179,-0.015965864,0.10780054,-0.19548975,0.8615232,0.11242914,-0.26811376,0.058823537
3465,-0.09440013,-0.33916858,0.095833525,0.12605555,0.34276807,0.20379601,-0.75587857,-0.21153368,0.052631572
3466,-0.33425483,-0.19773038,0.3185835,0.31989744,0.24240062,0.64504343,-0.6160669,-0.1610992,0.12499999
3467,0.034366615,-0.35532752,0.18701208,0.16465834,0.18209305,0.27362943,-0.66500646,0.0073323064,0.06666667
3468,-0.25651178,-0.28661534,0.7303687,0.72505844,0.33068943,0.052637894,-0.58891857,-0.11134167,0.11111111
3469,0.14454061,-0.29113975,0.2046271,0.22467092,0.13788654,0.034221113,-0.3794583,-0.15232286,0.06250001
3470,-0.0971587,0.02672851,0.11679631,-0.16084671,0.42586112,0.48099744,-0.39191025,0.038471535,0.0909091
3471,-0.28290397,-0.31934264,0.1982288,0.3851914,0.13059546,0.4906474,-0.6344479,-0.47551385,0.07142857
3472,-0.3328048,-0.269048,0.3566029,0.58341885,-0.0076663494,0.52820414,-0.4374593,-0.43800768,0.058823526
3473,-0.061429955,-0.22584227,-0.41186994,0.5110401,-0.8822162,0.45683318,0.4717294,-1.8712032,0.2
3474,-0.18368167,-0.34768802,0.25079662,0.4883926,-0.18158822,0.64199084,-0.41668886,-0.3428978,0.08333333
3475,-0.18622097,-0.11381221,0.039303377,0.22984928,0.09425037,0.35969847,-0.25226992,-0.51511836,0.071428575
3476,-0.3914258,-0.06449686,0.37283868,0.33359143,0.458354,0.40097055,-0.5094905,-0.28017327,0.10000001
3477,-0.3352645,-0.34897766,0.12440599,0.43288568,0.2316318,0.25875634,-0.7096652,-0.650058,0.06250001
3478,0.50194794,-0.06892295,-0.06298716,-0.16470972,-0.349141,0.30365038,0.2675414,0.03803983,0.058823526
3479,0.024332814,-0.18180561,0.4776789,0.6312669,-0.057204112,-0.039563164,0.006272167,-0.4583436,0.07692309
3480,0.47360644,0.04702239,0.16367316,-0.12661263,0.14796694,-0.2221039,0.18478428,0.16203594,0.083333336
3481,-0.020074759,0.04720438,-0.109105185,0.1148667,-0.4035946,0.6881594,0.2425179,-0.29015037,0.12499999
3482,0.6788871,-0.12144348,0.2761231,0.17910159,-0.510695,-0.119397596,0.5839715,-0.047517415,0.04545454
3483,0.6492478,-0.029558271,0.014737934,-0.12484447,-0.31335968,-0.041284412,0.45717204,-0.010098066,0.05263158
3484,-0.07593261,-0.15105443,0.31915796,0.13477333,0.2581824,0.400963,-0.50878483,0.18611643,0.07692308
3485,0.63368654,-0.23826632,0.03512822,-0.0012760609,-0.12214579,-0.33467132,0.08396198,-0.10327838,0.07692307
3486,0.4336051,-0.023011357,0.27539137,0.019524083,0.07661164,-0.13167623,0.12308936,0.23091942,0.09090908
3487,0.2247658,-0.0337038,0.35557503,0.25752953,-0.10036297,0.09252849,0.22359864,-0.1362975,0.07692308
3488,0.5530074,-0.039091773,0.20277393,-0.0910325,-0.18547408,0.1292387,0.23476513,0.3264848,0.07692309
3489,0.7627064,-0.22289854,0.2726617,-0.12203909,0.07900125,-0.4646502,0.031977072,0.22243406,0.07692308
3490,0.47852698,-0.13887022,0.47679287,0.23233101,-0.05970858,-0.20227072,0.19598506,0.039619483,0.06666667
3491,0.48118547,-0.14057499,-0.1793304,-0.016571157,-0.5170012,0.22204918,0.29761034,-0.18189937,0.06666666
3492,0.38431484,0.057764363,0.3412271,0.19920704,-0.15504546,-0.050504908,0.39905465,0.09565143,0.058823537
3493,0.16850343,0.022451397,0.2560158,0.12003584,-0.11689918,0.33909535,0.14558147,-0.0013145916,0.099999994
3494,0.20175758,-0.0046837516,0.04920526,-0.0010292381,0.084533915,0.0029907972,0.06126152,-0.22814287,0.055555556
3495,-0.49606693,0.40796837,0.68551886,0.23154154,0.6201829,0.5673009,0.008542135,-0.0056883283,0.062499996
3496,0.42593315,-0.039326426,-0.16578071,0.04265272,-0.49181044,0.096832864,0.5076038,-0.52099246,0.14285715
3499,0.43069947,-0.110554904,0.27320415,0.28226754,-0.3182577,-0.16412485,0.47748786,-0.5588647,0.071428575
3500,0.0192549,-0.22158675,0.122255415,0.27567947,-0.25657183,0.54578125,-0.19530281,-0.15917137,0.08333332
3501,-0.219057,-0.5572012,-0.16860394,0.14191636,-0.06028968,0.7852778,-0.9861854,-0.4713876,0.09090909
3502,0.55433667,0.04872543,0.2482627,-0.14062363,0.059424542,-0.16102919,0.3309449,0.09662452,0.083333336
3503,0.6495366,-0.31558126,0.09447916,0.030524634,-0.5972181,0.35472268,0.10590389,0.28450242,0.11111113
3504,0.5131239,-0.4487978,-0.059946075,0.09288217,-0.20417498,-0.21594486,-0.18518989,-0.30333772,0.09090908
3505,0.5154513,-0.30494994,0.15789261,0.23310423,-0.26119578,-0.22904328,0.0951996,-0.24111994,0.09090908
3506,0.33537918,-0.033748683,0.06386617,-0.025098532,0.09452724,-0.13403662,0.07008034,-0.10171755,0.058823522
3507,0.5262424,-0.106289625,-0.089526325,0.07352029,-0.36342394,-0.17443764,0.47156304,-0.516662,0.055555552
3508,0.6275526,-0.27989623,0.4160297,0.3667299,-0.3766631,-0.2541791,0.28813225,-0.033876073,0.06250001
3509,0.7489544,-0.32676658,0.29877806,0.2372756,-0.53013575,-0.13525602,0.33713228,-0.015699048,0.06666667
3510,0.49947563,-0.19845586,0.30628526,0.24512583,-0.2767676,-0.08978927,0.2338401,-0.094096154,0.07692309
3511,0.4663861,-0.04915358,0.5091545,0.24156293,-0.2543059,0.107111886,0.3567927,0.16752256,0.09090908
3512,0.50238955,0.02223221,0.2591278,0.0015724748,-0.20751284,0.08823253,0.36327654,0.19709593,0.05882353
3513,0.33448932,-0.007414585,0.07461847,0.11411664,-0.30896884,0.13576841,0.41563112,-0.33167526,0.055555552
3514,0.31412533,-0.07265502,-0.050189883,-0.03507241,-0.084586546,0.04053393,0.06847596,-0.0430297,0.083333336
3515,0.6743428,-0.15280044,0.16644208,-0.06900198,-0.2229893,-0.0075618625,0.21682073,0.24125466,0.08333333
3516,0.67217135,-0.3212523,0.24138609,0.2138431,-0.31561548,-0.2947104,0.19590445,-0.10525194,0.111111104
3517,0.5164838,-0.21362065,-0.08581188,-0.019278862,-0.29881102,-0.04746589,0.22748636,-0.4104489,0.052631587
3518,0.14329362,0.038390126,0.49257034,0.29772457,0.07018346,0.051308755,0.1598429,0.048875403,0.07692308
3519,0.15898737,0.055028863,0.066300616,0.03653858,0.14413919,-0.11855084,0.15716319,-0.4002523,0.062499996
3520,-0.18136431,0.14549367,0.017101265,0.0922607,0.09465973,0.45640773,0.07630621,-0.36737922,0.07692309
3540,0.28457433,0.10647392,-0.19007759,-0.345606,0.060223058,0.19426166,0.23555498,-0.23714839,0.083333336
3541,0.296316,0.2353244,0.5565351,-0.03601987,0.33660376,-0.058050185,0.34713858,0.28416142,0.111111104
3542,0.8723216,-0.24375947,-0.06175208,-0.10511563,-0.33436406,-0.4612921,0.3467679,-0.15656684,0.058823522
3543,0.5804946,0.30741933,0.47199148,-0.31119132,0.4717486,-0.38417286,0.50559074,0.1944232,0.06666666
3544,0.65542066,0.18163817,0.15162331,-0.45420122,0.42119402,-0.47163093,0.26496524,0.27245086,0.083333336
3545,-0.20624104,-0.11145121,0.0381383,0.23609856,-0.0970297,0.66346014,-0.23000945,-0.45015445,0.07142857
3546,0.16107437,-0.20648727,0.16312104,-0.042806722,-0.043175697,0.64043504,-0.4100744,0.44389468,0.071428575
3547,0.44018897,-0.3264346,0.0410915,0.22205979,-0.2325892,-0.25409862,-0.016520433,-0.28231823,0.06666668
3548,0.6772278,-0.10460283,0.2955644,0.07328583,0.12293764,-0.81945544,0.27218568,-0.12665236,0.11111113
3549,0.096420564,-0.13645889,0.39875102,0.22832528,0.20673779,0.0013730675,-0.19161524,-0.15741885,0.083333336
3550,0.8145354,-0.6992659,0.12046237,0.080501884,-0.15117674,-0.4209926,-0.4599052,0.0363017,0.125
3552,0.7302701,-0.2261924,-0.07394518,-0.18319601,0.026356801,-0.60174054,0.13403943,-0.28488895,0.07692309
3553,0.10811486,0.35400134,-0.13592444,-0.35656387,0.2200031,0.24775326,0.36877543,-0.13861318,0.062499993
3554,0.5227784,0.25888345,0.27443296,-0.2241914,0.30666256,-0.41331857,0.45720458,0.1525201,0.055555556
3555,-0.44769546,-0.08167423,-0.23839958,0.03976392,0.4384458,0.38773572,-0.6034571,-0.76495296,0.06250001
3556,0.51231074,0.2698188,0.22799379,-0.36843184,0.14838606,0.08690727,0.48789513,0.31127855,0.058823537
3557,0.2598608,-0.19597684,-0.4564162,-0.061962537,-0.31625086,0.09487612,0.12310925,-0.83163834,0.058823537
3558,0.66309214,-0.38494757,0.3705353,0.12940747,0.22082543,-0.69049114,-0.23452032,0.095263995,0.125
3559,0.43120733,-0.31856295,0.2816903,0.24313843,0.041129187,-0.34208328,-0.11920098,-0.21438079,0.09999998
3560,0.3978216,-0.06395885,0.32991087,0.076802656,0.023552135,-0.07917331,0.1435227,0.09060863,0.058823522
3561,0.7582022,-0.40571257,0.12779348,0.0072716475,-0.06399925,-0.49407762,-0.08115244,-0.071502596,0.058823526
3562,0.61162883,-0.14361061,0.34415537,0.018992543,-0.018241674,-0.26766396,0.14715944,0.23424053,0.058823526
3563,0.5969041,-0.19461337,0.27808946,-0.023899265,0.2728509,-0.60509354,-0.068705216,0.114836454,0.083333336
3564,0.51977694,-0.27251026,0.246453,0.19867629,-0.2778132,-0.025366768,0.10770118,-0.041596178,0.076923065
3565,0.21565348,0.123233244,0.31810218,-0.035876416,0.489775,-0.3069906,0.030539975,0.13179189,0.06666667
3566,0.69533706,-0.10973255,-0.09336294,-0.15750772,-0.23686476,-0.29799917,0.33925968,-0.09877087,0.08333334
3567,1.3189831,-0.59139484,-0.65091383,-0.6507567,-0.5242567,-0.4697951,-0.032415047,-0.0064591803,0.083333336
3568,0.3823305,-0.21819939,0.2221567,0.0038485304,0.11130483,-0.011766508,-0.18332683,0.14674324,0.07692309
3569,0.7091548,-0.11256112,0.19506133,-0.10272572,0.054966033,-0.51620656,0.24202488,0.02801257,0.058823537
3570,0.47062376,-0.2651633,0.16701105,-0.13327897,0.10275247,0.075651035,-0.27638346,0.2113127,0.08333334
3571,0.42790595,-0.563941,-0.0014335364,0.3979099,-0.43395352,-0.1638852,-0.1847302,-0.51402175,0.06666667
3572,0.90654016,-0.26966956,-0.19036116,-0.27730086,-0.31910586,-0.3552004,0.2861777,-0.11719732,0.071428575
3573,0.09949366,-0.013818206,0.30954027,0.12292372,0.19956648,0.11717879,-0.08254255,0.025262374,0.052631576
3574,0.6972461,-0.14421876,0.047935054,-0.26982272,0.19913916,-0.4906305,0.0012764856,0.14418204,0.07692308
3575,0.33109197,0.02144524,-0.013747856,-0.24849758,0.17292593,0.0389292,0.028162897,0.004516095,0.07142857
3576,0.13495949,0.2736189,0.59481543,-0.16370738,1.0380926,-0.5077301,-0.15142201,0.3167589,0.12499999
3577,0.20137861,-0.06021316,0.2623765,0.12569313,0.12262437,-0.06758216,0.038033396,-0.20721336,0.07142856
3578,-0.05434113,-0.19426753,0.23621896,0.22868887,0.31050003,0.042648558,-0.44901538,-0.17765732,0.06666668
3579,0.54530394,-0.4629911,0.0035049766,0.11522151,-0.42053825,0.04778152,-0.15562458,-0.08506103,0.071428575
3582,0.2753375,0.2690535,0.46535563,0.13810843,0.3865049,-0.5584793,0.5170491,-0.43843678,0.12499999
3583,0.34896457,-0.16706465,0.413665,0.26937625,-0.043451563,-0.051009208,-0.019025713,0.11314353,0.1
3585,0.6953523,0.19891869,0.30144793,-0.4744504,0.7038454,-0.7121068,0.10114618,0.64712167,0.099999994
3586,0.46829233,0.05104136,0.22273707,-0.16468629,0.10942069,-0.087608725,0.24434175,0.1314027,0.055555552
3587,0.26335636,-0.18747257,0.30483896,0.26778245,-0.13443504,0.1294764,0.032469794,-0.17377646,0.07692308
3588,0.58764875,0.030195171,-0.2312736,-0.45553195,-0.14685084,0.14596759,0.302885,0.020235565,0.055555552
3589,-0.44247645,0.28495967,0.24985744,-0.14422187,0.476799,0.9556629,-0.28967053,0.10465038,0.076923065
3591,0.49955997,0.26498902,0.06151537,-0.38763005,0.4777795,-0.57966495,0.39388794,-0.17112714,0.125
3592,0.4008321,-0.65453273,0.14601009,0.25729352,0.14538044,-0.40115553,-0.7451826,-0.19396518,0.090909086
3593,0.80883473,-0.17837203,-0.33755666,-0.39747387,-0.1735671,-0.3189974,0.21452017,-0.24657385,0.083333336
3617,0.3703892,-0.011047812,0.26605532,-0.114533864,0.28105873,-0.12090744,-0.008544236,0.16300225,0.049999997
3619,0.82910156,-0.052873436,0.33375898,-0.26852804,0.15125456,-0.36790517,0.20072441,0.45878986,0.076923065
3620,0.25443915,0.38607234,0.14212936,-0.1649878,0.28427553,-0.24262205,0.6240246,-0.32429686,0.06666668
3621,0.69113696,-0.045108393,0.4546516,0.11381762,-0.12090902,-0.3108804,0.40933448,0.270218,0.058823537
3626,0.9980061,-0.18217807,-0.3266713,-0.68922395,0.27850962,-0.8026427,-0.0024265721,0.05493907,0.125
3627,-0.040582195,-0.40698335,0.39469087,0.14517367,0.32892355,0.51743513,-0.8789992,0.17669949,0.06666667
3628,-0.06950678,-0.10225132,-0.097105265,0.0054370835,0.008380756,0.50190675,-0.2260354,-0.3817512,0.07142858
3629,0.13386592,0.047580317,0.16345835,0.09830455,-0.12884735,0.35044843,0.21126322,-0.067309305,0.06666666
3630,0.3444166,0.2858774,0.57374156,-0.04407134,0.24256253,0.054028317,0.3200791,0.5997344,0.09090908
3631,0.15957037,0.0030556456,0.38990158,0.043093912,0.46474028,-0.21238816,-0.07857531,-0.05559427,0.099999994
3632,0.56756127,-0.14846551,0.2513793,0.11962445,-0.14012821,-0.27490962,0.22177489,0.06449447,0.04545455
3633,0.33052137,0.012317008,0.33469558,0.28228563,-0.316701,0.07575281,0.5380297,-0.31757987,0.083333336
3634,0.2878174,0.010660221,0.20300907,0.13262069,0.027769431,-0.13744533,0.271742,-0.29883978,0.043478273
3635,0.6758311,-0.1814863,0.015838265,-0.0229465,-0.24745919,-0.30120197,0.32405192,-0.24762075,0.07692308
3636,0.41062233,-0.167274,0.069482654,-0.104546376,-0.13973151,0.27970964,-0.10463651,0.24921454,0.071428575
3637,0.40428412,-0.19153495,0.14889967,0.3920332,-0.46654546,-0.13284482,0.40031356,-0.55206925,0.083333336
3638,0.53269213,-0.22185795,-0.020354107,0.022739999,-0.2794158,-0.092084214,0.18570693,-0.2615043,0.09090909
3639,0.37036034,-0.09942569,0.046652734,-0.042820133,-0.26292104,0.36455148,0.095924675,0.13722552,0.099999994
3640,0.56515956,-0.2942953,0.22641154,0.18400446,-0.29103124,-0.13555577,0.14575012,-0.16103715,0.07692307
3641,0.7859132,-0.21618989,-0.23561402,-0.11993163,-0.62020534,-0.081293315,0.50380087,-0.3045438,0.07692309
3642,0.8149147,-0.31218383,-0.22736095,-0.28934884,-0.41810787,-0.03242132,0.19848867,-0.15211624,0.08333333
3643,0.47912344,0.061926465,0.22387727,-0.19365364,-0.10889499,0.33828092,0.16061102,0.64350504,0.08333334
3644,0.2380729,-0.10209879,0.342593,0.18395421,0.12633517,-0.026091464,-0.06848109,-0.0066872425,0.076923065
3645,0.50334656,-0.114820674,-0.0945261,-0.10412774,-0.212768,-0.021551304,0.24566843,-0.2460546,0.058823522
3646,0.29633167,-0.026055828,0.052634455,0.04536751,-0.17179297,0.14661565,0.24590664,-0.1947122,0.06666667
3647,0.08207593,0.03420626,0.32413548,0.29230788,0.074982926,-0.04075642,0.21675791,-0.49485645,0.09090909
3648,0.75880516,-0.32100642,0.0008963123,0.012453407,-0.5635334,0.002900347,0.24006383,0.05318279,0.08333334
3649,0.9593067,-0.40061146,0.035581373,0.0064681843,-0.5315065,-0.35824707,0.31743604,-0.115697965,0.083333336
3650,0.7174947,-0.19679447,-0.335598,-0.5140041,-0.1330192,0.022716992,0.007998891,0.082249135,0.08333332
3651,0.50649035,-0.08856535,-0.17416833,-0.16260645,-0.098878786,-0.18208602,0.16640116,-0.18415499,0.06666666
3652,0.44987032,-0.17196156,0.40957475,0.15711485,0.0076357126,-0.12909484,-0.009195209,0.1885358,0.052631587
3653,0.446126,-0.058570918,0.4856807,0.18967038,-0.009578615,-0.11391622,0.18754126,0.28416222,0.055555552
3654,0.7164651,-0.14861797,0.114464745,-0.2628836,0.06682238,-0.26451316,0.06445892,0.26724175,0.1
3656,0.27820945,0.21270481,0.031244546,-0.50986284,0.603169,-0.028775707,-0.08649135,0.31834918,0.09090908
3658,-0.19164985,-0.104888484,-0.19134308,-0.39370996,0.5564676,0.49023643,-0.6839547,-0.4896916,0.16666667
3659,-0.45715207,-0.0024205605,-0.016496778,0.051673763,0.38460192,0.64074045,-0.5571092,-0.4177318,0.052631576
3709,0.13610098,-0.3635527,0.27010483,0.16874573,0.27870426,-0.012605719,-0.648035,0.08441491,0.071428575
3710,0.03404674,-0.30066407,0.032633252,-0.058895282,0.5170733,-0.06251332,-0.792102,-0.032888096,0.07142857
3711,-0.18510309,0.112173244,0.4244371,0.0006170273,0.835408,0.07158113,-0.40543133,-0.024678651,0.0625
3712,1.0882183,-0.4253366,0.34353226,0.039983425,-0.19935133,-0.77041596,0.29008365,-0.091513485,0.09090909
3713,-0.06254229,0.2602916,0.17566508,-0.23495492,0.25849992,0.66807467,0.009330891,0.16859649,0.04999999
3714,0.43631133,-0.10322189,0.41802782,0.17263404,0.033620343,-0.18707612,0.049265906,0.2776154,0.06666667
3715,0.36551806,-0.10655823,0.2091878,0.21343914,0.09708568,-0.62270296,0.24424534,-0.55593055,0.083333336
3717,0.5868072,-0.16274501,0.31372786,0.00847248,0.19064835,-0.47854322,0.00038439035,0.20882897,0.06666666
3718,0.75545245,-0.23811942,0.10581085,-0.17477852,0.20543055,-0.7081872,0.0559953,-0.17116448,0.052631587
3719,1.0404145,-0.029646259,0.35431027,-0.22977051,-0.077931866,-0.49401486,0.56268364,0.38320878,0.09090908
3721,0.44640192,-0.17532498,0.5553255,0.36865798,0.106642365,-0.52695984,0.13027142,-0.2064615,0.07692309
3722,0.03724803,0.28132987,0.8359955,0.101310894,0.70003927,-0.02770099,-0.062004082,0.62896734,0.052631572
3723,-0.08939415,-0.06888828,-0.0028208047,-0.22577238,0.2587068,0.72453654,-0.58892274,0.28320023,0.062499996
3724,0.10296791,-0.19834927,0.22243547,0.26666215,-0.071153805,0.20905495,-0.17492568,-0.08636786,0.05
3725,0.023827963,-0.017081957,0.32675833,0.15538447,0.3303058,-0.0059441626,-0.2264428,0.10434109,0.076923095
3726,0.140134,-0.19089586,0.1006224,0.15398115,-0.25129753,0.49807197,-0.14709812,0.027160894,0.06666668
3727,0.5512863,-0.21267453,0.31615984,0.087261274,0.1354996,-0.46367073,-0.013369545,0.09743218,0.08333334
3728,0.0062344596,-0.014778446,0.27629098,0.038124375,0.19110942,0.46532005,-0.2658049,0.21957514,0.06666666
3729,0.014906935,-0.021113303,0.22569385,0.08150213,-0.13372083,0.70156056,-0.003808841,-0.007387493,0.06666668
3730,-0.07070595,-0.14290623,0.29945865,0.3478238,-0.023016572,0.3588907,-0.21626699,-0.06701191,0.090909086
3731,-0.028752238,0.04410244,0.27511743,0.08949736,0.22986801,0.3297211,-0.17215937,0.15682843,0.058823545
3732,0.26991296,0.13958552,0.21247023,-0.031472065,0.042881593,0.10839993,0.29623544,0.10008049,0.071428575
3733,-0.11224502,0.211744,0.28136387,-0.01755178,0.43327332,0.26107013,-0.03653281,-0.030582625,0.045454547
3734,0.39116895,-0.2961601,0.009093866,0.007457696,-0.01575908,-0.09538096,-0.21582954,-0.18690856,0.06666668
3735,-0.21182495,0.10313809,0.0013505071,0.25262952,0.00039158762,0.301053,0.10695346,-0.6079479,0.06666668
3736,0.2992175,0.34230715,0.043551564,-0.36470723,0.40603948,-0.14436689,0.33826643,0.053524595,0.099999994
3737,0.42816293,-0.09576474,0.077138856,0.06951761,-0.2812873,0.053184256,0.2579816,-0.059430275,0.06666667
3738,0.16660395,-0.07841876,0.39462495,0.049806137,0.33554155,0.04022571,-0.2522717,0.16252851,0.07692309
3739,-0.365293,0.2026184,0.41235262,0.25460568,0.28222823,0.58749896,-0.12532601,-0.13291195,0.058823526
3740,0.083195694,0.10960403,0.15130503,-0.11307403,0.50014573,-0.1798003,-0.021506011,-0.34385306,0.071428575
3741,0.2941184,-0.06512357,0.4716109,0.16034392,0.5261525,-0.59964746,-0.061914317,-0.10794683,0.071428575
3742,-0.21064484,0.043269023,0.6086911,0.59539336,-0.074958995,0.49319813,0.10750502,-0.1022166,0.05263158
3743,0.5365449,0.065070234,0.13910586,-0.22073829,-0.027304903,-0.021443516,0.3729596,0.10522722,0.06666667
3744,0.7686621,-0.029089797,0.20456278,-0.22084779,0.12426022,-0.5635844,0.34097612,0.08021446,0.05882353
3745,-0.322362,-0.1424646,0.32384545,0.4470969,0.09171362,0.5820983,-0.37287134,-0.39628273,0.052631587
3746,-0.23919857,-0.3880242,0.4193182,0.36783332,0.40855554,0.27543938,-0.89573,-0.10633217,0.06666666
3747,0.117052235,-0.12936534,0.3034086,0.14825542,0.09172629,0.22083364,-0.25617403,0.2657294,0.1
3748,0.11157309,-0.13604285,0.4711367,0.2772936,0.23851036,0.0009625554,-0.28482872,0.17134076,0.06666666
3749,-0.22633797,-0.33084697,0.40243518,0.4347384,0.0515201,0.61798286,-0.6035571,-0.10616349,0.052631587
3750,0.3536727,-0.3825281,0.32020003,0.16035855,-0.105798945,0.21041125,-0.3738336,0.29653624,0.11111113
3751,0.37429422,-0.36823523,0.112689115,0.34176856,-0.27473694,-0.23776129,0.019190744,-0.56042475,0.07692308
3752,0.37412754,-0.26330343,-0.2956773,0.23105082,-0.8681028,0.37139893,0.41810572,-0.72401947,0.125
3753,1.1416862,-0.36096492,-0.2511543,-0.38231754,-0.4189763,-0.44814163,0.353539,-0.24355946,0.08333334
3754,0.56688625,-0.11088559,-0.3551789,-0.13526228,-0.2316689,-0.28126508,0.25636673,-0.44632325,0.066666655
3755,0.63148713,-0.03622139,-0.25706226,-0.31241974,-0.34981358,0.13797554,0.46991336,-0.28503728,0.058823526
3756,0.76304644,-0.2715688,-0.21077998,-0.42185557,-0.053459108,-0.23378527,-0.031058416,-0.06755078,0.05263158
3757,0.8568044,-0.21014173,0.26485673,-0.19476172,0.21692,-0.6927491,0.091524884,0.1636997,0.040000007
3758,0.373797,-0.15303755,0.23253629,0.05673515,0.18420418,-0.24931526,-0.1268194,0.10162185,0.071428575
3761,0.25794736,-0.08028631,0.26564282,0.1639004,-0.01302129,-0.0103883,0.15481313,-0.26805803,0.1
3762,0.060690396,-0.10359985,0.17227732,0.09630642,0.011824712,0.3689773,-0.10921312,-0.262304,0.05
3763,0.39973277,0.10496305,0.11877598,-0.20830148,-0.0073936284,0.17098626,0.28368783,0.1572474,0.0625
3764,0.20574662,0.018709838,0.44704366,-0.046171494,0.27800667,0.23588777,-0.17849907,0.571873,0.06250001
3766,0.84068435,-0.1747076,-0.30037624,-0.34124586,-0.32203126,-0.22514212,0.31032258,-0.1513794,0.05882353
3767,0.33942673,0.2903137,0.2672686,-0.27538827,0.48221785,-0.20295793,0.23222218,0.31592116,0.06666666
3768,0.93538177,0.26180324,0.24690287,-0.29703057,-0.25137556,-0.25388998,0.9374193,0.34522733,0.047619052
3769,-0.041893948,0.13701944,0.41178465,0.030183978,0.23597404,0.5210897,-0.055199116,0.23923868,0.076923065
3770,0.18484733,0.043175012,0.5805181,0.39261508,0.016029507,-0.04925126,0.3102674,-0.03381515,0.06666667
3771,0.35099867,0.03726499,-0.0057329983,-0.21826386,0.055515535,0.10988855,0.09581125,0.13978639,0.06666667
3772,0.03217291,0.047256637,-0.2610954,-0.2966392,0.28131527,0.267162,-0.2520266,-0.1524882,0.111111104
3773,0.5123056,-0.066448525,0.17203738,-0.26505193,0.31158346,-0.24205911,-0.017911784,0.07596581,0.083333336
3774,-0.023463763,-0.054421626,-0.20372067,-0.2435677,-0.053149864,0.8532038,-0.290717,0.011134725,0.1
3775,-0.011881217,0.025284013,0.019809306,0.17623512,-0.02230002,0.1421164,0.11512551,-0.48110446,0.05882353
3776,-0.20358634,0.16734418,0.18709269,-0.03580024,0.43625778,0.43340677,-0.2513752,0.06412354,0.058823522
3777,-0.23140395,-0.18453662,0.40367067,0.056330882,0.51896507,0.49079454,-0.8482761,0.14818962,0.062499996
3778,0.04374075,-0.23427898,-0.109182164,-0.0749475,0.36578476,0.023586646,-0.5863767,-0.27910075,0.0909091
3779,0.6417703,-0.15653196,0.41032565,-0.03128556,0.3089748,-0.6218971,0.049532533,0.05834928,0.052631587
3780,-0.12565304,0.05497143,0.090623826,-0.14703494,0.08210247,0.9172135,-0.22258529,0.16976283,0.09999999
3781,0.553054,0.013538438,-0.09066039,-0.313229,0.23362264,-0.5218696,0.21984841,-0.22257848,0.052631572
3782,0.77089703,-0.193245,0.005661264,-0.06272229,-0.2441199,-0.39747137,0.33949804,-0.24799691,0.09090909
3783,0.20231247,-0.36080432,0.43493152,0.041260593,0.7661312,-0.39704964,-0.8783055,0.21706006,0.07692309
3784,-0.57265365,0.59800136,0.2795552,0.06876686,0.49554515,0.6667825,0.22180228,-0.20897298,0.07142857
3785,0.18424231,0.20489126,0.16262355,-0.22154772,0.19372354,0.2642603,0.20616435,0.061795987,0.041666668
3786,0.21356514,0.030897394,0.49538773,-0.14396763,0.3515356,0.37021455,-0.20670885,0.5812553,0.049999993
3787,0.22400579,0.07076596,0.015555933,-0.26401418,0.26313195,0.1287539,-0.032066636,0.12006644,0.05882352
3788,-0.040095095,0.033070784,0.44534367,-0.08626077,0.641059,0.2877437,-0.50768006,0.52082974,0.06250001
3790,0.97789884,-0.086945966,0.3993408,-0.42123175,0.5816418,-0.99076974,0.13335273,0.22292803,0.083333336
3791,0.25815555,-0.46137577,0.4524014,0.67488474,-0.39946312,0.060294244,-0.18498766,-0.08414386,0.09090909
3792,0.0675981,0.001839973,0.22095251,-0.08627307,0.26155943,0.34590444,-0.23079933,0.28764954,0.066666655
3793,0.5108564,0.30514488,0.39521813,-0.3344572,0.45818788,-0.30143872,0.40299684,0.39410886,0.1
3794,0.08559591,0.0674272,0.3444364,0.19597176,-0.2285781,0.6023263,0.23920386,0.09361805,0.05263158
3795,0.3668563,0.025111247,0.26491582,-0.055291973,0.08312711,0.018274471,0.18198033,0.11576059,0.066666655
3796,0.67771333,0.01066221,0.062114354,-0.39167693,0.059147686,-0.09414789,0.22254555,0.28899366,0.05
3797,0.54391414,0.11000624,-0.06520234,-0.35003573,0.08888511,-0.17390996,0.3291158,-0.01012573,0.05
3798,0.37309608,0.105215415,0.27290404,-0.2265423,0.31826502,-0.055704504,0.056708306,0.36456892,0.055555556
3799,0.5440499,-0.027501088,0.22554319,-0.13360322,0.19800653,-0.32774472,0.10838409,0.21220942,0.058823522
3800,0.20163661,0.21952775,0.14153256,-0.34163395,0.47322536,0.061286744,0.08725202,0.09371798,0.05
3801,0.65643626,-0.0015245229,-0.05119817,-0.5285051,0.4754631,-0.4993173,-0.025179155,0.17305328,0.083333336
3802,0.44587854,-0.115701884,0.052114658,0.015264124,0.15525573,-0.531892,0.065387845,-0.33179858,0.1
3803,0.94861317,-0.14702894,-0.18110467,-0.40474343,-0.11752458,-0.48653215,0.39050782,-0.23318018,0.06666668
3804,1.5003476,-0.6915965,-0.16835971,-0.20797324,-0.6720222,-0.7955431,0.1694185,0.058540266,0.10000001
3805,0.75748336,-0.20722836,-0.34096426,-0.1774213,-0.1841548,-0.6341394,0.32744038,-0.702359,0.058823526
3806,1.2218813,-0.5225606,0.28126353,-0.0030779913,-0.094185784,-1.1123352,0.1811875,-0.22205533,0.07692307
3807,0.9509834,-0.4661079,-0.2644112,-0.16609645,-0.5109765,-0.3305292,0.1696669,-0.34479383,0.07142856
3808,0.4728926,-0.18311661,0.20207468,0.07661639,0.010401502,-0.22207022,0.06848422,-0.17834117,0.055555563
3809,0.9482883,-0.4388953,-0.3199941,-0.38227335,-0.3466888,-0.23064885,-0.02643472,-0.03263944,0.06666667
3810,0.2688546,-0.37919074,0.07498074,0.1236904,0.080027305,-0.15781075,-0.4373721,-0.14954619,0.0909091
3811,0.13512671,0.025489248,0.3084663,0.14397207,0.30941123,-0.19887552,0.09093343,-0.39886335,0.1
3812,0.9620539,-0.39220327,-0.22293748,-0.17746207,-0.52551866,-0.29762992,0.29099268,-0.30845132,0.058823522
3813,1.0726062,-0.41996264,-0.1058705,-0.12195145,-0.046493515,-1.1797556,0.13760965,-0.4195723,0.07142856
3814,0.86294764,-0.58584267,-0.016905665,-0.0043386444,-0.1775689,-0.5731907,-0.17018706,-0.32384282,0.041666668
3815,0.81900215,-0.48751906,0.077589504,0.22398895,-0.3427983,-0.60578835,0.10192588,-0.3664647,0.062499996
3816,0.65527654,-0.20226179,-0.12188439,-0.04615488,-0.24901552,-0.36729234,0.3633054,-0.6436536,0.05882353
3817,0.7184035,-0.44138148,-0.012046576,0.24326211,-0.6374091,-0.24042478,0.27692252,-0.4604256,0.07692307
3818,0.6837779,0.14941856,0.11004801,-0.2715854,-0.22745351,0.049479045,0.6792808,0.087314785,0.111111104
3819,0.8228528,-0.27170378,0.059980422,-0.15927109,-0.14704476,-0.2704205,0.06825642,0.18310966,0.05882353
3820,0.64858913,-0.2999363,-0.0025232434,-0.018133812,0.0094386935,-0.54271346,0.015214071,-0.40659526,0.04545455
3821,0.79967064,-0.5840013,-0.11526196,0.1021631,-0.51303506,-0.32471085,-0.08743772,-0.2391422,0.06666667
3822,0.79670405,-0.30375862,-0.31673175,-0.054597862,-0.44731194,-0.48016173,0.39374745,-0.71746916,0.11111111
3823,0.8753838,-0.4240462,-0.42804927,-0.13394663,-0.47759628,-0.5416277,0.25062507,-0.72559154,0.1
3824,0.41921857,-0.5434304,0.26098767,0.2944059,-0.24049269,0.04939293,-0.42126483,0.04338616,0.055555556
3825,0.9091496,-0.39006832,0.04458207,-0.0032722428,-0.3085761,-0.53524774,0.09136565,0.055924185,0.0625
3826,1.20934,-0.005013909,-0.031021133,-0.5040055,-0.31739008,-0.47277647,0.7487019,0.21298799,0.099999994
3827,0.51025635,-0.021940714,-0.0028352886,0.10227626,-0.12767099,-0.5888412,0.60337025,-0.84609336,0.062499993
3828,0.5202123,-0.27798048,-0.11873941,-0.101307414,-0.20089652,0.016434811,0.00095564127,-0.2906674,0.071428575
3829,0.73024255,-0.31023008,-0.2958067,-0.112750344,-0.3866688,-0.3165873,0.28845626,-0.6624002,0.052631572
3830,0.5144391,0.03710585,-0.0072732717,-0.11076943,-0.11876382,-0.20969343,0.46900016,-0.37437776,0.071428575
3832,0.82429683,-0.09320748,0.21021077,-0.14957455,0.045720354,-0.64162534,0.4648658,-0.2190891,0.04545455
3833,1.1426057,-0.083302796,-0.22314651,-0.119303115,-0.8777721,-0.4386903,1.1503611,-0.68514854,0.11111111
3834,0.6540574,-0.06793454,0.11025368,-0.021718629,-0.25701195,-0.16646484,0.38956362,-0.1794826,0.09090909
3835,0.56455785,-0.05198532,-0.20438455,-0.015550695,-0.6512884,0.18847749,0.5781146,-0.3223677,0.08333334
3836,0.3911471,-0.1153779,-0.05599971,0.045917504,-0.26042062,0.07795518,0.16580926,-0.3008315,0.04761905
3837,0.3715444,0.030934013,-0.5796449,-0.16198733,-0.50856686,0.12938285,0.48932803,-0.712723,0.06666667
3838,0.46699718,-0.24653603,-0.06709804,0.32885084,-0.625878,-0.020904697,0.28981543,-0.5013177,0.083333336
3839,0.47025296,-0.050668817,-0.09102522,0.14398763,-0.45014405,-0.03713602,0.48570514,-0.5303062,0.083333336
3840,0.5300648,0.19802631,-0.1156874,-0.03156521,-0.5781052,0.1063022,1.0120183,-0.69821596,0.083333336
3841,0.20099401,-0.10411939,-0.45014983,0.2170735,-0.76009065,0.3091545,0.5036471,-1.1298798,0.058823537
3842,0.6968826,-0.22150527,0.18313763,0.20451692,-0.41959858,-0.27274665,0.38315767,-0.26172897,0.09090908
3843,0.42388907,0.029095199,-0.05900559,0.119262084,-0.15446497,-0.43138623,0.47565556,-0.7236306,0.055555552
3845,0.51714873,-0.11944422,0.24719986,-0.01629258,0.0014047921,-0.12590797,0.007462494,0.3206679,0.058823522
3846,0.3165532,-0.12147324,0.24607936,0.26280317,-0.23952089,0.025567062,0.1964253,-0.09020309,0.05263158
3847,-0.23070368,0.10923597,-0.06668994,-0.09848989,0.21240547,0.60566866,-0.13505271,-0.36061296,0.11111111
3849,0.6921188,-0.13041407,0.028896406,-0.09403434,-0.31255364,-0.10601714,0.31467533,0.04725509,0.055555556
3850,0.77271336,-0.30227804,-0.15169911,-0.12722158,-0.2993828,-0.34494254,0.16479434,-0.21502836,0.05882353
3851,0.19265434,-0.13905047,0.43599463,0.4685368,-0.57003045,0.5852808,0.22493578,0.13964762,0.07692308
3852,-0.1983062,-0.099762246,0.19437459,0.45372748,-0.46595556,0.92047966,0.028011888,-0.26375732,0.11111113
3853,0.18784568,-0.10582355,0.03955912,0.22908431,-0.40941477,0.32395488,0.214646,-0.30820036,0.05263158
3854,-0.14625794,-0.25325224,0.49909788,0.5731627,-0.21161078,0.57774794,-0.2999777,-0.029139597,0.11111111
3856,0.5821961,-0.21116312,-3.4093857e-05,0.01634828,-0.3773048,0.037776336,0.19340597,-0.0036619417,0.08333334
3857,0.7134689,-0.34101802,-0.3500458,-0.14114848,-0.5103908,-0.07813102,0.19454204,-0.4819009,0.055555556
3858,0.14969814,0.023159169,-0.04573834,0.08501428,-0.34926957,0.4629319,0.32856947,-0.30850527,0.08333333
3860,-0.043967783,0.032706216,0.019207485,0.28011477,-0.060359344,0.072777554,0.24134268,-0.98041373,0.071428575
3861,0.6803333,-0.11910936,0.16179132,-0.04700864,-0.10759549,-0.32016003,0.30701178,-0.063853025,0.045454543
3862,0.9081927,-0.66310585,0.28542662,0.12477644,-0.16888086,-0.5361495,-0.2760007,0.06697907,0.0625
3863,0.33839044,-0.109020546,0.6197216,0.09399424,0.28913182,0.01564318,-0.19826117,0.55647194,0.071428575
3864,0.99916136,-0.28973705,0.26571256,0.10476446,-0.43328995,-0.5858606,0.4711843,0.028230943,0.076923065
3865,0.540769,-0.23448482,0.1200324,-0.0012274012,0.055223502,-0.39210868,-0.032097504,-0.11256187,0.05
3866,0.5013569,-0.17049846,0.17710105,0.37963423,-0.3632642,-0.30130136,0.38771683,-0.4014184,0.099999994
3867,0.58841467,-0.2690619,0.2152647,0.14092475,-0.27441382,-0.12632495,0.22904573,-0.16246885,0.09090909
3868,0.67139333,-0.26921493,0.018163867,0.064523645,-0.3703966,-0.22496602,0.28287798,-0.24934982,0.090909086
3869,0.51347625,-0.39772728,-0.16563486,0.06767803,-0.37345415,-0.056217924,-0.04214897,-0.37634003,0.06250001
3870,0.23694277,-0.46132118,0.15587755,0.48418653,-0.38193136,0.08551804,-0.15970357,-0.46292362,0.09090909
3871,0.89987314,-0.34966874,-0.3101921,-0.43954045,-0.3264408,-0.037672907,-0.031659603,0.22609606,0.125
3872,0.76722425,-0.24242435,0.11677818,-0.109716095,0.06645853,-0.60719275,0.10958056,-0.14536093,0.055555556
3873,0.14667207,0.07830486,0.13453361,0.027458012,-0.10389997,0.3656589,0.12947628,0.15183128,0.0909091
3905,-0.33179232,0.29458004,-0.13748081,0.03066983,-0.03151241,0.7386535,0.20693521,-0.4087722,0.055555556
3907,-0.16660443,0.113357544,-0.055357665,-0.23072997,0.42587477,0.57367766,-0.35560268,0.0049391575,0.071428575
3908,-0.25939015,0.15248743,0.55392414,-0.011980288,0.79831547,0.3588154,-0.50056034,0.3207204,0.05882353
3909,0.13539043,-0.01855825,0.08820234,-0.28518975,0.44506496,0.22664264,-0.41420186,0.2580247,0.07142857
3910,0.5845908,0.0067179045,0.04559707,-0.26831326,-0.122363284,0.06685336,0.37716872,-0.006763432,0.07692308
3911,1.1874416,-0.33090505,-0.30713975,-0.5588513,-0.17038412,-0.6355819,0.19109853,-0.055542532,0.1
3912,0.75590134,-0.35743305,0.064964205,-0.03161984,-0.24306066,-0.280373,0.02554603,0.052015435,0.076923065
3913,0.2864526,-0.3055562,-0.1724418,-0.07660953,-0.09618257,0.106019706,-0.24075142,-0.47368506,0.08333333
3928,-0.3162335,0.1869307,0.018911049,-0.25381413,0.46274465,0.77390295,-0.40500474,0.15380396,0.06666667
3929,-0.12792304,-0.12416983,0.26419055,0.2659303,0.30995113,0.16337329,-0.42180562,-0.17191485,0.11111111
3930,-0.25782084,-0.010427535,0.60156906,0.48696324,0.23261485,0.38879848,-0.23414323,0.001902666,0.052631587
3931,-0.3938787,0.50569665,0.14318722,-0.32112667,0.81234527,0.47902024,-0.074878916,0.037511855,0.124999985
3932,-0.6758759,0.16205812,-0.26808578,-0.013237514,0.17311902,1.1120292,-0.34212166,-0.5815717,0.06666668
3933,-0.35076898,-0.049837142,0.059854575,0.20426528,-0.3881104,1.3775427,-0.17578164,-0.17502138,0.1
3934,0.06522942,-0.24824949,0.4418816,0.3143223,0.1548463,0.15484822,-0.3703974,-0.015114788,0.06666666
3935,0.492079,0.0054491386,0.15684152,0.045289993,-0.20344038,-0.1943968,0.55099237,-0.43137625,0.07692308
3936,0.79664207,0.041165993,-0.020209834,-0.648895,0.013256922,0.11068334,0.22895591,0.56822425,0.11111111
3937,0.41070372,0.14781162,0.11154314,-0.4325242,0.570403,-0.25770736,-0.012124501,0.31005457,0.07692307
3938,0.8121128,-0.04018404,-0.13259645,-0.5398996,0.05608642,-0.2761606,0.21214955,0.17865631,0.050000004
3946,0.59388375,-0.04450017,0.44829535,0.044309184,0.17873013,-0.4590636,0.1949447,0.2778114,0.06666668
3947,0.49630788,-0.06446165,0.45622522,-0.18347445,0.38259658,-0.08285193,-0.17099707,0.60869086,0.07692308
3948,0.38989612,0.00258518,0.65303755,0.10285943,0.015761435,0.24977477,0.1955968,0.49240744,0.058823522
3949,0.6377472,-0.05826689,0.6398214,0.09143847,0.19378594,-0.49012762,0.26356667,0.23360863,0.083333336
3953,-0.43872368,0.42567253,0.19255334,0.055994447,0.62487215,0.21016847,0.077533975,-0.47350165,0.07142857
3954,0.2934859,-0.26031134,0.34062445,0.26716313,-0.07449612,0.09012107,-0.19908717,0.19435674,0.0909091
3955,-0.19423893,-0.07258646,0.56338614,0.28098655,0.24067838,0.6673709,-0.47683692,0.40444422,0.06666668
3956,-0.2124323,0.0004400974,0.059156314,0.018074878,0.113507286,0.744601,-0.3463614,0.06949033,0.07142858
3957,-0.23949963,0.002636506,0.3521484,0.074020654,0.29091448,0.7109994,-0.39163864,0.122122794,0.06666667
3958,-0.00422699,-0.017638449,0.1970313,0.17907333,-0.106142536,0.53948516,-0.002871737,-0.07269408,0.06666667
3959,-0.30445853,0.19980699,0.08777653,-0.016015537,0.41235277,0.39696166,-0.121358454,-0.36551747,0.058823537
3960,-0.25128666,-0.08213873,0.31528762,0.2407304,0.25223476,0.49036437,-0.42342687,-0.041698676,0.03703704
3961,-0.29751435,0.12010178,0.31883535,0.034669682,0.22587834,0.920802,-0.3145573,0.23637995,0.062499996
3962,0.7256282,-0.27414408,0.051100142,-0.04423005,-0.120348915,-0.4799801,0.14574556,-0.17163652,0.055555563
3963,0.73550105,-0.44677958,0.08344294,0.06040899,-0.19462119,-0.3841391,-0.079516485,-0.058518108,0.05263158
3965,0.8393555,-0.205407,-0.108496994,-0.16022149,-0.4722296,-0.15867376,0.40839052,-0.06805195,0.07142856
3966,0.1054732,0.041834157,0.2872237,0.14332202,0.3311875,-0.2666471,0.06138064,-0.35083416,0.08333332
3967,0.17456454,-0.115937054,0.040189035,0.07729954,-0.14146002,0.26237506,-0.0060459226,-0.12097192,0.07692308
3970,0.61290526,-0.21385123,0.117543034,-0.027863674,0.154251,-0.6446313,0.09266737,-0.3274752,0.11111111
3971,0.39552292,0.07152179,0.34389514,-0.09351141,0.24230632,-0.07753949,0.12559837,0.29865745,0.05882353
3972,0.20239681,-0.097195536,0.08455949,-0.05178196,0.33496398,-0.20205885,-0.24570514,-0.15895012,0.07692307
3974,0.29053754,-0.2630431,-0.20647909,0.06322841,-0.16873606,-0.035176158,-0.10429587,-0.51921254,0.04761904
3975,-0.35938275,0.012433389,0.33612853,0.14198609,0.33228603,0.7739967,-0.4633168,0.08692723,0.07692308
3976,0.51386625,-0.30495337,0.031193852,0.09764573,-0.26719546,-0.07777667,-0.029043376,-0.046564173,0.07142856
3980,0.5161512,-0.13926212,0.17935516,-0.0123387575,-0.13703437,0.013130143,0.1005083,0.17704253,0.049999986
3981,-0.25836086,0.304858,0.251247,-0.13181806,0.44817674,0.6323565,-0.11468862,0.16815422,0.083333336
3982,0.5657633,-0.2787809,-0.16788135,-0.16290766,-0.14431988,-0.04432991,-0.057618458,-0.21124066,0.052631576
3986,0.4745836,0.021060733,0.36186212,-0.15106118,0.65017384,-0.69401896,-0.07620183,0.26320338,0.062499996
3987,0.22102997,0.13094027,-0.08950026,-0.20846906,0.08293651,0.10469708,0.19397373,-0.080301076,0.07142858
3989,-0.33168727,-0.2581533,0.10178397,-0.019626766,0.7476642,0.32922143,-1.0196462,-0.30735213,0.066666655
3990,-0.45170867,0.0364506,0.29769367,0.10289844,0.9547762,0.071914844,-0.66525024,-0.32289034,0.07142857
3991,-0.12574124,0.2645472,0.22451478,-0.07728251,0.564119,0.025414005,0.024793804,-0.20527302,0.076923065
3992,0.1081856,-0.07649812,0.05343788,0.09593664,-0.26959103,0.51116574,0.031123951,-0.062206153,0.0625
3993,-0.3530673,0.12584077,-0.15670739,-0.48937756,0.54948914,0.97827727,-0.617569,0.04818352,0.1
3996,0.11499893,-0.29952908,-0.17171286,0.014647916,-0.06731321,0.2567532,-0.35714465,-0.34916294,0.04761906
3997,0.7932489,-0.24755226,0.08279744,0.093352206,-0.28487033,-0.59234256,0.44411206,-0.43962374,0.07692309
3998,-0.32025206,0.17999838,0.1857919,0.026450425,0.4728763,0.4632042,-0.21642996,-0.17884742,0.0625
3999,0.49967358,0.067547634,0.29320747,-0.1650286,0.4769202,-0.5511173,0.09590389,0.17598648,0.07692308
4000,-0.021539435,0.28704995,0.34718847,-0.015191443,0.7837151,-0.42998856,0.105591044,-0.34127584,0.055555563
4001,0.34889513,-0.056165654,0.268741,-0.03758513,-0.21992557,0.5875777,-0.005489655,0.66488034,0.11111113
4002,0.24964014,0.028073516,0.1116857,0.1401342,-0.12041636,-0.02349133,0.32881302,-0.38411376,0.055555556
4003,0.5585183,-0.29080787,0.13007872,0.21162319,-0.3340304,-0.23469257,0.14362635,-0.23271869,0.062499993
4004,0.4732279,0.10846105,0.5986265,0.09120631,0.33381262,-0.45444417,0.23558007,0.3289425,0.06666667
4005,0.71649766,-0.34001207,-0.10732554,-0.01655373,-0.23779424,-0.5024806,0.2101175,-0.6085499,0.071428575
4007,0.5668373,-0.032212015,0.114601865,-0.1798543,-0.12771137,0.057782136,0.2919777,0.063661784,0.055555556
4009,0.13912901,0.17167972,0.1778878,0.011148162,0.0014454722,0.25834638,0.3651108,-0.13116743,0.055555556
4010,-0.25723934,0.40308627,-0.045393646,0.024865113,0.0051508695,0.58598953,0.43570292,-0.3904089,0.0625
4011,0.08513845,0.21524654,-0.3116989,0.16390249,-0.5266895,0.011390805,1.0489628,-1.612583,0.16666666
4012,-0.43135673,0.28201628,-0.2504894,-0.05531197,0.058437355,0.8317447,0.07663208,-0.47469935,0.04545455
4013,0.2735959,-0.036874585,0.11026228,0.12144627,0.024926215,-0.21695876,0.16763766,-0.2830356,0.06250001
4015,0.13790774,-0.1310075,0.009813704,0.23550358,-0.0011581928,-0.12778729,-0.06441907,-0.45241788,0.06666666
4016,0.43512872,0.10435051,0.20267081,-0.13488492,0.04091488,0.00880596,0.30839825,0.15990774,0.071428575
4017,0.34092993,0.008179819,0.53275776,0.14712287,-0.017624527,0.12730318,0.25085145,0.22131604,0.0625
4018,0.4570715,-0.03460792,0.28122175,-0.05645191,0.14517461,-0.15621364,0.05368541,0.27837664,0.049999997
4020,0.37035212,-0.06713387,0.042707987,-0.14766788,0.28615925,-0.26491842,-0.056926675,-0.14002341,0.06666666
4022,0.030699775,-0.22669971,0.57182896,0.55790806,0.016250461,0.1366413,-0.1966803,-0.025242228,0.062499993
4023,0.51644444,0.10485834,0.07098785,-0.2352598,0.05664391,-0.14941318,0.36566615,0.07205927,0.07692307
4025,0.8761498,-0.267771,-0.2803709,-0.55847764,-0.048333555,-0.25052488,-0.022145689,0.09795062,0.125
4026,0.07095773,0.20316195,0.17937036,-0.1555708,0.34581864,0.21086526,0.05465658,0.09689778,0.055555556
4027,-0.08058111,-0.30739975,-0.0656703,0.25167406,-0.29660565,0.624841,-0.28161663,-0.5463496,0.090909086
4030,0.68450946,-0.026720788,0.36501783,-0.04169316,-0.17608716,-0.06272809,0.34681493,0.3773647,0.062499996
4031,0.32562342,0.023018535,0.046001405,0.26646882,-0.49082583,0.061742425,0.5848788,-0.42423314,0.1
4072,0.645993,-0.21159753,0.086105466,-0.08136699,-0.13094498,-0.17532003,0.078176215,0.068022974,0.06666666
4074,0.19433257,-0.12581143,0.5693173,0.14608255,0.20734817,0.2977296,-0.32709262,0.582973,0.058823522
4075,-0.18269247,0.1453773,-0.029217914,-0.042838298,0.3492052,0.27428284,-0.14197043,-0.18201254,0.06666667
4107,0.12745807,-0.18837807,-0.17474051,0.26521668,-0.5588445,0.37900352,0.1688279,-0.5805982,0.071428575
4108,-0.23628944,-0.07323018,-0.4928205,0.1749996,-0.32688642,0.4788891,0.016328916,-1.0039281,0.05263158
4109,0.11201245,-0.15471384,0.14831142,0.33896294,0.037944347,-0.28422377,0.054258183,-0.7385283,0.066666655
4110,-0.15563029,-0.24011157,-0.051217362,0.4289213,-0.4331653,0.6079437,-0.07345796,-0.74577427,0.11111111
4111,0.34571233,-0.22945392,-0.3157336,0.13201828,-0.46569747,-0.017969653,0.19759901,-0.85237586,0.09999999
4114,-0.39762917,0.004728687,0.18091673,0.49783218,-0.045997962,0.44419128,-0.0450415,-0.6231748,0.090909086
4115,-0.39646783,0.0375141,0.26489273,0.20865454,0.14116006,0.90186775,-0.27128688,-0.15095793,0.06666668
4116,0.7422216,0.25296926,-0.10804151,-0.47668207,-0.098373726,-0.1981703,0.705994,0.0124533735,0.12499999
4117,0.21223721,0.0093819555,0.063005894,-0.1525827,0.30718273,-0.013473064,-0.13181311,0.05080942,0.058823537
4118,-0.26073337,0.010018103,-0.05850093,0.1514444,-0.019772857,0.5958765,-0.10436133,-0.42935687,0.055555556
4124,0.08352355,0.34063184,0.54317784,0.067061245,0.3192602,0.17150159,0.4095388,0.053324427,0.07692308
4126,0.10238851,-0.16908799,0.6582179,0.5083784,0.009142861,0.20044549,-0.15835942,0.31876892,0.1
4127,-0.2901874,0.032592162,0.8202343,0.4678392,0.5433656,0.2984585,-0.37951356,0.2539033,0.071428575
4128,-0.07566812,-0.1683421,0.54101527,0.17799479,0.56833637,0.1982486,-0.6626179,0.2924372,0.04
4129,0.72224635,-0.12144469,-0.10733014,-0.35463232,0.18623868,-0.5296312,0.09219821,-0.101505145,0.07142858
4130,0.015017517,-0.25424367,0.048195444,-0.24848458,0.5295231,0.3083619,-0.9047643,0.21646579,0.083333336
4131,-0.2563014,0.09646891,0.027124368,-0.054913886,0.49119484,0.23094416,-0.33545712,-0.3601555,0.071428575
4132,0.09995463,0.4734015,-0.25279737,-0.52448565,0.20268498,0.4478276,0.3562175,0.20574154,0.08333334
4133,-0.07771892,0.15419804,0.20063376,0.3228024,-0.18732814,0.35726824,0.37637818,-0.34883735,0.14285712
4134,0.39404702,-0.19783601,0.17249015,-0.17070252,0.51994914,-0.348725,-0.4811874,0.28118074,0.052631587
4135,-0.6496817,0.47289386,0.046490394,-0.108635865,1.0030191,0.1636854,-0.17866203,-0.6209837,0.06666667
4137,0.0031374842,0.27079466,0.4800998,-0.10023559,0.59491265,0.17675287,-0.07589474,0.47108722,0.055555556
4138,0.1873185,-0.0614147,-0.18766512,-0.036511175,-0.09940301,0.10964875,0.092443764,-0.51053536,0.07692307
4139,0.18153167,0.009578373,0.2265062,0.12231696,-0.07053365,0.22401108,0.1277066,0.04295719,0.05263159
4140,-0.04547166,-0.22564031,0.087626114,0.29887632,-0.27852273,0.64794713,-0.26337695,-0.15497656,0.07692308
4141,0.45160064,-0.030267052,0.16400477,-0.022445656,-0.077078655,-0.02629897,0.19809313,0.14654478,0.076923065
4142,0.48352888,0.008575436,0.19152571,-0.16898581,0.12109129,-0.116017506,0.18330441,0.13224748,0.058823537
4143,0.08201086,-0.23903435,0.1800024,0.37184262,-0.17244731,0.190135,-0.086806655,-0.35341102,0.052631572
4144,0.7454388,-0.407806,-0.16545798,-0.22051787,-0.3040102,-0.06815389,-0.066138536,-0.122389615,0.09090909
4146,-0.25629258,0.38710943,0.070067756,-0.105634995,0.3261841,0.49440596,0.14388777,-0.12323652,0.045454543
4148,0.3572212,-0.19917697,0.03435243,-0.10431837,0.27654392,-0.26749602,-0.34776232,0.17338221,0.08333334
4149,-0.08056809,-0.023402058,0.32956314,0.24526238,0.037494794,0.47508174,-0.103250004,-0.08392167,0.062499996
4150,0.09445738,-0.10407257,-0.007294059,0.12753321,-0.0808595,0.21631555,-0.07466964,-0.22685231,0.05555555
4153,0.2886302,-0.17860483,-0.0034751743,-0.013985977,-0.06056021,0.1484369,-0.119716235,-0.103763595,0.062499993
4154,0.64165664,-0.0067236647,-0.08217794,-0.41627115,0.13375063,-0.28050116,0.18930225,0.032538664,0.08333334
4155,0.44037667,0.090403125,0.13828252,-0.20124128,-0.013974741,0.1630757,0.29232478,0.13724807,0.0625
4156,0.7788142,0.38412592,0.0010909662,-0.93219244,0.2558536,0.19445917,0.4342773,0.8730784,0.071428575
4157,0.09256115,-0.06439923,0.21807082,-0.006300345,0.36174917,0.09659046,-0.35086578,0.20937356,0.055555552
4158,0.40756187,-0.06797668,0.12923789,0.33829594,-0.667307,0.13858335,0.59796166,-0.26548314,0.08333334
4160,0.6375108,-0.015207415,0.07443967,-0.06366526,-0.35411555,-0.045156732,0.49488086,-0.039647628,0.05882353
4162,0.4001654,0.15311517,0.21158716,-0.20108324,-0.00850004,0.2831937,0.26141483,0.43526787,0.058823526
4163,0.605893,-0.31246728,0.38109386,0.12634811,0.20594093,-0.67134136,-0.062241904,-0.21464618,0.08333334
4164,0.13450557,0.2566241,0.46475738,-0.09089782,0.68323857,-0.19377083,-0.04032162,0.3910035,0.1
4165,0.039882623,0.19237114,0.38177675,0.04934142,0.007985562,0.6583008,0.161637,0.3581973,0.083333336
4166,0.033404306,-0.18664157,0.57727647,0.27802932,0.5043695,-0.08525026,-0.46636415,0.095247604,0.0909091
4167,0.0067693815,0.5046715,0.07928112,-0.34754536,0.49381006,0.19199882,0.3599704,-0.036258902,0.052631587
4168,-0.045780517,-0.1073174,0.2081813,0.103510015,-0.012798771,0.6746618,-0.3181519,0.13537535,0.055555552
4170,0.4694374,-0.024396252,-0.019643515,-0.36386222,0.14828353,0.058135692,-0.0006811395,0.19256748,0.047619052
4171,0.55727565,-0.13718635,0.028859086,-0.07453222,-0.15595816,-0.11472976,0.18373875,-0.0767263,0.05882353
4172,0.3131804,-0.047592714,0.032899156,-0.077625774,-0.11074291,0.2168889,0.07604428,-0.051759046,0.055555552
4173,1.1851974,-0.54045486,0.14044985,-0.13150567,-0.22619872,-0.704902,-0.00597512,0.24117425,0.1
4174,0.13831782,-0.16175538,-0.30109924,0.07619725,-0.49495703,0.520419,0.14006992,-0.5683205,0.07692307
4175,0.5539448,-0.329584,-0.009293392,0.056919392,-0.19889052,-0.18039834,-0.013602838,-0.18893366,0.045454558
4176,0.20511442,-0.0387809,0.11608307,0.058687367,-0.058015674,0.25696957,0.02755043,0.011498924,0.06666666
4177,0.4456751,-0.26860386,-0.17653988,-0.03726227,-0.4678173,0.35064134,0.005247839,-0.024763677,0.083333336
4178,0.3684935,-0.06193546,0.14608043,0.09492008,-0.091657594,-0.094391584,0.27365786,-0.26820633,0.06666668
4181,-0.27702126,-0.20277716,0.35274082,0.5772481,0.028814822,0.32563168,-0.33295068,-0.4138912,0.055555545
4182,-0.15837924,-0.050488252,-0.08456826,0.1125346,0.06380826,0.3418906,-0.2302837,-0.36518437,0.09090907
4183,0.0049099475,-0.22704904,-0.23194216,-0.011476494,-0.028033629,0.4427184,-0.4185208,-0.23281838,0.14285715
4184,1.1462224,-0.4772884,-0.010631472,-0.13120577,-0.49797988,-0.52310365,0.36081016,-0.27909192,0.05882353
4185,-0.3947809,-0.21141972,0.004088603,-0.015682667,0.5337904,0.6076931,-0.95855665,-0.19949828,0.1
4196,0.6152323,-0.07380459,0.3463682,-0.1412352,0.35384142,-0.51381934,0.06844582,0.18155873,0.090909086
4198,-0.153643,0.39381784,0.6033189,0.21961483,0.22120762,0.45726913,0.31201756,0.2472761,0.052631587
4199,-0.008907139,-0.052714728,0.21701962,0.034084834,0.115584865,0.47529346,-0.22685365,-0.025449771,0.052631576
4200,0.0109777,0.31033188,0.6592667,0.10422514,0.49622333,0.13277243,0.11878309,0.47182354,0.06666667
4201,0.6914318,-0.2128448,-0.1573234,-0.16904944,-0.30046606,-0.1667917,0.23193355,-0.20158856,0.06666668
4202,-0.25828207,0.028118419,-0.05371681,-0.36124113,0.6733919,0.48919103,-0.73640466,0.08707091,0.05263158
4203,0.36936182,-0.18687479,0.03788802,-0.2886784,0.32759625,-0.016249135,-0.4661427,0.36649612,0.07692308
4204,0.19431189,-0.30389374,0.18504766,0.30747584,-0.14186497,0.12323363,-0.16813771,-0.25734657,0.07142858
4205,-0.1173435,-0.07967526,0.33080024,0.20197001,0.28180265,0.32303372,-0.3705274,0.011170376,0.047619045
4206,-0.026911683,-0.22721873,0.5082137,0.2670892,0.29096025,0.3077165,-0.5686721,0.28134796,0.06666667
4207,0.6768419,-0.1524267,-0.16598351,-0.19178435,0.05350084,-0.59291506,0.16706611,-0.44814798,0.083333336
4208,-0.017092422,-0.2691248,-0.12704778,0.012383074,0.19930562,0.22960441,-0.58353025,-0.26295847,0.0625
4209,0.18101108,0.03396073,-0.07583104,-0.20727336,0.24272564,0.05334201,-0.050968252,-0.20281611,0.049999997
4210,0.6678212,0.012225197,0.1361909,-0.073037244,-0.078192845,-0.46603763,0.56409544,-0.29239842,0.07142857
4211,0.6402115,0.16299321,0.45964837,-0.2511926,0.60538405,-0.82250494,0.35449708,0.1653158,0.1
4212,0.52922547,-0.02439281,0.56668156,-0.028102718,0.5373602,-0.66221756,0.051704094,0.20149286,0.0909091
4213,0.11942422,0.23654526,0.13605395,-0.29786158,0.57594633,-0.02896732,0.034844384,0.0029836781,0.049999997
4217,0.7117899,0.1139029,0.33403873,-0.16069177,0.028169915,-0.3536235,0.61184233,0.05079175,0.11111111
4218,1.0016813,-0.094229534,-0.32538515,-0.5854392,0.069437176,-0.85329527,0.41002202,-0.30526215,0.11111111
4219,0.7256562,-0.4115102,-0.5951345,-0.3475187,-0.2968663,-0.2696705,-0.01519829,-0.61102164,0.058823526
4220,0.7206966,-0.15840514,-0.07643689,-0.24868208,0.09431739,-0.57051694,0.095554546,-0.07378703,0.111111104
4221,0.74990076,-0.320763,0.115975834,-0.21840322,0.16729577,-0.44640177,-0.16846138,0.17333664,0.066666655
4222,0.5964589,-0.18867658,-0.053808823,-0.110288225,-0.06851612,-0.27002472,0.13148393,-0.20251288,0.14285713
4223,0.70842886,-0.44304496,-0.22034784,-0.17899251,-0.2620365,-0.13474506,-0.121334866,-0.18685135,0.0625
4224,0.6890072,-0.0142840985,-0.100490615,-0.28427678,-0.16305728,-0.203848,0.43666083,-0.14544119,0.07692308
4225,0.0077537745,0.3453083,0.36867177,-0.16374788,0.46471792,0.30572748,0.08110279,0.36957213,0.07142856
4226,-0.057294797,-0.095337555,-0.17266615,0.24474111,-0.21748973,0.22903694,0.057912573,-0.8211831,0.052631576
4227,0.20349148,0.060903747,-0.28707576,-0.24136102,-0.019713849,0.22205465,0.08941129,-0.3451771,0.07692308
4228,0.33043814,-0.22006603,0.23146461,0.027040094,-0.14084266,0.43903476,-0.21565564,0.42532396,0.08333333
4229,0.54388756,-0.13910934,0.38865495,0.10095423,0.10047571,-0.43436062,0.09270404,0.14441091,0.08333333
4230,0.75428545,-0.3420654,0.25909036,0.10556391,-0.16616978,-0.4457878,0.10476993,-0.02697004,0.076923065
4231,-0.0504167,0.0954203,0.4025948,-0.0073436275,0.31856263,0.5378308,-0.26512617,0.45934477,0.071428575
4232,0.7945255,0.02487119,0.22973405,-0.32726604,0.041311175,-0.26504502,0.4299717,0.23676197,0.055555556
4233,0.6400048,-0.07941298,-0.08509399,-0.3370402,0.0819817,-0.25748947,0.08185072,0.091739915,0.071428575
4234,0.46601507,-0.056427453,0.11556643,-0.17898116,0.15987518,-0.1484465,-0.00048736483,0.17224044,0.045454536
4235,0.27992144,0.06404953,-0.19807793,-0.30651578,0.13507241,0.037935227,0.10136284,-0.23667519,0.0909091
4236,0.2079626,0.15269016,0.057561517,-0.24460262,0.3668092,-0.0034024268,0.023057923,0.04265249,0.058823522
4237,0.2980251,0.34564957,0.30833554,-0.23595485,0.41354862,-0.118447706,0.34270376,0.29329664,0.055555552
4238,0.04475432,0.19823445,0.077326834,-0.29821,0.38607985,0.30152518,0.0037682205,-0.0072349496,0.07142856
4239,0.2821682,-0.29750997,0.4669727,0.5187053,-0.28544116,0.054035593,-0.015154414,-0.093677565,0.0625
4240,0.4040317,-0.2659032,0.3990991,0.32745743,-0.14826705,-0.13750845,0.062994495,-0.0834181,0.07692307
4241,0.5978893,-0.16548763,-0.09414087,-0.34599033,0.12086122,-0.19520366,-0.083854444,0.12043774,0.06250001
4242,0.40129474,0.13180068,0.054588825,-0.3401702,0.26471102,-0.049716994,0.17186122,0.13693106,0.049999997
4243,0.3226295,0.07935844,0.09189466,-0.13805553,0.10856871,-0.03145937,0.21384002,-0.016770694,0.09090909
4244,-0.09502369,0.20508441,0.3179801,0.071601674,0.3967403,0.19811493,-0.033538304,0.053737823,0.0625
4245,0.115234055,-0.052265134,0.2436582,0.101002395,0.18237592,0.12599972,-0.11118886,-0.008492518,0.050000004
4246,-0.08935617,-0.0388502,0.120748386,0.1758089,0.21835074,0.14246018,-0.1642816,-0.3843239,0.07692308
4248,0.1893282,-0.29673538,0.6633863,0.44487628,0.2488811,-0.16207474,-0.36931443,0.11133626,0.04347826
4251,0.8482466,-0.1841725,-0.0753946,-0.1761063,-0.06191282,-0.7820684,0.3348372,-0.3421465,0.055555563
4254,-0.018510014,-0.35606346,0.2941859,0.4190476,0.018474922,0.28780904,-0.51871747,-0.08947915,0.06666668
4255,-0.10169524,-0.05384275,-0.0127673,0.07395147,0.17485987,0.2932805,-0.31101286,-0.1511059,0.071428575
4256,-0.0030428097,0.0631634,0.108746305,0.015230142,0.25959474,0.1703172,-0.15096399,0.012973409,0.055555552
4257,0.02227486,0.07781996,0.78820753,0.12946923,0.75165933,-0.009024017,-0.3724584,0.53798515,0.09090909
4258,0.35678607,-0.03439857,0.53886575,0.37237623,0.030575305,-0.31923884,0.2631718,-0.10834627,0.06666666
4259,0.42855212,-0.11877872,-0.14498104,-0.049120255,-0.33763742,0.12074272,0.23921503,-0.42836636,0.08333332
4260,0.005171187,0.14273144,0.16068721,-0.16449955,0.5202591,0.10928014,-0.23259282,0.22497998,0.062499996
4261,0.090586014,-0.13311154,0.23449847,0.3767257,0.038802996,-0.1010284,-0.08822882,-0.29862875,0.08333334
4262,-0.06895774,0.2857853,0.11857504,-0.22722074,0.56842184,0.21935669,-0.0434526,0.04336796,0.07142856
4263,-0.6033541,0.32040706,-0.51656604,-0.17274779,-0.034802347,1.1814075,-0.014479175,-0.68101496,0.076923065
4264,-0.4251278,0.17359999,-0.09061152,0.16821176,0.092541665,0.5897149,0.07106745,-0.84356135,0.07142858
4265,-0.3760745,0.46648544,-0.1442234,0.10073982,-0.16943283,0.7728916,0.5630383,-0.6129361,0.07142857
4266,-0.4629384,0.4028365,0.059728935,0.020211332,0.06248559,1.0113194,0.21176489,-0.30105904,0.0625
4267,0.22467846,-0.19538307,0.16117182,0.21994987,0.04870808,-0.16565573,-0.096783996,-0.24783327,0.058823526
4268,-0.08825472,-0.07966077,0.2283892,0.2277208,0.370717,-0.055843025,-0.35646933,-0.22391094,0.071428575
4269,0.2020056,-0.37951857,0.5172392,0.5562456,0.14297265,-0.39810622,-0.26208818,-0.5010336,0.09090909
4271,0.28257313,-0.1011627,0.17466208,0.09884049,0.24015777,-0.37334162,0.0493612,-0.5462044,0.06666666
4274,0.46456352,0.14666313,-0.029065862,-0.28690967,-0.0138281435,0.0667061,0.34648472,0.08600589,0.06666667
4275,0.08049383,0.545535,0.57475924,-0.19763082,0.3128594,0.57176656,0.48106056,0.59942394,0.047619052
4276,0.6746334,0.42009494,0.5425836,-0.43962312,0.24706666,0.03315772,0.70414716,0.68381256,0.071428575
4277,0.48077634,0.27700198,0.76549196,0.022606097,0.14340378,0.052362747,0.52197474,0.6863577,0.055555563
4278,0.4563764,0.34464222,0.719499,-0.014140792,-0.07110883,0.3451172,0.6743573,0.7766211,0.07142858
4279,0.4224513,0.1390943,0.36367357,-0.030577414,-0.064379886,0.19130184,0.42785817,0.2534797,0.0625
4280,0.3207591,0.53030026,1.0338942,0.1203036,0.28821254,0.09431611,0.7650341,0.7537972,0.07692309
4281,0.07661397,0.30197436,0.68828076,-0.17483422,0.6374632,0.36844143,0.011040792,0.5390152,0.09090909
4282,0.89830464,0.14923662,-0.038596272,-0.7049863,-0.25873262,0.35617575,0.5475025,0.6230152,0.071428575
4283,1.0623628,0.13839604,0.4203515,-0.36082616,-0.086907014,-0.3129107,0.7202893,0.60324067,0.1
4285,0.879859,-0.017305788,0.117234215,-0.43238837,0.2863912,-0.7191598,0.25835264,0.18229009,0.05
4286,0.9650384,-0.277212,0.084899314,-0.36121136,0.1527258,-0.62730736,-0.16467083,0.65397745,0.1111111
4287,0.3732563,-0.04927017,0.2229039,-0.061876588,0.2878146,-0.27008915,-0.07445069,0.10666432,0.06666667
4288,0.6385383,0.05491233,0.0087111965,-0.37158516,0.38366383,-0.7062508,0.19276433,-0.05048864,0.076923065
4289,0.3326971,0.21895696,0.37762707,-0.1156796,0.3834659,-0.2619401,0.29169458,0.14892723,0.05882353
4290,0.23595947,0.10503511,0.019495323,-0.08634666,0.2425106,-0.21832445,0.1969323,-0.32785812,0.062499996
4291,0.5423979,-0.03728741,0.07209472,-0.22819728,0.10395974,-0.18704885,0.11731948,0.12883918,0.03333334
4292,0.37746486,0.088241786,0.040543318,-0.24883768,0.060716614,0.12056938,0.14708267,0.20993641,0.04761904
4293,-0.047603976,0.06731258,-0.021161795,-0.12032006,0.44083285,0.09532539,-0.20218772,-0.32807213,0.11111111
4294,0.4172823,-0.18516722,-0.06926234,-0.16788983,0.0013993979,0.042263072,-0.16943553,0.097062185,0.055555556
4295,0.8621409,-0.193777,-0.22315176,-0.3676245,-0.42117244,-0.027716383,0.3907107,-0.15046501,0.14285713
4296,0.3874723,0.06369454,0.12166567,-0.111771636,0.1455686,-0.20786071,0.20158108,0.04445163,0.058823537
4297,0.29520705,0.08666791,-0.023389459,-0.2053754,0.11316555,0.045574173,0.13482194,-0.034076806,0.05882353
4298,-0.13718167,-0.16404353,0.4645518,0.15323353,0.6626858,0.09441163,-0.7770628,0.21096832,0.06666667
4299,0.02280406,0.20104763,-0.08662699,-0.14843068,0.335725,-0.10938725,0.15465961,-0.44188657,0.06666667
4300,0.27627307,0.17290686,0.08454951,-0.21334279,0.37714517,-0.23651868,0.1960697,-0.15537487,0.083333336
4301,0.63511646,-0.11437987,-0.19356532,-0.5679574,0.34592605,-0.32610527,-0.18246572,0.16081248,0.05882353
4302,0.8280566,0.0572026,0.16852576,-0.52490294,0.2934849,-0.34567457,0.14411946,0.65384185,0.08333333
4303,0.19049537,0.0018653758,-0.04215099,-0.26225057,0.44739985,-0.11403094,-0.18045586,-0.16871157,0.039999995
4305,0.63962966,0.0873241,0.23404534,-0.33971414,0.09846425,-0.018055715,0.33191907,0.32296428,0.05
4306,-0.07788756,0.089478105,0.33659327,0.19683078,0.0044915825,0.52354586,0.05340895,0.016910374,0.05
4307,-0.009250164,0.18464358,0.3427087,-0.067128025,0.25491247,0.5380236,-0.056248568,0.40659818,0.06666668
4308,-0.4011658,0.28675348,-0.23250498,-0.13836572,0.018399015,0.9866452,0.10779232,-0.42652437,0.07692307
4309,0.08896441,-0.20253447,0.5348103,0.26601824,0.03155531,0.50927436,-0.40234798,0.5100994,0.083333336
4310,0.8309479,-0.41532487,0.3338875,0.2218484,-0.31391388,-0.47638094,0.12984559,-0.015581686,0.099999994
4311,0.90910923,-0.18119869,0.11259064,-0.4129665,-0.1675347,-0.0066027716,0.15166931,0.50979143,0.058823537
4312,-0.10066322,-0.00373194,0.4815235,0.42724025,0.29494923,-0.03517486,-0.12023967,-0.1518999,0.05882353
4313,0.35642803,-0.16724606,0.23300767,-0.20047599,0.58183676,-0.34256297,-0.41045856,0.12328638,0.07142857
4314,0.017363861,0.17191252,0.4650964,-0.19816303,0.80969346,0.09801608,-0.40868235,0.597714,0.07142857
4323,-0.32864118,-0.19576614,0.17540514,0.34830177,0.16171722,0.50751555,-0.5193264,-0.36793652,0.11111111
4324,-0.088062346,-0.18063717,0.49692714,0.46245944,0.3003564,0.012378514,-0.35987896,-0.18751983,0.06666666
4327,0.20650968,-0.34685564,0.29236203,-0.03596293,0.5106201,0.010170206,-0.80994993,0.3984466,0.11111111
4328,-0.27423576,0.23302996,-0.23035543,-0.19793886,0.14427535,0.727154,-0.03672746,-0.2079501,0.058823537
4329,-0.212645,0.33631617,0.05456616,-0.058696844,0.00334844,0.7525705,0.2587633,-0.10515468,0.06250001
4330,-0.1021179,0.09677042,-0.20833708,-0.036443062,0.109458394,0.26647228,0.044933423,-0.57290256,0.05
4331,-0.24853057,-0.007775441,-0.016296342,0.11939739,0.15228707,0.4434479,-0.22775055,-0.372856,0.043478254
4332,-0.15396339,-0.13352214,0.2093571,0.17717296,0.58207166,-0.09536284,-0.47204298,-0.5545355,0.08333333
4333,-0.018551666,0.07544318,0.37442338,0.23352396,0.14898281,0.21403793,0.090161055,-0.2087345,0.04761904
4334,1.1277853,-0.16111222,0.30477142,-0.20398208,-0.14469816,-0.6984342,0.5652578,0.09640111,0.062499996
4336,0.55371714,0.08336651,0.58014005,-0.108165465,0.42003718,-0.3590465,0.1717306,0.45615706,0.058823526
4337,0.26321626,0.10935946,0.28105932,-0.1786251,0.3489441,0.06539895,-0.018190272,0.38699475,0.05882353
4338,0.57663,-0.0698984,0.14377661,-0.20229325,0.047732383,-0.065399304,0.08070643,0.27610862,0.06666667
4340,0.8550479,-0.19451837,-0.16817741,-0.42899686,-0.11184077,-0.29026031,0.18416207,0.007294588,0.062500015
4341,0.27865195,-0.18428136,0.18770073,-0.03801603,0.025328428,0.29269594,-0.22172177,0.11592637,0.04761904
4342,0.9290865,-0.3226378,0.077534184,-0.23871228,-0.2088245,-0.26753914,0.064338654,0.27894086,0.07142858
4343,-0.15815431,-0.29313436,-0.053252116,0.25051162,-0.23623602,0.7425396,-0.32950252,-0.5341732,0.07692307
4344,-0.29217997,0.061913695,-0.15725462,-0.024725638,-0.15532558,1.0813185,-0.09117068,-0.40227464,0.055555552
4345,-0.3799927,-0.004129987,0.14758848,0.23228988,0.319382,0.4425287,-0.29623264,-0.49889788,0.11111111
4346,-0.46747264,0.17726506,0.14862268,0.11468613,0.06292697,1.0199378,-0.05204781,-0.2410986,0.071428575
4347,-0.46820104,0.35568783,0.11982955,0.08696023,0.20502242,0.7853579,0.17098786,-0.35096607,0.05555555
4348,0.43305746,0.21273649,-0.18931426,-0.41258502,-0.19736291,0.3644235,0.4898963,0.07919337,0.099999994
4349,0.4924585,-0.19655438,0.11092624,-0.23007023,0.18637455,-0.07158202,-0.22546096,0.16828373,0.0625
4350,0.9638599,-0.0797527,0.26226115,-0.35339668,0.12556678,-0.53253084,0.21244629,0.5595189,0.058823526
4351,-0.43554842,0.22333287,0.7220584,0.52954435,0.3151644,0.46227035,0.06538063,-0.08896397,0.14285715
4352,0.647456,-0.38437223,-0.014459491,-0.12277282,-0.10844253,-0.13244645,-0.30282074,0.3000894,0.09090909
4353,0.5869826,-0.16607958,0.082835406,-0.10795585,0.10978309,-0.451297,0.08241661,-0.15326694,0.052631587
4354,0.04184074,-0.015157733,0.40022308,0.56200427,-0.4405043,0.40907568,0.30978006,-0.05960482,0.07142858
4360,0.11947132,-0.10876174,-0.4990939,-0.17528662,-0.41091585,0.69999677,-0.036838926,-0.3201554,0.0909091
4361,0.4827341,-0.25012624,-0.010507226,0.07656068,-0.4249953,0.16036448,0.15711795,-0.2098314,0.07142858
4362,0.4430289,0.030988531,-0.14160673,-0.110216,-0.05006671,-0.3084701,0.3879758,-0.46244147,0.0625
4363,0.43785372,-0.19435422,0.056830525,0.034541003,-0.089314714,-0.1666747,0.10327922,-0.34023833,0.05263158
4364,0.42094705,-0.28886953,-0.31009173,-0.03944523,-0.62894,0.43532434,0.06398405,-0.2839626,0.07142857
4365,0.16899645,-0.029294226,0.2125569,0.15430965,-0.08236499,0.25311518,0.05847968,-0.053592887,0.058823526
4366,-0.16915458,-0.04534002,0.6639686,0.47836107,0.38461238,0.10793731,-0.2779435,0.07709016,0.0625
4370,0.711884,-0.24309884,-0.032461748,-0.326883,-0.027699783,-0.08941747,-0.05132056,0.1999185,0.0909091
4372,0.31977433,-0.10493001,-0.01229392,-0.04227536,-0.24291052,0.2946315,0.1752126,-0.18504545,0.08333334
4373,0.29063356,-0.16260137,0.21267352,-0.05435308,-0.020950764,0.39955994,-0.16130596,0.21115881,0.071428575
4374,0.8625512,-0.022499051,-0.35019457,-0.7297418,0.30876213,-0.6567176,0.11926852,-0.0072814412,0.062499996
4375,0.31282595,0.043725777,-0.21649368,0.0778292,-0.5490296,0.19525954,0.6161854,-0.58279353,0.083333336
4376,-0.22391608,0.2707456,-0.08308481,0.10296956,0.023345605,0.3299784,0.38346028,-0.6556967,0.06666666
4377,0.5198661,-0.29823154,0.05616063,-0.10577204,0.075068034,-0.17654592,-0.2709976,0.0817831,0.06666667
4378,0.25998393,-0.2054994,0.08699553,0.185528,-0.6412926,0.71201736,0.1658689,-0.0378629,0.066666655
4379,0.8972388,-0.061291855,0.0031436682,-0.40635878,0.113842964,-0.5843697,0.34414977,-0.00047123432,0.07142858
4380,0.9965104,-0.2983002,-0.27322727,-0.59135485,0.09414056,-0.57391745,-0.11452419,0.15759611,0.06666668
4381,0.69126606,-0.26263162,-0.121815816,-0.03988988,-0.3662455,-0.25631133,0.23465542,-0.26156074,0.111111104
4382,0.29743004,-0.22707331,0.2695483,0.26935276,-0.097978756,0.031000607,-0.06457119,-0.033134613,0.09090909
4383,0.55107135,-0.04888206,0.088058785,-0.19526297,0.10807333,-0.26461104,0.15378277,0.0015015118,0.071428575
4384,-0.4113805,0.14603908,0.050208904,-0.060752116,0.09703974,1.11712,-0.23302317,-0.18524309,0.09090909
4388,0.25319844,0.193007,0.4500351,-0.13142091,0.593241,-0.22654468,0.0030771345,0.42412564,0.09090909
4389,0.32805213,0.05571856,0.13302962,-0.09911171,0.15405197,-0.07194278,0.12878767,0.07381898,0.04761905
4390,0.76850146,-0.30983904,0.13887164,-0.12967452,0.1996879,-0.8043062,-0.06436792,-0.11710514,0.07142855
4391,0.75184137,-0.09208429,0.0112830475,-0.30941153,0.034672037,-0.35786256,0.20461749,0.08232036,0.055555556
4392,0.36207497,-0.24004582,-0.1959718,-0.09833851,0.059309527,-0.19305909,-0.2311752,-0.35504654,0.07692309
4393,0.950763,-0.14877623,-0.38956583,-0.44652045,-0.20578904,-0.61561763,0.4494568,-0.4233957,0.04166667
4394,0.69430214,-0.3494509,-0.041157573,-0.061792113,-0.15656887,-0.38962328,0.009872317,-0.16680549,0.07692307
4395,0.6214401,-0.0046566688,0.009247854,0.11920012,-0.43009794,-0.3841015,0.78759766,-0.6954847,0.0909091
4396,0.8700535,-0.28142342,-0.3091939,-0.2947586,-0.35425502,-0.359227,0.23726197,-0.20490839,0.14285715
4397,0.77649647,-0.13254945,-0.1657034,-0.3838446,0.14266297,-0.6600072,0.24389134,-0.4039703,0.04545454
4398,0.8066268,-0.1917774,-0.46497822,-0.48735547,-0.048866943,-0.5578189,0.17967387,-0.3996475,0.08333332
4399,0.7202446,-0.09297201,-0.22770526,-0.43446898,-0.023978084,-0.26133454,0.22166641,-0.13548481,0.04761905
4400,0.5265535,-0.46043676,-0.056429163,0.19704667,-0.12162651,-0.5181707,-0.16363817,-0.53751314,0.07142858
4401,0.85511506,-0.10052997,-0.17669727,-0.4553423,-0.08245446,-0.28759706,0.25581557,0.066110775,0.071428575
4402,0.7450817,-0.27252692,-0.040742934,-0.32379076,0.19877124,-0.55518466,-0.062778845,-0.191195,0.058823537
4403,0.5204587,-0.21829362,-0.15435983,-0.22551456,-0.05945064,-0.072148606,-0.04287055,-0.19422765,0.07142857
4404,0.6375562,-0.12141758,-0.085435525,-0.2427277,-0.14569251,-0.14701621,0.19709323,0.014143102,0.0909091
4405,0.1803852,-0.028594188,-0.043922827,-0.09824208,0.26217276,-0.113479584,-0.031790882,-0.41157714,0.08333334
4406,0.43326488,-0.13732098,0.22558583,0.14615323,-0.0073517114,-0.27931154,0.103703365,-0.10661565,0.05882353
4407,0.6293281,-0.01812376,0.2618733,-0.10540324,0.10877221,-0.3904265,0.2650066,0.07013668,0.071428575
4408,1.1468803,-0.2886424,-0.32319802,-0.5441745,0.08483684,-1.0201422,0.12603754,-0.16280119,0.124999985
4409,0.5135391,0.06202228,0.32721758,-0.35465887,0.25990546,0.16172367,-0.018706523,0.740968,0.06666668
4410,0.52165407,-0.297623,0.0668415,0.08515594,-0.07261869,-0.31709096,-0.0031981096,-0.3176404,0.071428575
4411,0.62930155,0.068015695,-0.05931081,-0.3947943,0.24570489,-0.4983753,0.3093208,-0.16059965,0.04761905
4418,-0.25321633,0.1411865,0.41123784,0.0060882494,0.42059246,0.67360324,-0.23195007,0.034192536,0.07142857
4420,0.21409589,0.050461363,-0.1475779,-0.06850312,0.012769625,-0.009811945,0.15111981,-0.4161649,0.062499996
4421,1.2293545,0.03905428,-0.6381066,-0.69293207,-0.5731834,-0.4815904,0.8835745,-0.25763837,0.125
4422,-0.2660748,-0.02410523,-0.7089151,-0.17668006,-0.33005643,0.9477469,-0.12144546,-0.85300165,0.08333333
4423,0.77527106,-0.3055106,-0.3460765,-0.0985428,-0.5996826,-0.15229097,0.2820937,-0.37563196,0.0625
4424,0.65363896,-0.43763274,-0.33392704,-0.02094663,-0.5370356,-0.09628819,-0.0016210824,-0.3732383,0.083333336
4425,0.06346931,0.09059116,-0.10946068,0.018511005,-0.07405661,0.17360735,0.28781086,-0.71595246,0.052631572
4426,-0.364685,-0.59339696,-0.044454813,0.9412005,-1.0766022,1.1092532,-0.23240194,-1.1700279,0.0909091
4427,0.4266839,-0.1270101,-0.5138354,-0.08152411,-0.36158693,-0.19500408,0.35105783,-1.0393093,0.07692307
4428,0.23271275,-0.2489566,0.11773861,0.24540487,-0.027367875,-0.19895548,-0.006779127,-0.7179912,0.06666666
4429,0.58019614,-0.21333407,-0.22003444,-0.36102316,-0.00111489,-0.029402263,-0.14823097,0.052786764,0.07692309
4430,1.1526625,-0.32543868,-0.01182878,-0.16238719,-0.46184647,-0.62826353,0.49684203,-0.11442815,0.055555556
4431,1.0071709,-0.33549142,0.63877636,0.22165614,-0.23005424,-0.6067988,0.36439413,0.22571467,0.083333336
4437,1.5062749,-0.62661946,0.10573356,-0.28757143,-0.25193697,-1.0884845,0.20235316,-0.05241051,0.12499999
4438,1.3139299,-0.7760713,0.12858325,0.0064052716,-0.62810147,-0.57186335,0.08863567,-0.06987837,0.0909091
4439,0.1783824,0.022682186,0.15294674,-0.12636769,0.11490836,0.38823822,-0.13290928,0.3228078,0.07692308
4441,0.44240233,-0.013658669,0.14341438,-0.08813838,0.077210106,-0.16929281,0.20482124,-0.07343632,0.06666668
4444,-0.028317261,0.3245331,0.8132674,0.087401,0.5897208,0.2812109,0.0054336563,0.6817538,0.04761904
4446,0.1745545,0.3727684,0.10895715,-0.34755275,0.22589244,0.38272017,0.3230036,0.23058605,0.062500015
4455,0.5798617,-0.07128249,0.28480852,0.08329648,-0.15236957,-0.23941326,0.314012,0.1252688,0.07692308
4456,0.94906247,-0.3896846,0.3978111,-0.12491437,0.093637794,-0.52869624,-0.19180058,0.6879129,0.12500001
4471,-0.12794301,0.08829638,0.0071105435,0.099706784,0.37852797,-0.15729403,0.008206502,-0.8077371,0.1
4472,0.07745331,-0.47893393,0.12535349,0.4260238,-0.25823408,0.30493695,-0.46490562,-0.27747306,0.07142858
4475,0.39127728,-0.07759267,0.06813555,-0.16044539,0.259321,-0.18186423,-0.119987056,0.038951274,0.045454547
4476,0.6669895,-0.14518829,-0.32650375,-0.5867727,0.018782184,0.048456557,-0.111250415,0.22872682,0.07142858
4477,0.4220526,-0.051597595,0.1334329,0.039825335,0.15736133,-0.46125245,0.21633534,-0.4437355,0.0625
4478,0.56570643,-0.00042145513,-0.31722146,-0.47644174,-0.13258545,0.097214915,0.25204575,-0.13885406,0.07692308
4479,1.4229605,-0.49315825,-0.45066023,-0.5743908,-0.37006372,-0.8546374,0.2708578,-0.30255476,0.083333336
4498,0.20065454,0.34570378,0.33157623,-0.31938475,0.51058257,0.11026097,0.14549215,0.51775223,0.07142857
4499,-0.18839733,0.41184998,0.5651187,-0.048176177,0.40396023,0.6595502,0.07323715,0.4484081,0.047619052
4504,-0.26681328,0.3554211,0.29926178,0.11424573,0.39951533,0.3238636,0.17323668,-0.25633445,0.076923065
4505,-0.0830356,-0.019435966,-0.15115143,-0.068257056,0.06304887,0.5334573,-0.28087354,-0.05580235,0.076923065
4506,0.26077318,0.34032747,0.21283844,-0.28019577,0.25713,0.1957876,0.37355745,0.22697555,0.1
4507,0.2946327,0.12739128,0.10302359,-0.20098141,0.095378555,0.21171442,0.17217062,0.078698084,0.050000004
4508,-0.43652576,0.46249646,-0.029427543,-0.038738556,0.23506106,0.63744295,0.28177607,-0.42918494,0.083333336
4509,-0.1652199,0.049731396,0.473682,0.2937096,0.46424705,0.061214454,-0.25667563,0.033405647,0.05263157
4510,0.48984048,-0.12803926,-0.008856997,-0.11561171,0.035383046,-0.26131454,0.07345064,-0.15761712,0.04347826
4511,0.17800424,-0.53953063,-0.16198505,0.051745944,0.0781852,0.1188347,-0.84928775,-0.05785666,0.083333336
4512,-0.22277552,0.03831676,0.0043625385,0.026525572,0.017459452,0.7022964,-0.111378826,-0.34731624,0.07692308
4513,0.11947019,-0.062507,0.1759674,-0.05379107,0.33726758,0.10977674,-0.315064,0.10013805,0.07692308
4514,0.49220058,0.40375847,-0.2717815,-0.5570096,-0.041683033,0.1024259,0.73115605,-0.03713594,0.10000001
4515,-0.12787783,-0.0832991,0.481044,0.09921475,0.6121372,0.2001782,-0.64917624,0.26145774,0.052631576
4516,-0.19699106,0.040715266,0.45904332,0.25940698,0.521425,0.11893514,-0.3123632,-0.04726852,0.06666668
4517,0.019787617,-0.034047496,0.79533535,0.15740818,0.39934134,0.44331422,-0.45779657,0.7947152,0.058823537
4518,0.016668051,0.031343713,0.23263723,-0.1527316,0.46963596,0.25226116,-0.3448587,0.16575687,0.07142856
4519,0.653187,-0.12009682,0.2602986,-0.07713834,0.0032189488,-0.29664874,0.17583747,0.1835328,0.047619052
4520,0.5047465,-0.15915859,-0.013598204,-0.11088934,0.15457195,-0.46529055,0.023330525,-0.31627724,0.05882353
4521,0.18614846,-0.11856584,-0.32423526,-0.38864082,0.2003099,0.2441032,-0.35328352,-0.15868914,0.06666667
4522,0.2719526,0.07828905,0.023549974,-0.5680323,0.62266684,0.048272565,-0.3184806,0.13879655,0.09090909
4523,-0.19810331,0.19981717,-0.0027954131,-0.18422922,-0.0038615316,1.1018322,-0.07861775,0.19766021,0.06666667
4524,-0.19806087,0.28400135,-0.06892654,-0.34715,0.29851454,0.8544914,-0.10773333,0.10836349,0.04166666
4525,0.13973999,-0.32784858,0.2599531,0.35563123,-0.0343156,0.05331785,-0.37823975,-0.05440147,0.07142859
4526,0.014383592,-0.059389178,0.26450747,0.086533874,0.23944584,0.2718253,-0.24099413,-0.011115771,0.05263158
4527,0.31409732,-0.018153317,0.72134286,0.18933016,0.4781078,-0.38231266,-0.040897854,0.1961993,0.06666666
4528,0.64887077,-0.12418747,-0.18981095,-0.28512898,-0.39270228,0.12841642,0.34439516,-0.17771482,0.07692308
4529,-0.5519404,0.035166517,0.29565257,0.23392433,0.47555566,0.7279161,-0.509454,-0.34682295,0.10000001
4530,-0.48062834,0.38578594,-0.15754904,-0.15086052,0.22535437,0.87324536,0.043762684,-0.3803398,0.05263158
4542,0.4369041,-0.2752596,-0.17771845,-0.01560162,-0.38317776,0.15965617,0.037209764,-0.28258687,0.09090908
4554,-0.23738065,0.46098402,0.4129601,-0.103247516,0.7139663,0.29144624,0.047834173,0.17450027,0.099999994
4561,0.28023958,0.6921052,0.7156734,-0.4125638,0.5517355,0.36503625,0.6207051,0.9544473,0.058823537
4562,0.5247115,0.5628812,0.29240578,-0.5674595,-0.07545595,0.6778094,0.8911686,0.665647,0.06666667
4563,0.7913664,0.24941094,0.34729597,-0.38576877,0.16223961,-0.2771967,0.5513118,0.6056555,0.052631572
4564,0.42313132,0.3474493,0.75985605,-0.20907652,0.5242414,-0.14171141,0.49444437,0.09746431,0.2
4565,0.0606729,-0.4087535,0.33841625,0.58034223,-0.060452923,-0.08527213,-0.33061078,-0.49028233,0.07692307
4570,-0.004965946,0.15138967,0.39586538,0.23500702,0.5175449,-0.3793237,0.059440285,-0.351175,0.09090909
4581,0.007360041,-0.20917252,0.68581545,0.32340363,0.56978333,-0.06324485,-0.57796913,0.0856356,0.09090909
4587,-0.4422862,0.061848942,0.91260445,0.33141997,0.81655693,0.43692732,-0.59319717,0.17294458,0.07692308
4610,0.40614608,0.23003782,0.8030017,0.070289835,0.41607356,-0.29373148,0.43162167,0.2708902,0.07692307
4616,0.836133,-0.20322625,0.16639407,-0.3887155,0.15339932,-0.26851824,-0.113638416,0.5578719,0.09090909
4617,0.35344172,0.11491403,0.06361599,0.033089384,-0.21861802,0.014133334,0.54044247,-0.3161332,0.058823537
4618,-0.11618874,0.11940476,0.3132813,0.1362118,0.18918608,0.38825262,0.0057605505,-0.08911118,0.058823526
4619,-0.079171926,0.019075576,0.1997326,0.06762465,0.30820194,0.23857872,-0.18860084,-0.15021726,0.111111104
4620,-0.15566841,0.30554247,0.38559723,0.24879232,0.058400393,0.4403977,0.38445348,-0.16879976,0.0625
4621,0.1873135,-0.1816565,0.101690106,0.26466176,-0.48049974,0.46422645,0.12630151,-0.16703866,0.058823526
4622,0.69136035,-0.32303974,-0.0065807253,-0.032933153,-0.43127674,0.031079333,0.086934954,0.10414356,0.052631572
4623,0.18102297,-0.0020190775,0.49791348,0.45926064,-0.1902392,0.04518014,0.3440975,-0.10540557,0.083333336
4624,0.32594633,-0.085264966,0.26913336,0.2542113,-0.47148824,0.37118012,0.31882823,0.07757841,0.07142857
4625,0.3806047,0.36173022,0.32040364,-0.050353445,0.072383046,-0.12079199,0.76647377,-0.15795735,0.05263158
4626,0.8730821,-0.15223387,0.28133607,0.008341633,-0.35711336,-0.30999044,0.46723473,0.13617215,0.0909091
4627,0.50893605,-0.15270649,0.44873184,0.5909621,-0.74830496,0.01623585,0.60529035,-0.009546619,0.09090909
4628,0.31726673,0.29445812,0.48219544,-0.018737525,0.18183467,-0.08548957,0.510331,0.1314109,0.062499996
4629,0.039195977,0.13427155,0.28454062,0.38512942,-0.2558558,0.19366619,0.46495605,-0.35671988,0.06666668
4630,-0.14345734,-0.15680143,0.70017076,0.22687685,0.46396834,0.47249267,-0.6430033,0.3749179,0.05
4631,-0.28276423,0.0027390053,0.5322973,0.33575985,0.2821925,0.55374455,-0.33661428,0.1043417,0.06249999
4632,-0.29319617,0.08200508,0.560898,0.34037635,0.38797718,0.4182774,-0.24591339,0.0843641,0.08333333
4633,0.8794612,-0.12998153,-0.27688336,-0.49280018,0.036962345,-0.5534959,0.24339174,-0.2098686,0.10000001
4634,0.521733,0.0242028,-0.16305031,-0.18815002,-0.1280625,-0.17302614,0.40899634,-0.30904743,0.06666667
4635,0.99686575,-0.28734604,0.084041834,-0.032166623,-0.38271904,-0.5997087,0.49870318,-0.3064591,0.04761905
4636,0.47653,-0.3281219,-0.16781078,0.00679335,-0.16001518,-0.16914958,-0.14205438,-0.26795426,0.125
4637,0.023937203,-0.2843343,0.32128012,0.2531294,0.23521982,0.16643843,-0.56485516,0.047492787,0.045454543
4638,0.9289425,-0.3971159,-0.047341123,-0.14583614,-0.27945298,-0.46166277,0.18980743,-0.2877291,0.07142858
4639,0.7964386,-0.16480401,-0.0051636547,-0.21170807,-0.26994544,-0.16426048,0.3564502,-0.101937905,0.07692308
4640,0.8417757,-0.041917037,0.09333709,-0.27810863,0.1663758,-0.70655286,0.35290295,-0.094824106,0.05263158
4641,0.726917,-0.1074664,-0.14641844,-0.4463905,0.0084979385,-0.14779195,0.12349421,0.08198966,0.071428575
4642,-0.2067253,-0.24620186,-0.24800234,-0.30171788,0.30785072,0.8354652,-0.8816994,-0.1250364,0.11111113
4643,0.17750141,-0.2402622,0.21448782,0.3349536,-0.1494006,0.11917907,-0.12255051,-0.112357244,0.07692309
4644,-0.33848795,0.19431877,0.22550137,0.036329973,0.2813243,0.7372753,-0.1403097,-0.17767495,0.05263158
4645,0.32340774,0.2171373,0.0382836,-0.3114193,0.19274291,0.09509332,0.23023288,0.14952928,0.08333334
4647,0.5286143,0.06401469,0.14671004,-0.2517414,0.49236584,-0.6854465,0.13616057,-0.0539854,0.0625
4648,0.1717785,-0.18841605,0.20993555,0.17613791,0.27971575,-0.2564656,-0.25726306,-0.1869187,0.055555552
4654,0.23952946,-0.40621343,0.3448595,0.35992905,0.047151834,-0.11834824,-0.39430726,-0.15864353,0.06666668
4674,1.0603946,-0.13578041,-0.15282996,-0.4105873,-0.3351698,-0.3852228,0.5997409,-0.16427755,0.090909086
4675,0.031984717,-0.14361171,0.5985572,0.2946839,0.42476064,0.03081128,-0.47157764,0.3249329,0.058823537
4681,0.35118136,-0.18642567,0.27002048,0.16704018,0.20410821,-0.41044462,-0.1187277,-0.12416588,0.083333336
4682,0.32759055,-0.061783817,0.10228914,-0.000750348,-0.26384008,0.37161785,0.11389673,0.22661306,0.11111113
4683,0.33215487,0.048469994,0.3820905,0.21429214,-0.039395392,-0.13685106,0.35091913,-0.10499781,0.047619037
4684,0.38535532,-0.4692728,0.19424586,0.27360597,-0.048807442,-0.20307004,-0.4001187,-0.07241137,0.07142855
4686,0.5796662,-0.04160216,0.21872567,-0.0033849403,-0.34424156,0.10528701,0.49041587,0.026055519,0.049999993
4687,-0.124810494,-0.12931946,0.4681186,0.35083902,0.117145225,0.5112729,-0.34617108,0.105284244,0.055555556
4688,0.83599836,0.092743754,0.113596864,-0.55249417,0.19191176,-0.2855632,0.3752765,0.35277897,0.052631572
4689,0.40555203,-0.5062183,-0.10037288,0.19749561,-0.4109767,0.080149055,-0.25321054,-0.2891233,0.0909091
4690,0.45245948,-0.11417343,0.28740138,0.122825235,-0.20319317,0.04459262,0.24291812,-0.022484507,0.0625
4691,0.82314193,0.1536118,0.4765365,-0.2527431,-0.012967333,-0.14704286,0.65165484,0.4621612,0.09090909
4692,0.5732377,0.10099913,0.4567163,-0.17261618,0.21639423,-0.17401099,0.3398121,0.26214245,0.06666668
4693,0.3333552,0.14816158,0.55382115,0.01432775,0.06037105,0.27403146,0.25252336,0.56894284,0.052631576
4694,0.25271964,-0.13179103,0.8103598,0.3324446,0.443119,-0.25623345,-0.22841169,0.38784972,0.07692308
4695,0.82470155,-0.23579516,0.32993966,-0.106455006,-0.15100543,-0.19256565,0.14278112,0.41542518,0.07142856
4696,0.633701,0.225736,0.08103293,-0.5187719,-0.013719171,0.29123998,0.4469086,0.52339226,0.07692307
4697,0.32983932,-0.24305496,0.29691833,0.2861412,-0.36355287,0.31237018,0.06189634,-0.0060262047,0.071428575
4698,0.4222596,0.29788992,0.8027952,-0.09126786,0.20932044,0.2769646,0.35954154,0.9699922,0.125
4699,0.5309761,-0.025804726,0.57628304,0.10083344,0.05687432,-0.07580444,0.1344986,0.56008315,0.06666667
4700,0.54447085,-0.05105119,0.11328669,-0.16411465,0.22568479,-0.4167807,0.09282383,-0.018125404,0.06666666
4701,0.22021097,-0.23104748,0.3874082,0.39068633,0.05108647,-0.19028121,-0.0706417,-0.26435846,0.05882353
4702,0.047269933,0.18076693,-0.011311397,-0.1192225,-0.014115766,0.47674492,0.20237197,-0.037618842,0.05555555
4704,0.44938275,-0.32682648,0.16703871,0.1621373,-0.16571479,-0.08840741,0.039127186,-0.44786862,0.071428575
4706,0.004477553,0.10993619,0.10633136,0.13967583,0.0008431524,0.23213845,0.1911111,-0.27473417,0.06250001
4708,1.0257723,-0.20567377,-0.26421863,-0.5469356,-0.20030959,-0.32565427,0.24780463,0.054874994,0.052631576
4709,1.2047883,-0.34624827,-0.3400579,-0.4052571,-0.44540066,-0.61082155,0.32420748,-0.017554019,0.071428575
4720,0.45427844,-0.41133454,0.015485898,0.24389014,-0.34256446,-0.15257801,-0.003210567,-0.47693118,0.090909086
4721,0.38416362,-0.053155158,0.46837056,0.055570237,0.18862906,-0.08801015,0.055088416,0.14821307,0.05882353
4723,0.48519203,0.0034088576,0.2604019,-0.20154512,0.40062517,-0.347921,0.016887262,0.21106483,0.034482755
4726,0.63132507,-0.2124122,0.18488985,-0.0032260865,0.24476838,-0.77390116,-0.004178986,-0.19723634,0.06666668
4727,-0.12087397,-0.14530121,0.27732265,0.39429116,0.030627728,0.27659267,-0.19844896,-0.35326195,0.06666667
4728,0.7136678,-0.44743007,0.3213222,0.08717303,-0.18087219,-0.1464297,-0.20300633,0.36820796,0.11111113
4729,0.34167662,0.31379426,0.6380198,0.058233082,0.29602188,-0.20348537,0.5332973,0.2505765,0.058823526
4730,0.72240686,-0.32629067,-0.069906965,-0.28323868,-0.047398463,-0.23299274,-0.10925993,-0.11612417,0.07692307
4731,0.6951163,-0.4385691,-0.09952754,-0.25282806,-0.017473653,-0.14119086,-0.37503248,0.04230776,0.066666655
4732,0.3693491,-0.26568836,-0.13294397,0.05649043,-0.16075335,-0.13802156,-0.028179027,-0.46426222,0.05263158
4733,0.24483639,-0.3061893,0.32198232,0.44028643,-0.08312975,-0.18433422,-0.10802715,-0.4227129,0.058823545
4734,0.8369703,-0.18373732,-0.20567857,-0.40480763,-0.17698999,-0.24613559,0.21413027,0.018777363,0.06666667
4737,0.35066283,0.10988049,0.27224004,-0.10306192,0.19649848,-0.08439739,0.20814581,0.051255707,0.058823537
4738,0.48384044,-0.21354915,-0.30978376,-0.28219268,0.07802944,-0.22492328,-0.22693372,-0.095473394,0.071428575
4739,0.7249817,-0.076046064,0.2634253,-0.12787712,0.20329985,-0.60645,0.1869594,0.10570498,0.04761905
4740,0.6757055,-0.18504308,0.12294512,-0.19694921,-0.17949997,0.05325562,0.123706564,0.2627525,0.07692307
4741,-0.15436205,0.14647877,0.7067213,0.19222909,0.5870843,0.27735513,-0.26138836,0.40724075,0.058823522
4743,0.14714348,0.120411724,0.43633217,0.14264616,0.3294862,-0.1146657,0.16409041,-0.0849202,0.06666667
4744,0.60648876,-0.14220066,0.15949003,-0.09740961,-0.037079588,-0.15343583,0.08602305,0.25469267,0.11111113
4745,0.7284357,-0.31135523,0.21528395,-0.09628662,0.15159221,-0.5252111,-0.13815382,0.19153981,0.055555556
4746,0.8161406,-0.14082952,0.083098784,-0.28738338,0.18276852,-0.6679164,0.13870715,0.057280593,0.058823526
4748,0.40495506,-0.38228256,-0.44741303,-0.1282449,-0.30702847,0.061061867,-0.18007232,-0.49734554,0.055555552
4749,0.6794247,-0.4876227,-0.4065805,0.12039222,-0.90645456,0.027167208,0.28183275,-0.733238,0.14285713
4750,0.9544215,-0.3330462,-0.18716325,-0.25087392,-0.29572165,-0.499075,0.18315594,-0.09305127,0.062499996
4751,0.5128995,-0.19980076,-0.1876447,-0.07045285,-0.047502548,-0.4613523,0.23052777,-0.8180437,0.05882353
4753,0.49431136,-0.2850321,-0.0076520145,-0.058870114,0.08741431,-0.30360487,-0.17776142,-0.13030219,0.052631587
4754,0.12035658,-0.1434137,0.6521522,0.34729743,0.57557285,-0.36836618,-0.41642004,0.25040838,0.090909086
4755,-0.12061219,0.09193516,0.11818654,0.054536186,0.03470646,0.5792718,-0.02042035,-0.17978457,0.06666667
4756,-0.24213442,0.43525222,-0.17448498,-0.38990766,0.22587442,0.90379596,0.09698561,0.08191548,0.09090909
4757,0.21786577,-0.10960166,0.6735749,0.08874204,0.41076982,0.1495928,-0.43617892,0.7539485,0.062499993
4758,0.4223571,0.046089403,-0.025712147,-0.3600407,0.3006459,-0.12900576,-0.050694942,0.25779524,0.05
4759,0.17955479,0.20829503,-0.051521584,-0.19938806,0.12860516,0.07333668,0.32435197,-0.21147914,0.058823537
4762,-0.19702452,-0.004453128,0.17836195,0.13642304,0.13231267,0.5823241,-0.24150027,-0.037817594,0.1
4764,0.38235238,-0.0015820265,0.0034466907,-0.06758907,-0.20143862,0.18185174,0.26708567,-0.10039133,0.06666666
4765,-0.12455746,0.060611937,0.51035887,0.1968587,0.5189751,0.14813876,-0.2554885,0.040500242,0.04347826
4766,1.1071613,-0.92954683,0.082436614,0.17973506,-0.5512189,-0.58442354,-0.2604755,-0.20914654,0.14285716
4767,0.64983964,-0.5410149,0.12702732,0.22261442,-0.32759786,-0.2923639,-0.16379498,-0.13788883,0.10000001
4768,1.0246868,-0.31328166,0.36998814,-0.22095525,0.2135455,-0.7647355,0.052271158,0.26598725,0.083333336
4773,-0.043298393,0.13259177,0.2805924,-0.055137806,0.28573513,0.5339453,-0.17367955,0.35247546,0.05882353
4777,-0.07979435,-0.005856036,-0.14321081,-0.119702436,0.1416271,0.4486453,-0.19406478,-0.27666134,0.083333336
4778,0.4178371,-0.572011,0.18816973,0.4450981,-0.11450668,-0.42700565,-0.34299538,-0.43633485,0.11111113
4779,0.66105646,0.038492773,-0.159315,-0.20766127,-0.37769186,-0.112113744,0.678198,-0.41905618,0.0625
4780,0.18162024,-0.0018060114,0.38354295,-0.1337887,0.45605034,0.09848262,-0.30065006,0.3969433,0.055555563
4782,-0.13789898,0.27307728,0.13663836,-0.026848398,0.3213536,0.28445646,0.062221125,0.014528051,0.0625
4783,-0.10283352,0.00037794188,0.18869783,-0.08237123,0.46336234,0.40424806,-0.49835432,0.23464014,0.09090909
4784,0.031843185,0.08310184,0.031678356,-0.019556671,0.05808548,0.33538347,0.06590773,-0.15621969,0.07142857
4785,0.543488,-0.22804797,0.37640423,-0.15563649,0.1096376,0.12186548,-0.28490347,0.6230047,0.07142858
4786,-0.17223337,-0.0066009685,0.64718705,0.35320434,0.26436463,0.45468855,-0.23231511,0.125641,0.06666666
4787,0.95928633,-0.21140824,0.18516564,-0.24805221,-0.11910443,-0.4120435,0.334163,0.11289176,0.05882353
4796,0.39854923,-0.0507364,0.15712051,0.2589292,-0.50743866,0.13799654,0.51641464,-0.2565135,0.07692307
4799,0.2306453,0.1695882,0.17191827,-0.07050087,0.09009733,0.10756537,0.2940606,0.03845428,0.071428575
4801,0.4926292,0.30939546,0.30765092,-0.31107304,0.30957365,-0.21875936,0.5170583,0.2196837,0.06666667
4802,0.5416328,0.11593735,-0.039047703,-0.4848212,0.3081048,-0.26647416,0.20609273,0.012546804,0.07692307
4803,0.575278,0.16054036,0.26767105,-0.12806103,-0.13572352,0.054044455,0.58389103,0.23753595,0.058823526
4804,0.7318879,0.65758854,0.37682474,-0.7342185,0.29380542,0.1664708,0.82601446,1.0967666,0.14285716
4805,0.6815539,0.77098095,0.47882545,-0.7123641,0.3919167,0.047587074,1.0363593,0.85517627,0.10000001
4820,0.40161946,-0.12215936,-0.05852014,-0.00038854033,-0.08024214,-0.23025489,0.17204009,-0.37970653,0.05
4823,0.46972772,-0.28649676,-0.35066158,0.022427626,-0.14545967,-0.56617874,0.12123062,-0.9075265,0.06666666
4824,0.012547977,-0.2815822,0.023015939,-0.06424417,0.34187353,0.3015818,-0.7219204,0.03813043,0.09090909
4825,-0.42313367,-0.12549464,0.01447954,0.26396278,-0.13396145,1.0071764,-0.25614503,-0.73373806,0.05263158
4826,-0.047201462,0.15259056,-0.15184705,-0.087256186,0.0008254945,0.466847,0.15862839,-0.3710827,0.07142858
4827,0.10589907,0.28994244,0.69508773,-0.09459651,0.5800607,0.22777571,-0.025379598,0.7417284,0.0625
4828,-0.4212936,-0.10069202,-0.04845439,0.10555583,0.08401087,0.8916408,-0.4175619,-0.55282015,0.055555556
4829,0.30365172,-0.08441621,0.08426833,-0.0011656955,-0.09225355,0.17538583,0.053507105,0.05154897,0.09090907
4830,-0.6139376,0.16291851,0.14163668,0.32446334,0.09084861,0.9321754,-0.10908825,-0.54493195,0.07692308
4831,-0.5500556,0.23635353,0.121882975,0.009152621,0.45877725,0.7585201,-0.21522771,-0.46476874,0.0909091
4832,0.105720796,-0.07319997,0.5320407,0.14504574,0.56014305,-0.10498625,-0.39309102,0.2982237,0.0625
4833,0.24895671,0.1687373,0.004957199,-0.19644332,0.060693607,0.18368006,0.24755852,-0.009267535,0.08333332
4834,0.11823296,-0.02065019,0.19665614,-0.27188253,0.47606272,0.31915885,-0.4512629,0.36962694,0.058823526
4835,0.05156172,-0.28574678,0.10517447,0.11141655,0.41651917,-0.050444216,-0.6259401,-0.13043056,0.07692307
4836,-0.16932184,-0.14461541,0.3879059,0.20226577,0.4770229,0.27023134,-0.6292771,0.14655103,0.05263158
4837,0.5928994,0.020699417,0.35936075,-0.16306546,0.21208465,-0.24161425,0.19551931,0.32851094,0.055555552
4838,-0.41391847,-0.09280452,-0.16232891,0.2654348,-0.18591933,0.8804635,-0.13063572,-0.8787452,0.099999994
4839,-0.036630534,0.3336429,0.3117076,-0.12727752,0.37153244,0.38138664,0.16825514,0.07504836,0.07142858
4840,0.023435473,-0.35686335,0.15850657,0.12568869,0.25492823,0.21508119,-0.7196793,-0.072830886,0.050000004
4841,-0.22535512,0.13866052,0.21791384,0.29637104,-0.088604316,0.6007278,0.12594308,-0.22018908,0.08333333
4842,-0.35314023,0.2307265,0.113117255,-0.21596348,0.9077193,0.20673177,-0.42234743,-0.20624377,0.083333336
4843,-0.47587106,0.14029337,0.22460938,-0.0124690235,0.20630196,1.178948,-0.27173287,-0.12468971,0.058823537
4844,-0.1199791,0.23657618,0.47380126,-0.13550666,0.64548844,0.40557358,-0.25621277,0.39943862,0.062499996
4845,-0.6012517,0.12055811,0.3364659,0.22578442,0.25592843,1.0726336,-0.24608962,-0.3904144,0.08333332
4846,0.10530489,0.14337526,0.40223497,-0.19599804,0.6249727,0.17623119,-0.33414787,0.7258288,0.07692308
4847,-0.049238615,0.10870358,0.010370038,-0.16620684,0.14851493,0.62367535,-0.17443554,0.14378025,0.049999997
4848,0.20578346,0.20415823,0.6880394,-0.039648943,0.61415744,-0.098073274,0.01922606,0.36670107,0.07692308
4849,-0.0626314,-0.30594727,0.30593175,0.43237242,0.044932008,0.20210306,-0.42763388,-0.23811089,0.07142857
4850,-0.12587896,0.032793134,0.71550035,0.26281124,0.5881422,0.17194287,-0.40568668,0.4361502,0.071428575
4851,0.50053096,-0.080809265,0.08228411,-0.17513624,-0.061887056,0.05909981,0.11448097,0.14039199,0.058823537
4852,0.44602743,0.23801598,0.96044123,-0.22141454,0.414248,0.41419,0.0989884,1.2907866,0.0625
4853,-0.39724758,0.24411097,0.3195246,0.14740536,0.74894375,0.07057959,-0.30786723,-0.16591857,0.09090909
4854,0.25368127,-0.01158856,-0.04178612,-0.29578695,0.44863838,-0.1515866,-0.28573275,0.21409868,0.058823526
4855,-0.21038568,0.23137386,0.47170562,0.25996524,0.17038903,0.5659354,0.08086908,0.07924959,0.055555556
4856,-0.48967567,0.15756132,0.27857143,0.3207938,0.15757445,0.74667704,-0.048781358,-0.3946574,0.07142857
4857,-0.13128018,-0.109953344,0.7234467,0.47967842,0.29113132,0.29101098,-0.3842439,0.21233651,0.06249999
4858,0.62074286,-0.06836778,0.31047523,-0.0930235,-0.23425628,0.21349959,0.25007868,0.46768045,0.055555563
4859,-0.31562003,-0.065568164,0.15865749,0.19211254,0.08148172,0.80076355,-0.29443341,-0.31341794,0.04761905
4860,0.9454442,0.18681426,0.3097869,-0.36113906,-0.048445,-0.3196369,0.7200138,0.47219428,0.111111104
4861,-0.22146496,0.048257455,0.3715192,0.24604735,0.21857132,0.50455886,-0.18323877,-0.009908084,0.071428575
4862,-0.47803345,0.10208687,0.16962434,0.002303198,0.4908237,0.7545149,-0.47812504,-0.20413478,0.11111111
4863,-0.10329875,0.0902046,0.4850608,0.21292609,0.47334987,0.08514319,-0.20139846,0.13719478,0.071428575
4864,0.08420933,0.04177982,0.18332207,-0.008631833,0.3623477,0.062603034,-0.118823014,-0.06682691,0.0909091
4865,-0.11300639,0.12300269,-0.1608548,-0.06935672,-0.11181353,0.69271797,0.057058766,-0.18515001,0.06666668
4866,1.092837,-0.2890244,-0.102504194,-0.2929556,-0.3495236,-0.5358597,0.28736174,0.17264187,0.07692308
4867,0.4510205,0.039166458,0.039307848,-0.28256175,0.31336385,-0.34544152,0.06310816,0.062386543,0.05
4868,-0.09835046,0.21683301,0.6128834,0.1499839,0.83029926,-0.2138443,-0.17609432,0.10582909,0.083333336
4869,-0.16484517,-0.088444695,0.55245113,0.5458723,0.13039924,0.22326419,-0.1966418,-0.122545764,0.08333335
4870,0.21183097,-0.3885922,0.13385916,0.4728912,-0.5677312,0.35784626,-0.09566845,-0.1802104,0.111111104
4871,-0.23296002,0.01787239,0.25827572,0.10294291,0.3344409,0.433012,-0.27235496,-0.25896102,0.08333333
4872,-0.45334092,0.36404443,-0.20141457,-0.024474531,0.041024536,0.8088512,0.23822768,-0.59124994,0.05263158
4873,0.051148593,0.25644705,0.38412607,-0.12039731,0.4951803,0.16470304,-0.018019944,0.37355408,0.05882353
4874,-0.17490244,-0.00348867,0.3955896,0.019580923,0.25480306,0.7871128,-0.47660202,0.4454873,0.1
4875,-0.34406695,0.32699296,-0.42920732,-0.26374742,0.33114898,0.46475214,-0.005574487,-0.55787534,0.083333336
4876,0.107803814,-0.15164004,0.05814649,0.029668234,0.037643686,0.297182,-0.17848739,-0.27135876,0.1
4877,0.22027433,-0.1757623,0.29496795,0.08134376,0.14206415,0.16022529,-0.2689917,0.21602355,0.07692307
4878,-0.057419743,-0.0128443185,0.24348135,-0.043442808,0.2451461,0.5928263,-0.34335467,0.17756176,0.05882352
4879,0.6799944,-0.13240202,0.08747448,-0.21541888,-0.13742016,-0.04452148,0.1452273,0.24937885,0.083333336
4880,-0.43951517,0.025033444,-0.060826227,-0.20540798,0.40148085,0.93378836,-0.4370376,-0.6074218,0.09090909
4881,-0.29348344,0.32782346,-0.387964,-0.27006784,-0.18029772,1.1324412,0.16436501,-0.27752972,0.055555545
4882,0.5985835,0.06650221,-0.16052379,-0.24831587,-0.2340502,-0.07333104,0.51096624,-0.19065039,0.058823526
4883,-0.2728648,0.43796316,-0.095142365,-0.21806294,0.28801128,0.573586,0.24248295,-0.37201363,0.052631576
4884,0.26222444,0.060243532,-0.159066,-0.3605419,0.31861663,-0.02400612,-0.0384551,-0.19884886,0.07692309
4885,-0.2729952,0.15781173,-0.19367014,-0.35499048,0.09277832,1.1984981,-0.22936024,-0.0721523,0.09999999
4886,-0.12036082,0.31107396,0.23773038,-0.14263096,0.16751286,0.7438073,0.11938922,0.11540042,0.06666668
4887,0.2508573,0.045321148,0.62614065,0.24513438,0.3028106,-0.23163092,0.06629464,0.30420202,0.07142857
4888,0.022979282,0.020763256,0.2972622,-0.08447305,0.36914718,0.39266503,-0.35193405,0.38946724,0.05882353
4889,0.18440998,0.09858294,0.15926296,-0.21366417,0.31736588,0.15771046,-0.00676509,0.07628183,0.058823537
4890,0.058724158,-0.15440679,0.34276316,0.12992057,0.14573264,0.4210022,-0.42897946,0.40455905,0.052631576
4891,-0.28266782,0.24995029,0.48113722,0.110753834,0.66261846,0.20365496,-0.18084598,0.0849241,0.071428575
4892,-0.22559199,-0.04874289,0.30375147,0.32205814,0.21828966,0.35775632,-0.3017494,-0.18449728,0.083333336
4893,0.20750248,0.36133498,0.40995306,-0.029200293,0.17535132,0.03726703,0.59191805,-0.014425632,0.11111111
4894,0.35246995,0.13193595,0.21880779,-0.03790345,-0.048419878,0.1082478,0.34993958,0.1609532,0.06666668
4895,-0.24814749,0.13073827,0.34096482,0.15583536,0.27922195,0.5309317,-0.15754183,0.04701756,0.047619052
4896,0.1365889,-0.13680531,0.3538168,0.1679855,0.19669701,0.15034366,-0.30497527,0.2752107,0.07142858
4897,0.12383985,0.22639734,0.5228365,0.007598944,0.32570645,0.20840883,0.103646606,0.4554502,0.0625
4898,-0.23750123,0.082748175,0.35945475,0.0064216256,0.74644464,0.15791434,-0.49319762,0.07373344,0.0625
4899,0.16957021,-0.1136142,-0.13433774,-0.104418226,0.021897882,0.25717658,-0.21547285,-0.01542839,0.071428575
4900,-0.16261378,-0.40238112,0.17503333,0.11605011,0.43859625,0.3239417,-0.99363774,-0.17168255,0.1
4901,0.051073425,0.27143902,0.22346139,0.056741953,0.30852002,-0.118627995,0.32088935,-0.19425736,0.06666668
4902,-0.36378473,0.14159946,-0.25129265,0.0274833,-0.10119657,0.79960376,0.014134884,-0.6333999,0.06666667
4903,-0.2522904,0.36578798,-0.4967336,-0.45945644,0.3214739,0.5734335,0.08086935,-0.48582986,0.04761905
4904,-0.27564275,0.05172308,0.13179143,0.14958851,-0.14985569,1.064592,-0.03880316,-0.17584576,0.062499996
4905,-0.8243433,0.3209233,0.37534028,0.45495692,0.31000626,0.8892189,0.028401792,-0.77024335,0.07692307
4906,-0.43455127,0.38858074,-0.0804314,-0.17847195,0.5078953,0.56728643,-0.11049093,-0.16977383,0.06666668
4907,0.10910044,0.23929591,0.3060394,-0.08555821,0.37918484,0.12433961,0.09910211,0.26777163,0.058823526
4908,-0.023362957,0.20323126,0.3635828,0.089915946,-0.101318285,0.7735516,0.21174128,0.3471886,0.08333334
4909,0.16921225,-0.021815935,0.080993,0.08963677,-0.19976653,0.3978931,0.072517425,0.11085998,0.052631587
4910,0.48107412,-0.1004335,0.3313318,-0.22662121,0.2762651,0.08832159,-0.27428406,0.7432608,0.07692308
4911,-0.04619592,0.020547275,0.6566367,0.2183499,0.39059693,0.31752005,-0.27026528,0.16624464,0.16666667
4912,-0.32191506,0.1648355,-0.24482243,-0.18928856,0.26763535,0.7281176,-0.24099553,-0.33810207,0.045454547
4913,-0.7900477,0.13974786,0.10419728,0.15626368,0.42644513,0.98905087,-0.39156395,-0.82594055,0.10000001
4914,-0.15683998,-0.18784434,0.37189817,0.37931064,0.04809445,0.5294961,-0.4059239,-0.11435579,0.07692307
4915,0.33236727,-0.06625894,0.0012558699,-0.008167036,0.047887653,-0.20515975,0.098168015,-0.28900477,0.055555556
4916,0.567578,-0.17477016,0.0764996,-0.09592449,-0.017924607,-0.2367863,0.11844854,-0.1683468,0.05
4917,-0.025941215,0.5457954,0.41926497,-0.28286612,0.61429286,0.2990721,0.33581114,0.30565783,0.055555552
4918,0.4679453,-0.45419052,-0.07335818,-0.016897045,-0.15264647,0.002163902,-0.4056564,-0.057293218,0.05882353
4919,-0.42119786,0.18334883,-0.15042506,-0.062248565,0.11572098,0.9290815,-0.1270702,-0.37518275,0.05882353
4920,-0.004346505,-0.044936802,0.16129833,0.27009103,0.044829667,0.13700041,-0.041416228,-0.29098317,0.058823545
4921,-0.31854224,0.20834465,-0.44708174,-0.18104666,0.11294353,0.5701052,-0.044467703,-0.64272654,0.07692307
4922,0.1950849,0.08992149,0.50827813,-0.10035471,0.52547055,0.10749024,-0.22720617,0.6495183,0.099999994
4923,0.12782249,0.105778515,-0.03497994,-0.16783544,0.25056794,0.033789247,0.06025198,-0.2274109,0.050000004
4924,-0.28972164,0.14929491,-0.324852,-0.097113304,-0.06691098,0.7932815,0.056381136,-0.6069405,0.05263158
4925,-0.23168132,0.0002466552,0.57300615,0.10347166,0.45671105,0.6654981,-0.60706973,0.5110402,0.099999994
4926,0.26817375,-0.09727928,0.34614784,0.042407595,0.24560702,-0.02185437,-0.15340076,0.14613312,0.058823537
4927,-0.28464505,0.16044243,-0.22305916,-0.19379392,0.2666204,0.6176795,-0.18953875,-0.3507156,0.05882353
4928,0.38856462,0.027207559,-0.053154975,-0.6219721,0.6072017,0.029505432,-0.46084374,0.70593745,0.08333334
4929,0.061890446,0.2535643,-0.05123657,-0.34335083,0.4317711,0.14280975,0.023501083,-0.09301594,0.07692308
4930,-0.077134,0.121303976,0.34819382,0.28076175,0.17129576,0.15933302,0.09491336,-0.1549942,0.055555556
4931,-0.16371225,0.10934299,0.58576894,0.21737424,0.42626482,0.3572007,-0.20084368,0.24678278,0.055555552
4932,0.30660343,-0.14278816,0.20935571,-0.123722754,0.32915306,0.004480228,-0.37807947,0.38231727,0.062499993
4933,0.25200447,0.14415805,0.40889853,-0.083314665,0.47430485,-0.13232191,0.10483758,0.13815716,0.055555563
4934,-0.47373497,0.32510385,0.7921681,0.3276695,0.9764077,0.004134968,-0.1796109,-0.17002754,0.08333333
4935,-0.5090033,0.48967594,0.14919288,-0.033838905,0.5414471,0.59027505,0.10324116,-0.32534212,0.16666667
4936,0.4928619,0.15161861,0.40916777,-0.24927482,0.6325663,-0.5184145,0.057507575,0.40948448,0.07692309
4937,0.22297665,0.07681602,0.18930838,-0.019552566,0.390344,-0.27412638,0.025246978,-0.05241948,0.1
4938,0.13733807,0.037469942,0.042413794,-0.17362845,0.30857772,0.12248997,-0.11879259,-0.08776976,0.05882353
4939,0.24486873,-0.16396324,0.4984659,0.18313205,0.31253242,-0.10239488,-0.3318553,0.33913457,0.07142858
4940,-0.1812375,0.20084426,-0.1607096,-0.062497832,0.0151141435,0.58941346,0.12387352,-0.3864768,0.04545454
4941,-0.062006235,-0.08973795,0.32782972,0.3165914,-0.14705376,0.6180213,-0.12593105,0.049777176,0.06666667
4942,-0.19543329,-0.1618792,0.052489415,0.1636194,0.052258387,0.5706332,-0.44027078,-0.27045712,0.043478254
4943,-0.46512032,0.18008833,0.10766949,-0.06938816,0.36869946,0.85839814,-0.33285016,-0.13583262,0.07692307
4944,-0.02368366,0.073473796,0.3652159,0.24451485,0.4418769,-0.30865943,0.07226217,-0.6236381,0.125
4945,-0.247154,0.19784927,0.044309154,-0.07933537,0.18782854,0.7333476,-0.09903376,-0.020238843,0.05263158
4946,0.23537058,0.06696162,0.54384065,-0.10720042,0.45038497,0.23128265,-0.17936406,0.65140027,0.066666655
4947,-0.41848922,0.1565604,0.0022109002,-0.031045116,-0.0111622065,1.231342,-0.120645404,-0.1959884,0.07692308
4948,-0.5643681,0.1379013,0.11227727,0.106926054,0.37279868,0.8139344,-0.39581388,-0.42019698,0.071428575
4949,0.4011202,0.23256567,0.13236947,-0.31078517,0.4107017,-0.2536256,0.2726848,0.049756896,0.058823526
4950,0.29004025,0.1505043,0.150217,-0.4842717,0.45177436,0.33918238,-0.18170406,0.6607057,0.07692307
4951,-0.16573161,0.31856787,0.29675263,-0.10545734,0.88608867,-0.08752173,-0.13045788,-0.08262299,0.076923065
4952,-0.0028083548,-0.14714696,0.4293542,0.21405984,0.4378789,0.070421934,-0.50766885,0.2101774,0.099999994
4953,-0.15161455,0.116549954,0.21449515,0.08230521,0.18380651,0.5210751,-0.111692235,0.030689878,0.07692308
4954,-0.20657256,0.2158184,0.22065616,-0.12674809,0.43567127,0.53810954,-0.21118274,0.14382005,0.062499993
4955,0.5960835,0.0103207715,-0.0035731047,-0.43356347,0.34633756,-0.40055448,0.060253993,0.06357253,0.071428575
4956,0.639447,-0.26122594,-0.20221932,-0.11676056,-0.34866714,-0.089234635,0.17979057,-0.31926864,0.07692309
4957,0.51533365,-0.2697582,0.45655042,0.3510581,-0.20231248,-0.16791695,0.08080433,0.12548237,0.041666668
4958,0.8117153,-0.11060098,-0.05640082,-0.4835739,0.2973755,-0.5870055,-0.03257467,0.3197198,0.08333334
4959,0.28571057,0.40907264,0.2139428,-0.30949396,0.37463695,-0.049885213,0.4701923,0.16695139,0.043478265
4960,0.5460052,0.3608774,0.47707766,-0.2960257,0.31421757,-0.1180463,0.48286098,0.6013477,0.09999999
4961,0.055979997,0.11178739,0.020373516,-0.040698744,0.12268321,0.23569037,0.06205827,-0.12196003,0.07142858
4962,0.5935749,-0.15662545,-0.067620024,-0.122049786,-0.19618969,-0.15017909,0.23597385,-0.2386512,0.0625
4963,-0.13481565,0.14737394,-0.09394379,-0.2979333,0.7579104,0.045005977,-0.46505618,0.0023481026,0.090909086
4964,0.75139326,0.24749616,0.19687022,-0.63450533,0.12516859,0.1552628,0.40733457,0.7443911,0.0909091
4965,0.21844086,-0.17194825,0.043625236,-0.14927676,0.2918205,0.10123036,-0.38407028,0.014867242,0.08333333
4966,0.345049,-0.0020073503,0.10520035,-0.27284577,0.4330768,-0.17348376,-0.16799499,0.11274234,0.09090907
4967,-0.44576436,0.6070269,-0.28753746,-0.5255509,0.42975783,0.9628073,0.12452161,-0.1512586,0.071428575
4968,0.22421059,-0.0547524,0.17943926,-0.3214425,0.52237564,0.14420435,-0.47495645,0.4348043,0.06666668
4969,-0.24596828,-0.0076568387,0.29202944,0.027797133,0.33126378,0.7211215,-0.41049522,-0.053152237,0.07142856
4970,-0.093902916,0.06730813,0.5452432,0.04490066,0.62521464,0.19615802,-0.41336185,0.2786604,0.058823545
4971,0.18385234,0.27819616,-0.39002025,-0.59699255,0.18955824,0.3788439,0.15011446,0.027075764,0.062499996
4972,0.09505097,0.12467268,0.037913658,-0.087127306,0.08992952,0.22364295,0.18611522,-0.20500635,0.05882353
4973,-0.0075484365,0.091905385,-0.49073803,-0.21730602,-0.31692594,0.75321484,0.12163265,-0.3532099,0.055555552
4974,0.2367293,-0.22837205,0.24897775,0.24887007,-0.15605305,0.1988562,-0.07411254,-0.09767416,0.058823522
4975,-0.024512928,0.073195025,0.40470827,0.05047334,0.34722716,0.35866126,-0.24183893,0.31616628,0.055555552
4976,0.19699976,-0.1600217,0.18396358,-0.16753125,0.555568,-0.039068714,-0.5923734,0.36167696,0.058823526
4977,0.03573686,0.043361828,0.2610587,-0.053861238,0.5723526,-0.052216217,-0.32612336,0.11326707,0.062499996
4978,-0.3393806,0.2305139,-0.1914875,-0.362483,0.3392614,0.89135104,-0.29829538,-0.08344208,0.06250001
4979,-0.37319416,-0.028598126,0.21727541,0.024819769,0.58885354,0.5053696,-0.5988009,-0.31651697,0.09090909
4980,0.014666274,0.08522402,0.4667083,-0.11927948,0.76073855,0.082558796,-0.4814999,0.4958416,0.06666667
4981,-0.030675165,-0.089316115,0.1284687,-0.14459226,0.43722075,0.41248843,-0.61863375,0.29269898,0.058823526
4982,0.4074274,-0.16678509,0.515328,0.3199706,0.00045703351,-0.20154232,0.040855765,0.1584456,0.062499985
4983,-0.2121332,0.58784384,0.9691988,0.19418466,0.6803264,0.28787217,0.27540362,0.5263572,0.125
4984,0.7489272,-0.21602575,0.18236084,-0.09677013,-0.17220317,-0.19346139,0.11399183,0.23913918,0.07142856
4985,-0.1338127,0.05935902,0.69089836,0.30681956,0.23589326,0.5653367,-0.17315775,0.29142615,0.083333336
4986,0.08147786,-0.116057605,0.3320949,0.051237687,0.20314986,0.3278004,-0.34817463,0.25251555,0.07142858
4987,0.30683205,-0.025134314,0.2707284,-0.07862628,0.31136507,0.022903726,-0.21235885,0.48177812,0.0909091
4988,-0.23139805,-0.16486917,0.53483766,0.17693523,0.35454577,0.718388,-0.5980429,0.16945346,0.09090908
4989,0.18261194,0.13961518,0.029855162,-0.38149092,0.98758173,-0.70415837,-0.21937075,-0.3055146,0.09090908
4990,0.4296175,0.19501808,0.07273373,-0.43031198,0.2330432,0.14073285,0.19634037,0.31966266,0.08333334
4991,-0.11018803,-0.114115074,-0.3280233,-0.32175297,0.25154555,0.58928823,-0.5496835,-0.27956888,0.06666666
4992,0.16005751,0.017183885,0.35595757,0.12584376,0.15236716,0.08957901,-0.024501652,0.123101875,0.06666667
4993,-0.2840359,0.23829684,0.028756082,-0.31242165,0.20761947,1.1152949,-0.21712768,0.17146005,0.083333336
4994,0.24171701,-0.13395251,0.4414751,-0.048715092,0.43060017,0.12274977,-0.5199194,0.73736626,0.11111111
4995,-0.15599465,0.39181593,0.2251167,-0.0667217,0.40254936,0.3215422,0.22664998,-0.10239497,0.055555563
4996,-0.37981948,0.20706566,0.35759184,0.12933733,0.4644614,0.4929036,-0.21207844,-0.15777856,0.055555556
4997,-0.08567996,-0.17162777,0.4587137,0.17875,0.3114935,0.44699702,-0.57265985,0.2752399,0.083333336
4998,-0.4074393,0.3409227,0.7204085,0.5609675,0.42638052,0.122381,0.23572375,-0.45694914,0.12499999
4999,-0.3902198,0.072992474,0.031410202,0.10082822,0.1552792,0.77018404,-0.22911483,-0.3139191,0.0625
5000,-0.27861264,0.31672916,0.01985193,-0.2688686,0.45532095,0.66570014,-0.12154905,0.0075187646,0.04545455
5001,-0.16526115,-0.14690022,0.51675117,0.15540907,0.6000838,0.24522951,-0.7178679,0.17918864,0.05263158
5002,0.75322145,-0.029752612,0.30968195,-0.02291336,0.102871716,-0.7698593,0.49836588,-0.24962147,0.07142857
5003,-0.22510749,0.34942275,0.21042877,0.054781992,0.6699777,-0.17603838,0.07008025,-0.5569135,0.058823537
5004,0.5974051,0.14567392,-0.06083615,-0.48725748,0.21606201,-0.18077064,0.23866029,0.29943374,0.09090909
5005,-0.5141953,0.18327682,0.18361059,0.08697281,0.07425935,1.175108,-0.15887387,-0.21699722,0.058823522
5006,-0.2707895,0.11431977,-0.12561928,-0.24015623,0.14484148,1.0174339,-0.33107483,0.034617748,0.06666667
5007,0.14322573,0.02344406,0.24383208,-0.008972548,0.2745899,0.09044548,-0.13325268,0.19516356,0.08333332
5008,0.721205,0.010458972,-0.09895973,-0.36173755,-0.18344058,-0.0820376,0.4062426,0.12531297,0.11111111
5009,-0.014163375,-0.17032075,0.09704965,0.11693696,0.060800985,0.3677119,-0.34264994,-0.1076106,0.0625
5010,0.12739462,0.11945833,0.56748724,-0.082850076,0.675569,0.01590246,-0.28939193,0.58687747,0.07692307
5011,0.17203331,0.087210044,0.3889107,-0.05521869,0.31075495,0.17492062,-0.03227564,0.23378971,0.06666667
5012,0.24181321,-0.2554241,0.55137044,0.29878223,0.1549372,-0.042536452,-0.32790655,0.2672294,0.09999999
5013,-0.54859304,0.53330106,0.09453072,-0.024796493,0.47980773,0.60045123,0.21628563,-0.58739376,0.090909086
5014,0.6027355,-0.24364239,0.076615304,-0.04066401,0.041881517,-0.4057604,-0.084350616,0.05487362,0.083333336
5015,0.49755833,0.30946645,-0.038947955,-0.6107415,0.32011807,0.01445581,0.26100433,0.46857032,0.0625
5016,-0.3613086,0.4051957,0.090356454,-0.01767274,0.2946782,0.59481597,0.1728823,-0.37870476,0.06250001
5017,-0.12266853,0.028657205,0.0848064,-0.1024869,0.25746384,0.6692003,-0.30832097,0.033331055,0.06666667
5018,0.29791588,-0.080193445,-0.0059963316,-0.33383128,0.45908862,-0.02980847,-0.41828537,0.27468398,0.07692309
5019,-0.55321753,0.082209766,-0.19847761,0.14480615,0.43612772,0.26578796,-0.3568905,-0.98141783,0.09999999
5020,0.039346628,-0.2241929,0.30870932,0.14483166,0.32480854,0.16189198,-0.58099675,0.24782823,0.049999993
5021,0.28415725,0.006890485,0.3318804,-0.2038792,0.41945416,0.07782968,-0.20774806,0.40511066,0.05263158
5022,0.010953143,-0.12424278,0.52503306,0.24223927,0.32783353,0.17691025,-0.43361384,0.33262777,0.049999997
5023,0.29115516,0.023988882,-0.05828476,-0.1927025,0.094768345,0.040974118,0.04556766,-0.061777662,0.05882353
5024,0.29090124,0.03818952,0.1601425,-0.17423758,0.36931926,-0.18189347,-0.0065087453,-0.06493108,0.03999999
5025,-0.24122688,0.6913102,-0.12782745,-0.38184553,0.3843903,0.5028049,0.500503,-0.12997541,0.06666667
5026,-0.23311913,0.16527821,0.36894962,0.023004599,0.30272204,0.74946404,-0.21642846,0.25477412,0.07692308
5027,-0.38617128,0.042537797,0.25744033,0.13171428,0.6578862,0.28344285,-0.49214375,-0.327921,0.06666667
5028,-0.07520224,-0.18416752,0.35694093,0.37351012,0.10940577,0.21704471,-0.3189274,-0.17323853,0.083333336
5029,-0.009771928,-0.18093894,0.2371663,0.33781987,0.28431094,-0.23305395,-0.26342964,-0.5968082,0.07692308
5030,-0.32653287,0.112244114,0.4072351,0.044140052,0.12685966,1.1793298,-0.14965588,0.12891263,0.0909091
5031,-0.19099495,0.15998706,0.4805621,0.18197969,0.06862186,0.80929804,-0.037876725,0.35364017,0.099999994
5032,-0.59692395,-0.053541835,-0.24378191,0.21114281,0.19736084,0.6486484,-0.35842764,-1.0866686,0.14285715
5033,0.12993732,0.016714444,0.07196778,-0.44937128,0.8026441,-0.0485439,-0.5457023,0.22105826,0.071428575
5034,-0.020085208,0.10195984,0.8492155,0.26598278,0.5216768,0.16582645,-0.20475829,0.65200204,0.0625
5035,0.38609093,-0.1787253,-0.030578896,0.037761956,-0.08496438,-0.11842704,0.040441796,-0.2625204,0.083333336
5036,-0.6460115,0.37307197,0.23775077,0.0050145164,0.8307929,0.5037317,-0.2806822,-0.51416296,0.07142858
5037,-0.48775315,0.40335348,-0.07157184,-0.12088726,0.2407148,0.93810576,0.014929473,-0.25977677,0.07692308
5038,-0.22305736,-0.24288042,0.3476529,0.09520179,0.28837472,0.79025424,-0.82897174,0.33544895,0.12499999
5039,-0.030173387,-0.0794868,0.26242846,0.302044,0.0779211,0.18863565,-0.12081852,-0.21292277,0.047619037
5040,-0.14263192,0.117416814,0.17906912,-0.055973075,0.3394113,0.4424419,-0.21294083,0.018376324,0.05555555
5041,-0.056117147,0.2344455,-0.24563362,-0.34329018,0.22985935,0.40748474,0.05050887,-0.25616065,0.055555563
5042,-0.5083063,0.16434106,0.27967396,0.13714132,0.5745772,0.56082654,-0.36635095,-0.3304884,0.0625
5043,0.7439322,0.11098549,0.090387456,-0.5185,0.28650284,-0.3937591,0.3168096,0.23148175,0.0625
5044,-0.3579004,0.15223041,0.4907695,0.25360975,0.7941539,-0.03386721,-0.31182697,-0.2602282,0.09090909
5045,-0.09960386,-0.14694777,0.05133731,0.055987686,0.081153475,0.5775323,-0.45066965,0.026567701,0.047619045
5046,-0.06900477,0.025151052,-0.41509974,-0.12853357,0.1405792,0.13834342,-0.08434007,-0.64068,0.090909086
5047,-0.050350096,0.01324398,0.6512226,0.21008033,0.19722772,0.613952,-0.28487992,0.6240773,0.05263158
5048,-0.39843038,0.084697634,0.23409607,-0.02905742,0.5864775,0.6866794,-0.55958647,0.047667116,0.05882353
5049,-0.4249483,0.13396515,0.7004855,0.41488582,0.6331353,0.33954984,-0.3070491,-0.07285762,0.0909091
5050,0.39261162,-0.06846927,-0.12998976,-0.13458902,-0.036309063,-0.108563244,0.16560976,-0.3110411,0.07142858
5051,0.4182538,-0.18706833,-0.09564215,-0.11747148,0.14126028,-0.30017143,-0.11849861,-0.2363712,0.05
5052,-0.25788808,0.008161973,-0.1674669,-0.051546805,0.18861388,0.5393003,-0.2452814,-0.58302754,0.0625
5053,-0.1758576,0.16482727,0.077664085,-0.089758314,0.5107003,0.21869926,-0.22764617,-0.22643606,0.055555552
5054,-0.54347444,0.22385232,-0.17612578,-0.13212407,0.36634368,0.8765409,-0.27851668,-0.4684585,0.06666665
5055,-0.11510051,-0.14780179,0.19998078,0.27673513,0.0842928,0.37087688,-0.3004021,-0.26188496,0.05882353
5056,0.24128908,0.019303922,0.25757104,-0.28231287,0.5327247,0.10366084,-0.3773662,0.5734434,0.06666666
5057,0.33486605,0.0626636,0.069382116,-0.22610497,0.12689297,0.11508617,0.122411326,0.12526704,0.06666666
5058,-0.48293138,0.34877437,0.15904897,0.0486022,0.70769775,0.17290851,-0.04723479,-0.5141875,0.06250001
5059,-0.00064136833,0.06247752,0.13485296,-0.12427696,0.18446082,0.5529481,-0.21621868,0.33325538,0.0625
5060,-0.3946277,0.0485581,0.35561603,0.37914896,0.16241959,0.57718444,-0.10014365,-0.51023996,0.062500015
5061,0.8120465,-0.17353956,0.09941493,-0.2818742,0.07063292,-0.43021542,0.07095423,0.26359075,0.06250001
5062,-0.29060075,-0.009906169,0.07776677,0.032032773,0.42399448,0.43917164,-0.4585222,-0.28955406,0.055555556
5063,-0.27066734,0.17028455,0.16756561,0.12569854,0.22162953,0.5077272,-0.037934855,-0.20482673,0.09090909
5064,-0.5636632,0.16318889,-0.17465489,-0.04374834,0.17994441,1.0423489,-0.2156738,-0.50861365,0.06249999
5065,0.074849,-0.029805735,0.030527689,-0.101770915,0.4127779,-0.01075656,-0.3000903,-0.03136238,0.05263158
5066,0.18747619,0.07904644,0.17338824,-0.079494156,0.21762486,0.07679952,0.038660035,0.11117534,0.05882353
5067,-0.3177759,0.24628837,0.32236725,0.0020593852,0.35496053,0.7521209,-0.14099212,0.12947842,0.11111111
5068,0.17550054,0.16739103,0.39979547,0.013394736,0.2571392,0.10743888,0.1431921,0.19920503,0.049999997
5069,-0.00121288,0.085003465,0.5435304,0.150897,0.28457937,0.33464757,-0.09598541,0.31857845,0.04761905
5070,-0.087603495,-0.0082285805,0.43184996,0.1917519,0.2055679,0.47786623,-0.25252408,0.22805639,0.045454536
5071,-0.14439029,-0.31423938,-0.05355318,0.032488786,0.08452974,0.6164566,-0.6819022,-0.21809183,0.09999999
5072,-0.37034166,0.26609865,0.15244682,0.16635351,0.38366938,0.32690397,-0.034464523,-0.33189029,0.083333336
5073,-0.7043433,0.09719667,0.53949803,0.45222208,0.14649364,1.219598,-0.28202444,-0.33429208,0.12500003
5074,0.37163585,0.037878796,-0.024718538,-0.21369672,0.11054849,-0.061402887,0.12136021,-0.016963933,0.055555556
5075,0.7179725,-0.13609011,-0.109952405,-0.28603446,-0.057470396,-0.32972094,0.22389339,-0.11690338,0.06250001
5076,0.037415944,-0.01870818,0.18839628,0.12932107,0.16555566,0.12456093,-0.068264954,-0.286246,0.08333332
5077,-0.4454627,0.46971646,-0.3486774,-0.24183908,0.24862644,0.7917312,0.16248615,-0.44784662,0.11111111
5078,-0.040674455,-0.114160314,0.4232462,0.3565123,0.055027127,0.31959465,-0.17999978,-0.11543183,0.0625
5079,0.2965569,0.022623582,-0.051992357,-0.3859002,0.3488977,0.07385559,-0.17704546,0.05923132,0.09090909
5080,0.11798901,-0.11953029,0.27836186,0.13455981,0.26205313,0.0033180118,-0.29940286,0.076578364,0.0625
5081,-0.30610806,-0.10230456,0.1563805,0.25641316,0.42242086,0.17830707,-0.41936088,-0.59403884,0.111111104
5082,-0.38644582,0.18547226,-0.33654666,-0.10953834,0.014097184,0.87193716,-0.10523684,-0.385551,0.05882353
5083,0.24245551,0.35519877,0.21697405,-0.16632181,0.47897243,-0.42994618,0.5851474,-0.6206553,0.12499999
5084,0.21494424,-0.23104122,0.07091896,0.11102574,-0.04234922,0.11127344,-0.26199868,-0.038817573,0.05882353
5085,-0.45262408,0.34891638,0.14118889,0.267661,-0.09501867,0.8783368,0.43933505,-0.5456548,0.071428575
5086,-0.47150722,-0.15398817,0.060847446,-0.061783664,0.32159752,1.1038901,-0.7718924,-0.26434526,0.0625
5087,0.4376813,0.13772818,-0.28025228,-0.7917975,0.5501109,-0.095373675,-0.14955229,0.25537986,0.055555563
5088,-0.09927258,-0.36500183,-0.13739853,0.15171018,0.10494789,0.23518555,-0.6149234,-0.5650797,0.062499996
5089,0.056989796,-0.094554305,0.20511189,0.09775769,0.31560916,-0.0038093776,-0.25583124,-0.12948233,0.04761905
5090,-0.28127393,0.03539133,-0.769222,-0.35672408,-0.011548147,0.78054965,-0.26051068,-0.74595666,0.071428575
5091,-0.16406365,0.17597552,0.74479216,0.15164214,0.6665532,0.27119106,-0.23379356,0.28156415,0.055555563
5092,0.19960707,0.056592677,0.14244609,-0.28678176,0.4597634,0.067045584,-0.22005826,0.2603078,0.04347826
5093,0.35002223,0.09491937,-0.0042237192,-0.2988303,0.33767557,-0.17901003,0.01528807,0.061141796,0.047619037
5094,0.4694561,-0.09754416,0.4119839,0.07272476,0.38824654,-0.6118195,-0.088644594,0.21641757,0.058823537
5095,0.34972504,0.01688898,0.29464418,-0.21048635,0.5192437,-0.16930264,-0.17233884,0.33957028,0.12499999
5096,0.12646866,0.2723141,0.55051076,-0.28263226,0.66481394,0.29863474,-0.20188637,0.9653005,0.07142857
5097,0.30572143,0.1457653,0.39278752,-0.18192118,0.36180794,0.0650996,0.050030768,0.41240707,0.11111111
5098,0.602055,0.1517087,0.113895856,-0.3160089,0.09336308,-0.23582342,0.41905367,0.17385466,0.062499993
5099,0.31540278,-0.046322677,0.05868616,-0.3460247,0.38721198,0.09885307,-0.3070342,0.3641936,0.090909086
5100,-0.36978802,-0.09502433,-0.05730252,0.13190034,0.1290448,0.68998015,-0.37567335,-0.53069484,0.09090908
5101,-0.36803395,0.19268729,0.24153902,0.14686899,0.32495743,0.52405685,-0.08405965,-0.2979127,0.10000001
5102,-0.5972344,0.37810922,-0.06550467,-0.040823348,0.32773972,0.8765512,-0.031623,-0.39058632,0.08333333
5103,0.76244557,0.08645241,-0.46679664,-0.69982696,-0.04261802,-0.21384549,0.3007214,0.12768911,0.125
5104,0.03796772,0.13356383,0.31588864,-0.09724144,0.15460318,0.62507147,-0.03051272,0.25339615,0.049999993
5105,-0.15296337,-0.19237371,0.25481206,-0.021730669,0.3882847,0.59104365,-0.7671896,0.1804285,0.07692308
5106,-0.012887299,-0.14615072,0.32293135,0.08747533,0.6329232,-0.13239586,-0.6256559,0.037988454,0.055555563
5107,-0.13993615,-0.12783232,0.13756596,0.3234015,0.0752738,0.24800688,-0.24861486,-0.41171253,0.06666667
5108,0.4511225,-0.14027146,-0.16967092,-0.14528108,-0.13779746,-0.087078035,0.14031254,-0.35038036,0.049999997
5109,0.042205863,0.02254415,0.9093485,0.33015245,0.63152426,-0.14629021,-0.31951106,0.69159156,0.16666669
5110,-0.01164227,-0.022263404,0.14295232,-0.004383333,0.2416791,0.34113315,-0.28632602,0.02038189,0.06666667
5111,0.069989435,0.10300623,0.031627506,-0.28598565,0.73009855,-0.18116575,-0.34432632,0.0073533915,0.08333334
5112,0.25592524,-0.0007867608,0.17128053,0.029164456,-0.025540963,0.08907583,0.15966861,-0.14252362,0.07142857
5113,0.07047487,-0.312722,0.18563017,0.040062353,0.35375714,0.15614374,-0.7005311,0.058868334,0.05882353
5114,-0.6286602,0.17492898,0.56301296,0.36769187,0.46868992,0.655726,-0.27996653,-0.39346063,0.11111111
5115,-0.1722935,0.1286656,0.28512335,0.052535057,0.19316986,0.68164116,0.0014387667,-0.100276366,0.06666667
5116,0.65364987,0.07786806,0.04750731,-0.63671756,0.2942602,0.042957354,0.012419477,0.67269087,0.05882353
5117,-0.436982,0.056248687,-0.052672327,-0.12890151,0.27810186,1.0439217,-0.5498698,-0.08038339,0.07692308
5118,0.37802082,0.34493884,0.066960566,-0.51251054,0.5411765,-0.20135748,0.27274442,0.20132352,0.09090909
5119,0.7042763,-0.28188148,0.40897572,-0.084739946,0.2112998,-0.3693413,-0.23454393,0.5289034,0.05
5120,-0.09942016,0.21582133,-0.02333787,-0.3306576,0.30316225,0.6991112,-0.16412999,0.20819202,0.05263158
5121,-0.44824144,-0.0462476,0.26576835,0.16315469,0.55873585,0.55472314,-0.64812773,-0.29963288,0.052631572
5122,0.894451,-0.26930666,0.05081001,-0.3365994,-0.056099758,-0.25543234,-0.068286896,0.52016187,0.071428575
5123,-0.2883097,-0.07716067,-0.0815319,0.19796856,0.061125882,0.48767972,-0.15175188,-0.74574435,0.06666666
5124,0.49015865,0.056903683,-0.022170171,-0.51411176,0.5192455,-0.24923182,-0.15568931,0.35270837,0.11111111
5125,0.41675344,0.1651912,-0.041020557,-0.3841256,0.27674484,-0.1577541,0.19786824,0.041919947,0.05882353
5126,0.31107524,0.3133843,0.27165678,-0.13925067,0.13409977,0.008881837,0.44553852,0.25180072,0.083333336
5127,-0.00028880686,0.11625992,1.0607736,0.3651804,0.48832285,0.27492177,-0.25700033,0.912712,0.0909091
5128,-0.3605559,0.3323303,-0.4980383,-0.44418174,0.08754585,1.0593731,-0.048035957,-0.30557013,0.06666666
5129,0.6334682,0.059316453,0.2850796,-0.23568165,0.1379501,-0.19373566,0.25542545,0.4146316,0.06666666
5130,-0.7137989,0.23952852,0.18090098,0.0032477602,0.4053343,1.2333049,-0.30734256,-0.34366438,0.090909086
5131,0.6360887,-0.077203244,0.11859454,-0.2226707,0.29301018,-0.5366362,0.041310236,0.114996925,0.08333333
5132,0.36149096,0.11607322,0.1528719,-0.23367992,0.17186461,0.09710625,0.13863204,0.24875197,0.04545455
5133,-0.25252873,-0.055524595,0.29545408,0.20602408,0.5649809,0.15585914,-0.4865654,-0.24550341,0.047619037
5134,0.21438962,-0.056292035,0.369393,0.236554,0.10902632,-0.12881157,0.07552455,-0.16218123,0.07142856
5135,-0.08107704,-0.3076117,0.0819429,0.19401383,0.23928672,0.15377507,-0.60763174,-0.3189892,0.052631587
5136,0.78187495,-0.03600866,0.56415874,-0.166583,0.08099134,-0.22635108,0.26080048,0.5897256,0.11111111
5137,0.38728097,0.022927571,0.35068524,0.033630706,0.17402813,-0.15543324,0.12911026,0.114846125,0.08333332
5138,-0.47245577,0.15591483,0.1348107,0.25355548,0.041094735,0.7822517,0.006405771,-0.4832491,0.09090909
5139,0.006167054,0.06325534,0.41444933,0.081250384,0.23494221,0.4239152,-0.16643673,0.28157312,0.06666667
5140,-0.06510451,-0.045388043,-0.03675726,-0.06792215,0.36268,0.21293591,-0.38997424,-0.10993467,0.06666668
5141,-0.38589665,0.09718521,0.43146187,0.53053564,0.0486172,0.58068293,-0.0019579306,-0.37443602,0.083333336
5142,0.12638485,0.10340579,-0.19298474,-0.10663114,-0.20850901,0.41111344,0.3551991,-0.5188327,0.07692307
5143,-0.29539376,0.057556123,0.10275333,0.078476876,0.25579083,0.5384566,-0.25815535,-0.2901756,0.041666675
5144,0.5717744,-0.27890086,0.15078095,0.13818967,-0.3012507,-0.16975021,0.21395223,-0.27256224,0.055555552
5145,0.7388867,-0.22222802,0.210534,0.08119995,-0.28741747,-0.36606628,0.33986324,-0.084120885,0.049999997
5146,0.8659189,-0.10720901,0.15096645,-0.16855639,-0.071116924,-0.5520593,0.41477787,-0.012585718,0.12500001
5147,0.62755966,-0.1730584,0.25748807,-0.19439256,0.2636141,-0.29067653,-0.21425548,0.53460455,0.066666655
5148,-0.044448152,-0.059026603,0.1362685,0.027594738,0.15952809,0.42145476,-0.30154216,-0.006672349,0.058823526
5149,-0.13179621,-0.17051317,-0.12014718,0.09351154,-0.12651788,0.6997601,-0.32406053,-0.2899038,0.055555556
5150,0.30740035,0.40012318,0.5004359,-0.23882169,0.3825562,0.094863646,0.43081307,0.48008844,0.055555556
5151,0.17601606,-0.08835484,0.02620916,-0.0587349,0.13645591,0.17440513,-0.22909574,0.09827216,0.076923095
5152,0.2661405,-0.2612458,0.20274952,0.16060755,0.04237725,-0.016024128,-0.2739397,0.005695354,0.055555556
5153,-0.2876439,0.073376924,0.38865572,0.114984654,0.38972747,0.6342943,-0.41049165,0.22431338,0.06666666
5154,-0.39602154,0.08364338,0.3129636,0.53019696,-0.33483654,0.9594069,0.12097484,-0.34712106,0.07142857
5155,-0.5014707,0.23461433,0.034737714,-0.11468575,0.43800032,0.85573816,-0.30923557,-0.26096737,0.076923065
5156,-0.2988186,0.3178761,0.0007242337,-0.20335844,0.35789692,0.6500077,-0.063334815,-0.15726694,0.058823537
5157,-0.0029252842,0.089197114,0.50223655,0.022395343,0.5386124,0.16927549,-0.263449,0.34005496,0.05263158
5158,-0.43710357,0.16205142,0.31968224,0.33566648,0.2803815,0.53136516,-0.1200638,-0.29996198,0.07142857
5159,0.006133236,0.47214746,0.3607788,-0.25447136,0.51524997,0.33628207,0.2513138,0.36255234,0.06250001
5160,0.7853593,-0.33601108,0.06022978,0.14184645,-0.5310168,-0.27568734,0.3390112,-0.2517646,0.062499996
5161,0.5427783,0.15477352,-0.1178104,-0.43823332,-0.05656378,0.08140812,0.38316065,0.1580401,0.0625
5162,-0.6745125,0.50853425,0.17819855,-0.0059062764,0.6952773,0.55481493,0.047672465,-0.46924844,0.07692308
5163,-0.30148867,0.4157311,-0.093647406,-0.24426377,0.38959724,0.49974278,0.18609984,-0.39868426,0.0625
5164,0.17161328,0.08797963,-0.11341621,-0.37502986,0.31967202,0.18338752,-0.118513964,-0.0015911497,0.07692309
5165,0.073137455,-0.038710006,0.29826674,-0.19895864,0.5297318,0.29762483,-0.55129147,0.3843466,0.07142856
5166,0.6309529,-0.09819287,0.30548793,0.13078187,-0.1448593,-0.38258722,0.43771404,-0.18981,0.055555552
5167,-0.014407352,-0.31687713,0.5920911,0.56335604,0.18295068,0.05264473,-0.51371276,0.11648308,0.076923065
5168,0.61329687,-0.13898271,-0.2034591,-0.34718513,0.052030385,-0.2990352,0.04159321,-0.1115607,0.058823526
5169,0.5503947,0.012398139,-0.354141,-0.39050964,-0.37199485,0.3115569,0.3702488,-0.041261856,0.08333333
5170,0.36430946,-0.18206783,0.005975172,-0.14998436,0.14293917,-0.0067590773,-0.33520383,0.32315865,0.06666665
5171,-0.22745976,-0.146391,-0.3289652,-0.121848054,-0.022500902,0.8877617,-0.46972543,-0.31677783,0.07692308
5172,-0.17962912,0.11131628,0.2942831,0.047519755,0.27285752,0.62409335,-0.26246193,0.3192171,0.0625
5173,0.41101032,0.065182,0.30499548,-0.15738621,0.4195962,-0.40836716,0.1398453,0.033882618,0.06666667
5174,0.10482178,-0.26970032,0.21789256,0.4155099,-0.034649715,-0.08866921,-0.13215078,-0.4724982,0.0625
5175,-0.06271447,0.028083734,0.41901398,0.08985384,0.4847771,0.15507811,-0.3614214,0.23770359,0.07692308
5176,-0.18506649,-0.07910903,-0.023476347,-0.06285653,0.035281494,0.87929356,-0.3752275,-0.06470984,0.05263159
5177,-0.080448925,0.16087613,0.3536709,0.08734821,0.4742878,0.107827544,-0.10021095,-0.032629568,0.06250001
5178,-0.44180474,0.21230124,0.25781178,0.15771303,0.048249587,1.0267715,0.024023488,-0.27585253,0.076923065
5179,0.32474488,-0.06893185,0.033129424,-0.12513894,0.08642948,0.07952073,-0.0890684,0.16130647,0.071428575
5180,0.25518405,0.24878643,-0.026048124,-0.2981603,0.25555342,0.012197301,0.17267163,0.17948353,0.083333336
5181,-0.22620055,-0.26139677,-0.018911824,-0.06460319,0.3973216,0.55553794,-0.8505572,-0.11200069,0.11111113
5182,0.61439174,-0.071687624,0.09953153,-0.19685626,0.11669867,-0.37699187,0.2135054,-0.095375374,0.07692308
5183,0.46707335,0.12534909,0.42601508,-0.1433773,0.32172692,-0.21700451,0.21944846,0.36409652,0.07142857
5184,-0.26887652,0.48631895,0.39530647,-0.045565,0.72236574,0.10218011,0.17077713,-0.0960951,0.11111113
5185,0.30189788,-0.14046618,-0.2750615,-0.19961351,0.19201775,-0.2903847,-0.18736988,-0.3675343,0.058823537
5186,0.6964499,-0.16493814,-0.21604322,-0.3538415,-0.25667995,0.030233368,0.13179277,0.09628135,0.09090909
5187,-0.2174316,-0.019312423,-0.21032889,-0.106176235,0.21646464,0.5061717,-0.43266892,-0.30545983,0.071428575
5188,-0.34120443,0.42233196,-0.11015381,-0.117902376,0.23503439,0.6320013,0.19315328,-0.309284,0.058823522
5189,-0.28327882,0.4115944,-0.2647909,-0.4720608,0.47748291,0.59824556,-0.0752894,-0.10588457,0.07692309
5190,-0.19679809,-0.06856823,0.121482775,0.12938684,0.08192578,0.55729365,-0.32138163,-0.25629637,0.08333334
5191,-0.16574004,-0.14458805,0.7068921,0.37054697,0.30126417,0.5269332,-0.539585,0.34062266,0.058823537
5192,0.030772097,0.1692672,0.07112636,-0.16267776,0.5811772,-0.14441802,-0.1741462,0.05805353,0.047619052
5193,0.36813775,0.16845793,0.35573152,-0.15945151,0.2994846,-0.053160295,0.20408313,0.3682404,0.052631572
5194,0.21096814,0.008437731,0.15804967,-0.12270867,0.54080236,-0.33127886,-0.18001588,-0.100394994,0.050000004
5195,-0.0067997053,-0.19152711,0.4185105,0.09359611,0.5927637,0.08051577,-0.6916187,0.23470215,0.07142857
5196,-0.19716066,-0.24667569,-0.00528951,0.071737565,0.1097828,0.6676623,-0.6866149,-0.10162808,0.1
5197,0.06331038,0.2673661,0.161145,-0.30232826,0.48617244,0.22869489,0.0064447448,0.23458582,0.058823522
5198,-0.012411788,0.033212654,0.304261,0.17408295,0.41972655,-0.11269644,-0.13885427,-0.11590688,0.047619052
5199,0.058203183,-0.027661435,0.14819486,0.21888039,-0.0014384985,0.213222,-0.002065368,-0.16870755,0.07692308
5200,-0.14507875,-0.17202467,0.06093508,-0.09938715,0.3318531,0.61595255,-0.64947236,-0.06915417,0.06666667
5201,-0.20650557,0.2248837,0.36662585,0.12433712,0.5865989,0.08065739,-0.19657977,0.08148895,0.12499999
5202,-0.20343778,-0.0298444,0.6794143,0.5365458,0.17339408,0.29273096,-0.104620814,-0.15795465,0.07692308
5203,0.49589053,-0.19759063,0.29376516,0.0485806,0.15272461,-0.32970393,-0.06882354,0.025185335,0.09090909
5204,-0.3409791,-0.12685134,0.034016922,0.012028195,0.6959418,0.15570796,-0.7175946,-0.8839462,0.11111111
5205,-0.17947371,0.31913522,0.5461044,0.26519004,0.27722847,0.3880623,0.19743253,0.10645431,0.08333333
5206,-0.2753312,-0.08786203,0.24318129,-0.20811838,0.72182596,0.66153246,-0.9216019,0.20024231,0.052631587
5207,-0.17020379,0.17048466,0.07082848,-0.10671977,0.23514794,0.64419365,-0.14098041,0.082902424,0.083333336
5208,-0.054009013,-0.33996585,0.37851572,0.2425662,0.19338343,0.47404268,-0.7555931,0.29216313,0.10000001
5209,-0.3860471,-0.034345012,0.34482443,0.4887185,0.3453756,0.17441218,-0.31265867,-0.5412491,0.07142856
5210,-0.41160348,-0.19343057,0.47295076,0.1829378,0.30365574,0.9650617,-0.69939274,-0.16320203,0.1
5211,-0.08942786,0.053069662,0.49789256,0.38301077,0.43524504,-0.22314766,-0.053359732,-0.26583737,0.058823537
5212,0.11051562,-0.3421969,0.3817448,0.39643562,-0.053220823,0.1786788,-0.36014494,-0.16995661,0.05555554
5213,0.01959633,-0.05987628,0.39306378,0.21198465,0.24932003,0.22319224,-0.2512538,0.010430377,0.11111113
5214,0.6568703,-0.2469411,0.06518836,0.19411662,-0.46545368,-0.3223393,0.49048424,-0.68485403,0.06666667
5215,0.062108032,0.10592736,0.29776186,-0.11029901,0.55212975,-0.010515407,-0.23653737,0.19008508,0.058823526
5216,-0.66054606,0.44416276,0.119755015,-0.09136299,0.82685065,0.52957994,-0.21367112,-0.41010192,0.0625
5217,-0.17010704,-0.107010454,0.10244794,-0.048353978,0.5645401,0.2737321,-0.67528725,-0.09391412,0.07142857
5218,-0.45163044,0.2105033,0.22278747,0.3249939,0.26778656,0.43807855,0.0010152459,-0.56623036,0.090909086
5219,0.43263838,-0.114726976,-0.17890297,-0.5301391,0.44531322,-0.08626507,-0.42173803,0.28221458,0.14285716
5220,-0.52475685,0.089989126,-0.010998324,0.13485205,-0.008078039,1.1026576,-0.16344565,-0.5912348,0.07692308
5221,-0.21827805,0.1866129,0.18505885,0.1640644,0.20163596,0.3983603,0.14443316,-0.48221263,0.07692308
5222,-0.43029392,-0.14530481,0.07904326,0.19803822,0.16348705,0.76206195,-0.49993306,-0.56043935,0.052631587
5223,0.2760653,0.09920859,-0.09244934,-0.15717286,-0.08603059,0.22537991,0.2463729,-0.05445979,0.06666668
5224,0.39711416,0.008647996,0.095301986,-0.14547598,0.09150207,-0.060850814,0.16779245,-0.008203264,0.058823545
5225,-0.09434373,0.11572401,-0.2635619,0.013938032,-0.07646276,0.37449858,0.15039967,-0.7119284,0.06666667
5226,-0.24587926,0.045204636,0.17520076,0.027362019,0.25882906,0.54675275,-0.2588263,-0.2447256,0.06666668
5227,-0.19659486,0.3390852,0.1765919,-0.0038885996,0.16016133,0.5922554,0.24011992,-0.08191869,0.07142856
5228,-0.36370045,-0.015873322,-0.062158972,0.19681215,-0.031862423,0.7478305,-0.18055463,-0.58965915,0.041666664
5229,-0.29509708,-0.020947516,0.24902152,0.25684556,0.43961447,0.1469785,-0.37941658,-0.2637742,0.08333333
5230,0.3887887,-0.20527428,0.19687875,0.23809168,-0.24134259,-0.04699813,0.13917695,-0.19178177,0.05
5231,-0.0031288788,-0.024973378,-0.089157924,-0.15745151,0.2993578,0.24759634,-0.31984395,-0.11495188,0.06666666
5232,-0.5399794,0.23162618,-0.013811439,0.08886326,0.1674759,0.8758112,-0.08323538,-0.5262367,0.055555552
5233,0.28158972,-0.10003005,-0.009475455,-0.03919337,-0.016449824,0.05393213,-0.00062960386,-0.14487867,0.06666667
5234,-0.1715897,-0.10484582,0.026657462,-0.07625698,0.49708813,0.36965966,-0.65107805,-0.077122495,0.055555552
5235,0.1471219,-0.15901639,0.5452759,0.36453885,0.28258353,-0.19695517,-0.267205,0.080410466,0.08333332
5236,0.42534855,0.059224598,0.112223834,-0.488968,0.41426414,0.07471548,-0.15835778,0.5130713,0.071428575
5237,-0.2877399,0.1256762,0.13886853,-0.104678474,0.45639974,0.60750324,-0.38489753,0.06836288,0.04545454
5238,-0.20521116,0.23575798,-0.13872127,-0.17046106,-0.018404186,0.8518684,0.20018204,-0.40776953,0.06666668
5239,0.12800068,-0.2663847,0.40232223,0.24361089,0.53484124,-0.34382373,-0.6168964,0.14427726,0.08333333
5240,-0.07961352,0.18152997,-0.048999444,-0.36102125,0.63788843,0.24938984,-0.36660373,0.21011965,0.1
5241,-0.37301776,-0.0061809,0.11013271,0.10776688,0.022614658,0.98843676,-0.25621423,-0.4042607,0.055555556
5242,-0.09869016,-0.49371976,-0.04536955,0.11131765,0.32267672,0.21054986,-0.97183156,-0.37510154,0.06666668
5243,-0.30306038,-0.075811505,0.18533522,0.0033557713,0.27541232,0.8758613,-0.6224285,0.03201324,0.06666666
5244,-0.38803974,0.2409388,0.6656308,0.39536265,0.63375694,0.14860292,-0.11725265,-0.04314613,0.083333336
5245,0.26941845,-0.20358273,-0.17927848,-0.049363412,-0.1550451,0.15415598,-0.11997696,-0.14257894,0.07692307
5246,-0.5369077,0.48556572,-0.16021763,-0.038759522,0.12336685,0.8663082,0.32577145,-0.69759625,0.071428575
5247,-0.50284326,0.20500392,-0.10475369,-0.087628566,0.56962353,0.530902,-0.36923766,-0.45185003,0.09090909
5248,0.25526422,-0.007979687,0.15629503,0.014625624,0.317657,-0.34487298,0.00521937,-0.18834983,0.07692309
5249,-0.14916025,-0.10929799,0.35165846,0.2372627,0.3257319,0.33582255,-0.5019592,0.05265706,0.055555556
5250,0.2574268,0.012498321,0.55368817,0.20005152,0.24239092,-0.08702016,0.0422325,0.213828,0.043478254
5251,-0.13065004,-0.26626462,0.25824827,0.45812422,-0.047775313,0.3524487,-0.3788609,-0.25532353,0.07142858
5252,-0.1514799,0.24110018,0.33351105,0.1992999,0.42926705,0.0018523335,0.1725965,-0.37470838,0.14285716
5253,0.027446419,0.053915177,0.13408197,0.107165955,0.24124303,-0.1313556,0.09146434,-0.52227354,0.1
5254,-0.29538193,0.055885427,0.56802297,0.36914852,0.43886423,0.2545917,-0.29595697,-0.1086112,0.08333333
5255,0.6083456,0.017082423,-0.36223108,-0.60215133,0.06756919,-0.06544258,0.15209518,-0.06769985,0.06666667
5256,0.3842865,-0.14799306,0.42085576,0.11942801,0.09465173,-0.012664944,-0.06934835,0.1320878,0.07692307
5257,-0.30146545,-0.33661747,-0.3313023,-0.11530808,0.29192057,0.760751,-1.0257618,-0.29190645,0.16666666
5258,0.2678708,-0.037850138,0.044117853,0.18653029,-0.03157033,-0.31774157,0.34609526,-0.6532065,0.09090908
5259,-0.28841737,0.31225628,0.46484828,0.010480948,0.72621256,0.28310385,-0.15979376,0.1566325,0.05882353
5260,0.27287436,-0.09139024,0.25349736,0.04495677,-0.0064657032,0.27741486,-0.03626755,0.09994897,0.0625
5261,0.20263809,0.1233338,0.18603939,-0.1679798,0.3125981,0.029582545,0.13625108,-0.16161513,0.058823526
5262,0.92721736,-0.05973931,-0.12163694,-0.35763693,-0.20630346,-0.42206877,0.454489,0.077422604,0.08333333
5263,-0.26265514,-0.06595141,0.17809394,0.14966111,0.39124024,0.31708094,-0.45284432,-0.30287898,0.066666685
5264,-0.11758489,-0.015049627,0.31763765,0.20583467,0.41105068,0.018374033,-0.26729774,-0.16525763,0.09090909
5265,0.16995499,-0.14614336,0.1712613,0.03799948,0.09211612,0.2608062,-0.31552565,0.2562765,0.07142856
5266,0.3183605,-0.1712852,0.0965599,-0.045384295,0.12526423,0.0028196573,-0.18158263,0.033072066,0.05882352
5267,0.010907702,-0.21047214,0.37947404,0.18140848,0.2639873,0.25408113,-0.5126884,0.09605123,0.06666666
5268,-0.4280205,0.18619469,0.44258606,-0.11340072,1.0947019,0.26439306,-0.6619486,0.047651857,0.10000001
5269,-0.8669281,0.6548414,-0.44113815,0.124719165,-0.633931,1.7561672,0.86607665,-1.7008504,0.33333334
5270,-0.33111,-0.061494406,0.025695994,0.33176485,0.16017938,0.3017568,-0.1821292,-0.8343061,0.066666655
5271,-0.2601623,0.05572355,-0.021165118,0.18202439,0.068869375,0.45573324,-0.03393072,-0.6128324,0.08333332
5272,0.64302534,0.053799435,0.11160086,-0.5262991,0.36498505,-0.13060544,0.0005736947,0.5312229,0.071428575
5273,-0.44505462,-0.003456465,0.17937776,-0.049183436,0.549397,0.8488609,-0.76253337,0.055317376,0.052631576
5274,0.4366792,0.092786565,-0.020426437,-0.50975686,0.2818872,0.1641096,-0.13239543,0.574222,0.11111113
5275,-0.09620727,-0.20908955,0.45018852,-0.107542925,0.34988225,0.9013276,-0.79975903,0.4914552,0.12499999
5276,0.3087547,-0.12926894,0.022003517,-0.13173762,0.03511174,0.1749866,-0.1874657,0.25109404,0.083333336
5277,-0.2645095,-0.021045446,-0.12936933,0.10252599,0.014444917,0.5956259,-0.17529227,-0.5705137,0.055555563
5278,-0.012071341,-0.11445741,0.30000538,0.26191473,0.35079437,-0.09009221,-0.30916178,-0.19581817,0.111111104
5279,0.019719481,-0.042817164,0.52908874,0.27050316,0.29365873,0.06315109,-0.25663507,0.23517494,0.09090909
5280,-0.24937087,-0.15618001,0.48299086,0.31689867,0.25183988,0.5116209,-0.48872614,-0.13553195,0.06666668
5281,0.24775314,-0.11900702,0.38340843,0.06266659,0.084220156,0.26337683,-0.16799922,0.3721864,0.05555555
5282,-0.42519623,0.24974331,-0.3132797,-0.11153332,-0.061065733,1.0625525,0.0382379,-0.57354456,0.055555552
5283,-0.25951937,0.090213925,-0.17313434,-0.16176948,0.35220307,0.49605197,-0.29082972,-0.4884275,0.055555556
5284,0.038640372,-0.33579943,0.2682509,0.33439323,0.07146922,0.15131421,-0.5125955,-0.029459495,0.06666668
5285,-0.23823613,-0.26500756,-0.18034314,0.063263685,0.000760898,0.71169114,-0.61558634,-0.4479719,0.099999994
5286,0.09131437,0.18876982,0.19945234,-0.13832763,0.34823644,0.18321292,-0.0008130297,0.16761318,0.055555556
5287,-0.19777203,0.07789932,0.14526501,-0.23512644,0.5269186,0.6025943,-0.5030516,0.17132117,0.058823537
5288,0.14886251,0.091091454,0.03349001,-0.11357541,0.15397206,0.13400316,0.07049613,-0.0734241,0.09090909
5289,-0.1583472,-0.205995,-0.10011007,-0.020328104,0.032272413,0.81075037,-0.5634276,-0.11227174,0.066666655
5290,-0.06919741,-0.22699478,-0.052373633,0.09448926,0.0863015,0.31619266,-0.53065246,-0.19439639,0.071428575
5291,-0.10588367,0.296276,-0.19162746,-0.22117138,0.005661279,0.69132656,0.24032538,-0.24328221,0.043478258
5292,0.31839696,-0.06727877,-0.0153256655,0.2038396,-0.23171352,-0.17358187,0.35220677,-0.53815615,0.058823537
5293,0.46393684,-0.15269785,0.12036741,0.027100354,-0.12569441,-0.11643754,0.17308556,-0.17987211,0.058823522
5294,0.0597217,-0.048029985,0.46681482,0.39810508,0.12964982,-0.04996538,-0.018267542,-0.08920394,0.071428575
5295,-0.3696017,0.102295786,0.09501461,-0.005260512,0.23637241,0.82663435,-0.2827818,-0.2003486,0.047619052
5296,0.18896249,-0.062075768,0.01764664,-0.06045703,0.21680038,-0.07106897,-0.040668964,-0.3793786,0.06666668
5297,0.91418463,-0.09684537,0.2036533,-0.2375279,-0.06734203,-0.53700316,0.42431343,0.116713144,0.07142858
5298,-0.5019967,0.45633316,0.21368763,0.09353204,0.44422477,0.5543601,0.17577083,-0.34683827,0.090909086
5299,-0.060899936,0.21602839,0.20819889,-0.048026033,0.28408372,0.3867291,0.06167023,0.043273084,0.062499996
5300,0.40944004,0.046478216,0.045489848,-0.22541064,-0.09590636,0.25428516,0.24767114,0.17901112,0.124999985
5301,0.16517383,0.3399447,0.09416811,-0.14191058,-0.108937606,0.3934622,0.6062218,-0.13675286,0.07692308
5302,-0.22354871,-0.36332047,0.20727089,0.3782595,-0.0046678185,0.5635056,-0.6362865,-0.37483764,0.058823526
5303,0.42359734,-0.35171592,0.050378732,0.101205945,-0.35500413,0.27287722,-0.1069227,-0.012645911,0.09090909
5304,-0.48583618,0.21633175,0.030299507,-0.07574374,0.3486458,0.86500394,-0.2469103,-0.2287172,0.07692307
5305,-0.12548381,0.21586901,0.4897148,-0.039407767,0.25780392,0.82050085,-0.13176161,0.56826,0.07692309
5306,0.52510655,-0.18005666,0.08362328,-0.07484933,-0.06706153,-0.14185539,0.12226808,-0.18201712,0.07692308
5307,0.20431462,0.3907723,0.08930628,-0.18754503,0.3020764,-0.15869683,0.5507518,-0.21755202,0.09090909
5308,0.45968595,0.043536942,-0.23696984,-0.5884297,0.19051355,0.20322824,-0.013005137,0.21120878,0.1
5309,-0.06726107,-0.19427872,-0.10431561,0.04836227,-0.1053084,0.71014994,-0.42417592,-0.052826505,0.07142856
5310,-0.4034324,0.37039953,0.48761803,-0.052958213,0.80376875,0.4708059,-0.22536412,0.024062831,0.07142857
5311,-0.19389752,0.4088237,0.22319339,-0.23006916,0.7241242,0.2611498,-0.08509448,0.23291446,0.05882353
5312,0.4998171,-0.23161928,-0.052338406,-0.07987908,-0.028291523,-0.19827548,-0.06877698,-0.12427704,0.050000004
5313,-0.27387145,0.037127413,0.000503324,-0.007611759,-0.07824744,0.9895318,-0.136285,-0.32539317,0.08333334
5314,-0.4917989,0.3647124,0.57641065,0.11868681,0.6461038,0.56113607,-0.1266169,-0.06608917,0.1
5315,0.06291673,0.01687077,0.30909777,0.11803855,0.3179732,0.0056629777,-0.061154492,-0.10077585,0.07142857
5316,0.58352107,-0.15120678,-0.18380566,-0.3136278,-0.14688288,0.010891937,0.081160545,-0.052355003,0.04761905
5317,-0.34762084,-0.11386883,0.011151485,-0.036583565,0.49558592,0.5198435,-0.68341875,-0.47786757,0.083333336
5318,1.0053059,-0.25071087,-0.0059948713,-0.34180117,-0.039574876,-0.6074133,0.1528884,0.14286506,0.06666667
5319,0.35030434,-0.06953414,0.14660494,0.12129113,-0.015838861,-0.18933678,0.17181925,-0.26317114,0.055555552
5320,0.06287227,0.08986677,0.35920918,0.14134094,0.32971466,-0.017713986,-0.012678355,0.021626081,0.058823522
5321,0.20425642,-0.3208299,-0.034231603,-0.035914995,0.046944425,0.26115033,-0.50049293,0.035717525,0.083333336
5322,0.6172199,-0.06961919,-0.11851609,-0.24861825,-0.22928081,-0.017355502,0.27862877,0.0374617,0.099999994
5323,0.23191124,0.1248458,0.0023167878,-0.32074362,0.22153364,0.26628506,-0.020090371,0.21192566,0.052631572
5324,-0.110216826,0.44696274,0.6003515,0.16133736,0.20858079,0.5164584,0.35727763,0.41822228,0.083333336
5325,0.45194772,0.11695711,0.37715107,-0.22326365,0.3808875,-0.1633834,0.08276662,0.48303878,0.06666666
5326,-0.41477042,0.056146923,0.21710706,0.18452792,0.36801434,0.5126263,-0.34066123,-0.36506593,0.07142857
5327,-0.18434884,0.04331061,0.32875198,0.3038622,0.19563258,0.31056017,-0.09814127,-0.25609878,0.050000004
5328,-0.35702217,-0.05033313,0.40374637,0.51545835,0.5883302,-0.1709739,-0.38925135,-0.6763417,0.071428575
5329,0.46986434,-0.31317163,0.23542088,0.15849325,0.03343889,-0.3771193,-0.11958562,-0.15665087,0.08333332
5330,0.2806877,-0.21429916,0.3918863,0.2840873,0.033159778,-0.09284872,-0.1271815,0.07605615,0.055555563
5331,0.3970175,0.19146027,0.27615398,-0.37663284,0.7550616,-0.48958087,0.018675312,0.17001796,0.07692308
5332,-0.22162995,-0.14884143,0.6049892,0.51896065,0.07289914,0.5445794,-0.3691464,0.05747017,0.05
5333,-0.2715812,-0.11826858,0.3967244,0.399215,0.16782846,0.51464874,-0.3841712,-0.10323918,0.0625
5334,-0.07669979,0.010048315,0.3064022,-0.013999179,0.35593766,0.4640448,-0.37834793,0.2439225,0.058823537
5335,0.5115689,0.14721648,0.37194723,0.03157796,0.2918713,-0.7381017,0.5509043,-0.3910434,0.071428575
5336,0.08641819,0.02860485,0.33465666,0.05472789,0.60350037,-0.28593114,-0.24440388,0.0036853738,0.062499996
5337,-0.33303282,0.14333901,0.20635484,-0.02430182,0.1947984,0.996986,-0.2702138,0.17072962,0.06666666
5338,-0.26221702,0.14218457,0.093315355,0.19050896,-0.08916561,0.7695852,0.15448444,-0.346072,0.058823526
5339,0.09833201,-0.31473458,0.63841236,0.5174698,0.1274586,0.008030996,-0.38143015,0.06130454,0.062499993
5340,0.21412775,-0.22317688,-0.24877004,0.116025046,-0.2788809,0.09363195,0.025791898,-0.6091363,0.05263158
5341,-0.04500219,0.2677457,-0.06306736,-0.3902198,0.48179162,0.2633899,-0.01046209,-0.18945171,0.09090909
5342,0.15719634,0.059275027,0.5286143,0.0023927316,0.6129564,-0.117813796,-0.25909543,0.383136,0.09090909
5343,-0.3616046,0.02807447,-0.040320113,0.04342125,0.318763,0.56113935,-0.37163657,-0.4694905,0.055555563
5344,0.32887262,-0.18243168,0.18052937,0.22176492,-0.20050372,0.017584175,0.104032725,-0.23815267,0.06250001
5345,1.1097699,-0.52090114,-0.47224265,-0.14516926,-0.8526392,-0.34159717,0.3517099,-0.45278504,0.0909091
5346,0.6089512,-0.25056168,0.031287387,-0.0033150688,-0.012834266,-0.5154308,0.07493557,-0.2545959,0.050000004
5347,0.23931667,0.32575455,0.72273606,-0.015082799,0.8242307,-0.46977633,0.17383696,0.35926276,0.071428575
5348,-0.39763376,0.1236859,-0.43117338,0.0054672807,-0.1721778,0.8282165,0.050750583,-0.83938533,0.08333334
5349,0.6516866,-0.026256397,0.34873807,-0.32299447,0.3161189,-0.22583228,-0.05808326,0.68467516,0.050000004
5350,-0.15310475,0.039917618,0.2430152,0.2501747,0.1108837,0.39853904,-0.06871968,-0.25103998,0.050000004
5351,0.3710251,-0.013961531,0.2789992,0.007715933,-0.15555753,0.26603815,0.20816521,0.18537372,0.058823545
5352,0.42698818,-0.11202739,-0.21314715,-0.08527113,-0.20806356,-0.04005274,0.20550959,-0.4521626,0.06250001
5353,-0.097695634,0.24932325,0.35814708,0.0757789,0.1408187,0.52796566,0.23021446,-0.004497055,0.07692308
5354,-0.342552,0.095299006,-0.35018545,-0.19944906,-0.1646706,1.1970271,-0.13570428,-0.4644641,0.07692308
5355,-0.2861903,0.03786023,0.47382492,0.11873007,0.13960046,1.053379,-0.3648175,0.31094974,0.071428575
5356,-0.25130585,-0.15451473,0.69056135,0.69776046,0.4012183,-0.061498,-0.38110512,-0.35421407,0.124999985
5357,-0.35112655,-0.31173623,-0.32227176,0.22063145,-0.11835338,0.67955124,-0.5943982,-0.77643996,0.07692309
5358,-0.24552625,0.1684962,-0.00874874,-0.15951568,0.29437572,0.7018249,-0.24414523,-0.045862276,0.06666667
5359,0.41104725,-0.14646406,-0.1894383,-0.15795708,-0.06813736,-0.019268736,0.026129857,-0.30131823,0.07142857
5360,0.10293748,-0.24026756,0.10118181,0.33672506,-0.0018578917,-0.12065694,-0.098849975,-0.5984259,0.06666667
5361,-0.078791104,-0.027521547,0.40233916,0.27445355,0.41602904,-0.01993937,-0.284477,-0.0014971681,0.07692308
5362,-0.21130466,-0.1635813,0.18056417,0.1613456,0.26178622,0.50501937,-0.56186604,-0.15774916,0.045454547
5363,0.26271233,-0.04231712,0.4946156,0.33122557,-0.014316142,-0.12905759,0.22901295,-0.06046598,0.0909091
5364,0.59057987,-0.15860477,0.20858952,-0.1236104,-0.17203502,0.15478823,0.06314205,0.40380844,0.07142857
5365,0.36935556,0.17450482,0.23822704,-0.28030843,0.59892833,-0.35785282,0.14099605,0.061404426,0.11111111
5366,-0.12790933,-0.11170678,0.44698775,0.07165292,0.21895252,0.8601172,-0.58175087,0.5093705,0.05263158
5367,-0.18963572,0.039140966,0.58412635,0.14862117,0.6265179,0.37479755,-0.4728505,0.2589132,0.055555552
5368,0.30911162,-0.12500884,0.25064838,-0.11771517,0.25555715,0.11803226,-0.31456536,0.34280875,0.125
5369,0.6369024,-0.092942595,0.20597783,0.0079890415,-0.0506036,-0.38546515,0.3059597,-0.10336092,0.045454543
5370,0.5456392,-0.11815597,-0.30347306,-0.40045592,-0.11405958,0.06892845,0.08060028,-0.118513614,0.07692308
5371,0.21193963,-0.1667884,0.26080465,0.2918963,-0.04165794,-0.059945405,0.026720718,-0.3046607,0.07142856
5372,0.55305696,0.12404239,0.19368197,-0.37817153,0.35449016,-0.30968875,0.22070037,0.10371666,0.090909086
5373,0.14921936,0.18966807,0.046367943,-0.11077122,0.07497716,0.14752834,0.3329122,-0.14253165,0.090909086
5374,-0.06104494,-0.085075766,0.22650176,0.26763046,0.19548535,0.11727659,-0.1926851,-0.2661132,0.07142857
5375,0.18432152,0.10965063,0.33844423,0.05475478,0.24132434,-0.022758044,0.17616345,0.024041433,0.05882352
5376,-0.1552545,0.4811442,0.21947914,-0.45926988,0.9939689,0.11011678,-0.10034317,0.19210781,0.1
5377,-0.17345941,0.19081496,0.15692014,-0.050999276,0.1845742,0.6435689,-0.06798056,0.056841727,0.052631587
5378,-0.20381415,0.30265045,0.66848344,0.09838561,0.64231515,0.33864558,-0.1271804,0.41878524,0.05882353
5379,-0.005231291,-0.121320695,0.115386866,0.009807982,0.17187798,0.3506629,-0.36243993,-0.09364343,0.055555563
5380,-0.13040665,0.027698755,0.23351374,0.27198035,0.06337323,0.2972391,0.029126287,-0.3859387,0.083333336
5381,-0.24492827,-0.19262792,0.11241408,0.24616903,0.24316365,0.3268957,-0.5993009,-0.2852746,0.071428575
5382,-0.023741197,0.18744342,0.1950479,-0.10945793,0.3404113,0.35943767,-0.07636369,0.27212292,0.050000004
5383,0.20430744,-0.021980833,0.21668407,0.19341052,0.09799932,-0.18622768,0.11651765,-0.22880305,0.058823537
5384,-0.40901724,0.29541293,-0.26637024,-0.27262655,0.39285606,0.69427884,-0.120167,-0.41081372,0.07692308
5385,0.24807242,0.20718284,-0.13717653,-0.5477407,0.22382389,0.43458444,0.042301908,0.2765032,0.083333336
5386,0.5206565,0.05990494,0.090528555,0.04832951,-0.38008654,-0.04957114,0.68701303,-0.32751107,0.055555552
5387,0.9376583,0.02436427,0.107768625,-0.5832309,0.1295973,-0.27496046,0.23525558,0.6437701,0.07142856
5388,0.4482132,-0.41060132,0.322787,0.53484887,-0.48330045,-0.08972083,0.13150822,-0.3742193,0.09090909
5389,0.13244975,-0.28251126,0.4172523,0.22977284,0.36262208,-0.023140945,-0.5545621,0.1756266,0.05555554
5390,0.67157745,-0.23565227,0.101573005,0.025615484,-0.2528252,-0.25699842,0.24218069,-0.12321636,0.09999999
5391,-0.19472423,0.08833501,0.17180525,0.1927898,-0.00071804225,0.54493475,0.083830565,-0.34134233,0.07142857
5392,0.1769987,-0.0888516,0.18277508,-0.115619875,0.2663453,0.19541638,-0.28089175,0.15702519,0.083333336
5393,0.33201632,-0.006555099,-0.13325487,-0.2825849,-0.20134537,0.4427774,0.18624456,-0.104205,0.06666667
5394,-0.3762592,0.07300438,-0.30637914,-0.12975991,-0.040611207,1.0772138,-0.21607645,-0.39555126,0.055555563
5395,-0.14446373,0.045711484,0.25909632,-0.19208154,0.69116324,0.3138519,-0.6410052,0.34985167,0.071428575
5396,-0.5824377,0.23760132,0.3926518,0.5718475,0.09248563,0.61749756,0.20568256,-0.6435061,0.06666666
5397,-0.19275045,0.06594387,0.23470938,0.14908613,0.26363337,0.4199499,-0.24917978,0.019397069,0.08333332
5398,-0.4550994,0.26139936,0.03853278,-0.082127236,0.15160723,1.1412224,-0.08198357,-0.16369733,0.07142857
5399,0.49128684,-0.3946003,-0.33559436,0.028651066,-0.46567112,0.04593481,-0.07856591,-0.40344033,0.071428575
5400,-0.1223799,0.070945516,-0.3520713,-0.13715225,-0.052056327,0.5766505,-0.036313348,-0.4048,0.05882352
5401,0.47472516,-0.043946136,0.19792515,-0.021773286,0.06478457,-0.18485013,0.122782156,0.15097086,0.07692308
5402,0.69855726,0.031842463,0.15943131,-0.2565869,0.2366072,-0.5582076,0.32242036,-0.061826576,0.0909091
5403,0.415107,-0.13433066,0.28715858,0.16389006,-0.0732903,-0.08610219,0.1659271,-0.16755484,0.058823526
5404,0.29573306,-0.04630681,0.1943119,0.086760506,-0.058794543,0.079481736,0.15103711,-0.16723083,0.055555556
5405,0.5228385,-0.24552475,0.039206974,0.008723445,-0.23041384,-0.03994821,0.06852098,-0.039183702,0.07692308
5406,0.18255946,0.16234134,0.418841,0.25132933,-0.0028734058,0.010183871,0.5082436,-0.34087247,0.08333334
5407,-0.3183607,0.5308288,0.30905944,-0.06693239,0.45955932,0.5597815,0.29371744,-0.02338459,0.05882353
5408,-0.48622254,0.11600518,-0.3335408,0.12306742,-0.1782658,0.87305236,0.066148475,-0.8598336,0.0909091
5409,0.16358495,0.051901434,0.43201292,0.15681483,0.26097304,-0.05967574,0.019536048,0.15095283,0.06666668
5410,-0.3383171,-0.26732516,0.21391357,0.24708444,0.38110283,0.4429974,-0.77466595,-0.4109792,0.1
5411,-0.35173675,0.17779516,-0.028960243,-0.045101322,0.24204531,0.7366468,-0.21001431,-0.14054622,0.083333336
5412,-0.2669827,0.17717569,0.09829485,-0.19701606,0.76369923,0.17206685,-0.39676797,-0.13013217,0.1
5413,0.1414628,0.10016027,-0.05363275,-0.12629598,0.14033261,0.09056342,0.14217643,-0.22709407,0.05882352
5414,-0.28606686,0.20344737,-0.11443509,0.18541804,-0.34441555,0.9172278,0.28325933,-0.41408366,0.1111111
5415,0.23509267,-0.18835506,0.17228454,0.23166555,-0.06280056,0.024170808,-0.073060066,-0.12944645,0.076923065
5416,0.024870202,0.19788146,0.16977078,-0.20182607,0.2856211,0.40732598,-0.096943974,0.3817468,0.14285716
5417,0.29370794,0.17242306,-0.032273144,-0.35108078,0.29986945,-0.008261025,0.16113232,0.0016259439,0.052631576
5418,-0.27740878,-0.032275666,0.252684,0.043116946,0.4675663,0.5431709,-0.5539171,0.023271687,0.04761905
5419,-0.08778417,0.0561426,0.07598801,-0.24584198,0.35936356,0.60190076,-0.42852628,0.2470021,0.062499996
5420,0.21211025,0.2542784,0.33307514,-0.026076257,0.04659547,0.30715686,0.39358717,0.29613432,0.11111111
5421,0.14431801,-0.12082918,0.67692024,0.18079576,0.34956667,0.16522568,-0.3901376,0.5144372,0.0625
5422,-0.064277805,-0.06892794,0.15988061,-0.056812756,0.53730786,0.12366257,-0.5698334,0.040173538,0.083333336
5423,0.13831225,-0.009468844,0.101714246,-0.16165364,0.23755755,0.28276482,-0.18959656,0.094413355,0.083333336
5424,-0.73452073,0.32739228,0.3015638,0.39920124,0.11288512,0.94267666,0.07528286,-0.5815848,0.0625
5425,0.12582958,0.052990086,0.106955454,-0.023812704,-0.091769055,0.4951808,0.16045327,0.0118775815,0.06666667
5426,-0.107570976,0.06343269,0.4816661,0.02131538,0.56862724,0.34016243,-0.44310832,0.4397767,0.05882353
5427,0.22879058,0.09973098,0.61870503,-0.04287138,0.43572974,0.17490557,-0.13551137,0.73857754,0.055555556
5428,-0.10866459,-0.5328509,0.0519531,0.36142474,-0.29200393,0.7990013,-0.71456933,-0.17369086,0.14285713
5429,0.27134,-0.10065462,-0.12823631,-0.011907741,0.00623022,-0.1602428,0.07629682,-0.52752584,0.07142858
5430,-0.2172836,-0.18750623,0.07230309,0.039848648,0.22274187,0.62249523,-0.5853813,-0.23528655,0.06250001
5431,-0.08672579,0.082544,0.09395124,0.0019275844,0.32885635,0.2429212,-0.17029461,-0.19332464,0.055555556
5432,-0.24316189,0.28709692,0.47808903,0.06066651,0.71211195,0.16182105,-0.15183963,0.005532544,0.08333333
5433,-0.5781793,0.25483704,0.34720796,0.31255093,0.26854318,0.76945615,-0.025952324,-0.42871672,0.04761905
5434,-0.20273122,-0.09470028,0.09905207,0.049614523,0.47597438,0.18601388,-0.5628447,-0.32150593,0.071428575
5435,-0.22690833,-0.19669469,0.4351368,0.2683298,0.44339013,0.4046051,-0.6868292,0.064272046,0.08333333
5436,0.14650777,-0.11475046,0.20141436,-0.0054230914,0.16694237,0.237025,-0.25415802,0.11235984,0.052631576
5437,0.31836167,0.19278124,0.51272064,-0.2278291,0.7493921,-0.35728317,0.0014596581,0.37879008,0.11111113
5438,0.6725871,-0.177188,0.5071959,-0.010052718,0.24427548,-0.4888348,-0.011693105,0.3923081,0.07142858
5439,-0.0760855,0.1429707,0.18616861,-0.06396399,0.29220957,0.4289371,-0.12355161,0.11878264,0.058823537
5440,0.8754822,-0.34207344,-0.5837268,-0.54038364,-0.13764326,-0.47059554,-0.011528984,-0.31193545,0.16666666
5441,-0.5983457,0.19817977,0.0129984915,-0.17919952,0.62744564,0.9092194,-0.5564758,-0.21828787,0.05882353
5442,0.34860963,-0.18570836,-0.020964608,-0.104715176,0.22840974,-0.2240006,-0.26904637,-0.041310076,0.125
5443,0.4465681,-0.13478363,0.21642876,-0.0548502,0.37557524,-0.5075297,-0.11745991,-0.036163587,0.08333333
5444,-0.33370784,0.23627889,0.06808329,0.084926166,0.04494153,0.7432783,0.0819858,-0.26960704,0.043478254
5445,-0.36392823,-0.021656077,-0.14739652,0.05698089,-0.14448328,1.0993925,-0.18267132,-0.47950974,0.06666666
5446,0.42034757,0.008513715,0.54166687,0.105108656,0.3595279,-0.4655187,0.15032534,0.100124925,0.07142858
5447,0.48467073,0.039355602,0.22944714,-0.27069896,0.38764971,-0.30095607,0.0887243,0.06497564,0.04347826
5448,-0.04339616,0.2627676,0.1133975,0.053893507,-0.10090117,0.55471003,0.39812076,-0.1314833,0.07692308
5449,0.03605003,0.005848121,0.4632938,0.13716024,0.10641469,0.51950336,-0.12162456,0.31780627,0.07692308
5450,-0.10770737,0.1159365,0.5801123,0.039406773,0.43439233,0.54833376,-0.2763176,0.49582896,0.0625
5451,-0.009229291,0.43506983,0.25654355,-0.13613302,0.38895708,0.1886658,0.36884832,-0.02267586,0.06666667
5452,0.18441764,0.12798066,0.015388295,0.07712612,0.0040600747,-0.1335523,0.4549864,-0.63193643,0.05882353
5453,-0.10920378,-0.35528174,-0.150171,0.15181902,0.17953955,0.18667638,-0.7225566,-0.4163751,0.111111104
5454,-0.1030374,0.2061546,0.12725562,-0.08093505,0.42024708,0.14278562,-0.012442946,-0.12446754,0.07692307
5455,0.18705738,-0.13195983,0.05197481,0.019299105,0.057968244,0.06943377,-0.083523035,-0.29394588,0.0625
5456,0.012837671,0.1492689,0.18560717,-0.044214465,0.59113264,-0.27644342,-0.076178305,-0.16800031,0.14285712
5457,0.42170212,-0.18767278,0.06407483,-0.11992111,0.11913408,-0.07958406,-0.25596783,0.2732068,0.083333336
5458,0.2702704,-0.028497212,-0.12034047,-0.21825683,-0.028775826,0.2576574,-0.009861894,-0.06792979,0.09090909
5459,0.0058831647,-0.03524636,0.24797054,0.13290903,0.14038591,0.28159022,-0.18046664,0.03711769,0.07692308
5460,-0.010026664,0.25456926,0.103500694,-0.008289464,0.06863536,0.252431,0.32151186,-0.28139716,0.06666668
5461,-0.1926466,0.26063383,-0.021856084,-0.28623566,0.07868775,1.0500414,0.0056383684,0.08272092,0.06666668
5462,-0.35624987,0.0016906345,-0.15923412,0.0100759715,0.24217263,0.53477013,-0.3641537,-0.57289815,0.058823526
5463,-0.41368335,0.4275326,0.2098811,0.14221314,0.46035153,0.27909434,0.21369581,-0.39651123,0.066666655
5464,-0.24766937,0.16338255,-0.13245039,-0.19679642,0.13059309,0.84991616,-0.17864096,-0.069069505,0.05263157
5465,0.21705446,0.0068491567,0.11570211,-0.22431326,0.3137098,0.1117194,-0.15530005,0.11340979,0.0625
5466,-0.18497601,0.16261142,0.34462142,0.020705447,0.26936275,0.655026,-0.17632183,0.2167276,0.06250001
5467,0.29066688,0.2560504,0.064457506,-0.3032545,0.23346809,0.068630345,0.2534513,0.2502992,0.04347826
5468,0.42128977,0.040079895,0.44050646,0.18121809,0.04597804,-0.39923358,0.45748478,-0.3296548,0.16666669
5469,0.4630058,0.12641579,0.024979256,-0.42770237,0.21944883,-0.0021298602,0.14712267,0.17375809,0.071428575
5470,0.27304986,-0.3631457,0.23648497,0.10100719,0.034450576,0.15257186,-0.4672538,0.18036652,0.0909091
5471,0.35844275,-0.2654224,-0.577968,-0.008858316,-0.51354074,0.024497889,0.17197655,-0.87630856,0.08333333
5472,0.27022153,-0.051005486,0.77282083,0.21076104,0.1821839,0.2588932,-0.08709651,0.70651084,0.1
5473,-0.2373294,0.39525485,-0.27048737,-0.5922063,0.6283669,0.5681473,-0.20059228,-0.09639767,0.06666667
5474,-0.1243561,0.119170055,0.12158897,-0.2112641,0.58464545,0.3411813,-0.40206206,0.19201608,0.090909086
5475,0.1971134,-0.22458762,0.32802016,0.14530922,0.22133419,-0.0018473119,-0.38803118,0.19512229,0.055555556
5476,-0.29094976,-0.070795625,0.022991456,0.13299991,-0.20311125,1.0793928,-0.21394897,-0.3739418,0.07692307
5477,0.16458184,-0.06636836,0.0046465844,-0.1050112,0.38212633,-0.1757569,-0.18209045,-0.26760033,0.09090909
5478,-0.45116937,0.15192775,0.24193391,0.014399186,0.60221815,0.5361971,-0.36873263,-0.23829894,0.14285716
5479,0.44784692,0.2814079,0.39129555,-0.34042498,0.60492367,-0.3189434,0.1587198,0.60722816,0.058823537
5480,-0.014505599,-0.054116797,0.15902102,0.15656404,0.22479975,0.08994237,-0.22255714,-0.085786134,0.07692307
5481,0.116219796,-0.081736505,0.50759274,0.22038917,0.19643646,0.17140141,-0.2059885,0.2831101,0.06666667
5482,0.13981065,0.25019526,0.5295362,-0.28458944,0.48363137,0.5243244,-0.12405919,0.8824185,0.07692308
5483,-0.23635277,-0.06258887,0.22245571,0.19368422,0.26421982,0.402129,-0.40293282,-0.15697707,0.052631587
5484,-0.08973417,0.20474814,-0.008299828,-0.08720026,0.5284313,-0.064899445,-0.05976816,-0.3122817,0.06666666
5485,0.13481063,0.12853351,0.1642182,-0.09363168,0.35092056,-0.030136988,0.014366701,-0.0064882673,0.04545454
5486,0.6817332,-0.11237927,-0.06922124,-0.25302437,0.12917489,-0.59148157,0.1805708,-0.22837748,0.05
5487,0.32545814,-0.698619,0.089935236,0.38889384,-0.07259223,-0.25556105,-0.7480637,-0.092090145,0.111111104
5488,0.4165288,0.18001007,0.15850395,-0.24152258,-0.08283107,0.3067724,0.38189852,0.3213564,0.066666655
5489,-0.16560659,-0.011079805,0.27462947,0.24299845,0.4298647,0.0047671273,-0.2792682,-0.23789407,0.05263158
5490,-0.4458049,0.12956561,0.2550779,0.08095082,0.43070078,0.713389,-0.38786387,-0.12154724,0.052631587
5491,0.11902193,-0.08487615,0.42753005,0.13358834,0.5724585,-0.3212385,-0.2879042,0.053564142,0.1
5492,-0.12029645,0.16936329,-0.12233628,-0.0518701,0.07449793,0.46633747,0.08899437,-0.3475704,0.06666668
5493,-0.5096934,0.2618951,0.5341499,0.2841202,1.0667721,-0.3029574,-0.2871468,-0.55637246,0.14285715
5494,-0.08392289,-0.0685302,0.62846416,0.34574807,0.23055592,0.41519338,-0.32475126,0.3209244,0.1
5495,-0.15742594,0.006369654,0.4575913,0.15444514,0.5560528,0.1958368,-0.45148176,0.16138567,0.090909086
5496,0.39021653,-0.19633023,-0.16476075,-0.014109492,0.069024526,-0.45958912,-0.04683663,-0.41591883,0.07692308
5497,0.44545683,-0.06584622,0.06965541,0.009179182,-0.09998874,-0.15327093,0.25694847,-0.23138888,0.076923095
5498,-0.14630449,-0.27001867,0.31219614,0.33546296,0.17502522,0.3274959,-0.49371493,-0.29903573,0.045454547
5499,0.23003164,-0.017648034,0.17769077,0.04887086,0.17850995,-0.1301511,-0.00051024556,-0.09402253,0.058823526
5500,0.44675794,-0.28430265,0.04265988,-0.009758398,0.12238676,-0.31471452,-0.22915871,-0.11621165,0.07142858
5501,0.03550642,-0.21270601,0.12702575,0.06851472,0.09535186,0.42886367,-0.48441,0.1603699,0.07142858
5502,0.21546191,-0.08443089,0.15468103,-0.13601622,0.35738337,0.00037166476,-0.33634827,0.13611844,0.043478265
5503,-0.16181725,-0.04032782,-0.24848123,0.1195483,-0.27664375,0.65736634,0.032582685,-0.6474222,0.07692308
5504,-0.32734853,0.5425838,0.16510175,-0.20696476,0.5495479,0.44333306,0.19234367,-0.09584196,0.14285715
5505,-0.12899075,0.10204771,0.7152048,0.120248325,0.81703144,0.012521505,-0.48915607,0.6196087,0.11111111
5506,0.09260423,-0.08466901,0.10709368,-0.12466701,0.42295372,0.06172192,-0.45529175,0.12516801,0.058823537
5507,0.43969795,0.034562167,0.12201382,-0.08150344,-0.06603126,0.014129616,0.33744562,-0.09686498,0.062500015
5508,0.41869405,0.003001972,-0.06443511,-0.31467465,0.08889587,0.030652646,0.08018704,0.044686243,0.076923065
5509,0.10076643,-0.27833825,0.5754913,0.31012622,0.32595986,0.020497762,-0.5113151,0.17178653,0.06666667
5510,0.2165845,-0.1670966,-0.15547742,-0.06497698,-0.067295864,0.20965935,-0.14141354,-0.2029985,0.055555563
5511,-0.050019845,0.16970651,-0.15467833,-0.071485184,0.37193066,-0.12708639,0.09752184,-0.57217705,0.062499996
5512,-0.21894014,0.15047848,0.116994426,-0.0068423375,0.44365174,0.22743455,-0.1079334,-0.28778598,0.11111111
5513,0.35821965,0.13364327,0.25792766,-0.3659812,0.58570254,-0.15590759,-0.09939345,0.4835984,0.07142857
5514,-0.08473579,0.21444844,-0.010616884,-0.0921941,0.38946906,0.0917151,0.07239248,-0.43437493,0.06666667
5515,0.7367282,-0.06756684,0.119579405,-0.5514167,0.25260457,-0.04423529,-0.09353127,0.63385224,0.125
5516,-0.34541315,0.37296876,0.48391503,-0.046156384,0.48918557,0.8552102,-0.09671453,0.28084883,0.08333332
5517,0.09646819,0.108822584,0.038890004,-0.12794489,0.1355937,0.34830716,-0.060372327,0.27811924,0.058823537
5518,0.5502206,0.0342297,0.5950726,-0.09370311,0.51191527,-0.49293292,0.11081691,0.30837697,0.1
5519,0.12290553,0.1744055,0.20974179,-0.21388245,0.41420385,0.16235028,-0.04871814,0.2772738,0.06250001
5520,-0.3315143,0.42381045,-0.2755506,-0.3355274,0.2962618,0.70143116,0.122425616,-0.30410203,0.06666667
5521,-0.3936562,0.19973198,0.015729144,0.20211345,-0.16688244,0.8731379,0.1561222,-0.47878692,0.062499996
5522,0.063812666,-0.23721774,0.15316325,0.06458013,0.2982585,0.109060965,-0.5919631,0.1732771,0.05882353
5523,0.31198752,-0.20205565,0.6524413,0.42428887,-0.020200357,-0.0069763362,-0.099416606,0.3630779,0.07692308
5524,0.096118964,-0.28996655,0.4609862,0.40679696,0.2766819,-0.16412872,-0.47779566,0.011305038,0.055555556
5525,-0.15248092,0.007842049,0.46309215,0.26471746,0.6919655,-0.24635029,-0.32385063,-0.2569291,0.066666655
5526,0.13832113,-0.13114578,-0.1701868,0.15886056,-0.18605317,0.053501748,0.11454348,-0.6772308,0.07692308
5527,0.6540623,-0.24387084,-0.29531622,-0.35970995,0.10064891,-0.45006055,-0.058813125,-0.30143297,0.1
5528,-0.1069791,-0.047872707,0.2099013,0.026281029,0.30268466,0.42691556,-0.46305645,0.23382664,0.083333336
5529,-0.06946441,0.011959301,0.24069995,-0.004173547,0.21084917,0.53549385,-0.3210817,0.20323038,0.1
5530,0.41521743,-0.1424636,0.502925,0.17335513,0.3812694,-0.573134,-0.10396975,0.05108386,0.11111111
5531,0.05969595,0.041209377,0.37643343,0.15979165,0.2032979,0.15568694,-0.019062698,0.0069820583,0.043478258
5532,-0.19534937,0.5044935,-0.62109816,-0.6055567,0.12574315,0.7616368,0.25337535,-0.31810498,0.111111104
5533,-0.34479824,0.35755304,0.094280235,0.03241723,0.33300686,0.42447335,0.18336196,-0.4068168,0.07142857
5534,-0.2345148,0.22177657,0.35895592,-0.006046042,0.5075803,0.4673073,-0.13283858,0.060669694,0.04166667
5535,-0.12451884,-0.19959275,0.45200473,0.15274373,0.6614032,0.112594396,-0.79055476,0.13041793,0.125
5536,-0.15298757,0.09242989,-0.03924139,-0.10944169,0.08840063,0.7252366,-0.14139938,-0.13284348,0.05
5537,0.27387777,-0.029314365,0.35558903,0.1477211,0.11051137,-0.063509375,0.0153301805,0.15309384,0.066666655
5538,0.08864457,-0.17956902,-0.15492399,-0.11135983,0.03702785,0.3580256,-0.33649516,-0.16273293,0.0625
5539,0.45128462,-0.076094374,0.2103782,-0.04437936,0.22751632,-0.35367358,0.0132665485,0.052402418,0.04
5540,-0.08646406,-0.042590898,0.43288738,0.25744024,0.5249484,-0.10160649,-0.33268762,-0.09041047,0.047619045
5541,-0.12936497,-0.09480433,0.25723565,-0.20651633,0.51002955,0.67286414,-0.75841326,0.41048712,0.058823522
5542,-0.36255714,-0.10046089,0.20006835,0.20764068,0.44587404,0.3842345,-0.5963035,-0.36633557,0.062499996
5543,0.34232584,-0.18986978,-0.005905628,-0.020326622,-0.03996098,-0.0027270764,-0.111437276,-0.0489111,0.047619045
5544,0.03469207,0.26363635,-0.17554237,-0.38930035,0.20247985,0.4288471,0.14297958,-0.08149101,0.09090908
5545,-0.013737433,-0.02735107,0.19853665,-0.0069118664,0.38409913,0.22568223,-0.37842965,0.167088,0.06666667
5546,0.050227113,0.030490212,0.56260103,0.24901569,0.45753443,-0.13503276,-0.13906628,0.100286506,0.04761904
5547,0.46582255,-0.3211084,0.25979105,0.4270044,-0.21706928,-0.4919042,0.0911022,-0.29276142,0.071428575
5548,-0.1712487,-0.009721315,-0.23898546,-0.11914224,0.051235028,0.65322113,-0.2410944,-0.32285738,0.055555563
5549,0.83447874,-0.14038932,-0.13423158,-0.51440096,0.28015435,-0.6249536,-0.0042433143,0.11527972,0.090909086
5550,0.20124015,0.46628666,0.77840585,-0.1950776,0.58194506,0.24179143,0.25463164,0.899417,0.06666666
5551,0.539144,-0.3884124,0.37165388,0.13581477,0.092060536,-0.23121428,-0.3800038,0.43751577,0.07692308
5552,-0.14703643,-0.14835072,0.38987005,0.30439356,0.21542668,0.39315578,-0.41358984,-0.014397208,0.062499996
5553,-0.061974943,0.40935287,0.22098511,-0.19439691,0.494276,0.2895826,0.1706885,0.10369168,0.06666667
5554,-0.3130703,0.019529875,0.38956445,0.32804823,0.6807672,-0.12499286,-0.3777994,-0.36090717,0.06249999
5555,0.40655977,0.058840062,0.10508242,-0.23544282,0.22572008,-0.2247197,0.24099405,-0.20795585,0.09090909
5556,-0.050411854,0.091446206,0.474858,0.18085922,0.25706154,0.32638025,-0.052829023,0.082595035,0.071428575
5557,0.11954399,-0.07438041,0.13423434,0.27038744,-0.116008,0.031164601,0.09082432,-0.3060974,0.071428575
5558,0.07440931,0.37868953,0.12523158,-0.31117225,0.5241884,0.087476,0.17112838,0.112094596,0.09090908
5559,-0.07824011,-0.15357168,0.05726987,0.2724954,0.026074126,0.21706723,-0.242504,-0.33680478,0.083333336
5560,-0.24199641,0.45545375,-0.012450531,-0.1279833,0.67390436,-0.18105498,0.21292572,-0.7547281,0.11111111
5561,0.0070948973,-0.14268996,0.22298634,0.12630746,-0.11460556,0.71607983,-0.21428433,0.06296699,0.06666666
5562,0.2308318,0.0049342476,0.43746215,0.27837703,0.17211288,-0.23714599,0.10035266,0.025903508,0.055555563
5563,0.320146,-0.16134258,-0.03904891,-0.31113482,0.27611986,0.045332532,-0.2903177,-0.11838591,0.07692309
5564,0.49681112,-0.07305886,0.5141264,0.33540052,-0.33697623,-0.047879264,0.54359883,-0.1407938,0.076923065
5565,0.72446007,-0.11774683,0.26516512,-0.06372704,0.099619135,-0.5763135,0.1994857,0.13667281,0.07142856
5566,0.22332168,-0.079271406,0.49268782,0.35183808,-0.040276006,0.06175576,0.08122568,0.16547884,0.071428575
5567,0.7550164,-0.5194489,0.14370114,0.17676884,-0.3454376,-0.36269903,-0.08697394,-0.034293253,0.07692308
5568,0.42973018,-0.070392266,0.20524238,0.08188795,0.058230832,-0.3317206,0.17975198,-0.14843927,0.06666667
5569,0.5635813,-0.080134705,0.17644951,-0.0814727,0.1295555,-0.46544164,0.28535622,-0.3412616,0.06250001
5570,0.37677765,-0.03140688,0.15122306,-0.0066738203,0.24396975,-0.39387745,0.08799724,-0.26306695,0.11111111
5571,0.1608608,-0.09755251,0.18061605,0.0073612183,0.18425405,0.17981099,-0.22955643,0.1069947,0.07142858
5572,-0.08542008,-0.124942586,0.4388275,0.2152743,0.61709934,-0.07267645,-0.57990766,0.01805022,0.047619052
5573,0.020160772,-0.3638466,0.7876941,0.75640845,0.09631388,-0.0738813,-0.45908755,0.016954627,0.0625
5574,0.30001658,-0.0046528494,0.39860976,-0.10492868,0.5509052,-0.25484446,-0.23896557,0.27998844,0.08333335
5575,-0.0865787,0.08279236,0.6183473,0.30417717,0.3065518,0.20470239,-0.107311055,0.18953271,0.07692309
5576,-0.2829533,0.046263736,0.09996239,-0.21208018,0.662654,0.60294867,-0.7126615,0.24580868,0.05882353
5577,-0.50402504,0.021078115,0.20449927,0.24605098,0.12795028,0.9594294,-0.31094304,-0.44073877,0.07142858
5578,-0.2936548,-0.28003204,-0.23899008,0.054958306,-0.21544059,1.085728,-0.5451116,-0.44693086,0.071428575
5579,-0.2548039,0.36751014,-0.110613465,-0.21407574,0.020342425,0.9168562,0.21301393,-0.08532481,0.09090908
5580,-0.43053746,0.21468681,-0.011278659,0.02043154,0.17584214,0.7834955,0.034034714,-0.6102906,0.07692308
5581,-0.42389908,0.04142688,-0.16947596,0.08231555,0.0003824532,0.8451843,-0.15132974,-0.63730526,0.058823526
5582,-0.3251795,0.29690328,-0.3873008,-0.2949011,0.020892441,0.9247209,0.079272315,-0.37631083,0.07142858
5583,-0.2227579,-0.0002249796,0.133547,-0.039895333,0.09676545,0.9683774,-0.343175,0.045101706,0.047619052
5584,-0.723229,0.5796968,-0.15526132,-0.2595735,0.6256079,0.87465453,0.0076496825,-0.54885864,0.07142858
5585,-0.65284467,0.334228,0.03050875,0.21165723,0.3758335,0.57229733,0.022684693,-0.7553283,0.06666666
5586,-0.36728662,0.3456275,-0.1852106,-0.22502887,0.30979186,0.7066144,0.07583542,-0.41474822,0.05882353
5587,-0.4307024,0.23353498,0.07158734,0.13397762,-0.101860836,1.0517845,0.12426926,-0.34913844,0.0625
5588,-0.21930951,0.12100318,0.03335984,0.05346647,0.12565154,0.5470851,-0.04580334,-0.2629965,0.05882353
5589,-0.2834749,0.29539615,-0.6225666,-0.4258899,0.19694467,0.57793444,0.026804343,-0.75508875,0.071428575
5590,0.36909685,0.033790946,0.23055694,-0.19566664,0.45835495,-0.3406735,-0.002753906,0.051515408,0.071428575
5591,-0.07448806,0.07705751,0.2644956,0.097404875,0.1944645,0.41646567,-0.13155134,0.15009798,0.09090909
5592,-0.41260603,0.18299708,0.16106997,0.09348604,-0.038673937,1.1436917,-0.03159474,-0.11669217,0.071428575
5593,-0.21847507,0.30439463,0.03875947,-0.17658383,0.23585945,0.6824856,0.067631975,0.038142737,0.125
5594,-0.46479303,0.17398573,0.34398717,0.22320686,0.37289405,0.6575913,-0.10738073,-0.31509322,0.055555556
5595,0.22982022,0.36844596,0.113654114,-0.47303087,0.32949042,0.31464723,0.3024298,0.29062098,0.071428575
5596,0.85556114,-0.31704503,0.15756054,-0.11465771,-0.108361825,-0.41039443,0.029641971,0.26849836,0.07142856
5597,-0.48259544,0.3197021,0.10376587,0.042029973,0.032626644,1.1145656,0.06903976,-0.16336335,0.07692309
5598,0.11242331,0.17339967,-0.12937035,-0.293492,0.19552782,0.24460614,0.059028327,-0.009961624,0.071428575
5599,0.060421713,0.073395,0.22701287,0.0076714754,0.53178895,-0.3064713,-0.08277247,-0.2611666,0.08333334
5600,0.18726343,-0.037289195,-0.15524714,-0.44027472,0.41317517,0.2226757,-0.47423357,0.280096,0.071428575
5601,0.073791675,-0.15456654,0.26875174,0.09849876,0.27497873,0.15034668,-0.42067307,0.1726014,0.0625
5602,-0.180508,-0.04696032,0.074314564,0.070674,0.31360173,0.32529184,-0.39576435,-0.22489192,0.045454543
5603,0.18510067,-0.15209784,-0.01626125,-0.06810757,0.53725606,-0.47408712,-0.37643194,-0.24601065,0.11111111
5604,0.38119993,0.056194752,0.059450954,-0.029783852,-0.17219527,0.1070328,0.32209593,0.018652365,0.07142856
5605,0.40736657,0.03270193,-0.29806823,-0.48128468,0.13662785,0.058304857,-0.013418943,0.036672056,0.055555556
5606,0.32523096,0.027219204,0.11242903,-0.30771428,0.2647661,0.16165285,-0.11256362,0.3281723,0.06666667
5607,0.17601112,0.050871957,0.4964556,-0.067793764,0.659514,-0.14991763,-0.26209974,0.31103167,0.071428575
5608,0.05490964,-0.013940804,0.011336237,-0.14533323,0.3134054,0.24335057,-0.34263787,0.088443324,0.0625
5609,0.10839748,-0.012594502,-0.010370538,-0.17370501,0.358526,0.08533845,-0.24849564,-0.069324866,0.07692308
5610,0.21177748,0.24440736,0.46877044,-0.116517566,0.3557821,0.16525434,0.1958551,0.37668905,0.055555556
5611,0.50396997,0.05920462,0.5174057,-0.14517108,0.36513588,-0.14602238,0.07489714,0.4831743,0.0909091
5612,0.26760402,-0.4397653,0.484066,0.21306649,0.47072732,-0.26600268,-0.8385881,0.40793207,0.111111104
5613,-0.14328402,0.20086221,0.48063302,-0.25251198,0.21970516,1.2164361,-0.23768136,0.6057656,0.11111111
5614,0.12977785,-0.026922945,0.22408722,0.17834035,0.067179725,0.028541356,-0.022562012,-0.01887754,0.06666668
5615,0.4572496,0.24122985,0.33294237,-0.16267174,0.11401881,-0.01180248,0.46100336,0.26722586,0.055555556
5616,0.09867457,0.2658575,0.7294286,0.18236274,0.4084844,-0.03145101,0.31313288,0.15771618,0.06666667
5617,-0.370535,0.18562534,-0.066397265,-0.055453904,0.31921536,0.619236,-0.21763188,-0.2743516,0.06666667
5618,-0.43945825,0.078177676,-0.21521814,0.17453368,-0.16442846,0.846374,-0.06379625,-0.6554119,0.1111111
5619,0.31030446,-0.034559734,0.20814714,-0.014719769,0.0074177384,0.14638019,0.102317855,0.061053623,0.07692309
5620,-0.10222239,0.08258502,0.20639351,-0.003217645,0.40729648,0.26103848,-0.23054954,-0.06543051,0.04166667
5621,0.65911055,-0.03040205,-0.16135098,-0.44329107,0.02955167,-0.16296998,0.14876403,0.13793002,0.0625
5622,-0.0036837757,-0.099821016,0.2802054,0.20974651,0.22880727,0.11987281,-0.28087133,0.023591142,0.08333333
5623,0.23334402,-0.16224432,0.022390805,0.033195116,0.023037463,0.034868233,-0.17323579,-0.11819367,0.052631576
5624,0.12221015,-0.031227615,0.9911019,0.4515469,0.38909858,0.008115277,-0.23885933,0.76738864,0.1
5625,-0.092933804,0.07775515,0.21729869,-0.18594655,0.6208664,0.34046224,-0.47345674,0.22186959,0.07142857
5626,0.23322472,-0.094737366,0.35900152,0.13345352,0.20602678,-0.068318635,-0.12571262,0.08919021,0.049999997
5627,-0.19088343,-0.05891792,0.3546764,0.056346226,0.42866385,0.5479172,-0.5472306,0.23608112,0.09090909
5628,-0.3068245,0.23043023,0.93798053,0.39475268,0.7223082,0.12200322,-0.19029565,0.2756808,0.083333336
5629,-0.1962581,0.07401036,0.09340234,0.08907508,0.15478273,0.48757285,-0.17739248,-0.14637606,0.07142856
5630,-0.036377378,-0.06313206,0.54970396,0.23253599,0.5300996,0.006974414,-0.41620493,0.1538053,0.06250001
5631,0.19845572,-0.02965045,0.44768095,0.13377982,0.19250089,0.13891935,-0.200228,0.5283639,0.090909086
5632,-0.09714736,-0.0073121134,0.36286223,0.25484282,0.37713856,0.022875726,-0.3143087,0.032846272,0.062499993
5633,0.1712187,-0.19702013,0.18705527,-0.16593647,0.5464976,0.05542588,-0.6730065,0.31572068,0.07142856
5634,0.6593075,0.11867955,0.13870132,-0.46055192,0.2733724,-0.20489842,0.22594883,0.36702457,0.071428575
5635,0.4156774,0.07993513,0.2949617,-0.28941157,0.421925,-0.11215706,-0.056296222,0.53174174,0.1
5636,0.17100513,-0.08709377,0.4566188,-0.030284978,0.21516672,0.40537497,-0.35582143,0.5419163,0.06250001
5637,-0.029120639,-0.079396605,0.039864086,0.07201938,0.13958383,0.24286264,-0.26228535,-0.20936935,0.07142856
5638,-0.16149561,0.02875099,0.60680795,-0.13250902,1.2003872,-0.05119881,-0.9093946,0.65393287,0.14285712
5639,0.38950595,-0.004623737,-0.18707259,-0.27090853,-0.02143541,0.082133934,0.14254104,-0.18296662,0.071428575
5640,-0.07689454,-0.30994117,0.36055344,0.41931266,-0.022954598,0.46229395,-0.49188364,-0.011760626,0.07692307
5641,0.18957537,0.39696902,-0.3329596,-0.508469,0.0881171,0.2638228,0.49529094,-0.27220652,0.14285715
5642,0.17902431,0.08508046,0.2812879,-0.037811108,0.25615668,0.11463659,0.0038237646,0.254181,0.071428575
5643,-0.15611452,-0.010259226,0.4445836,0.18795711,0.63401276,0.03447924,-0.47107005,0.07450294,0.052631572
5644,-0.10399632,-0.22784275,0.3647316,0.18658453,0.45328444,0.18177044,-0.64592963,-0.12927862,0.083333336
5645,0.46928224,-0.36241007,-0.050512895,0.010589324,-0.0026157796,-0.3175643,-0.26176888,-0.1783999,0.06250001
5646,0.1545642,0.01509212,0.33506703,0.21037473,-0.08650081,0.2794039,0.11542337,0.16047639,0.11111111
5647,-0.23008361,0.08818045,0.35113913,0.22245839,0.37808847,0.27909842,-0.18405628,-0.17842777,0.0625
5648,-0.08198199,0.22733688,0.2996018,-0.16277412,0.48807698,0.42413104,-0.14192736,0.27327657,0.076923065
5649,0.031533957,-0.062080685,0.22595623,-0.012608692,0.315305,0.26903415,-0.35128933,0.086750746,0.055555545
5650,-0.1342006,0.026446406,0.24471672,0.16041058,0.39630878,0.09840399,-0.28320736,-0.070647165,0.058823522
5651,-0.0056489483,0.02180595,0.59749883,0.14637965,0.6596214,-0.09125385,-0.4268285,0.35930365,0.058823537
5652,-0.028082479,0.07536572,-0.030604959,-0.0505595,0.1404002,0.36019722,-0.054801255,-0.15783916,0.0909091
5653,-0.30881652,0.13126764,0.35938185,0.35565564,0.4724849,0.012785673,-0.08315056,-0.4809052,0.055555556
5654,0.4223137,-0.02851889,-0.05059603,-0.40346956,0.25731668,0.0008753538,-0.10233327,0.104430586,0.07692308
5655,0.09630931,0.064247236,0.14106682,-0.0765407,0.36625892,0.01750458,-0.052908972,-0.10004331,0.0625
5656,0.09869551,0.07146932,0.5377864,0.06390029,0.6182702,-0.1351164,-0.23029128,0.24460213,0.0625
5657,0.9580138,-0.1128695,0.14775194,-0.59326774,0.43177038,-0.5612302,-0.13987203,0.7789957,0.099999994
5658,-0.13437057,0.08423063,0.2908931,0.013284273,0.656975,0.05632761,-0.38324815,0.049687557,0.071428575
5659,0.04441499,-0.15495102,0.2885049,0.1340119,0.4553892,-0.09731156,-0.51436394,-0.021671157,0.076923065
5660,-0.04697495,-0.09735735,0.74134266,0.55102265,-0.0089665055,0.37263438,-0.10962561,0.2666548,0.09090909
5661,0.34726396,0.3709553,0.098648734,-0.31040794,0.28975308,-0.17459834,0.47545457,0.1382527,0.0625
5662,0.5634039,-0.1100644,0.16433743,0.022930667,-0.1249841,-0.27876222,0.24517493,-0.0048225634,0.06666666
5663,0.46508756,0.056300897,0.047487244,-0.3858388,0.11407794,0.17548099,0.09797107,0.36091387,0.09090909
5664,0.5345064,0.277863,-0.14304106,-0.6626437,0.2870278,-0.0788905,0.40395135,-0.032469857,0.06666666
5665,-0.148026,0.38990617,0.19171804,-0.0712978,0.61150414,-0.09996638,0.17044346,-0.38829467,0.083333336
5666,0.15292385,0.10216956,0.6247874,0.020717569,0.5021412,0.054594822,-0.17123654,0.65349346,0.09090909
5667,0.5337826,-0.24373864,-0.37560475,-0.17128235,-0.28400844,-0.111115456,0.11589758,-0.5247162,0.09090909
5668,0.7444098,0.14745517,0.24990574,-0.46805662,0.39852458,-0.39365485,0.19945876,0.69253594,0.1
5669,0.51933336,0.16385509,0.44106358,-0.077784084,0.38058746,-0.52053535,0.37183595,0.08143227,0.05263158
5670,0.49545464,0.118196726,0.3128997,-0.37486732,0.51680267,-0.2080603,-0.02991654,0.63325256,0.06666668
5671,0.76078767,-0.08858633,-0.10795803,-0.52056414,0.03996958,-0.10000257,0.047839448,0.26303303,0.1
5672,-0.036915354,0.036783654,0.36703178,0.15494832,0.51806825,-0.16083878,-0.2038777,-0.14961992,0.05
5673,0.43354687,0.16664965,0.2073357,-0.0986545,0.18152976,-0.38426715,0.51918405,-0.33399612,0.07692308
5674,-0.12010237,0.16904035,0.2751767,-0.07570655,0.5048711,0.3042893,-0.2264591,0.17157802,0.07142858
5675,0.23250052,-0.40646982,-0.13772906,0.25051185,-0.51100916,0.3548659,-0.12513809,-0.5434031,0.14285715
5676,0.3387346,0.024179341,-0.49325258,-0.43437546,-0.07634719,0.093933344,0.1972375,-0.47916564,0.07692307
5677,0.55435556,0.09745042,0.041341126,-0.2158437,-0.10911809,-0.051408693,0.49427164,-0.10088691,0.071428575
5678,0.49075672,-0.23042333,0.052151665,-0.07046946,0.15197901,-0.3365844,-0.25595453,0.16604301,0.0909091
5679,0.63615847,7.4498355e-05,0.054978117,-0.32681102,0.08730922,-0.19686714,0.20541547,0.21174859,0.055555556
5680,0.040366516,0.06355712,-0.025747731,0.123277545,-0.016914561,0.10204003,0.17543404,-0.40682945,0.07692308
5681,0.26340136,0.3487152,-0.055609748,-0.66719353,0.3801608,0.40647185,0.15378098,0.38097408,0.06666667
5682,0.25027353,0.091057524,0.036885142,-0.20429659,0.33761096,-0.12398368,-0.029733978,0.084802434,0.083333336
5683,0.5066537,-0.20760904,0.5184305,0.2942651,-0.014152154,-0.3332293,0.0057394505,0.34662512,0.1
5684,-0.10188336,0.03256069,0.23586822,-0.07884326,0.4825247,0.3201694,-0.4060275,0.06467049,0.0625
5685,-0.22116685,-0.103544116,0.10809791,0.0017615855,0.40840536,0.46788165,-0.6273262,0.00028573722,0.071428575
5686,0.19744673,0.27692673,-0.013951138,-0.35271764,0.206748,0.22318107,0.24274744,0.07565123,0.05
5687,0.5613115,-0.12278408,0.11885655,-0.20936698,0.1463768,-0.17226198,0.016287342,0.07302283,0.11111111
5688,0.5443275,0.19054504,0.16110742,-0.3463195,0.32186592,-0.33187145,0.32931346,0.15037419,0.04545455
5689,-0.08939651,0.57077557,0.21931814,-0.37810776,0.46869594,0.65768284,0.25797057,0.45361665,0.14285715
5690,0.2874962,0.33733717,0.38404447,-0.1198195,0.2270262,-0.019373529,0.47228408,0.16695414,0.06666667
5691,0.3860166,0.24599688,0.08228729,-0.51592094,0.6093611,-0.20495692,0.0028762147,0.47455153,0.06666668
5692,0.36010614,-0.026026983,0.124080956,-0.3010708,0.115525335,0.37313572,-0.13322145,0.4690812,0.09090909
5693,0.01185479,0.3565758,-0.59560037,-0.76674,0.04460135,0.8942561,0.15852569,-0.035348464,0.12499999
5694,0.65445447,0.1963339,0.023378372,-0.40062067,0.005374059,-0.13855523,0.5037365,0.3006392,0.066666655
5695,0.23060551,-0.17845981,0.42817372,0.13857868,-0.03231913,0.4621586,-0.28210783,0.5885879,0.07692308
5696,-0.30989188,0.42476085,-0.053963527,-0.2140621,0.17852399,0.89760953,0.07601337,0.21255884,0.16666667
5697,-0.011709638,-0.17672545,0.28880137,0.32260755,-0.008651018,0.3460667,-0.28571326,0.043548506,0.066666655
5698,0.03860943,-0.044819377,0.24994883,-0.008731328,0.3527377,0.16500342,-0.31079608,0.018325597,0.0625
5699,0.33592114,0.13087471,-0.17199613,-0.48605728,0.0038164407,0.50953525,0.16464345,0.07798972,0.16666667
5700,0.5593408,0.035157617,-0.17009152,-0.27959755,-0.1466314,-0.09581989,0.4248054,-0.24370424,0.058823522
5701,0.46562567,0.213868,0.2689262,-0.32796177,0.27253598,-0.052640602,0.25726134,0.46798334,0.083333336
5702,0.35684732,-0.04768834,-0.18761118,-0.28757808,0.057020664,0.09078029,-0.038439006,-0.10169214,0.1111111
5703,0.655269,0.010704856,-0.16523181,-0.66253006,0.1898118,0.035161294,-0.017923564,0.41006577,0.07692309
5704,0.40940246,0.049183544,0.5638588,-0.033036597,0.6018988,-0.5208686,-0.0014080256,0.2144878,0.06666668
5705,0.298594,0.050107088,0.02224484,-0.3021786,0.31171995,0.030821607,-0.09020505,0.17545332,0.06666666
5706,0.20878693,-0.13956079,0.29170975,-0.07215024,0.2630703,0.25608563,-0.34336725,0.29744938,0.083333336
5707,0.4534646,0.22388014,-0.059934363,-0.53580654,0.32390845,-0.035406157,0.2158898,0.25481433,0.06666667
5708,0.40622482,-0.13007413,0.14610356,0.061740145,0.16621742,-0.44757223,0.042000726,-0.23641612,0.099999994
5709,0.48820153,-0.07448913,0.11738792,-0.31046003,0.28150427,-0.106267706,-0.08367352,0.14398849,0.058823522
5710,0.5541859,-0.10960412,-0.05208324,-0.2618967,0.14189595,-0.3571096,0.0918732,-0.256062,0.0625
5711,0.59713954,-0.039063975,0.16213748,-0.32285455,0.27449918,-0.27729017,0.04115601,0.18347168,0.05
5712,0.51226074,-0.16468813,-0.117089316,-0.2719482,0.14102057,-0.28391325,-0.059736922,-0.2120061,0.125
5713,0.858979,0.03481028,0.21540123,-0.54828763,0.68683165,-0.863487,0.013321623,0.4256796,0.1
5714,1.0574319,0.11766975,0.083477,-0.77268124,-0.1408075,0.16389868,0.39801013,1.1583389,0.19999999
5715,0.01198753,0.11224149,0.11654387,-0.01230415,0.31926262,0.030778542,0.036001176,-0.25556108,0.083333336
5716,0.22097108,0.2548258,0.083270036,-0.27752247,0.24743012,0.12707826,0.25064147,0.040207572,0.055555563
5717,0.19552228,-0.00056775473,0.06807549,-0.31692398,0.27797344,0.37322775,-0.27479428,0.30415854,0.066666655
5718,0.41136047,-0.011570305,0.06317346,-0.07343484,-0.053664044,0.0090719685,0.14505298,0.08120865,0.0625
5719,0.3080037,0.0626459,0.11414176,-0.09929141,0.16374655,-0.08228895,0.16305788,-0.05534796,0.06666667
5720,-0.15759888,0.11037822,0.6922216,0.34734112,0.6283231,-0.059468716,-0.23256934,0.14163512,0.08333332
5721,0.23717201,-0.08572361,0.38097394,0.16726288,0.06775368,0.12518309,-0.11712526,0.35549462,0.1
5722,0.21292797,0.14022855,0.11347845,-0.08354696,0.13976066,0.024172187,0.24884461,-0.110346094,0.071428575
5723,0.40113378,0.2329964,0.39481097,-0.32574695,0.55195194,-0.14434472,0.04498793,0.6746785,0.07142857
5724,0.69562703,-0.09295738,-0.32941997,-0.4858564,-0.032856315,-0.19870448,0.14598896,-0.039328147,0.07692308
5725,-0.03641861,0.37868947,0.03376673,-0.1173724,0.010760829,0.50676286,0.41907692,0.0019427054,0.07142858
5726,0.34629542,-0.109062746,0.5335822,0.2886659,0.106238164,-0.22271219,0.036638692,0.15073068,0.083333336
5727,0.48158154,0.092974156,0.634051,-0.00064980984,0.3430905,-0.3264036,0.17964314,0.45652625,0.11111111
5728,0.19385454,0.16852172,0.12924492,-0.13958609,0.19689512,0.09422073,0.2054982,-0.04793987,0.09090909
5729,0.4721032,-0.16305444,-0.058178917,-0.04985089,-0.05840616,-0.22045556,0.16012372,-0.4061935,0.06666667
5730,0.32869527,-0.04840367,0.5172386,0.09959236,0.18007551,-0.0063441247,-0.09501614,0.59589195,0.111111104
5731,-0.118168645,-0.04602671,-0.03673525,-0.08761514,0.22298871,0.50889385,-0.39674908,-0.011548784,0.055555556
5732,0.6193914,0.19952287,-0.14971803,-0.49107808,0.14248678,-0.2666823,0.40821767,0.05730264,0.052631572
5733,0.16197777,0.057038795,-0.24227287,-0.32679665,0.10223368,0.30999586,-0.059267104,-0.02858201,0.05
5734,0.5518193,-0.11328006,-0.025447384,-0.30800226,0.2816422,-0.3837853,-0.050224453,-0.0684423,0.055555552
5735,0.5154766,0.060186263,0.2670169,-0.14515886,0.13173139,-0.16103032,0.23608865,0.25239298,0.06249999
5736,0.77149236,-0.21233149,-0.12697425,-0.395035,0.018919393,-0.25962815,-0.08459832,0.30486944,0.049999993
5737,0.47400585,0.008512709,0.09711773,-0.21145996,0.09534921,-0.13797352,0.21060611,-0.016894665,0.07692309
5738,0.66256267,0.14445783,-0.01374805,-0.50496554,0.28809005,-0.3900373,0.29737002,0.106916666,0.07142858
5739,0.2850964,0.22077547,0.04366204,-0.4401105,0.42006558,0.057115816,0.11519602,0.11072391,0.055555556
5740,0.48497817,-0.037002344,-0.051778868,-0.22272697,0.16947015,-0.37609252,0.12390311,-0.22887103,0.066666655
5741,0.39063492,-0.061193954,0.07385188,-0.055237196,-0.06350547,-0.02127622,0.22518258,-0.27201548,0.07142858
5742,-0.011814579,0.014927827,0.13081817,-0.15384302,0.39978874,0.33382228,-0.38546592,0.17804803,0.07692309
5743,0.61696696,0.16468686,-0.008428276,-0.38390014,0.23677795,-0.47309297,0.4316085,-0.114399314,0.0625
5744,0.33621085,0.0022779163,-0.12233488,-0.31044948,0.096891075,0.12552759,-0.004937522,0.003082037,0.05263158
5745,0.2664059,-0.015265185,-0.052795693,-0.17351845,0.2001378,-0.059828535,-0.056464426,-0.095916465,0.058823522
5746,-0.26744017,0.018073745,-0.013108656,0.12006473,0.114633515,0.5625597,-0.21961728,-0.42207456,0.058823537
5747,0.26589847,0.2477523,0.30277336,-0.29235494,0.5349885,-0.13830796,0.1814423,0.05966341,0.06666668
5748,0.10448178,-0.06273301,0.20129955,0.06775567,0.018736422,0.38432482,-0.18761055,0.20509373,0.043478265
5749,0.35944578,0.23234136,0.19277157,-0.42966473,0.4246464,0.07810368,0.0967605,0.37579834,0.071428575
5750,0.030264817,-0.31162015,0.2961073,0.3703466,0.22968997,-0.15395199,-0.4559716,-0.17803441,0.11111111
5751,-0.069880374,0.032020357,0.46588248,0.22202325,0.38642055,0.12980795,-0.19601707,-0.00967202,0.071428575
5752,0.3567441,0.38637418,0.33030424,-0.3862188,0.75509155,-0.49333262,0.24789087,0.383251,0.099999994
5753,0.05349561,0.22584571,0.16897559,-0.005206324,0.24892864,0.09409359,0.24280472,-0.270222,0.06666667
5754,0.3458639,0.2762692,0.018644437,-0.2977779,0.15396059,0.023449868,0.37852895,0.09560411,0.083333336
5755,0.07703269,-0.16107877,0.35048574,0.47606167,0.03962964,-0.14798878,-0.0841607,-0.27353618,0.05882353
5756,0.36432442,0.122474864,0.30125305,-0.019123346,0.12935418,-0.10030526,0.23789744,0.23926966,0.08333334
5757,-0.023436196,-0.19570234,0.48338485,0.40802237,0.3441679,-0.058110222,-0.44211948,-0.03940544,0.06250001
5758,0.4404057,0.1941403,-0.059106037,-0.53705215,0.22753626,0.124261186,0.17269488,0.33214232,0.058823537
5759,-0.06286919,-0.24477945,0.46915323,0.1961275,0.51647,0.14103095,-0.74080527,0.16252962,0.10000001
5760,-0.049806237,-0.06764683,0.2153964,0.2552093,0.057129562,0.24868692,-0.10418283,-0.20137484,0.05263158
5761,0.63107973,0.170816,0.18051174,-0.31590295,0.24926284,-0.44992745,0.4533586,0.10909432,0.07142857
5762,0.41464594,0.22107752,0.559191,-0.3117513,0.44377512,0.159549,0.09696579,0.88220125,0.11111111
5763,0.9153954,-0.12714383,0.0769698,-0.3762877,0.041005448,-0.48024625,0.27249628,0.06742619,0.066666655
5764,0.24197921,-0.0139721595,-0.022791073,-0.07073871,-0.018013269,0.14881922,0.11327395,-0.25233778,0.06666667
5765,-0.36386034,0.001009848,0.8367401,0.69123966,0.42667502,0.17344445,-0.3170295,-0.17077138,0.06666666
5766,0.6272607,0.00087720156,0.102350116,-0.5105012,0.37696624,-0.16174519,-0.094699174,0.5691866,0.062499996
5767,-0.10966099,-0.038272426,0.28498092,0.21946241,0.0870254,0.46551937,-0.18587564,-0.18469384,0.07692308
5768,0.13726044,-0.23187561,0.18837559,-0.1320661,0.6067265,-0.05463162,-0.7319408,0.23175293,0.058823526
5769,-0.15259063,0.018603072,0.25736415,-0.13698727,0.66582125,0.27691627,-0.5975115,0.29912665,0.12499999
5770,-0.11890371,-0.06772737,0.30108443,-0.15036112,0.9283481,0.12157469,-0.8661832,0.35165456,0.06250001
5771,0.053080894,-0.23829502,0.30019307,0.10520477,0.67240524,-0.2495929,-0.55666476,-0.31687614,0.07692307
5772,-0.3939868,-0.0016513253,0.4241647,0.12216018,0.6360301,0.5292174,-0.6237804,-0.05714007,0.07142858
5773,-0.38862893,-0.2265167,0.11082013,0.12728384,0.55143875,0.34449643,-0.82635736,-0.5383237,0.05882353
5774,-0.27403757,-0.09238808,0.024883553,0.075965405,0.55244195,0.17609754,-0.6391481,-0.42086625,0.07692308
5775,-0.3911441,-0.16083188,-0.17423023,-0.23172235,0.61799383,0.6457234,-1.0266736,-0.23287804,0.06250001
5776,-0.24919993,-0.08397159,0.0927051,0.033465356,0.56972694,0.25788742,-0.66205525,-0.16073659,0.049999997
5777,-0.38853762,0.15478116,0.97807664,0.5911705,0.47320795,0.33910125,-0.049331114,-0.032473806,0.11111111
5778,-0.17763224,-0.1751364,0.571109,0.31597546,0.30262744,0.475307,-0.5642617,0.12631881,0.06666667
5779,0.48000148,0.12088694,0.34980398,-0.19739583,0.15559673,0.035298534,0.25430435,0.39201486,0.06666666
5780,-0.35171014,0.151729,-0.064343885,-0.049849384,0.34291875,0.49521303,-0.12086988,-0.5880175,0.06666668
5781,-0.46056288,0.3046147,-0.06099148,-0.13114583,0.49695045,0.5909019,-0.12434512,-0.43496773,0.07692307
5782,-0.23169422,0.1037956,-0.07795891,0.0673171,-0.18699111,0.8989911,0.09378965,-0.31006297,0.062499996
5783,-0.42677215,0.028682169,0.028380021,0.1369645,0.0627875,0.8797045,-0.22796279,-0.45085993,0.05
5784,-0.4009351,0.05647627,-0.27073592,-0.02806934,-0.07589768,1.0008318,-0.17378274,-0.47713628,0.050000004
5785,-0.34456208,0.23581898,0.40923333,0.07531735,0.23319149,0.93870574,-0.084619805,0.15400337,0.06666666
5786,0.017595321,0.18078744,0.22231257,0.13624324,0.12523495,0.1261054,0.37941647,-0.45819297,0.06666668
5787,-0.26124817,-0.04093524,0.020283751,0.10352534,0.19016737,0.52609783,-0.3198861,-0.28845823,0.058823537
5788,-0.2332224,0.107295066,-0.19988848,0.20685482,-0.09899546,0.34066054,0.29194915,-0.9912041,0.07692308
5789,-0.15051383,-0.199232,0.32743606,0.27249998,0.27814788,0.30314022,-0.437962,-0.18730955,0.071428575
5790,-0.24448809,-0.089425266,0.20687002,0.23750815,-0.09259482,0.846251,-0.18290627,-0.24518667,0.07142857
5791,-0.36024648,0.20585234,0.2964527,0.14905782,0.057055622,0.99422944,-0.0050305724,-0.093681976,0.1
5792,0.4859924,-0.08184004,-0.08290169,-0.452671,0.39757282,-0.2263174,-0.2158144,0.17767876,0.06666667
5793,-0.5595245,0.27066624,0.0688895,-0.027540617,0.31348556,0.9412769,-0.18623805,-0.311011,0.05882353
5794,-0.4328257,0.07726982,0.27209985,0.18104833,0.2817021,0.7419773,-0.2600469,-0.38590652,0.066666655
5795,0.056496687,0.25242904,-0.1748467,-0.08079142,-0.060159013,0.24981928,0.43134373,-0.48245755,0.05263158
5796,-0.11709619,0.10875364,-0.2782387,-0.23534465,-0.058989108,0.84282124,-0.056584284,-0.21054117,0.062499993
5797,0.043185353,0.28236392,-0.13275005,-0.2901552,0.23164937,0.2493242,0.15847377,-0.12683819,0.05882353
5798,-0.20207545,0.13808332,0.18599586,0.108861595,0.27139133,0.3523369,-0.03855002,-0.26327807,0.07692308
5799,-0.15409112,0.28576645,-0.08740042,-0.2799502,0.32515842,0.526708,0.029034778,-0.040517475,0.066666655
5800,-0.44051468,0.18823706,0.06601186,-0.005302407,0.11292231,1.0419018,-0.12590669,-0.3141973,0.071428575
5801,-0.37957677,0.20321557,0.0555162,0.1881302,0.18397667,0.47174582,0.100490704,-0.5547254,0.083333336
5802,0.62842786,0.035678558,-0.101823226,-0.34043458,0.059980534,-0.32488185,0.34856838,-0.14016643,0.05
5803,0.4798374,0.13960797,0.2258822,-0.45716327,0.52991694,-0.20016795,0.02334322,0.46140426,0.047619045
5804,0.11644692,-0.26669225,-0.24091275,0.031203158,-0.13203074,0.28936282,-0.22993697,-0.47037736,0.083333336
5805,-0.099323496,-0.09798096,0.05491375,0.08087312,0.0377398,0.50159144,-0.23708963,-0.2694733,0.125
5806,0.76870215,0.025638765,0.19612542,-0.39323685,0.14441752,-0.2304877,0.2090178,0.56288713,0.058823537
5807,-0.048762247,0.26489392,0.25416827,-0.21989557,0.4743682,0.4286686,-0.07810453,0.40468702,0.06666667
5808,-0.51936746,0.117841646,-0.030608788,0.09385188,0.060864717,1.0260887,-0.18951216,-0.47637573,0.07692308
5809,0.94222605,-0.52387464,-0.51991975,-0.24595219,-0.611706,-0.4226761,0.31127936,-0.9502173,0.16666667
5810,-0.14579004,-0.10270657,0.124989405,0.0960221,0.18159857,0.4983944,-0.4376666,-0.017770436,0.07692307
5811,-0.38682613,-0.011911958,0.020220466,0.12536335,0.3332437,0.51861835,-0.39178836,-0.4994978,0.062499993
5812,-0.3588158,0.30830982,-0.15721057,-0.23256016,0.17765072,0.9144942,-0.02843082,-0.21379416,0.052631572
5813,-0.027730316,0.20109476,0.1638135,-0.29922068,0.67580616,0.13575771,-0.30999866,0.28453714,0.058823526
5814,0.4093938,-0.15288313,0.118639894,0.060492624,-0.005936891,-0.22848198,0.08210151,-0.21477656,0.045454547
5815,0.12400932,0.017450346,-0.07661243,-0.3361413,0.23691449,0.42241174,-0.30807352,0.25649,0.06666667
5816,0.04505752,0.39860034,0.33788353,-0.23895735,0.60418016,0.11000664,0.18580456,0.093627244,0.06250001
5817,0.34957734,0.03634504,0.10945662,-0.4467917,0.5259594,-0.044067964,-0.22353683,0.28156716,0.055555556
5818,0.17962816,-0.34713238,0.7683186,0.39565432,0.20049329,0.1981346,-0.5977112,0.57966983,0.062499993
5819,0.13594258,-0.114393204,0.19916153,0.14650738,0.15511243,-0.045170695,-0.16621217,-0.18092243,0.045454547
5820,0.12307712,0.015418333,0.30080152,0.10730162,0.116158605,0.22685528,-0.07154396,0.22149512,0.05882353
5821,0.013286106,-0.06676409,0.2104381,0.00331188,0.29514152,0.29766467,-0.32635355,0.038052112,0.071428575
5822,0.3774576,-0.2800661,0.18644959,0.134287,-0.054902807,-0.10445206,-0.14504898,-0.057390507,0.062499993
5823,-0.07983384,0.23790781,0.6422634,0.14600848,0.38604718,0.38105515,-0.04813245,0.5458222,0.06666667
5824,-0.20097584,-0.15052153,0.35849738,0.21712029,0.16473812,0.6697336,-0.47079974,-0.028618526,0.06666668
5825,-0.18600267,-0.046395924,0.8057544,0.54016596,0.17720452,0.4185192,-0.16808608,0.017377835,0.07692308
5826,-0.11446853,0.216832,0.82213706,0.4134096,0.264923,0.3398265,0.08429243,0.38210073,0.071428575
5827,-0.25685927,0.51637506,0.04658878,-0.50501406,0.867118,0.41238025,-0.111463465,0.19842252,0.11111111
5828,-0.0522013,0.0395398,0.3039484,-0.20399499,0.7544851,0.21448706,-0.62941086,0.5303024,0.0625
5829,-0.25370902,0.45365041,0.39954495,-0.15111357,0.9341511,0.013619766,-0.033655986,-0.06216972,0.08333334
5830,0.07388433,0.12058969,0.4954872,0.09198729,0.2026996,0.39212546,-0.01266662,0.43396136,0.05555555
5831,0.47219494,0.15058558,0.26640463,-0.21532601,0.16413963,-0.08275983,0.32782322,0.25627142,0.05882353
5832,-0.073130086,0.5403071,0.77453655,-0.2347739,0.8961909,0.22170277,0.05779831,0.74972,0.1
5833,-0.102117725,-0.10323064,-0.53049,-0.46730024,0.07203517,0.84321964,-0.49909347,-0.23803823,0.14285713
5834,-0.26823047,-0.0058300532,-0.06882435,-0.047564425,0.4625659,0.33730292,-0.5069906,-0.25190437,0.090909086
5835,-0.03079018,-0.022013895,0.09184125,0.047894567,0.20726196,0.23341629,-0.24463363,-0.06398411,0.071428575
5836,-0.22185627,0.10137358,0.23626637,-0.06415794,0.3322184,0.69776195,-0.3129172,0.099210575,0.0625
5837,-0.19669026,0.3285472,0.1233548,-0.28856805,0.65783536,0.33224636,-0.17756212,0.16329059,0.0625
5838,-0.061305135,0.03492334,0.22189188,-0.1964201,0.48552507,0.48977295,-0.47910434,0.28943574,0.058823537
5839,-0.23159894,0.20558988,0.031633332,-0.011780761,0.17456892,0.54072535,-0.05174797,-0.25731242,0.076923065
5840,-0.11660913,0.30478173,0.2769102,0.090499625,0.29964352,0.21950941,0.23874603,-0.170341,0.09090909
5841,-0.21228701,0.0654223,0.16239116,-0.028024174,0.13753733,0.86508256,-0.27430812,0.11854112,0.0909091
5842,-0.033424947,-0.005323749,0.15028898,-0.2757158,0.46468002,0.56198305,-0.6068664,0.51473254,0.058823526
5843,-0.080216706,0.13093306,-0.00012876838,-0.3862751,0.53623515,0.4543905,-0.46331948,0.3774832,0.07692308
5844,-0.22537044,0.0022716746,-0.0057276785,-0.10093067,0.6781844,0.051167935,-0.57071525,-0.20695321,0.07142857
5845,-0.20535296,0.1647481,-0.3099031,-0.24939162,0.33886546,0.34518728,-0.15503469,-0.49773243,0.09090909
5846,0.0035970956,0.0698998,0.07432115,-0.08084161,0.37988326,0.091211446,-0.17390361,-0.07966064,0.08333334
5847,0.024548128,0.15360485,-0.24029224,-0.35977948,0.45653945,0.12578604,-0.22810555,-0.0012912191,0.06666667
5848,-0.055033866,0.011667393,0.0058039725,0.09394568,0.028201357,0.36263978,-0.133261,-0.10478811,0.076923065
5849,-0.31509787,0.03496994,0.082350254,-0.039221562,0.32951957,0.661261,-0.4271022,-0.15399478,0.07142858
5850,0.17310244,0.06322853,0.18361716,0.13380405,0.073582865,-0.06376591,0.17131905,-0.14038058,0.05882353
5851,0.22316897,-0.14797078,-0.118006825,-0.21108595,0.15690571,0.16408427,-0.3073789,-0.0014437027,0.06666667
5852,-0.0630423,-0.056212768,0.038955852,0.006659426,0.35708135,0.15107921,-0.43049598,0.038014337,0.07142857
5853,-0.368049,0.5904052,0.106272295,-0.3871256,0.7062489,0.6697779,-0.012744367,0.24593574,0.099999994
5854,-0.14909971,0.67913055,0.5084887,-0.36632246,0.8576018,0.4498955,0.11250995,0.63325137,0.125
5855,0.07696391,0.10597265,0.07326126,-0.16047475,0.51396316,-0.077524066,-0.23371702,0.14867921,0.07692308
5856,-0.03615775,-0.06489773,0.12662025,0.1964139,0.054566942,0.24112542,-0.12576747,-0.27454257,0.058823522
5857,-0.036728308,-0.2857642,0.32883584,0.26677337,0.055975474,0.46720067,-0.5365264,0.031098582,0.071428575
5858,0.91126484,-0.18217969,0.29827994,-0.2770415,0.10201408,-0.4530003,0.17940454,0.2900064,0.07692309
5859,-0.1561493,-0.13580412,0.20479515,0.12601738,0.02133879,0.7767218,-0.42775804,0.06353716,0.05555555
5860,-0.2048037,-0.06570861,0.23312339,0.26000974,0.38197732,0.105272636,-0.37615943,-0.23698746,0.07692308
5861,-0.08178878,0.016052982,0.31202215,0.084732115,0.34557462,0.3263579,-0.282462,0.12422089,0.049999993
5862,-0.20217398,-0.14101334,0.049935378,-0.06169427,0.29125622,0.59709,-0.58761644,-0.26383,0.05882353
5863,0.07309172,0.81538486,0.47305715,-0.5368308,0.7278653,0.3027317,0.6247113,0.5882867,0.16666667
5864,-0.021554925,0.05076511,0.6647485,0.33998075,0.11055969,0.46946165,-0.04926133,0.40028307,0.05555555
5865,0.288396,0.33698067,0.36013967,-0.19425109,0.03182824,0.48981985,0.45434636,0.57011896,0.1
5866,0.0704217,0.07994895,0.12486619,-0.042562537,0.14435007,0.24213353,0.057304993,-0.115731284,0.083333336
5867,-0.27752763,0.25647986,0.45686942,0.2676602,0.36827672,0.32031634,0.09802662,-0.24001618,0.052631576
5868,-0.15574846,-0.036860023,-0.019582167,-0.015958697,0.02621463,0.69466424,-0.32992834,-0.026481736,0.09090909
5869,0.08258227,-0.23223321,-0.27405244,-0.20716286,-0.0064291954,0.55711865,-0.51264495,-0.003127288,0.12499997
5870,0.17578089,-0.04688416,0.21651506,0.070148006,0.086708285,0.11113606,-0.023457803,-0.11100641,0.07142856
5871,0.08241441,-0.05638548,0.08720766,-0.06461308,0.19746077,0.29217103,-0.30299744,0.14914995,0.058823522
5872,-0.4477675,0.3423714,0.28271985,-0.12649459,0.89997274,0.35713717,-0.3476239,0.011503976,0.08333334
5873,0.25058523,-0.2586202,0.42452902,0.16162026,0.40793037,-0.22015125,-0.4684829,0.20067176,0.06666667
5874,-0.16791108,0.0378662,0.53902143,0.22218856,0.57733566,0.12539664,-0.31433284,0.012872055,0.058823526
5875,-0.07129171,0.06216938,0.42286795,0.05830409,0.4181293,0.3249206,-0.30759722,0.27392328,0.055555556
5876,0.14454523,0.21473512,0.5401695,0.10947795,0.472767,-0.23266903,0.14889286,0.17665148,0.090909086
5877,-0.1637103,0.30625805,0.4189518,0.06526204,0.63564235,0.07501217,-0.03911802,0.057037126,0.05263158
5878,0.06359085,-0.12560317,0.38730538,0.15536113,0.21035238,0.26662448,-0.38046235,0.32771018,0.04166667
5879,-0.28004143,-0.054447193,0.26161546,0.13669485,0.29180548,0.60100484,-0.4406926,-0.13790955,0.058823526
5880,-0.023472913,-0.17860924,0.12123683,0.15518263,0.2366155,0.11836263,-0.3828758,-0.25536847,0.05263157
5881,-0.0048702136,-0.32539067,0.28040767,0.3169626,-0.0052595288,0.42660436,-0.47898972,-0.04575215,0.09090909
5882,-0.024430737,-0.12973498,0.32457578,0.25561526,0.037054256,0.39580142,-0.24246198,0.06316122,0.08333332
5883,0.015072674,-0.17885454,0.15318926,0.18934767,-0.16064067,0.5831437,-0.1896465,-0.14789511,0.07142857
5884,-0.3251781,0.22497304,0.57747144,0.20208958,0.6052575,0.31984925,-0.12613931,-0.11448951,0.08333333
5885,-0.0031504259,-0.057054378,0.25188482,0.0009640604,0.2054281,0.44317734,-0.30805382,0.08741467,0.058823522
5886,-0.108146206,-0.15513743,-0.03522615,0.1342186,0.0047996044,0.46272728,-0.34244666,-0.24596806,0.04761906
5887,0.19035673,-0.056453396,0.08099408,-0.40537924,0.90506893,-0.2884797,-0.6217686,0.22895567,0.16666667
5888,-0.18353564,-0.11563639,0.39110386,0.29631177,0.35751903,0.26986015,-0.4629836,-0.1274461,0.066666655
5889,0.1457318,0.03516991,-0.19287707,-0.14275023,0.0046180785,0.1885587,0.0775564,-0.3129137,0.062499993
5890,0.12981138,-0.12720013,-0.08807896,-0.27562755,0.22466987,0.45795843,-0.513137,0.33104098,0.076923065
5891,-0.26836768,0.18314734,0.060299866,0.07689358,0.1796503,0.50617975,-0.024264641,-0.22108705,0.10000001
5892,-0.14731619,-0.13080113,0.37203968,0.20117012,0.35564935,0.33701247,-0.54686254,0.11769302,0.08333332
5893,-0.07875362,0.13545531,0.0012215227,-0.40149665,0.69010967,0.24270579,-0.42668933,0.15183787,0.16666669
5894,-0.11348102,0.10966335,0.19602357,-0.06864106,0.5276791,0.18424988,-0.29483423,0.084939875,0.0625
5895,-0.16196233,0.00954194,0.25858134,0.27684453,0.32754028,0.04755414,-0.10403977,-0.42589945,0.07142858
5896,0.11049373,0.023339273,0.48101342,-0.019347727,0.3911452,0.25065815,-0.30080914,0.49890694,0.05882353
5897,0.18978885,-0.063299626,0.4614485,0.23497447,0.04297656,0.09008092,-0.049140155,0.17701119,0.055555556
5898,-0.3424202,0.12659545,-0.20286123,-0.20221052,0.31069934,0.73510104,-0.3820436,-0.21702494,0.071428575
5899,0.32290274,-0.10210216,-0.44694376,-0.16808134,-0.3121912,0.15716556,0.17722706,-0.51698816,0.09999999
5900,-0.03337049,-0.24304454,0.31954134,0.073539704,0.35414556,0.39680767,-0.7315357,0.31642804,0.04545455
5901,0.033039436,0.1766999,0.59970224,-0.033937193,0.80268246,-0.1066532,-0.26975352,0.5151302,0.055555563
5902,-0.27456257,0.24494503,0.41048962,0.087592825,0.6225952,0.2037707,-0.16076595,0.024165425,0.06666667
5903,-0.19141483,-0.29785043,0.5120532,0.6578518,-0.070593014,0.40473038,-0.36465544,-0.2217106,0.07692309
5904,0.07543125,-0.08523591,0.34726572,0.2569059,0.2910367,-0.08906779,-0.26823428,0.10677944,0.083333336
5905,0.32201636,-0.16775231,0.087877154,-0.07940989,0.15993524,-0.03518322,-0.19405808,0.017875127,0.0625
5906,0.22816053,-0.41056398,0.06249272,0.08755941,-0.029264241,0.23173462,-0.5557975,0.08014266,0.052631572
5907,0.10872718,0.15646374,0.43576902,0.09999202,0.4300006,-0.16177082,-0.008453354,0.15689489,0.062499996
5908,0.14438117,-0.041699577,0.36026782,0.22862354,0.013835281,0.16890702,0.040726796,0.0008753352,0.058823526
5909,-0.0050564334,-0.14611398,0.32260045,0.4216849,0.021328568,0.083962984,-0.10102685,-0.34202847,0.06666668
5910,0.040782347,0.15781252,0.28168052,-0.08351242,0.5553646,-0.0035719872,-0.14013544,0.14539023,0.083333336
5911,0.25763863,-0.3630613,0.3448719,0.2092376,0.46551102,-0.48250484,-0.66247165,0.22256021,0.12499999
5912,-0.015290596,0.009299636,-0.17739685,0.08026834,-0.38231963,0.7246564,0.18391122,-0.40279585,0.14285713
5913,0.07848001,-0.21103258,0.51554614,0.5964922,-0.00400424,-0.11548258,-0.08980669,-0.17405443,0.058823537
5914,0.36581996,-0.0008779727,0.41138458,0.022578016,0.4544248,-0.4958791,-0.03176351,0.12303215,0.058823526
5915,0.15484887,-0.15700193,0.20152354,0.26254264,0.015037656,-0.027466923,-0.12916294,-0.122963965,0.07692308
5916,0.33496356,0.113762036,-0.3235674,-0.5158922,0.17014356,0.068920255,0.110949606,-0.2429293,0.0909091
5917,0.29614338,-0.051722202,0.20770983,-0.14068449,0.48081374,-0.26667097,-0.23784646,0.16003412,0.09090909
5918,-0.12149297,-0.000766404,-0.2628368,-0.359866,0.3740381,0.5434886,-0.53717315,-0.052440334,0.055555552
5919,0.26481518,0.32685733,0.050259106,-0.44578898,0.46580327,-0.06543924,0.29489124,0.03184022,0.09090909
5920,0.45247456,0.17446531,0.29575273,-0.20248058,0.44327927,-0.47946763,0.29098654,0.030708779,0.045454543
5921,0.08338449,0.017790519,0.26221687,0.03588795,0.24639916,0.20031443,-0.14425038,0.16495943,0.08333334
5922,0.38190755,0.039046567,0.08898732,-0.064901136,-0.1283559,0.07763708,0.36860234,-0.14646406,0.06666666
5923,0.060676537,0.014864508,0.10813801,-0.3149739,0.57471544,0.280389,-0.54015857,0.4094812,0.071428575
5924,0.8693272,-0.39867356,0.1921321,-0.15711123,0.18233119,-0.6716251,-0.26624602,0.3657148,0.09090909
5925,0.054971725,-0.008706566,0.33147013,-0.05504621,0.37129605,0.286273,-0.32394695,0.3479615,0.06250001
5926,0.13976231,0.08114746,0.560905,0.12507153,0.48993057,-0.14581156,-0.12650123,0.376485,0.083333336
5927,0.26321653,-0.08865921,-0.017010227,-0.33247533,0.19961177,0.36923802,-0.31817526,0.25733835,0.07692308
5928,0.24354294,0.045878943,-0.019550309,-0.32033676,0.039127246,0.47777396,-0.028653622,0.24469583,0.07142858
5929,0.46572432,0.16476895,0.3247668,-0.17683828,0.2893704,-0.32154444,0.36297798,0.07706684,0.16666667
5930,0.05921472,0.26482147,0.19349417,-0.06457857,0.48921508,-0.121353745,0.16000126,-0.15766318,0.055555563
5931,-0.248829,0.06617446,0.0060138106,0.1961788,0.03222646,0.4645761,-0.0118817985,-0.53197706,0.058823526
5932,0.51266885,-0.20061073,0.1416606,0.023421593,0.059797756,-0.34339488,-0.048168615,-0.010064226,0.05263158
5933,-0.023377888,0.30513474,0.49903,-0.04952266,0.9081546,-0.2996139,-0.12987427,0.22957379,0.083333336
5934,-0.076360084,0.051559914,0.20961264,-0.08585859,0.38885528,0.42943308,-0.3552755,0.2785771,0.050000004
5935,0.13441017,0.106351286,0.43535554,0.024545714,0.1733057,0.35033458,0.026101232,0.3932699,0.04761905
5936,0.10203647,-0.11581023,0.6144207,0.0907751,0.54244184,0.06263189,-0.5483541,0.6624665,0.0909091
5937,0.07456916,-0.36037108,0.39133394,0.5808925,-0.28468525,0.23809399,-0.24071768,-0.1878736,0.045454547
5938,-0.20642874,-0.2479196,0.40911877,0.6485861,0.1261184,0.039484177,-0.3588577,-0.4750344,0.045454543
5939,-0.21894386,-0.045108125,0.10121426,0.17323102,0.29008895,0.27366754,-0.3408327,-0.36432394,0.055555563
5940,0.5110585,-0.07048839,0.17308822,-0.1190008,0.25096917,-0.4045182,0.016546652,0.028447721,0.058823537
5941,-0.14163584,-0.035500057,0.22354363,-0.16535169,0.53094006,0.55347764,-0.64360464,0.34588543,0.06249999
5942,0.15319529,-0.07020013,0.3041659,0.04281503,0.3419509,-0.005491972,-0.30455548,0.16271645,0.050000012
5943,0.31798127,-0.058255862,0.25643608,0.061453592,-0.12628175,0.26997846,-0.0023530945,0.38950786,0.0909091
5944,-0.037411556,0.057295196,0.45009732,-0.21965957,0.99600023,0.016275346,-0.6372432,0.44937474,0.055555563
5945,-0.01694272,-0.018375425,0.25424406,-0.119853996,0.7219908,0.014884345,-0.5370929,0.20955262,0.05882353
5946,0.53660893,0.16521443,0.13512215,-0.49692583,0.36439806,-0.057857633,0.13178438,0.4535222,0.0625
5947,0.11865137,-0.11044733,0.026184432,0.11142673,0.016928568,0.09960836,-0.103678204,-0.19844843,0.1
5948,-0.20524248,-0.026859071,0.17493385,0.08164446,0.3794188,0.31725222,-0.42488956,-0.16391928,0.05882353
5949,0.10721249,0.02369709,0.4029711,-0.075477816,0.09953047,0.7477729,-0.19060308,0.669251,0.090909086
5950,0.058252163,0.24623106,-0.24447341,-0.2559623,0.08663733,0.20156772,0.34286696,-0.4633095,0.0909091
5951,-0.13956134,-0.0076415334,0.39860916,0.2024509,0.14715163,0.53701293,-0.2628888,0.16498078,0.06666667
5952,-0.37854597,0.0129412245,-0.07308987,-0.054111786,0.23573184,0.77040684,-0.476494,-0.27863488,0.062499996
5953,0.3478085,-0.017980244,-0.010741532,-0.3235528,0.38042673,-0.1803979,-0.1353928,0.08262488,0.07692309
5954,0.5802323,-0.07908873,0.07660249,-0.43679124,0.38982007,-0.302705,-0.16658384,0.2931196,0.05882353
5955,0.24998683,0.05628131,-0.055614725,-0.35399124,0.33436608,0.13703984,-0.1540832,0.22483186,0.1
5956,-0.04500135,-0.05437417,0.14765885,0.32550448,-0.24227728,0.5071616,-0.009220809,-0.13286525,0.032258064
5957,0.010570444,-0.05605598,-0.067741886,-0.2175796,0.32151014,0.33074224,-0.39251167,-0.08722602,0.0625
5958,-0.022624753,0.08107209,0.17142645,-0.009084977,0.33653954,0.17796654,-0.13743797,-0.012800667,0.07692308
5959,0.80553883,-0.14878204,0.41516757,-0.35798714,0.69016564,-0.835353,-0.24645685,0.5487521,0.14285715
5960,0.04288865,0.09865762,0.9411051,0.09788781,0.71526355,0.19556288,-0.40612614,0.92111033,0.07142856
5961,0.2646044,0.024620827,0.05780933,-0.2706451,0.4109741,-0.05888723,-0.14026317,0.077353194,0.06249999
5962,0.014879167,-0.15782721,0.6192247,0.44259468,0.32158405,-0.12459563,-0.302994,0.0074566826,0.07692307
5963,0.15555069,-0.26398054,0.19702017,0.14608443,0.099618204,0.12187845,-0.42549157,0.060108673,0.06666668
5964,0.14741907,0.058737237,-0.20942499,-0.24310946,0.08773103,0.24706702,0.042616665,-0.24627785,0.07692307
5965,0.024401926,-0.18911594,0.24366233,0.13492748,0.18587418,0.28308135,-0.44560468,0.103628665,0.058823537
5966,0.017018594,-0.18886885,0.17961195,0.07763894,0.07129765,0.48525277,-0.40247327,0.041023448,0.071428575
5967,0.57432616,0.12614161,0.4988106,-0.3625734,0.82261705,-0.5944968,-0.13597155,0.718327,0.12500001
5968,0.025150672,-0.08615893,0.399992,0.28126496,0.16224663,0.167005,-0.22250772,0.06700814,0.050000004
5969,-0.07049461,0.027514275,-0.010414317,0.13192612,0.101170525,0.08091109,0.018072084,-0.50347716,0.07142858
5970,0.18425629,-0.21487215,0.26508802,-0.07070934,0.20757416,0.3686343,-0.47555184,0.36493233,0.071428575
5971,0.27403495,0.13577284,0.103905454,-0.48414326,0.5841009,0.040232375,-0.14908922,0.33264157,0.066666655
5972,-0.29974955,0.020720396,0.39157182,0.34369624,0.28554532,0.3679401,-0.21348137,-0.28602675,0.040000007
5973,0.5093364,-0.094443634,0.13773176,-0.21782586,0.21901575,-0.192231,-0.106091574,0.2864153,0.05263159
5974,0.2915353,0.17093357,0.05856114,-0.15574557,0.105641544,-0.012423724,0.42656034,-0.44213584,0.09090907
5975,-0.1549641,-0.12200548,0.26426935,0.076124236,0.1766809,0.68230855,-0.47173834,0.07245636,0.055555552
5976,-0.21935007,0.038125213,0.60344857,0.2373761,0.5432517,0.30685258,-0.46434402,0.34204814,0.0625
5977,0.15766686,0.2295716,0.31015277,-0.079485394,0.28677216,0.064666495,0.26183337,-0.02125666,0.06666668
5978,0.5992632,-0.67329866,0.58846545,0.5908844,-0.102957174,-0.5426376,-0.3857429,0.022579871,0.0909091
5979,0.464821,0.07313433,-0.26694596,-0.40712243,-0.14346074,0.21221617,0.2938816,-0.050759945,0.05882353
5980,0.5261351,-0.043179207,-0.27073604,-0.3372506,-0.06965338,-0.113689736,0.19043092,-0.21585886,0.05882353
5981,0.08550892,0.12031488,0.25816905,-0.2819077,0.72249895,0.059155423,-0.3559494,0.41400698,0.04999999
5982,-0.14773895,-0.2273473,0.4079818,0.38043764,0.22472474,0.24055788,-0.508537,-0.13672774,0.07692308
5983,-0.23333418,-0.25920212,0.17467342,0.17536564,0.3357963,0.45760983,-0.8019897,0.01894926,0.07142858
5984,-0.06466717,-0.27732575,0.077266306,0.34170312,-0.19185339,0.48890233,-0.30907273,-0.32730567,0.083333336
5985,0.21346411,-0.13436791,-0.15258898,-0.117675,-0.15226917,0.40169227,-0.0582743,-0.23387273,0.058823526
5986,-0.18734509,0.009974167,0.14938709,0.295778,-0.009909466,0.42394996,-0.033907384,-0.37279573,0.06666668
5987,0.07163075,0.20525374,0.5108149,-0.072074346,0.7120781,-0.077707544,-0.15811273,0.44391748,0.052631564
5988,0.12697893,0.21624999,0.3516922,0.077085316,0.20359056,0.08511274,0.28033274,0.015211254,0.062499993
5989,0.23907688,-0.070165485,0.61685216,0.05927425,0.39447027,0.019780248,-0.19850011,0.19871268,0.125
5990,1.0025772,-0.28792286,0.038133234,-0.24346212,-0.35866845,-0.25648397,0.26631153,0.20564072,0.090909086
5991,0.7661237,-0.29235992,0.17987886,-0.15148765,-0.12959905,-0.14406905,-0.0021365955,0.3131413,0.10000001
5992,-0.08067693,-0.18288136,0.12292668,-0.09567214,0.38693297,0.51738036,-0.71130085,0.12532017,0.1
5993,-0.21247408,-0.17755778,0.12208265,0.09885198,0.3290717,0.54115766,-0.6420314,-0.16562359,0.058823526
5994,0.0808515,0.24008024,0.68039626,-0.027835317,0.6278741,0.15561992,-0.12734543,0.82546127,0.09999999
5995,0.63472503,0.008359585,0.0279269,-0.48464668,0.45224237,-0.46051097,0.01963088,0.21111788,0.05882353
5996,0.16373292,-0.14763579,-0.13967414,0.09249104,0.16484398,-0.4028451,-0.091762446,-0.7371281,0.1
5997,0.63950646,-0.59522736,0.27444792,0.62567633,-0.60584307,-0.3849623,-0.047806755,-0.083113134,0.16666667
5998,0.45537117,-0.09411228,0.29350954,-0.031777836,0.2488218,-0.32449502,-0.008220077,0.02983851,0.055555556
5999,0.14528057,0.087274164,-0.2187417,-0.19324306,0.034472987,0.1849104,0.09570789,-0.2960124,0.05882353
6000,0.4797711,-0.014874371,0.016957238,-0.34954017,0.22865018,-0.12031075,-0.0040819347,0.20559238,0.062499996
6001,0.09502641,-0.34314638,-0.025359735,0.13064045,0.012072802,0.1712963,-0.43483233,-0.33513674,0.14285715
6002,0.2512103,0.014490189,0.18507208,-0.064496584,0.28202412,-0.0966299,-0.015005507,0.021991119,0.071428575
6003,-0.16285625,0.05338094,0.47911352,0.18317617,0.2526409,0.57631433,-0.32322198,0.3876667,0.099999994
6004,-0.18760355,-0.20059322,0.40035993,0.4614964,0.061453916,0.44178316,-0.40022153,-0.13814665,0.07142856
6005,-0.18179739,0.045155574,-0.39990318,0.028634384,-0.11732374,0.44358134,0.039739147,-0.74689126,0.07692308
6006,0.09726479,0.31804526,0.2051381,-0.21755072,0.36603296,0.19374263,0.15173884,0.22022279,0.07692307
6007,-0.08334223,-0.05129004,0.040296763,0.060627054,0.15632007,0.3554283,-0.33094764,-0.014050018,0.11111111
6008,-0.2187688,0.2981016,0.40024567,0.064483985,0.19137983,0.7181543,0.07140581,0.2230241,0.06666668
6009,-0.0922562,0.104564145,0.1702277,0.07799272,0.045481533,0.54284716,0.066119924,-0.10549469,0.058823526
6010,-0.1065106,0.18335836,0.3960529,0.13472286,0.3883741,0.1917328,0.016951084,-0.04114719,0.06250001
6011,0.25424874,0.10554168,0.1996353,-0.13978449,0.20522466,0.06339729,0.15234934,-0.041342225,0.05263158
6012,0.06530955,0.43330583,0.4231524,-0.058577083,0.118080676,0.4608165,0.55571944,0.17946303,0.07692309
6013,-0.33441737,0.5218032,0.30055216,-0.13970736,0.7303282,0.29312384,0.1379198,-0.050009627,0.099999994
6014,0.2464005,0.03734309,0.14210689,-0.21009317,0.24458644,0.21224868,-0.04608786,0.18591583,0.05882353
6015,-0.088590115,-0.22037508,0.015337363,0.42848176,-0.5086405,0.601314,0.048470452,-0.8480413,0.12499999
6016,0.5796213,0.0005749869,0.16595787,-0.2061168,0.104453586,-0.20600516,0.15825455,0.30447513,0.05882353
6017,0.23059356,-0.02820886,0.29926014,-0.11251294,0.43835998,0.021375448,-0.3467038,0.4750658,0.07692308
6018,-0.04880678,0.1300587,0.04798556,-0.33742404,0.5045767,0.4342172,-0.34038222,0.17082001,0.071428575
6019,0.5386376,0.2683281,0.13165666,-0.5858621,0.337636,0.0546282,0.22401552,0.6917441,0.08333333
6020,0.42118278,0.020422319,0.14153095,0.04644425,0.08337628,-0.47586346,0.41671395,-0.4965261,0.125
6021,0.13305664,0.1789097,0.048884064,-0.41917735,0.42167014,0.41720706,-0.14121726,0.37840095,0.111111104
6022,0.09470943,0.05707648,0.51140875,0.21613145,0.23970446,0.07067605,0.034442782,0.10202271,0.07142858
6023,-0.37384662,0.20743339,0.67220795,0.37363464,0.5220932,0.2915345,-0.1432837,-0.055584777,0.055555552
6024,-0.05938229,0.18433563,0.5707824,0.25172594,0.36052573,0.17428873,0.0067140833,0.17437422,0.07692309
6025,0.09610041,0.4242925,0.023078635,-0.31196827,0.20790756,0.38242686,0.3982979,0.14124739,0.05882353
6026,0.4873928,0.07570475,0.027082317,-0.2408044,0.20595834,-0.3774378,0.24911453,-0.11703524,0.055555556
6027,0.39654744,-0.14849278,0.24021372,0.063164294,0.05301355,-0.1446549,0.016915381,-0.05284268,0.049999997
6028,0.15594289,0.21362643,0.4610479,0.09507403,0.20637885,0.13641301,0.22536047,0.3154673,0.071428575
6029,0.23645082,0.2706433,0.060138598,-0.30942884,0.41819894,-0.13240892,0.26119977,-0.057724748,0.05263158
6030,0.13483566,-0.20406263,0.269284,-0.010891706,0.43175638,0.00094139576,-0.5601581,0.22602086,0.10000001
6031,-0.26106206,0.071645856,-0.06485246,0.025636055,-0.0066438466,0.7738966,-0.09499959,-0.35901847,0.045454547
6032,-0.24253246,-0.20806032,0.1608377,-0.008635111,0.48952794,0.50885314,-0.8280298,-0.10447781,0.052631587
6033,0.63243747,0.08422166,0.22219,-0.17151636,0.05386825,-0.28976324,0.36132848,0.29321057,0.066666655
6034,-0.45073545,0.4356535,0.44647622,0.24536732,0.22082028,0.76692116,0.31980157,-0.24557294,0.08333334
6035,0.20093486,0.50295115,0.59936386,-0.17571855,0.64265597,-0.24088806,0.4325047,0.39589655,0.14285713
6036,-0.19386807,0.1964203,0.74725264,0.46454018,0.28552517,0.27678755,0.05853173,0.15423295,0.06250001
6037,0.16234937,-0.12103726,0.6053215,0.36023295,0.2986862,-0.1815122,-0.22782637,0.2301702,0.06666667
6038,0.4370806,-0.074286476,-0.015192404,-0.10214446,-0.11950658,-0.0366994,0.24236612,-0.30250186,0.07692308
6039,0.47355756,0.14631782,0.25592196,-0.29877174,0.33431756,-0.09630224,0.15821351,0.3612769,0.047619052
6040,0.2873015,-0.26427108,0.35025644,0.071580224,0.21544762,0.06651805,-0.4690312,0.43123728,0.06666667
6041,-0.20204723,0.17985041,-0.028255507,-0.15530163,0.4274845,0.38873702,-0.25198776,0.03754238,0.071428575
6042,0.2502046,0.3223333,0.31537646,-0.36686337,0.4762177,0.16862047,0.14722224,0.5017194,0.066666655
6043,-0.057248056,0.022395771,0.35906804,-0.13256711,0.5602468,0.48358867,-0.54288024,0.48806563,0.1
6044,-0.23635462,0.28144982,0.47769916,0.072495185,0.6531562,0.20279217,-0.10856393,0.08074364,0.06666668
6045,-0.1828798,0.20217204,0.8258529,0.4288472,0.17397799,0.5452415,0.08225195,0.23896204,0.125
6046,-0.121944144,-0.0492634,1.0906891,0.64046544,0.43018353,0.024369508,-0.30413628,0.38440618,0.090909086
6047,0.06434008,0.3484666,0.1953572,-0.43814194,0.39331836,0.62976676,0.03370662,0.5681368,0.0625
6048,0.22587445,-0.06659648,-0.11870976,-0.06295126,0.05913098,-0.017527938,-0.014033437,-0.29598293,0.125
6049,-0.17987618,0.13008617,0.2630849,0.08772452,0.17144847,0.5887676,-0.08670358,-0.06630376,0.062499996
6050,0.4836019,0.06047153,0.14421338,-0.20596424,0.15861626,-0.14261916,0.18933524,0.22165482,0.1
6051,0.113895364,0.2232221,0.44707173,0.14024317,0.13694298,0.18071237,0.3374706,0.06046139,0.05882353
6052,0.93926287,-0.26425436,0.17938498,-0.15051797,-0.13419293,-0.47819847,0.19448988,0.21176647,0.050000004
6053,0.14268008,0.23036422,0.35608923,-0.07738728,0.5250933,-0.18831238,0.12949556,0.02897102,0.08333332
6054,-0.2241593,-0.07359956,0.18546292,0.37816653,0.19669795,0.1174411,-0.20387933,-0.50790554,0.083333336
6055,0.046405397,0.41294664,0.046604007,-0.39769801,0.4820854,0.19182861,0.20375149,0.11149667,0.047619052
6056,0.16306078,0.27376425,0.20152786,-0.21739885,0.3249147,0.14295074,0.19107892,0.26729557,0.058823522
6057,-0.27486104,0.0051852055,0.313141,0.07918024,0.80623806,-0.013281234,-0.5488191,-0.29225644,0.0625
6058,-0.19618979,0.088677764,0.18905362,0.064816095,0.46497047,0.18912147,-0.31499225,0.033610024,0.08333332
6059,-0.0011777282,0.06205601,-0.08744483,-0.20882264,0.19666855,0.41403806,-0.19005913,-0.018046912,0.06666667
6060,-0.16284795,-0.15048297,0.32342324,0.2132025,0.087432526,0.6536569,-0.45295382,0.112660825,0.047619052
6061,0.061322965,0.085780784,0.56501925,0.031235844,0.59663635,0.058554046,-0.26647925,0.4616863,0.07142856
6062,0.22655052,0.19613986,0.19360588,-0.17503995,0.29210812,0.048791688,0.14495759,0.14980517,0.09090909
6063,-0.005540192,0.11831485,0.33565062,0.08376995,0.6193285,-0.2232014,-0.16630599,0.0177433,0.09090909
6064,0.03392502,-0.2655543,0.16987923,0.0433574,0.38653344,0.14010993,-0.7047393,0.22802426,0.14285716
6065,0.5258124,-0.1252927,-0.11501469,-0.25850955,0.18620473,-0.3670646,-0.047757924,-0.10350777,0.045454547
6066,0.099178515,-0.021319231,0.0754089,0.11217706,-0.1752411,0.4302054,0.035155132,0.01238789,0.058823526
6067,-0.0036430135,0.1614755,0.4401831,0.14842886,0.568285,-0.2524139,0.067498416,-0.3555205,0.07692308
6068,0.033772036,0.11626893,-0.085787535,-0.043983005,0.12718397,0.106328815,0.15117703,-0.45178124,0.052631572
6069,-0.13242319,-0.05350111,0.20969225,0.3538214,0.32067043,-0.15153955,-0.21853763,-0.42073804,0.06250001
6070,0.039013453,0.18993527,0.02245009,-0.4374783,0.84469014,-0.0950163,-0.3747235,0.18691397,0.07142858
6071,-0.15779841,0.11855577,0.3228531,0.15439415,0.42453915,0.13350241,-0.19240579,-0.054074187,0.07142857
6072,-0.04837389,-0.19931437,0.15745535,0.17745155,0.040334284,0.457989,-0.42536938,0.02861607,0.055555556
6073,0.30299234,0.25439966,0.09442837,-0.5157966,0.3277538,0.3855783,0.07957356,0.47888413,0.07142858
6074,-0.11695512,0.3252954,0.025283381,-0.5054424,0.83757657,0.24175328,-0.29113817,0.20682298,0.07142856
6075,0.31947395,0.28049228,0.22381511,-0.34809655,0.46240324,-0.057245925,0.19270752,0.3097666,0.11111111
6076,-0.41217875,0.14513583,0.20702264,-0.034990914,0.59932834,0.51012313,-0.3894146,-0.23734923,0.083333336
6077,0.20636359,0.11508094,-0.10105343,-0.3226033,0.28141606,-0.018088154,0.070225954,-0.19689043,0.08333333
6078,0.18565357,0.01855893,0.47267324,0.04630002,0.19658361,0.2755533,-0.029133044,0.353859,0.076923065
6079,0.029366523,-0.1995255,-0.008506998,-0.01483687,0.03809464,0.43467686,-0.396917,-0.095170036,0.06666667
6080,0.3434084,0.09536494,0.23528294,-0.29771256,0.21923006,0.29077357,-0.0011378527,0.531339,0.047619052
6081,0.11956907,-0.21737662,0.26535538,0.34070402,0.079629526,-0.20978582,-0.088351354,-0.70257974,0.099999994
6082,0.2609229,-0.07321899,-0.0684316,-0.008727372,-0.26813573,0.34193188,0.0669674,0.03169239,0.045454547
6083,0.5932472,0.30632013,0.051156633,-0.5672644,0.30878264,-0.17832422,0.44788724,0.29526788,0.0625
6084,0.81875557,0.12458938,-0.17604296,-0.56231284,-0.14393704,-0.12997612,0.5734336,0.14636406,0.06666667
6085,0.09097893,0.043601092,0.24663448,-0.08879032,0.4474479,0.13460115,-0.28430218,0.28631088,0.07692308
6086,0.0035168976,0.19356592,0.30676484,-0.16763034,0.66072387,0.07664643,-0.20625442,0.25399935,0.062499996
6087,-0.29370514,0.1494189,0.5839826,0.37439677,0.3814016,0.35964292,-0.1339058,-0.034778666,0.052631576
6088,0.05659304,0.10196318,0.7316011,0.121586606,0.34739488,0.42969644,-0.16123797,0.6739675,0.05882353
6089,-0.31919733,0.09039909,0.31233615,-0.005915813,0.59537554,0.5113047,-0.547851,0.20182696,0.066666655
6090,0.23291504,-0.053448007,0.20336731,0.118015386,-0.2944891,0.5022969,0.14448784,0.15310557,0.062499996
6091,-0.030644171,0.18109742,-0.36972588,-0.25430274,-0.114166245,0.6367472,0.20455341,-0.380706,0.05882353
6092,-0.03217515,-0.038089976,0.29071712,-0.010051854,0.23546049,0.5689029,-0.3774423,0.3242042,0.05882353
6093,0.6884918,0.061873354,0.24402171,-0.38422135,0.31672454,-0.2671249,0.11838812,0.57103056,0.043478258
6094,0.5852275,-0.14598359,-0.1828499,-0.3116904,-0.26764405,0.27172837,0.14135541,0.012675103,0.07142857
6095,0.35542187,0.047121067,-0.036213428,-0.23910296,-0.12643494,0.365331,0.18719618,0.113657825,0.055555552
6096,0.05354879,0.15159442,0.39109844,0.18970633,0.11899111,0.1917599,0.12951382,0.1207899,0.06666668
6097,0.0035740286,-0.0038772384,-0.0052977055,-0.027463295,0.14012338,0.29211834,-0.1195962,-0.28336436,0.07142857
6098,0.29894984,0.02039394,0.09623669,-0.2756763,0.52165204,-0.23057938,-0.16890639,0.12991749,0.07692308
6099,-0.22042158,0.226847,0.09559579,0.09641175,0.036790594,0.6005611,0.13212346,-0.17537975,0.05263158
6100,-0.19691908,0.45565692,-0.0459688,-0.4162284,0.6399349,0.39649636,0.03610149,-0.090193465,0.09090909
6101,-0.1430372,0.15674655,0.482082,0.034529634,0.9266524,-0.25900415,-0.38326627,0.074172735,0.06666667
6102,-0.4267436,0.19833888,-0.0012501404,0.064566016,-0.04523778,1.0487214,-0.058664203,-0.25901622,0.07142858
6103,-0.23112908,0.022016026,0.14408424,0.056807242,0.14707737,0.7234721,-0.19956946,-0.12867878,0.08333332
6104,0.27199742,-0.14628798,0.45318913,0.19781464,0.29592478,-0.2535945,-0.2204681,0.19502081,0.0625
6105,0.49789694,-0.122259974,-0.21740682,-0.24345875,-0.1306914,-0.042500213,0.086177945,-0.1838247,0.071428575
6106,0.23272678,0.14840601,0.08854236,-0.18975705,0.34813493,-0.121261,0.086444646,0.10464589,0.111111104
6107,-0.36781034,0.27081618,-0.077102035,0.16832441,-0.13245063,0.73968744,0.33112907,-0.57308364,0.071428575
6108,-0.08452257,-0.030709092,0.5157769,0.38316047,-0.025866732,0.5191203,-0.034109943,-0.031740714,0.09090907
6109,0.055083044,-0.25431454,0.47884673,0.273581,0.27586865,0.18873523,-0.5588987,0.34180698,0.045454543
6110,-0.37479538,0.29895523,0.49820054,0.2911978,0.4541307,0.30668268,0.053098574,-0.10298586,0.05882353
6111,0.14687327,-0.45784378,0.52554923,0.35708606,0.1920324,0.11860558,-0.74196225,0.3328442,0.071428575
6112,0.42333564,-0.19639862,0.030596584,-0.128851,0.09464744,-0.03905441,-0.24019404,0.18268058,0.058823537
6113,-0.08150714,0.031639162,0.51719546,0.10499861,0.47054452,0.29037756,-0.28951886,0.1504542,0.071428575
6114,0.5434204,-0.023776216,0.14584884,-0.19443065,0.17964357,-0.27435735,0.12043822,0.1525411,0.062499993
6115,-0.029398195,0.037022226,0.588213,0.20728141,0.37508065,0.2674546,-0.21485427,0.24907668,0.045454547
6116,-0.030793734,0.53499943,0.83608526,-0.074436955,0.72120714,0.2703815,0.22515528,0.7344694,0.07692308
6117,-0.1154625,0.30349723,0.78945214,-0.052310385,0.7435694,0.4083394,-0.18283872,0.5239514,0.055555556
6118,-0.1905165,0.26807195,0.35555848,-0.052753665,0.24295299,0.7758877,-0.022061527,0.31269446,0.05555555
6119,0.124326445,-0.13917501,0.67452383,0.39738685,0.00076813996,0.37024686,-0.17359269,0.4202791,0.058823526
6120,-0.27313623,0.14228944,0.3009479,0.028463088,0.91650623,-0.09710169,-0.39865524,-0.19256313,0.071428575
6121,0.13276368,-0.29984483,-0.21763347,0.20807688,-0.45952058,0.45385015,-0.13281706,-0.37402526,0.08333332
6122,0.26764357,-0.16200197,0.22148183,0.02392435,0.1497917,0.06320341,-0.33872658,0.318853,0.09090909
6123,-0.12837058,0.041962676,0.027050942,0.29887116,-0.49127823,0.7982908,0.2594821,-0.43798816,0.07692308
6124,0.059382327,-0.06388144,0.40112984,0.28649637,0.21767488,-0.009027898,-0.16930684,-0.010822628,0.07692307
6125,-0.28192136,0.041510984,0.18415494,0.30789122,-0.14504687,0.7539337,0.049204946,-0.2950642,0.05882353
6126,-0.08665299,0.031801738,0.4029609,0.15573335,0.2323653,0.45617792,-0.18159631,0.23241745,0.071428575
6127,0.45438537,0.011333423,0.0046388954,-0.17501038,-0.0018499047,-0.053100497,0.17194577,0.079733975,0.07692308
6128,-0.053014457,-0.024466053,0.41383153,0.0771975,0.58745617,0.044894494,-0.48274595,0.25955236,0.055555556
6129,0.19793448,-0.13765413,0.12142789,-0.32902217,0.4758823,0.2491963,-0.6121995,0.4215288,0.071428575
6130,0.12182582,0.1541189,0.10283432,-0.2277883,0.1696413,0.45977312,0.0047776774,0.27290902,0.043478254
