region_id,resource,model,timestamp,value
AUT,electricity,SARIMA,2025-05-01,6472.432930752735
AUT,electricity,SARIMA,2025-06-01,5805.656499963359
AUT,electricity,SARIMA,2025-07-01,5715.113684910341
AUT,electricity,SARIMA,2025-08-01,5605.097697419171
AUT,electricity,SARIMA,2025-09-01,5263.204589947701
AUT,electricity,SARIMA,2025-10-01,5262.7992513248555
AUT,electricity,SARIMA,2025-11-01,5844.850689397865
AUT,electricity,SARIMA,2025-12-01,6119.703164224608
AUT,electricity,SARIMA,2026-01-01,6581.428262645624
AUT,electricity,SARIMA,2026-02-01,5519.19808108579
AUT,electricity,SARIMA,2026-03-01,5671.306875167861
AUT,electricity,SARIMA,2026-04-01,6041.127228895351
BEL,electricity,SARIMA,2025-05-01,5061.159420825463
BEL,electricity,SARIMA,2025-06-01,5360.002546106292
BEL,electricity,SARIMA,2025-07-01,5707.856929023324
BEL,electricity,SARIMA,2025-08-01,5320.463544694762
BEL,electricity,SARIMA,2025-09-01,4521.3317462356545
BEL,electricity,SARIMA,2025-10-01,4728.414214178778
BEL,electricity,SARIMA,2025-11-01,5382.098693625764
BEL,electricity,SARIMA,2025-12-01,5920.66724512072
BEL,electricity,SARIMA,2026-01-01,6085.739474416647
BEL,electricity,SARIMA,2026-02-01,5137.506080412104
BEL,electricity,SARIMA,2026-03-01,4821.726124225061
BEL,electricity,SARIMA,2026-04-01,4895.989992209828
BGR,electricity,SARIMA,2025-05-01,2410.2920109591846
BGR,electricity,SARIMA,2025-06-01,2616.4460985836845
BGR,electricity,SARIMA,2025-07-01,3269.3598504788697
BGR,electricity,SARIMA,2025-08-01,3142.5783073074654
BGR,electricity,SARIMA,2025-09-01,2954.572157028926
BGR,electricity,SARIMA,2025-10-01,2638.2750736107487
BGR,electricity,SARIMA,2025-11-01,2831.908491449546
BGR,electricity,SARIMA,2025-12-01,3523.237687006266
BGR,electricity,SARIMA,2026-01-01,3651.2134136165255
BGR,electricity,SARIMA,2026-02-01,3354.9940549400694
BGR,electricity,SARIMA,2026-03-01,3140.652379708985
BGR,electricity,SARIMA,2026-04-01,3018.2743153324914
BIH,electricity,SARIMA,2025-05-01,907.9950733137426
BIH,electricity,SARIMA,2025-06-01,973.7904197710226
BIH,electricity,SARIMA,2025-07-01,970.5101911727036
BIH,electricity,SARIMA,2025-08-01,929.8914779131212
BIH,electricity,SARIMA,2025-09-01,823.8261001431856
BIH,electricity,SARIMA,2025-10-01,888.3703773036585
BIH,electricity,SARIMA,2025-11-01,1009.6476583415971
BIH,electricity,SARIMA,2025-12-01,1281.048577154644
BIH,electricity,SARIMA,2026-01-01,1227.2266825021013
BIH,electricity,SARIMA,2026-02-01,978.9267473505336
BIH,electricity,SARIMA,2026-03-01,1097.5818614942878
BIH,electricity,SARIMA,2026-04-01,855.3916630144745
CHE,electricity,SARIMA,2025-05-01,5838.517640901171
CHE,electricity,SARIMA,2025-06-01,6836.517621073452
CHE,electricity,SARIMA,2025-07-01,8144.757161392646
CHE,electricity,SARIMA,2025-08-01,7465.862279074467
CHE,electricity,SARIMA,2025-09-01,6694.014261028886
CHE,electricity,SARIMA,2025-10-01,6537.961678705985
CHE,electricity,SARIMA,2025-11-01,6393.575780200641
CHE,electricity,SARIMA,2025-12-01,6056.057130632226
CHE,electricity,SARIMA,2026-01-01,6542.055010231648
CHE,electricity,SARIMA,2026-02-01,5802.925101237487
CHE,electricity,SARIMA,2026-03-01,6030.21091306547
CHE,electricity,SARIMA,2026-04-01,6247.983095718952
CYP,electricity,SARIMA,2025-03-01,492.92971363211433
CYP,electricity,SARIMA,2025-04-01,468.9049517459876
CYP,electricity,SARIMA,2025-05-01,497.4700956553484
CYP,electricity,SARIMA,2025-06-01,633.3145656700545
CYP,electricity,SARIMA,2025-07-01,776.2556224589464
CYP,electricity,SARIMA,2025-08-01,756.7111780921305
CYP,electricity,SARIMA,2025-09-01,631.948285084875
CYP,electricity,SARIMA,2025-10-01,551.4194513492195
CYP,electricity,SARIMA,2025-11-01,506.6767907139156
CYP,electricity,SARIMA,2025-12-01,550.3743141828153
CYP,electricity,SARIMA,2026-01-01,566.1547955467291
CYP,electricity,SARIMA,2026-02-01,555.6340915455588
CZE,electricity,SARIMA,2025-05-01,4886.005309313208
CZE,electricity,SARIMA,2025-06-01,4914.676679382589
CZE,electricity,SARIMA,2025-07-01,5192.078245702662
CZE,electricity,SARIMA,2025-08-01,5422.314215535171
CZE,electricity,SARIMA,2025-09-01,5473.230489524315
CZE,electricity,SARIMA,2025-10-01,6041.36071757417
CZE,electricity,SARIMA,2025-11-01,6242.038171919253
CZE,electricity,SARIMA,2025-12-01,6491.856337464964
CZE,electricity,SARIMA,2026-01-01,6851.134047543413
CZE,electricity,SARIMA,2026-02-01,6045.78878175671
CZE,electricity,SARIMA,2026-03-01,6265.048253872958
CZE,electricity,SARIMA,2026-04-01,5265.044965208009
DEU,electricity,SARIMA,2025-05-01,33424.42211932916
DEU,electricity,SARIMA,2025-06-01,31940.44084327488
DEU,electricity,SARIMA,2025-07-01,33053.610178918476
DEU,electricity,SARIMA,2025-08-01,31571.52949280146
DEU,electricity,SARIMA,2025-09-01,32456.54008686261
DEU,electricity,SARIMA,2025-10-01,36416.262689897005
DEU,electricity,SARIMA,2025-11-01,39767.960216946674
DEU,electricity,SARIMA,2025-12-01,41640.7017016812
DEU,electricity,SARIMA,2026-01-01,44066.00450037944
DEU,electricity,SARIMA,2026-02-01,38965.10557977217
DEU,electricity,SARIMA,2026-03-01,38080.73675899435
DEU,electricity,SARIMA,2026-04-01,34928.484806658285
DNK,electricity,SARIMA,2025-05-01,2233.628754952586
DNK,electricity,SARIMA,2025-06-01,1757.9335331676934
DNK,electricity,SARIMA,2025-07-01,1980.3569021896822
DNK,electricity,SARIMA,2025-08-01,1751.1328105451448
DNK,electricity,SARIMA,2025-09-01,1716.071558762363
DNK,electricity,SARIMA,2025-10-01,2465.5047018101473
DNK,electricity,SARIMA,2025-11-01,2496.3608331085197
DNK,electricity,SARIMA,2025-12-01,3113.2363779754783
DNK,electricity,SARIMA,2026-01-01,3301.856530861389
DNK,electricity,SARIMA,2026-02-01,2784.718543441009
DNK,electricity,SARIMA,2026-03-01,2892.6776257316124
DNK,electricity,SARIMA,2026-04-01,2130.4425716558912
ESP,electricity,SARIMA,2025-05-01,19988.98883061997
ESP,electricity,SARIMA,2025-06-01,19946.1129183337
ESP,electricity,SARIMA,2025-07-01,22593.787413124985
ESP,electricity,SARIMA,2025-08-01,22172.68007978819
ESP,electricity,SARIMA,2025-09-01,19812.65561925278
ESP,electricity,SARIMA,2025-10-01,19733.824736715687
ESP,electricity,SARIMA,2025-11-01,19776.86804039466
ESP,electricity,SARIMA,2025-12-01,21087.081286264536
ESP,electricity,SARIMA,2026-01-01,22235.333684028563
ESP,electricity,SARIMA,2026-02-01,20669.028104446625
ESP,electricity,SARIMA,2026-03-01,21724.524859313962
ESP,electricity,SARIMA,2026-04-01,19961.30799317551
EST,electricity,SARIMA,2025-05-01,532.1446249023417
EST,electricity,SARIMA,2025-06-01,537.5435131289154
EST,electricity,SARIMA,2025-07-01,450.7331170156043
EST,electricity,SARIMA,2025-08-01,462.1712483371363
EST,electricity,SARIMA,2025-09-01,491.4520645649335
EST,electricity,SARIMA,2025-10-01,490.01370528806274
EST,electricity,SARIMA,2025-11-01,512.8904236876474
EST,electricity,SARIMA,2025-12-01,581.4520644871303
EST,electricity,SARIMA,2026-01-01,620.4075522884814
EST,electricity,SARIMA,2026-02-01,539.2945256863926
EST,electricity,SARIMA,2026-03-01,563.215756286024
EST,electricity,SARIMA,2026-04-01,542.4965766857782
FIN,electricity,SARIMA,2025-05-01,6058.459182497052
FIN,electricity,SARIMA,2025-06-01,5818.966711278529
FIN,electricity,SARIMA,2025-07-01,6030.721341124823
FIN,electricity,SARIMA,2025-08-01,6098.382457494299
FIN,electricity,SARIMA,2025-09-01,6159.728035373779
FIN,electricity,SARIMA,2025-10-01,7371.2281505770525
FIN,electricity,SARIMA,2025-11-01,7763.081146167549
FIN,electricity,SARIMA,2025-12-01,8513.216695880568
FIN,electricity,SARIMA,2026-01-01,8984.04586694479
FIN,electricity,SARIMA,2026-02-01,8008.121044938577
FIN,electricity,SARIMA,2026-03-01,7113.88719733419
FIN,electricity,SARIMA,2026-04-01,6309.184762370614
FRA,electricity,SARIMA,2025-05-01,40034.62554179459
FRA,electricity,SARIMA,2025-06-01,37418.959684686924
FRA,electricity,SARIMA,2025-07-01,38796.6230343885
FRA,electricity,SARIMA,2025-08-01,37529.59355004759
FRA,electricity,SARIMA,2025-09-01,38141.781639012035
FRA,electricity,SARIMA,2025-10-01,41149.69481890203
FRA,electricity,SARIMA,2025-11-01,45591.01355052646
FRA,electricity,SARIMA,2025-12-01,50967.34593517607
FRA,electricity,SARIMA,2026-01-01,55199.69678305928
FRA,electricity,SARIMA,2026-02-01,47132.077873912036
FRA,electricity,SARIMA,2026-03-01,46896.59198706605
FRA,electricity,SARIMA,2026-04-01,40223.98919563989
GBR,electricity,SARIMA,2025-05-01,15477.750948464669
GBR,electricity,SARIMA,2025-06-01,15625.999530267585
GBR,electricity,SARIMA,2025-07-01,16416.483587920546
GBR,electricity,SARIMA,2025-08-01,17015.273029150838
GBR,electricity,SARIMA,2025-09-01,17365.36599109289
GBR,electricity,SARIMA,2025-10-01,19079.88645423875
GBR,electricity,SARIMA,2025-11-01,20595.478252983063
GBR,electricity,SARIMA,2025-12-01,22346.66930020865
GBR,electricity,SARIMA,2026-01-01,23733.512592802206
GBR,electricity,SARIMA,2026-02-01,20261.6564701302
GBR,electricity,SARIMA,2026-03-01,19505.377800298433
GBR,electricity,SARIMA,2026-04-01,18073.34748252242
GRC,electricity,SARIMA,2025-05-01,3500.6676086665525
GRC,electricity,SARIMA,2025-06-01,4338.6507179874325
GRC,electricity,SARIMA,2025-07-01,5572.518042591928
GRC,electricity,SARIMA,2025-08-01,5105.181471196476
GRC,electricity,SARIMA,2025-09-01,4324.783098041593
GRC,electricity,SARIMA,2025-10-01,4171.865111755244
GRC,electricity,SARIMA,2025-11-01,4231.317731666938
GRC,electricity,SARIMA,2025-12-01,4492.339734980758
GRC,electricity,SARIMA,2026-01-01,4773.157269999002
GRC,electricity,SARIMA,2026-02-01,4356.148339021625
GRC,electricity,SARIMA,2026-03-01,4129.14429802329
GRC,electricity,SARIMA,2026-04-01,3800.983727781996
HRV,electricity,SARIMA,2025-05-01,1136.1808878047304
HRV,electricity,SARIMA,2025-06-01,1009.9198638010529
HRV,electricity,SARIMA,2025-07-01,1171.9918545240942
HRV,electricity,SARIMA,2025-08-01,1166.4125652963262
HRV,electricity,SARIMA,2025-09-01,1062.413233271541
HRV,electricity,SARIMA,2025-10-01,1130.4577775422401
HRV,electricity,SARIMA,2025-11-01,1283.3893139365766
HRV,electricity,SARIMA,2025-12-01,1368.0889956404164
HRV,electricity,SARIMA,2026-01-01,1356.9133991618685
HRV,electricity,SARIMA,2026-02-01,1102.1098288743683
HRV,electricity,SARIMA,2026-03-01,1319.2584508605316
HRV,electricity,SARIMA,2026-04-01,1116.4075094659904
HUN,electricity,SARIMA,2025-05-01,2955.191340237626
HUN,electricity,SARIMA,2025-06-01,2973.6708176592138
HUN,electricity,SARIMA,2025-07-01,3354.2334918968886
HUN,electricity,SARIMA,2025-08-01,3220.3466052092317
HUN,electricity,SARIMA,2025-09-01,2970.4683622180664
HUN,electricity,SARIMA,2025-10-01,3029.5330382703783
HUN,electricity,SARIMA,2025-11-01,2958.505789329449
HUN,electricity,SARIMA,2025-12-01,2795.8205614018875
HUN,electricity,SARIMA,2026-01-01,3167.702365340456
HUN,electricity,SARIMA,2026-02-01,2897.3979437598045
HUN,electricity,SARIMA,2026-03-01,3040.2002284309706
HUN,electricity,SARIMA,2026-04-01,3274.196224323443
IND|delhi,electricity,SARIMA,2024-12-01,220.92369186312246
IND|delhi,electricity,SARIMA,2025-01-01,338.0170849384503
IND|delhi,electricity,SARIMA,2025-02-01,277.8384032074282
IND|delhi,electricity,SARIMA,2025-03-01,175.14450270114943
IND|delhi,electricity,SARIMA,2025-04-01,241.68908664280255
IND|delhi,electricity,SARIMA,2025-05-01,532.459188085179
IND|delhi,electricity,SARIMA,2025-06-01,568.0944190992484
IND|delhi,electricity,SARIMA,2025-07-01,389.3381281833796
IND|delhi,electricity,SARIMA,2025-08-01,471.115540378437
IND|delhi,electricity,SARIMA,2025-09-01,382.27266640127675
IND|delhi,electricity,SARIMA,2025-10-01,416.09493055236993
IND|delhi,electricity,SARIMA,2025-11-01,197.89953724079166
IND|gujarat,electricity,SARIMA,2024-12-01,11380.500054138853
IND|gujarat,electricity,SARIMA,2025-01-01,11779.182868645736
IND|gujarat,electricity,SARIMA,2025-02-01,10851.512973757684
IND|gujarat,electricity,SARIMA,2025-03-01,11355.465393508264
IND|gujarat,electricity,SARIMA,2025-04-01,13652.750349071375
IND|gujarat,electricity,SARIMA,2025-05-01,16261.60482374232
IND|gujarat,electricity,SARIMA,2025-06-01,14672.576090236733
IND|gujarat,electricity,SARIMA,2025-07-01,13438.07953192091
IND|gujarat,electricity,SARIMA,2025-08-01,15860.38852026028
IND|gujarat,electricity,SARIMA,2025-09-01,13675.921475494586
IND|gujarat,electricity,SARIMA,2025-10-01,14619.699321427972
IND|gujarat,electricity,SARIMA,2025-11-01,11861.862704554233
IND|karnataka,electricity,SARIMA,2024-12-01,7807.574039158407
IND|karnataka,electricity,SARIMA,2025-01-01,8882.182151942883
IND|karnataka,electricity,SARIMA,2025-02-01,8652.236109359732
IND|karnataka,electricity,SARIMA,2025-03-01,8974.431908269236
IND|karnataka,electricity,SARIMA,2025-04-01,8728.643394922852
IND|karnataka,electricity,SARIMA,2025-05-01,8503.153332759328
IND|karnataka,electricity,SARIMA,2025-06-01,8815.11171214148
IND|karnataka,electricity,SARIMA,2025-07-01,9097.293392680853
IND|karnataka,electricity,SARIMA,2025-08-01,9170.490325265273
IND|karnataka,electricity,SARIMA,2025-09-01,8673.791349265333
IND|karnataka,electricity,SARIMA,2025-10-01,8504.707395374702
IND|karnataka,electricity,SARIMA,2025-11-01,7964.660598257191
IND|kerala,electricity,SARIMA,2024-12-01,621.2412937826613
IND|kerala,electricity,SARIMA,2025-01-01,620.3915687482296
IND|kerala,electricity,SARIMA,2025-02-01,586.495823948516
IND|kerala,electricity,SARIMA,2025-03-01,595.2513156471496
IND|kerala,electricity,SARIMA,2025-04-01,723.1264164339391
IND|kerala,electricity,SARIMA,2025-05-01,767.9962753736736
IND|kerala,electricity,SARIMA,2025-06-01,700.9196756617496
IND|kerala,electricity,SARIMA,2025-07-01,772.3751492714316
IND|kerala,electricity,SARIMA,2025-08-01,834.4103794331197
IND|kerala,electricity,SARIMA,2025-09-01,650.4102016010465
IND|kerala,electricity,SARIMA,2025-10-01,659.1866408913954
IND|kerala,electricity,SARIMA,2025-11-01,537.967680062264
IND|maharashtra,electricity,SARIMA,2024-12-01,14097.250050927772
IND|maharashtra,electricity,SARIMA,2025-01-01,15244.87835529082
IND|maharashtra,electricity,SARIMA,2025-02-01,15153.57581580431
IND|maharashtra,electricity,SARIMA,2025-03-01,16056.115843799857
IND|maharashtra,electricity,SARIMA,2025-04-01,15923.194943845147
IND|maharashtra,electricity,SARIMA,2025-05-01,16559.815130263934
IND|maharashtra,electricity,SARIMA,2025-06-01,15298.283984298381
IND|maharashtra,electricity,SARIMA,2025-07-01,14605.491032149006
IND|maharashtra,electricity,SARIMA,2025-08-01,14793.642315562596
IND|maharashtra,electricity,SARIMA,2025-09-01,14176.829443045652
IND|maharashtra,electricity,SARIMA,2025-10-01,14661.389224795845
IND|maharashtra,electricity,SARIMA,2025-11-01,14088.105206092047
IND|odisha,electricity,SARIMA,2024-12-01,6792.380736078749
IND|odisha,electricity,SARIMA,2025-01-01,6808.192330982275
IND|odisha,electricity,SARIMA,2025-02-01,6523.017143715426
IND|odisha,electricity,SARIMA,2025-03-01,7011.003128795137
IND|odisha,electricity,SARIMA,2025-04-01,6678.455620646948
IND|odisha,electricity,SARIMA,2025-05-01,6903.826937356774
IND|odisha,electricity,SARIMA,2025-06-01,6191.169809425078
IND|odisha,electricity,SARIMA,2025-07-01,6225.377855584547
IND|odisha,electricity,SARIMA,2025-08-01,6136.8653014726615
IND|odisha,electricity,SARIMA,2025-09-01,6705.533522004612
IND|odisha,electricity,SARIMA,2025-10-01,7496.447949035226
IND|odisha,electricity,SARIMA,2025-11-01,7079.900836820635
IND|rajasthan,electricity,SARIMA,2024-12-01,10886.774803381812
IND|rajasthan,electricity,SARIMA,2025-01-01,11287.253429568513
IND|rajasthan,electricity,SARIMA,2025-02-01,10949.35256656884
IND|rajasthan,electricity,SARIMA,2025-03-01,11563.456943874677
IND|rajasthan,electricity,SARIMA,2025-04-01,11681.11818695864
IND|rajasthan,electricity,SARIMA,2025-05-01,12458.236685923093
IND|rajasthan,electricity,SARIMA,2025-06-01,12539.812251055657
IND|rajasthan,electricity,SARIMA,2025-07-01,11596.199253624882
IND|rajasthan,electricity,SARIMA,2025-08-01,12126.213178456599
IND|rajasthan,electricity,SARIMA,2025-09-01,11688.013105803831
IND|rajasthan,electricity,SARIMA,2025-10-01,11980.378834613352
IND|rajasthan,electricity,SARIMA,2025-11-01,10736.80207018441
IND|tamil nadu,electricity,SARIMA,2024-12-01,9833.309457360912
IND|tamil nadu,electricity,SARIMA,2025-01-01,10547.663979556324
IND|tamil nadu,electricity,SARIMA,2025-02-01,10446.363360035344
IND|tamil nadu,electricity,SARIMA,2025-03-01,11401.426620535385
IND|tamil nadu,electricity,SARIMA,2025-04-01,11336.958864660797
IND|tamil nadu,electricity,SARIMA,2025-05-01,11363.42674805608
IND|tamil nadu,electricity,SARIMA,2025-06-01,12206.694283243001
IND|tamil nadu,electricity,SARIMA,2025-07-01,13455.945632404444
IND|tamil nadu,electricity,SARIMA,2025-08-01,12424.830668328212
IND|tamil nadu,electricity,SARIMA,2025-09-01,13304.344432796719
IND|tamil nadu,electricity,SARIMA,2025-10-01,11417.737984437059
IND|tamil nadu,electricity,SARIMA,2025-11-01,10093.557946705914
IND|telangana,electricity,SARIMA,2024-12-01,5581.47900637092
IND|telangana,electricity,SARIMA,2025-01-01,6249.701127086005
IND|telangana,electricity,SARIMA,2025-02-01,5733.846007189716
IND|telangana,electricity,SARIMA,2025-03-01,6506.798944206366
IND|telangana,electricity,SARIMA,2025-04-01,6120.214236789219
IND|telangana,electricity,SARIMA,2025-05-01,6167.049608322562
IND|telangana,electricity,SARIMA,2025-06-01,5505.899259017171
IND|telangana,electricity,SARIMA,2025-07-01,5298.02230676761
IND|telangana,electricity,SARIMA,2025-08-01,6124.590460903233
IND|telangana,electricity,SARIMA,2025-09-01,5968.574851029277
IND|telangana,electricity,SARIMA,2025-10-01,6712.339829845868
IND|telangana,electricity,SARIMA,2025-11-01,5504.009056271015
IND|uttar pradesh,electricity,SARIMA,2024-12-01,13661.935371991969
IND|uttar pradesh,electricity,SARIMA,2025-01-01,15043.094756586992
IND|uttar pradesh,electricity,SARIMA,2025-02-01,13571.338788069988
IND|uttar pradesh,electricity,SARIMA,2025-03-01,14984.161849869492
IND|uttar pradesh,electricity,SARIMA,2025-04-01,15784.074291361083
IND|uttar pradesh,electricity,SARIMA,2025-05-01,16803.322754430887
IND|uttar pradesh,electricity,SARIMA,2025-06-01,16508.929582206132
IND|uttar pradesh,electricity,SARIMA,2025-07-01,16420.10174940444
IND|uttar pradesh,electricity,SARIMA,2025-08-01,15888.945081010037
IND|uttar pradesh,electricity,SARIMA,2025-09-01,14993.67094739628
IND|uttar pradesh,electricity,SARIMA,2025-10-01,15889.714640642307
IND|uttar pradesh,electricity,SARIMA,2025-11-01,13515.894018797462
IND|west bengal,electricity,SARIMA,2024-12-01,7242.03225010113
IND|west bengal,electricity,SARIMA,2025-01-01,8017.478545433278
IND|west bengal,electricity,SARIMA,2025-02-01,7557.489100784628
IND|west bengal,electricity,SARIMA,2025-03-01,8488.912124536964
IND|west bengal,electricity,SARIMA,2025-04-01,8251.089728522233
IND|west bengal,electricity,SARIMA,2025-05-01,8184.442790166995
IND|west bengal,electricity,SARIMA,2025-06-01,8168.985283573211
IND|west bengal,electricity,SARIMA,2025-07-01,7965.669517494764
IND|west bengal,electricity,SARIMA,2025-08-01,7739.564431251283
IND|west bengal,electricity,SARIMA,2025-09-01,7735.060312861425
IND|west bengal,electricity,SARIMA,2025-10-01,8348.62084662101
IND|west bengal,electricity,SARIMA,2025-11-01,7766.7247422120345
IRL,electricity,SARIMA,2025-04-01,2216.422167606247
IRL,electricity,SARIMA,2025-05-01,2108.0868621751706
IRL,electricity,SARIMA,2025-06-01,1950.4034008785002
IRL,electricity,SARIMA,2025-07-01,2065.481394866299
IRL,electricity,SARIMA,2025-08-01,2091.174883723285
IRL,electricity,SARIMA,2025-09-01,2134.5758735180675
IRL,electricity,SARIMA,2025-10-01,2314.786260278251
IRL,electricity,SARIMA,2025-11-01,2529.152174056217
IRL,electricity,SARIMA,2025-12-01,2643.4687349587757
IRL,electricity,SARIMA,2026-01-01,2757.7667274153264
IRL,electricity,SARIMA,2026-02-01,2433.485694968953
IRL,electricity,SARIMA,2026-03-01,2453.4866105141036
ITA,electricity,SARIMA,2025-05-01,19895.150085436224
ITA,electricity,SARIMA,2025-06-01,21803.383876863933
ITA,electricity,SARIMA,2025-07-01,25787.478344782878
ITA,electricity,SARIMA,2025-08-01,22714.946562005654
ITA,electricity,SARIMA,2025-09-01,21548.418936789778
ITA,electricity,SARIMA,2025-10-01,20372.544850025664
ITA,electricity,SARIMA,2025-11-01,20582.51567994266
ITA,electricity,SARIMA,2025-12-01,20415.912232156854
ITA,electricity,SARIMA,2026-01-01,20938.230242719448
ITA,electricity,SARIMA,2026-02-01,19316.36606324994
ITA,electricity,SARIMA,2026-03-01,20355.631835314838
ITA,electricity,SARIMA,2026-04-01,19210.32142795623
LTU,electricity,SARIMA,2025-05-01,786.3626299699915
LTU,electricity,SARIMA,2025-06-01,769.1753604162933
LTU,electricity,SARIMA,2025-07-01,786.3043927613509
LTU,electricity,SARIMA,2025-08-01,793.7963783750479
LTU,electricity,SARIMA,2025-09-01,808.190080529551
LTU,electricity,SARIMA,2025-10-01,879.4917562391521
LTU,electricity,SARIMA,2025-11-01,816.9761708923415
LTU,electricity,SARIMA,2025-12-01,960.3470509770214
LTU,electricity,SARIMA,2026-01-01,1049.261173948419
LTU,electricity,SARIMA,2026-02-01,881.5466662173525
LTU,electricity,SARIMA,2026-03-01,1009.1472428300801
LTU,electricity,SARIMA,2026-04-01,1035.7759378918843
LUX,electricity,SARIMA,2025-05-01,117.30696233562198
LUX,electricity,SARIMA,2025-06-01,95.71656259678032
LUX,electricity,SARIMA,2025-07-01,99.84191052855887
LUX,electricity,SARIMA,2025-08-01,109.8762014750634
LUX,electricity,SARIMA,2025-09-01,97.90569354708704
LUX,electricity,SARIMA,2025-10-01,109.88937889671631
LUX,electricity,SARIMA,2025-11-01,113.85161680404141
LUX,electricity,SARIMA,2025-12-01,101.87120912604234
LUX,electricity,SARIMA,2026-01-01,121.87128759679345
LUX,electricity,SARIMA,2026-02-01,105.83265567175312
LUX,electricity,SARIMA,2026-03-01,123.9003091406866
LUX,electricity,SARIMA,2026-04-01,127.8616559991806
LVA,electricity,SARIMA,2025-05-01,144.25171105312677
LVA,electricity,SARIMA,2025-06-01,-33.624661216123
LVA,electricity,SARIMA,2025-07-01,2.098458743758343
LVA,electricity,SARIMA,2025-08-01,54.09402333509422
LVA,electricity,SARIMA,2025-09-01,62.91681238779607
LVA,electricity,SARIMA,2025-10-01,5.322395206758763
LVA,electricity,SARIMA,2025-11-01,166.82049131003362
LVA,electricity,SARIMA,2025-12-01,215.40272816914148
LVA,electricity,SARIMA,2026-01-01,451.8389594828048
LVA,electricity,SARIMA,2026-02-01,504.7204120694675
LVA,electricity,SARIMA,2026-03-01,456.10158755643323
LVA,electricity,SARIMA,2026-04-01,329.67174927940715
MDA,electricity,SARIMA,2023-09-01,454.12672680682755
MDA,electricity,SARIMA,2023-10-01,464.0198168586997
MDA,electricity,SARIMA,2023-11-01,435.48444003061144
MDA,electricity,SARIMA,2023-12-01,561.2261660947228
MDA,electricity,SARIMA,2024-01-01,547.2944395344446
MDA,electricity,SARIMA,2024-02-01,487.2944392928948
MDA,electricity,SARIMA,2024-03-01,537.1312428299008
MDA,electricity,SARIMA,2024-04-01,463.5259154068224
MDA,electricity,SARIMA,2024-05-01,433.1995224995504
MDA,electricity,SARIMA,2024-06-01,426.4784570150068
MDA,electricity,SARIMA,2024-07-01,439.5941950768348
MDA,electricity,SARIMA,2024-08-01,436.3152605613778
MKD,electricity,SARIMA,2024-03-01,712.1230813975708
MKD,electricity,SARIMA,2024-04-01,630.2874916673727
MKD,electricity,SARIMA,2024-05-01,500.5174284826182
MKD,electricity,SARIMA,2024-06-01,535.603947595911
MKD,electricity,SARIMA,2024-07-01,567.9292506467746
MKD,electricity,SARIMA,2024-08-01,596.4239240461525
MKD,electricity,SARIMA,2024-09-01,547.9204497223749
MKD,electricity,SARIMA,2024-10-01,573.3423268310438
MKD,electricity,SARIMA,2024-11-01,637.8494403095157
MKD,electricity,SARIMA,2024-12-01,679.5662896246079
MKD,electricity,SARIMA,2025-01-01,730.8310364606332
MKD,electricity,SARIMA,2025-02-01,723.5774516817424
MLT,electricity,SARIMA,2025-04-01,239.3728071912607
MLT,electricity,SARIMA,2025-05-01,253.29525636632292
MLT,electricity,SARIMA,2025-06-01,267.7687385485187
MLT,electricity,SARIMA,2025-07-01,297.81855538063184
MLT,electricity,SARIMA,2025-08-01,306.27619916126605
MLT,electricity,SARIMA,2025-09-01,265.15892750711805
MLT,electricity,SARIMA,2025-10-01,247.83087679159422
MLT,electricity,SARIMA,2025-11-01,230.50250916577468
MLT,electricity,SARIMA,2025-12-01,216.2786738121477
MLT,electricity,SARIMA,2026-01-01,237.83097471643998
MLT,electricity,SARIMA,2026-02-01,227.83097534438045
MLT,electricity,SARIMA,2026-03-01,239.38327322738945
NLD,electricity,SARIMA,2025-05-01,10150.501883485405
NLD,electricity,SARIMA,2025-06-01,10385.141456056916
NLD,electricity,SARIMA,2025-07-01,10427.856125985336
NLD,electricity,SARIMA,2025-08-01,10724.087769196998
NLD,electricity,SARIMA,2025-09-01,10043.619106422642
NLD,electricity,SARIMA,2025-10-01,9933.848558119613
NLD,electricity,SARIMA,2025-11-01,11057.694791990853
NLD,electricity,SARIMA,2025-12-01,11476.452735816094
NLD,electricity,SARIMA,2026-01-01,12265.875634172957
NLD,electricity,SARIMA,2026-02-01,11377.594309096054
NLD,electricity,SARIMA,2026-03-01,11667.88957684744
NLD,electricity,SARIMA,2026-04-01,10688.411471446067
NOR,electricity,SARIMA,2025-05-01,11663.252226831055
NOR,electricity,SARIMA,2025-06-01,11424.393311659358
NOR,electricity,SARIMA,2025-07-01,11339.509911532388
NOR,electricity,SARIMA,2025-08-01,11665.210779898458
NOR,electricity,SARIMA,2025-09-01,11823.598270310953
NOR,electricity,SARIMA,2025-10-01,13095.339823212957
NOR,electricity,SARIMA,2025-11-01,14419.925972424953
NOR,electricity,SARIMA,2025-12-01,14945.72910328103
NOR,electricity,SARIMA,2026-01-01,16358.700316785702
NOR,electricity,SARIMA,2026-02-01,14981.808407854769
NOR,electricity,SARIMA,2026-03-01,14745.058380223905
NOR,electricity,SARIMA,2026-04-01,12674.745019741036
POL,electricity,SARIMA,2025-05-01,12417.915239487516
POL,electricity,SARIMA,2025-06-01,12241.877085243135
POL,electricity,SARIMA,2025-07-01,12593.822791599363
POL,electricity,SARIMA,2025-08-01,12824.287549347988
POL,electricity,SARIMA,2025-09-01,12757.79158575088
POL,electricity,SARIMA,2025-10-01,13766.614734456762
POL,electricity,SARIMA,2025-11-01,14314.370610732112
POL,electricity,SARIMA,2025-12-01,15052.21420078645
POL,electricity,SARIMA,2026-01-01,15670.181335224543
POL,electricity,SARIMA,2026-02-01,13822.910064006846
POL,electricity,SARIMA,2026-03-01,13987.222078000912
POL,electricity,SARIMA,2026-04-01,12917.441479129355
PRT,electricity,SARIMA,2025-05-01,3430.556351024714
PRT,electricity,SARIMA,2025-06-01,3002.4097079708754
PRT,electricity,SARIMA,2025-07-01,3189.34394234977
PRT,electricity,SARIMA,2025-08-01,3032.4755202428323
PRT,electricity,SARIMA,2025-09-01,2846.7951625656724
PRT,electricity,SARIMA,2025-10-01,3419.3161024662895
PRT,electricity,SARIMA,2025-11-01,3735.469825754243
PRT,electricity,SARIMA,2025-12-01,3488.6378726504363
PRT,electricity,SARIMA,2026-01-01,4324.27735447933
PRT,electricity,SARIMA,2026-02-01,3952.9919069558755
PRT,electricity,SARIMA,2026-03-01,4644.037963864887
PRT,electricity,SARIMA,2026-04-01,3863.4650630367855
ROU,electricity,SARIMA,2025-05-01,3520.698120238943
ROU,electricity,SARIMA,2025-06-01,3782.2189587130733
ROU,electricity,SARIMA,2025-07-01,4140.160652738985
ROU,electricity,SARIMA,2025-08-01,3874.974488732891
ROU,electricity,SARIMA,2025-09-01,3833.9704566520804
ROU,electricity,SARIMA,2025-10-01,4017.4740654064676
ROU,electricity,SARIMA,2025-11-01,4193.615087347714
ROU,electricity,SARIMA,2025-12-01,4557.793562623744
ROU,electricity,SARIMA,2026-01-01,4629.862647306711
ROU,electricity,SARIMA,2026-02-01,4364.242037445586
ROU,electricity,SARIMA,2026-03-01,4464.681597970114
ROU,electricity,SARIMA,2026-04-01,3788.483872835892
SRB,electricity,SARIMA,2025-05-01,2396.978870100228
SRB,electricity,SARIMA,2025-06-01,2397.7402241271543
SRB,electricity,SARIMA,2025-07-01,2674.300893274229
SRB,electricity,SARIMA,2025-08-01,2462.159802250364
SRB,electricity,SARIMA,2025-09-01,2393.5685120501385
SRB,electricity,SARIMA,2025-10-01,2855.082523113646
SRB,electricity,SARIMA,2025-11-01,3139.140414103573
SRB,electricity,SARIMA,2025-12-01,3241.68740846372
SRB,electricity,SARIMA,2026-01-01,3413.352382007318
SRB,electricity,SARIMA,2026-02-01,3175.4594064792695
SRB,electricity,SARIMA,2026-03-01,3131.4109157310827
SRB,electricity,SARIMA,2026-04-01,2665.402800517991
SVK,electricity,SARIMA,2025-05-01,2017.3001866786767
SVK,electricity,SARIMA,2025-06-01,1879.3889725401332
SVK,electricity,SARIMA,2025-07-01,2003.3232194969298
SVK,electricity,SARIMA,2025-08-01,2198.0042899097425
SVK,electricity,SARIMA,2025-09-01,2048.237187773356
SVK,electricity,SARIMA,2025-10-01,2310.5811235709934
SVK,electricity,SARIMA,2025-11-01,2395.6597369759575
SVK,electricity,SARIMA,2025-12-01,2597.613050799615
SVK,electricity,SARIMA,2026-01-01,2686.8317251531157
SVK,electricity,SARIMA,2026-02-01,2452.8083821860937
SVK,electricity,SARIMA,2026-03-01,2432.8083821859805
SVK,electricity,SARIMA,2026-04-01,2039.292416861981
SVN,electricity,SARIMA,2025-05-01,1463.2090023907406
SVN,electricity,SARIMA,2025-06-01,1602.615770145916
SVN,electricity,SARIMA,2025-07-01,1544.0091930824003
SVN,electricity,SARIMA,2025-08-01,1440.5924164213627
SVN,electricity,SARIMA,2025-09-01,1387.556704275942
SVN,electricity,SARIMA,2025-10-01,1376.5317123478767
SVN,electricity,SARIMA,2025-11-01,1350.6282124158927
SVN,electricity,SARIMA,2025-12-01,1410.2587880333729
SVN,electricity,SARIMA,2026-01-01,1426.6476985812117
SVN,electricity,SARIMA,2026-02-01,1334.8473892807765
SVN,electricity,SARIMA,2026-03-01,1534.9563727624668
SVN,electricity,SARIMA,2026-04-01,1235.1883381533846
SWE,electricity,SARIMA,2025-05-01,12704.271221737334
SWE,electricity,SARIMA,2025-06-01,11001.150931017475
SWE,electricity,SARIMA,2025-07-01,11098.783770237449
SWE,electricity,SARIMA,2025-08-01,12274.21286933939
SWE,electricity,SARIMA,2025-09-01,11752.20173090046
SWE,electricity,SARIMA,2025-10-01,14000.821730424725
SWE,electricity,SARIMA,2025-11-01,15349.891936470518
SWE,electricity,SARIMA,2025-12-01,16209.415187919663
SWE,electricity,SARIMA,2026-01-01,16989.563450152502
SWE,electricity,SARIMA,2026-02-01,15613.554214421918
SWE,electricity,SARIMA,2026-03-01,15848.358952436001
SWE,electricity,SARIMA,2026-04-01,13608.198396911272
TUR,electricity,SARIMA,2025-04-01,24889.172924542465
TUR,electricity,SARIMA,2025-05-01,27475.992615448835
TUR,electricity,SARIMA,2025-06-01,28227.245164846263
TUR,electricity,SARIMA,2025-07-01,34256.970544790645
TUR,electricity,SARIMA,2025-08-01,34155.17537102954
TUR,electricity,SARIMA,2025-09-01,29028.371791200738
TUR,electricity,SARIMA,2025-10-01,27609.470315821116
TUR,electricity,SARIMA,2025-11-01,28268.602027389603
TUR,electricity,SARIMA,2025-12-01,30306.093893302175
TUR,electricity,SARIMA,2026-01-01,30501.47994187673
TUR,electricity,SARIMA,2026-02-01,28711.42468978329
TUR,electricity,SARIMA,2026-03-01,28844.005972140585
USA|alabama,electricity,SARIMA,2025-01-01,12478.1515222324
USA|alabama,electricity,SARIMA,2025-02-01,10243.558036321143
USA|alabama,electricity,SARIMA,2025-03-01,10702.459353662509
USA|alabama,electricity,SARIMA,2025-04-01,10442.682695350637
USA|alabama,electricity,SARIMA,2025-05-01,11702.15768429165
USA|alabama,electricity,SARIMA,2025-06-01,12500.569422593135
USA|alabama,electricity,SARIMA,2025-07-01,14026.826345881946
USA|alabama,electricity,SARIMA,2025-08-01,14034.1931440082
USA|alabama,electricity,SARIMA,2025-09-01,11812.440103460884
USA|alabama,electricity,SARIMA,2025-10-01,10798.64018125338
USA|alabama,electricity,SARIMA,2025-11-01,11530.172359937842
USA|alabama,electricity,SARIMA,2025-12-01,12155.283597116942
USA|arizona,electricity,SARIMA,2025-01-01,9643.560203754523
USA|arizona,electricity,SARIMA,2025-02-01,8592.586917506707
USA|arizona,electricity,SARIMA,2025-03-01,8624.12292897491
USA|arizona,electricity,SARIMA,2025-04-01,8543.625162946724
USA|arizona,electricity,SARIMA,2025-05-01,9438.124378061631
USA|arizona,electricity,SARIMA,2025-06-01,11131.021716964573
USA|arizona,electricity,SARIMA,2025-07-01,13295.384132581818
USA|arizona,electricity,SARIMA,2025-08-01,13086.131241042665
USA|arizona,electricity,SARIMA,2025-09-01,11438.143448278888
USA|arizona,electricity,SARIMA,2025-10-01,10583.038966587466
USA|arizona,electricity,SARIMA,2025-11-01,9241.580871714787
USA|arizona,electricity,SARIMA,2025-12-01,9980.401420351187
USA|arkansas,electricity,SARIMA,2025-01-01,5631.483634830382
USA|arkansas,electricity,SARIMA,2025-02-01,3969.046451904258
USA|arkansas,electricity,SARIMA,2025-03-01,4476.430081486042
USA|arkansas,electricity,SARIMA,2025-04-01,3616.011480167394
USA|arkansas,electricity,SARIMA,2025-05-01,4801.397122782616
USA|arkansas,electricity,SARIMA,2025-06-01,5921.751856766757
USA|arkansas,electricity,SARIMA,2025-07-01,6680.366928420318
USA|arkansas,electricity,SARIMA,2025-08-01,6675.927488688169
USA|arkansas,electricity,SARIMA,2025-09-01,5352.181588706478
USA|arkansas,electricity,SARIMA,2025-10-01,4585.753115801383
USA|arkansas,electricity,SARIMA,2025-11-01,4277.842662926597
USA|arkansas,electricity,SARIMA,2025-12-01,4706.71581453678
USA|california,electricity,SARIMA,2025-01-01,19155.084171197006
USA|california,electricity,SARIMA,2025-02-01,17900.713263548627
USA|california,electricity,SARIMA,2025-03-01,19551.560518021488
USA|california,electricity,SARIMA,2025-04-01,19731.807712712754
USA|california,electricity,SARIMA,2025-05-01,20192.6942293283
USA|california,electricity,SARIMA,2025-06-01,21909.957488081443
USA|california,electricity,SARIMA,2025-07-01,28063.0603783069
USA|california,electricity,SARIMA,2025-08-01,26541.210866470687
USA|california,electricity,SARIMA,2025-09-01,22546.631812168052
USA|california,electricity,SARIMA,2025-10-01,21539.82001004376
USA|california,electricity,SARIMA,2025-11-01,18499.648160474164
USA|california,electricity,SARIMA,2025-12-01,19056.637455781576
USA|colorado,electricity,SARIMA,2025-01-01,5101.569560813093
USA|colorado,electricity,SARIMA,2025-02-01,4725.586580690322
USA|colorado,electricity,SARIMA,2025-03-01,4949.220121832324
USA|colorado,electricity,SARIMA,2025-04-01,4321.952888923008
USA|colorado,electricity,SARIMA,2025-05-01,4452.835781915416
USA|colorado,electricity,SARIMA,2025-06-01,5137.028317842673
USA|colorado,electricity,SARIMA,2025-07-01,5920.4853802292455
USA|colorado,electricity,SARIMA,2025-08-01,5751.909312320008
USA|colorado,electricity,SARIMA,2025-09-01,4985.713012389078
USA|colorado,electricity,SARIMA,2025-10-01,4751.870216422817
USA|colorado,electricity,SARIMA,2025-11-01,4850.436506754257
USA|colorado,electricity,SARIMA,2025-12-01,5151.558179361991
USA|connecticut,electricity,SARIMA,2025-01-01,4015.285775113721
USA|connecticut,electricity,SARIMA,2025-02-01,3623.0544352573397
USA|connecticut,electricity,SARIMA,2025-03-01,4038.931609517275
USA|connecticut,electricity,SARIMA,2025-04-01,3299.3946616956514
USA|connecticut,electricity,SARIMA,2025-05-01,3227.2952749583856
USA|connecticut,electricity,SARIMA,2025-06-01,3491.1257104431074
USA|connecticut,electricity,SARIMA,2025-07-01,4564.69758535937
USA|connecticut,electricity,SARIMA,2025-08-01,4374.310769063917
USA|connecticut,electricity,SARIMA,2025-09-01,3776.580781247122
USA|connecticut,electricity,SARIMA,2025-10-01,3378.631964576391
USA|connecticut,electricity,SARIMA,2025-11-01,3463.6880901420054
USA|connecticut,electricity,SARIMA,2025-12-01,3919.037522966366
USA|delaware,electricity,SARIMA,2025-01-01,408.65722374306904
USA|delaware,electricity,SARIMA,2025-02-01,298.46926955716697
USA|delaware,electricity,SARIMA,2025-03-01,237.66887436372315
USA|delaware,electricity,SARIMA,2025-04-01,411.06977974672196
USA|delaware,electricity,SARIMA,2025-05-01,306.41766640649655
USA|delaware,electricity,SARIMA,2025-06-01,512.308592256659
USA|delaware,electricity,SARIMA,2025-07-01,793.579351157764
USA|delaware,electricity,SARIMA,2025-08-01,524.9728819683567
USA|delaware,electricity,SARIMA,2025-09-01,386.0401347416737
USA|delaware,electricity,SARIMA,2025-10-01,464.043373390331
USA|delaware,electricity,SARIMA,2025-11-01,293.12458107571916
USA|delaware,electricity,SARIMA,2025-12-01,281.9080027700414
USA|florida,electricity,SARIMA,2025-01-01,19875.810919752013
USA|florida,electricity,SARIMA,2025-02-01,17824.33288071414
USA|florida,electricity,SARIMA,2025-03-01,20176.285759598424
USA|florida,electricity,SARIMA,2025-04-01,20998.04941380222
USA|florida,electricity,SARIMA,2025-05-01,24742.783109206517
USA|florida,electricity,SARIMA,2025-06-01,25540.112495523004
USA|florida,electricity,SARIMA,2025-07-01,28267.797580073817
USA|florida,electricity,SARIMA,2025-08-01,28678.39010310072
USA|florida,electricity,SARIMA,2025-09-01,25686.78189812948
USA|florida,electricity,SARIMA,2025-10-01,22429.487132604845
USA|florida,electricity,SARIMA,2025-11-01,20142.825377562953
USA|florida,electricity,SARIMA,2025-12-01,19434.817145225163
USA|georgia,electricity,SARIMA,2025-01-01,12304.047299219363
USA|georgia,electricity,SARIMA,2025-02-01,10157.978518997188
USA|georgia,electricity,SARIMA,2025-03-01,10482.574845785177
USA|georgia,electricity,SARIMA,2025-04-01,10884.17887984113
USA|georgia,electricity,SARIMA,2025-05-01,12942.06080462818
USA|georgia,electricity,SARIMA,2025-06-01,13421.409648508778
USA|georgia,electricity,SARIMA,2025-07-01,14567.880063401835
USA|georgia,electricity,SARIMA,2025-08-01,15458.42366685115
USA|georgia,electricity,SARIMA,2025-09-01,12092.399474936472
USA|georgia,electricity,SARIMA,2025-10-01,11673.080157813365
USA|georgia,electricity,SARIMA,2025-11-01,10814.233151569142
USA|georgia,electricity,SARIMA,2025-12-01,12102.547918886634
USA|idaho,electricity,SARIMA,2025-01-01,1580.5991444655638
USA|idaho,electricity,SARIMA,2025-02-01,1395.4793479291036
USA|idaho,electricity,SARIMA,2025-03-01,1459.2041532912722
USA|idaho,electricity,SARIMA,2025-04-01,1225.7829159264961
USA|idaho,electricity,SARIMA,2025-05-01,1316.8494841086992
USA|idaho,electricity,SARIMA,2025-06-01,1565.6136407561023
USA|idaho,electricity,SARIMA,2025-07-01,1671.993602310694
USA|idaho,electricity,SARIMA,2025-08-01,1596.0590183511729
USA|idaho,electricity,SARIMA,2025-09-01,1304.5039131858073
USA|idaho,electricity,SARIMA,2025-10-01,1191.7326055276337
USA|idaho,electricity,SARIMA,2025-11-01,1492.9556158927103
USA|idaho,electricity,SARIMA,2025-12-01,1560.22070786115
USA|illinois,electricity,SARIMA,2025-01-01,16508.458418779377
USA|illinois,electricity,SARIMA,2025-02-01,14653.018564301969
USA|illinois,electricity,SARIMA,2025-03-01,15063.747576358583
USA|illinois,electricity,SARIMA,2025-04-01,14051.509787473373
USA|illinois,electricity,SARIMA,2025-05-01,14350.40746645497
USA|illinois,electricity,SARIMA,2025-06-01,16231.9232395885
USA|illinois,electricity,SARIMA,2025-07-01,17688.254256113698
USA|illinois,electricity,SARIMA,2025-08-01,17444.599803311892
USA|illinois,electricity,SARIMA,2025-09-01,14865.591934380232
USA|illinois,electricity,SARIMA,2025-10-01,15664.94608172704
USA|illinois,electricity,SARIMA,2025-11-01,15069.354566038228
USA|illinois,electricity,SARIMA,2025-12-01,16546.3287313686
USA|indiana,electricity,SARIMA,2025-01-01,9542.816032204677
USA|indiana,electricity,SARIMA,2025-02-01,7651.835645533041
USA|indiana,electricity,SARIMA,2025-03-01,7563.093552318616
USA|indiana,electricity,SARIMA,2025-04-01,6725.88360586699
USA|indiana,electricity,SARIMA,2025-05-01,6839.784237438961
USA|indiana,electricity,SARIMA,2025-06-01,8659.188506247112
USA|indiana,electricity,SARIMA,2025-07-01,9550.631456510006
USA|indiana,electricity,SARIMA,2025-08-01,9249.038383451734
USA|indiana,electricity,SARIMA,2025-09-01,7145.85019564518
USA|indiana,electricity,SARIMA,2025-10-01,7274.944761709992
USA|indiana,electricity,SARIMA,2025-11-01,7602.248822912514
USA|indiana,electricity,SARIMA,2025-12-01,8936.732822067694
USA|iowa,electricity,SARIMA,2025-01-01,6088.816600395457
USA|iowa,electricity,SARIMA,2025-02-01,5773.339473530955
USA|iowa,electricity,SARIMA,2025-03-01,6449.121784672343
USA|iowa,electricity,SARIMA,2025-04-01,5912.482400956401
USA|iowa,electricity,SARIMA,2025-05-01,5674.395600592564
USA|iowa,electricity,SARIMA,2025-06-01,5576.749265948494
USA|iowa,electricity,SARIMA,2025-07-01,5594.219995742821
USA|iowa,electricity,SARIMA,2025-08-01,5869.022233549494
USA|iowa,electricity,SARIMA,2025-09-01,5447.334301940129
USA|iowa,electricity,SARIMA,2025-10-01,5934.877039859028
USA|iowa,electricity,SARIMA,2025-11-01,5914.363268924633
USA|iowa,electricity,SARIMA,2025-12-01,6158.872313566909
USA|kansas,electricity,SARIMA,2025-01-01,5212.180813696163
USA|kansas,electricity,SARIMA,2025-02-01,4532.671071231928
USA|kansas,electricity,SARIMA,2025-03-01,5128.306595050053
USA|kansas,electricity,SARIMA,2025-04-01,4156.669878603847
USA|kansas,electricity,SARIMA,2025-05-01,4510.586338994501
USA|kansas,electricity,SARIMA,2025-06-01,5118.153756041768
USA|kansas,electricity,SARIMA,2025-07-01,5639.817866559158
USA|kansas,electricity,SARIMA,2025-08-01,5706.643108866063
USA|kansas,electricity,SARIMA,2025-09-01,5051.485020242983
USA|kansas,electricity,SARIMA,2025-10-01,4984.444226238092
USA|kansas,electricity,SARIMA,2025-11-01,4830.671635635049
USA|kansas,electricity,SARIMA,2025-12-01,5174.803596128818
USA|kentucky,electricity,SARIMA,2025-01-01,6222.508252236434
USA|kentucky,electricity,SARIMA,2025-02-01,4739.859311520848
USA|kentucky,electricity,SARIMA,2025-03-01,4585.7461849025685
USA|kentucky,electricity,SARIMA,2025-04-01,4296.906849494376
USA|kentucky,electricity,SARIMA,2025-05-01,5214.967210613179
USA|kentucky,electricity,SARIMA,2025-06-01,5664.205503979207
USA|kentucky,electricity,SARIMA,2025-07-01,6840.604037148507
USA|kentucky,electricity,SARIMA,2025-08-01,6619.667319280054
USA|kentucky,electricity,SARIMA,2025-09-01,5218.059367915475
USA|kentucky,electricity,SARIMA,2025-10-01,4387.724416555829
USA|kentucky,electricity,SARIMA,2025-11-01,4499.711454887616
USA|kentucky,electricity,SARIMA,2025-12-01,5742.627776954803
USA|louisiana,electricity,SARIMA,2025-01-01,7760.187132947109
USA|louisiana,electricity,SARIMA,2025-02-01,6834.863904613084
USA|louisiana,electricity,SARIMA,2025-03-01,7000.29802063565
USA|louisiana,electricity,SARIMA,2025-04-01,6798.150812438008
USA|louisiana,electricity,SARIMA,2025-05-01,8283.863722339807
USA|louisiana,electricity,SARIMA,2025-06-01,8955.093037002587
USA|louisiana,electricity,SARIMA,2025-07-01,10071.948025976459
USA|louisiana,electricity,SARIMA,2025-08-01,10359.399114941494
USA|louisiana,electricity,SARIMA,2025-09-01,8702.202135362411
USA|louisiana,electricity,SARIMA,2025-10-01,7672.8974624644125
USA|louisiana,electricity,SARIMA,2025-11-01,7780.321172019751
USA|louisiana,electricity,SARIMA,2025-12-01,7769.168581807731
USA|maine,electricity,SARIMA,2025-01-01,1176.7965550089848
USA|maine,electricity,SARIMA,2025-02-01,1050.6948414035792
USA|maine,electricity,SARIMA,2025-03-01,1221.8841944676765
USA|maine,electricity,SARIMA,2025-04-01,1070.0548672452815
USA|maine,electricity,SARIMA,2025-05-01,1127.6248709141983
USA|maine,electricity,SARIMA,2025-06-01,1142.8059310455944
USA|maine,electricity,SARIMA,2025-07-01,1288.4414479391646
USA|maine,electricity,SARIMA,2025-08-01,1237.8751519273749
USA|maine,electricity,SARIMA,2025-09-01,1113.5746408397245
USA|maine,electricity,SARIMA,2025-10-01,1132.6519889929807
USA|maine,electricity,SARIMA,2025-11-01,1186.4424168370138
USA|maine,electricity,SARIMA,2025-12-01,1137.860037513213
USA|maryland,electricity,SARIMA,2025-01-01,3026.4646161371334
USA|maryland,electricity,SARIMA,2025-02-01,2205.711316879439
USA|maryland,electricity,SARIMA,2025-03-01,2916.919578167791
USA|maryland,electricity,SARIMA,2025-04-01,3484.6380301242248
USA|maryland,electricity,SARIMA,2025-05-01,3079.0179809825167
USA|maryland,electricity,SARIMA,2025-06-01,3092.732191978194
USA|maryland,electricity,SARIMA,2025-07-01,3861.4795218827026
USA|maryland,electricity,SARIMA,2025-08-01,3569.0315698154814
USA|maryland,electricity,SARIMA,2025-09-01,2877.688840164863
USA|maryland,electricity,SARIMA,2025-10-01,3241.1873231512445
USA|maryland,electricity,SARIMA,2025-11-01,2599.8984495776563
USA|maryland,electricity,SARIMA,2025-12-01,3011.5391491072055
USA|massachusetts,electricity,SARIMA,2025-01-01,2089.322775458185
USA|massachusetts,electricity,SARIMA,2025-02-01,1941.4468828754893
USA|massachusetts,electricity,SARIMA,2025-03-01,1991.1155931326725
USA|massachusetts,electricity,SARIMA,2025-04-01,1779.4532896607507
USA|massachusetts,electricity,SARIMA,2025-05-01,1842.467408898448
USA|massachusetts,electricity,SARIMA,2025-06-01,2038.973267308837
USA|massachusetts,electricity,SARIMA,2025-07-01,2849.551957678271
USA|massachusetts,electricity,SARIMA,2025-08-01,2340.5088353569176
USA|massachusetts,electricity,SARIMA,2025-09-01,1891.0260238729377
USA|massachusetts,electricity,SARIMA,2025-10-01,1859.4891062423153
USA|massachusetts,electricity,SARIMA,2025-11-01,1901.4421863576279
USA|massachusetts,electricity,SARIMA,2025-12-01,1968.8295816319633
USA|michigan,electricity,SARIMA,2025-01-01,10710.15905554339
USA|michigan,electricity,SARIMA,2025-02-01,9703.5946548472
USA|michigan,electricity,SARIMA,2025-03-01,9528.706817613578
USA|michigan,electricity,SARIMA,2025-04-01,8980.20414374137
USA|michigan,electricity,SARIMA,2025-05-01,9652.388667816265
USA|michigan,electricity,SARIMA,2025-06-01,10476.511163848769
USA|michigan,electricity,SARIMA,2025-07-01,12032.875137479246
USA|michigan,electricity,SARIMA,2025-08-01,11802.283217162212
USA|michigan,electricity,SARIMA,2025-09-01,10667.160661223768
USA|michigan,electricity,SARIMA,2025-10-01,10084.153960677088
USA|michigan,electricity,SARIMA,2025-11-01,9739.77737652974
USA|michigan,electricity,SARIMA,2025-12-01,10809.087025807914
USA|minnesota,electricity,SARIMA,2025-01-01,5314.2906856654845
USA|minnesota,electricity,SARIMA,2025-02-01,4493.445774533899
USA|minnesota,electricity,SARIMA,2025-03-01,4960.31945940116
USA|minnesota,electricity,SARIMA,2025-04-01,4752.91657212686
USA|minnesota,electricity,SARIMA,2025-05-01,4676.233144326855
USA|minnesota,electricity,SARIMA,2025-06-01,5096.397816612479
USA|minnesota,electricity,SARIMA,2025-07-01,5835.029663233397
USA|minnesota,electricity,SARIMA,2025-08-01,5651.618762536179
USA|minnesota,electricity,SARIMA,2025-09-01,4643.116810895045
USA|minnesota,electricity,SARIMA,2025-10-01,4288.572462879943
USA|minnesota,electricity,SARIMA,2025-11-01,4534.476106992503
USA|minnesota,electricity,SARIMA,2025-12-01,4958.804512107102
USA|mississippi,electricity,SARIMA,2025-01-01,6554.810641245145
USA|mississippi,electricity,SARIMA,2025-02-01,5480.691237430271
USA|mississippi,electricity,SARIMA,2025-03-01,5348.555752606086
USA|mississippi,electricity,SARIMA,2025-04-01,5827.917223528448
USA|mississippi,electricity,SARIMA,2025-05-01,6405.458023119269
USA|mississippi,electricity,SARIMA,2025-06-01,6992.2821005539245
USA|mississippi,electricity,SARIMA,2025-07-01,7942.753285558003
USA|mississippi,electricity,SARIMA,2025-08-01,7891.874383274803
USA|mississippi,electricity,SARIMA,2025-09-01,6749.435760803946
USA|mississippi,electricity,SARIMA,2025-10-01,6058.244422191377
USA|mississippi,electricity,SARIMA,2025-11-01,4957.7932978199005
USA|mississippi,electricity,SARIMA,2025-12-01,5966.40944749439
USA|missouri,electricity,SARIMA,2025-01-01,6471.039010053328
USA|missouri,electricity,SARIMA,2025-02-01,4107.2623201900515
USA|missouri,electricity,SARIMA,2025-03-01,4223.920373132843
USA|missouri,electricity,SARIMA,2025-04-01,4342.737410752823
USA|missouri,electricity,SARIMA,2025-05-01,4937.944841770472
USA|missouri,electricity,SARIMA,2025-06-01,5858.785863640077
USA|missouri,electricity,SARIMA,2025-07-01,6811.502315416141
USA|missouri,electricity,SARIMA,2025-08-01,6546.313538977014
USA|missouri,electricity,SARIMA,2025-09-01,5152.810406845257
USA|missouri,electricity,SARIMA,2025-10-01,4440.562801082169
USA|missouri,electricity,SARIMA,2025-11-01,4336.537682951476
USA|missouri,electricity,SARIMA,2025-12-01,5298.897049627985
USA|montana,electricity,SARIMA,2025-01-01,2567.4377702160136
USA|montana,electricity,SARIMA,2025-02-01,2367.6031202793456
USA|montana,electricity,SARIMA,2025-03-01,2168.7421572332964
USA|montana,electricity,SARIMA,2025-04-01,2004.187159992739
USA|montana,electricity,SARIMA,2025-05-01,1714.6677691117968
USA|montana,electricity,SARIMA,2025-06-01,1798.2766834351987
USA|montana,electricity,SARIMA,2025-07-01,2168.6782572720194
USA|montana,electricity,SARIMA,2025-08-01,2240.652167641154
USA|montana,electricity,SARIMA,2025-09-01,2020.2650753881155
USA|montana,electricity,SARIMA,2025-10-01,1993.1566837099065
USA|montana,electricity,SARIMA,2025-11-01,2370.1152284395325
USA|montana,electricity,SARIMA,2025-12-01,2660.5187332403966
USA|nebraska,electricity,SARIMA,2025-01-01,3588.905968951891
USA|nebraska,electricity,SARIMA,2025-02-01,3212.714682613016
USA|nebraska,electricity,SARIMA,2025-03-01,3258.8178753975744
USA|nebraska,electricity,SARIMA,2025-04-01,2987.9234466188404
USA|nebraska,electricity,SARIMA,2025-05-01,2932.558942787242
USA|nebraska,electricity,SARIMA,2025-06-01,3086.804752467396
USA|nebraska,electricity,SARIMA,2025-07-01,3425.4901159291803
USA|nebraska,electricity,SARIMA,2025-08-01,3703.281472509778
USA|nebraska,electricity,SARIMA,2025-09-01,3413.998177462929
USA|nebraska,electricity,SARIMA,2025-10-01,2968.100945187027
USA|nebraska,electricity,SARIMA,2025-11-01,3142.994568491788
USA|nebraska,electricity,SARIMA,2025-12-01,3561.9356301027556
USA|nevada,electricity,SARIMA,2025-01-01,3623.321277940239
USA|nevada,electricity,SARIMA,2025-02-01,3227.3754612244015
USA|nevada,electricity,SARIMA,2025-03-01,3497.841924028905
USA|nevada,electricity,SARIMA,2025-04-01,3436.6305160119077
USA|nevada,electricity,SARIMA,2025-05-01,3896.733406794564
USA|nevada,electricity,SARIMA,2025-06-01,4162.487983689623
USA|nevada,electricity,SARIMA,2025-07-01,5296.44095007563
USA|nevada,electricity,SARIMA,2025-08-01,4709.666874065046
USA|nevada,electricity,SARIMA,2025-09-01,4093.7963051119964
USA|nevada,electricity,SARIMA,2025-10-01,4038.8624341789364
USA|nevada,electricity,SARIMA,2025-11-01,3203.536911788502
USA|nevada,electricity,SARIMA,2025-12-01,3428.085680719684
USA|new hampshire,electricity,SARIMA,2025-01-01,1492.5873785940826
USA|new hampshire,electricity,SARIMA,2025-02-01,1281.4069493371846
USA|new hampshire,electricity,SARIMA,2025-03-01,1373.056936437017
USA|new hampshire,electricity,SARIMA,2025-04-01,1015.530676122559
USA|new hampshire,electricity,SARIMA,2025-05-01,1235.7664829914697
USA|new hampshire,electricity,SARIMA,2025-06-01,1558.0050619701085
USA|new hampshire,electricity,SARIMA,2025-07-01,1586.3397774837367
USA|new hampshire,electricity,SARIMA,2025-08-01,1602.694315313936
USA|new hampshire,electricity,SARIMA,2025-09-01,1587.9525860635172
USA|new hampshire,electricity,SARIMA,2025-10-01,1216.5795979264417
USA|new hampshire,electricity,SARIMA,2025-11-01,1050.836555639161
USA|new hampshire,electricity,SARIMA,2025-12-01,1356.4148530394043
USA|new jersey,electricity,SARIMA,2025-01-01,5274.058960780818
USA|new jersey,electricity,SARIMA,2025-02-01,4367.509899745127
USA|new jersey,electricity,SARIMA,2025-03-01,4550.011281193677
USA|new jersey,electricity,SARIMA,2025-04-01,4546.295499882979
USA|new jersey,electricity,SARIMA,2025-05-01,4912.595963152728
USA|new jersey,electricity,SARIMA,2025-06-01,5663.526968085117
USA|new jersey,electricity,SARIMA,2025-07-01,7046.526673549159
USA|new jersey,electricity,SARIMA,2025-08-01,6068.435117310599
USA|new jersey,electricity,SARIMA,2025-09-01,5088.7142552861
USA|new jersey,electricity,SARIMA,2025-10-01,4696.131622442763
USA|new jersey,electricity,SARIMA,2025-11-01,4706.7398775341
USA|new jersey,electricity,SARIMA,2025-12-01,4896.904123688762
USA|new mexico,electricity,SARIMA,2025-01-01,3529.1734327111008
USA|new mexico,electricity,SARIMA,2025-02-01,3517.9262664009234
USA|new mexico,electricity,SARIMA,2025-03-01,3635.458074336495
USA|new mexico,electricity,SARIMA,2025-04-01,3042.9721948516844
USA|new mexico,electricity,SARIMA,2025-05-01,3413.2715131927125
USA|new mexico,electricity,SARIMA,2025-06-01,3735.733637375949
USA|new mexico,electricity,SARIMA,2025-07-01,3852.491285239168
USA|new mexico,electricity,SARIMA,2025-08-01,3565.5297304405644
USA|new mexico,electricity,SARIMA,2025-09-01,3310.457118289723
USA|new mexico,electricity,SARIMA,2025-10-01,2989.2301155425957
USA|new mexico,electricity,SARIMA,2025-11-01,2767.4143470438357
USA|new mexico,electricity,SARIMA,2025-12-01,3314.8187785111277
USA|new york,electricity,SARIMA,2025-01-01,11315.777616442661
USA|new york,electricity,SARIMA,2025-02-01,10392.781119794116
USA|new york,electricity,SARIMA,2025-03-01,10159.00062893285
USA|new york,electricity,SARIMA,2025-04-01,9622.027387250151
USA|new york,electricity,SARIMA,2025-05-01,10622.260615028606
USA|new york,electricity,SARIMA,2025-06-01,11619.272104269492
USA|new york,electricity,SARIMA,2025-07-01,13909.69436928354
USA|new york,electricity,SARIMA,2025-08-01,12493.256228365733
USA|new york,electricity,SARIMA,2025-09-01,10717.339343151309
USA|new york,electricity,SARIMA,2025-10-01,10346.595424916668
USA|new york,electricity,SARIMA,2025-11-01,10849.585804269103
USA|new york,electricity,SARIMA,2025-12-01,11222.160655554684
USA|north carolina,electricity,SARIMA,2025-01-01,12054.543349763007
USA|north carolina,electricity,SARIMA,2025-02-01,9821.834238968058
USA|north carolina,electricity,SARIMA,2025-03-01,9892.67937063237
USA|north carolina,electricity,SARIMA,2025-04-01,9422.440916404432
USA|north carolina,electricity,SARIMA,2025-05-01,11087.949703148099
USA|north carolina,electricity,SARIMA,2025-06-01,12333.257192800582
USA|north carolina,electricity,SARIMA,2025-07-01,14341.808458099349
USA|north carolina,electricity,SARIMA,2025-08-01,13970.104374646451
USA|north carolina,electricity,SARIMA,2025-09-01,11012.525767728253
USA|north carolina,electricity,SARIMA,2025-10-01,10008.833271330706
USA|north carolina,electricity,SARIMA,2025-11-01,10459.435017420763
USA|north carolina,electricity,SARIMA,2025-12-01,11791.628699695399
USA|north dakota,electricity,SARIMA,2025-01-01,3988.4068550022603
USA|north dakota,electricity,SARIMA,2025-02-01,3752.388268828998
USA|north dakota,electricity,SARIMA,2025-03-01,3705.9844350002513
USA|north dakota,electricity,SARIMA,2025-04-01,3309.0651570677996
USA|north dakota,electricity,SARIMA,2025-05-01,3032.0543280361107
USA|north dakota,electricity,SARIMA,2025-06-01,3211.280202568621
USA|north dakota,electricity,SARIMA,2025-07-01,3602.0252618585337
USA|north dakota,electricity,SARIMA,2025-08-01,3553.774064204962
USA|north dakota,electricity,SARIMA,2025-09-01,3273.418254581023
USA|north dakota,electricity,SARIMA,2025-10-01,3421.3109627187546
USA|north dakota,electricity,SARIMA,2025-11-01,3804.3441135492644
USA|north dakota,electricity,SARIMA,2025-12-01,4036.2200939493027
USA|ohio,electricity,SARIMA,2025-01-01,13173.462456575062
USA|ohio,electricity,SARIMA,2025-02-01,11203.775122022042
USA|ohio,electricity,SARIMA,2025-03-01,10883.647107620629
USA|ohio,electricity,SARIMA,2025-04-01,9708.508823496795
USA|ohio,electricity,SARIMA,2025-05-01,11066.87087546357
USA|ohio,electricity,SARIMA,2025-06-01,12383.975773688671
USA|ohio,electricity,SARIMA,2025-07-01,14115.023295585144
USA|ohio,electricity,SARIMA,2025-08-01,13651.084443548032
USA|ohio,electricity,SARIMA,2025-09-01,12553.863430903664
USA|ohio,electricity,SARIMA,2025-10-01,10779.502424404289
USA|ohio,electricity,SARIMA,2025-11-01,11947.619082405039
USA|ohio,electricity,SARIMA,2025-12-01,13454.128129007422
USA|oklahoma,electricity,SARIMA,2025-01-01,8236.549898441392
USA|oklahoma,electricity,SARIMA,2025-02-01,7034.0562652256085
USA|oklahoma,electricity,SARIMA,2025-03-01,7262.3832308086985
USA|oklahoma,electricity,SARIMA,2025-04-01,7489.835740859672
USA|oklahoma,electricity,SARIMA,2025-05-01,7802.996554711536
USA|oklahoma,electricity,SARIMA,2025-06-01,8952.013999523853
USA|oklahoma,electricity,SARIMA,2025-07-01,9910.765183729649
USA|oklahoma,electricity,SARIMA,2025-08-01,10265.997490572236
USA|oklahoma,electricity,SARIMA,2025-09-01,8006.331316817986
USA|oklahoma,electricity,SARIMA,2025-10-01,7463.160564103392
USA|oklahoma,electricity,SARIMA,2025-11-01,7148.519403666353
USA|oklahoma,electricity,SARIMA,2025-12-01,7641.06676307949
USA|oregon,electricity,SARIMA,2025-01-01,5679.638878261796
USA|oregon,electricity,SARIMA,2025-02-01,5336.949257599217
USA|oregon,electricity,SARIMA,2025-03-01,5524.756054894835
USA|oregon,electricity,SARIMA,2025-04-01,4755.469463542223
USA|oregon,electricity,SARIMA,2025-05-01,4840.025341787886
USA|oregon,electricity,SARIMA,2025-06-01,5108.490079859721
USA|oregon,electricity,SARIMA,2025-07-01,5467.09358545019
USA|oregon,electricity,SARIMA,2025-08-01,5446.70056553205
USA|oregon,electricity,SARIMA,2025-09-01,4797.502191183744
USA|oregon,electricity,SARIMA,2025-10-01,4513.645585003725
USA|oregon,electricity,SARIMA,2025-11-01,5206.392533984355
USA|oregon,electricity,SARIMA,2025-12-01,5503.697430315564
USA|pennsylvania,electricity,SARIMA,2025-01-01,22421.176149906863
USA|pennsylvania,electricity,SARIMA,2025-02-01,20437.994554558863
USA|pennsylvania,electricity,SARIMA,2025-03-01,20810.864021691872
USA|pennsylvania,electricity,SARIMA,2025-04-01,16592.276207365456
USA|pennsylvania,electricity,SARIMA,2025-05-01,18934.5777440379
USA|pennsylvania,electricity,SARIMA,2025-06-01,21688.47444593671
USA|pennsylvania,electricity,SARIMA,2025-07-01,24533.698778748345
USA|pennsylvania,electricity,SARIMA,2025-08-01,23704.522397420733
USA|pennsylvania,electricity,SARIMA,2025-09-01,19944.41413826672
USA|pennsylvania,electricity,SARIMA,2025-10-01,17492.561663364508
USA|pennsylvania,electricity,SARIMA,2025-11-01,18499.8136746049
USA|pennsylvania,electricity,SARIMA,2025-12-01,21715.22813267529
USA|rhode island,electricity,SARIMA,2025-01-01,736.7572855897996
USA|rhode island,electricity,SARIMA,2025-02-01,642.2755664379615
USA|rhode island,electricity,SARIMA,2025-03-01,699.9421952874673
USA|rhode island,electricity,SARIMA,2025-04-01,692.19523365688
USA|rhode island,electricity,SARIMA,2025-05-01,877.7557342045712
USA|rhode island,electricity,SARIMA,2025-06-01,1019.3168635408325
USA|rhode island,electricity,SARIMA,2025-07-01,1179.661565384564
USA|rhode island,electricity,SARIMA,2025-08-01,1112.9216757556233
USA|rhode island,electricity,SARIMA,2025-09-01,1001.4684786100067
USA|rhode island,electricity,SARIMA,2025-10-01,994.1466212540046
USA|rhode island,electricity,SARIMA,2025-11-01,865.5432250724764
USA|rhode island,electricity,SARIMA,2025-12-01,716.7770180772964
USA|south carolina,electricity,SARIMA,2025-01-01,9036.314736926142
USA|south carolina,electricity,SARIMA,2025-02-01,7988.546201941007
USA|south carolina,electricity,SARIMA,2025-03-01,8211.698665965392
USA|south carolina,electricity,SARIMA,2025-04-01,7706.996050733334
USA|south carolina,electricity,SARIMA,2025-05-01,8207.52577443622
USA|south carolina,electricity,SARIMA,2025-06-01,8838.002473642167
USA|south carolina,electricity,SARIMA,2025-07-01,10058.789451116345
USA|south carolina,electricity,SARIMA,2025-08-01,9925.218279391982
USA|south carolina,electricity,SARIMA,2025-09-01,8583.322025440115
USA|south carolina,electricity,SARIMA,2025-10-01,7912.2769194460325
USA|south carolina,electricity,SARIMA,2025-11-01,7494.650684883181
USA|south carolina,electricity,SARIMA,2025-12-01,8806.215229778973
USA|south dakota,electricity,SARIMA,2025-01-01,1670.455612252053
USA|south dakota,electricity,SARIMA,2025-02-01,1724.4486542635154
USA|south dakota,electricity,SARIMA,2025-03-01,1827.2614647840367
USA|south dakota,electricity,SARIMA,2025-04-01,1774.7623747833786
USA|south dakota,electricity,SARIMA,2025-05-01,1756.5185122883545
USA|south dakota,electricity,SARIMA,2025-06-01,1645.9325660215927
USA|south dakota,electricity,SARIMA,2025-07-01,1708.3301525226475
USA|south dakota,electricity,SARIMA,2025-08-01,1741.591909662518
USA|south dakota,electricity,SARIMA,2025-09-01,1513.4529975121345
USA|south dakota,electricity,SARIMA,2025-10-01,1661.4643660836616
USA|south dakota,electricity,SARIMA,2025-11-01,1775.1046788680144
USA|south dakota,electricity,SARIMA,2025-12-01,1890.718262397191
USA|tennessee,electricity,SARIMA,2025-01-01,7314.407559319922
USA|tennessee,electricity,SARIMA,2025-02-01,6442.90016480443
USA|tennessee,electricity,SARIMA,2025-03-01,6080.344445495319
USA|tennessee,electricity,SARIMA,2025-04-01,5132.703677822217
USA|tennessee,electricity,SARIMA,2025-05-01,6161.0256053236435
USA|tennessee,electricity,SARIMA,2025-06-01,6926.760043414124
USA|tennessee,electricity,SARIMA,2025-07-01,7576.552939965037
USA|tennessee,electricity,SARIMA,2025-08-01,7163.9370317796465
USA|tennessee,electricity,SARIMA,2025-09-01,6416.816445170811
USA|tennessee,electricity,SARIMA,2025-10-01,5299.69605506867
USA|tennessee,electricity,SARIMA,2025-11-01,4893.230034846891
USA|tennessee,electricity,SARIMA,2025-12-01,6480.062697152037
USA|texas,electricity,SARIMA,2025-01-01,47308.23249944274
USA|texas,electricity,SARIMA,2025-02-01,40942.567948789154
USA|texas,electricity,SARIMA,2025-03-01,42944.36367709999
USA|texas,electricity,SARIMA,2025-04-01,42545.46190275893
USA|texas,electricity,SARIMA,2025-05-01,48641.004513133914
USA|texas,electricity,SARIMA,2025-06-01,54507.101009424805
USA|texas,electricity,SARIMA,2025-07-01,57751.6911766967
USA|texas,electricity,SARIMA,2025-08-01,61308.61023017789
USA|texas,electricity,SARIMA,2025-09-01,52980.13297308791
USA|texas,electricity,SARIMA,2025-10-01,48582.16708778637
USA|texas,electricity,SARIMA,2025-11-01,43615.39571263572
USA|texas,electricity,SARIMA,2025-12-01,45632.264610297105
USA|utah,electricity,SARIMA,2025-01-01,3314.4846365610374
USA|utah,electricity,SARIMA,2025-02-01,2748.776237914822
USA|utah,electricity,SARIMA,2025-03-01,2675.6585048870065
USA|utah,electricity,SARIMA,2025-04-01,2313.6367673589934
USA|utah,electricity,SARIMA,2025-05-01,2399.772744929419
USA|utah,electricity,SARIMA,2025-06-01,2730.2565510424447
USA|utah,electricity,SARIMA,2025-07-01,3804.573274664885
USA|utah,electricity,SARIMA,2025-08-01,3673.558467281292
USA|utah,electricity,SARIMA,2025-09-01,3369.394941836993
USA|utah,electricity,SARIMA,2025-10-01,3288.4877844996854
USA|utah,electricity,SARIMA,2025-11-01,2839.028086925407
USA|utah,electricity,SARIMA,2025-12-01,2952.7053125345665
USA|vermont,electricity,SARIMA,2025-01-01,249.79931081673197
USA|vermont,electricity,SARIMA,2025-02-01,243.01120422650166
USA|vermont,electricity,SARIMA,2025-03-01,263.00913159819265
USA|vermont,electricity,SARIMA,2025-04-01,231.6766585009406
USA|vermont,electricity,SARIMA,2025-05-01,221.34379259883855
USA|vermont,electricity,SARIMA,2025-06-01,229.41276159698432
USA|vermont,electricity,SARIMA,2025-07-01,256.49396066211676
USA|vermont,electricity,SARIMA,2025-08-01,263.80250559834167
USA|vermont,electricity,SARIMA,2025-09-01,236.27935296890615
USA|vermont,electricity,SARIMA,2025-10-01,174.33335558635488
USA|vermont,electricity,SARIMA,2025-11-01,235.56653009827107
USA|vermont,electricity,SARIMA,2025-12-01,245.22794153359106
USA|virginia,electricity,SARIMA,2025-01-01,9602.284389663042
USA|virginia,electricity,SARIMA,2025-02-01,8829.998424149348
USA|virginia,electricity,SARIMA,2025-03-01,8534.90744560511
USA|virginia,electricity,SARIMA,2025-04-01,6841.223452778151
USA|virginia,electricity,SARIMA,2025-05-01,7219.347289995217
USA|virginia,electricity,SARIMA,2025-06-01,9484.091129451177
USA|virginia,electricity,SARIMA,2025-07-01,10886.842135756135
USA|virginia,electricity,SARIMA,2025-08-01,10903.144410621362
USA|virginia,electricity,SARIMA,2025-09-01,9133.401649021751
USA|virginia,electricity,SARIMA,2025-10-01,7828.8751660946655
USA|virginia,electricity,SARIMA,2025-11-01,7624.120204176221
USA|virginia,electricity,SARIMA,2025-12-01,8992.371037929137
USA|washington,electricity,SARIMA,2025-01-01,8986.991097644608
USA|washington,electricity,SARIMA,2025-02-01,7995.4515935516065
USA|washington,electricity,SARIMA,2025-03-01,8376.9573705121
USA|washington,electricity,SARIMA,2025-04-01,7003.196199665842
USA|washington,electricity,SARIMA,2025-05-01,8854.61218618848
USA|washington,electricity,SARIMA,2025-06-01,8120.227555786944
USA|washington,electricity,SARIMA,2025-07-01,9352.908148648989
USA|washington,electricity,SARIMA,2025-08-01,9046.607608364058
USA|washington,electricity,SARIMA,2025-09-01,6753.6177618808215
USA|washington,electricity,SARIMA,2025-10-01,7051.372034741919
USA|washington,electricity,SARIMA,2025-11-01,8289.778542511807
USA|washington,electricity,SARIMA,2025-12-01,8646.634908472077
USA|washington dc,electricity,SARIMA,2025-01-01,37.89396122849753
USA|washington dc,electricity,SARIMA,2025-02-01,38.957493525103914
USA|washington dc,electricity,SARIMA,2025-03-01,41.71055518409424
USA|washington dc,electricity,SARIMA,2025-04-01,34.68512462950635
USA|washington dc,electricity,SARIMA,2025-05-01,38.26058426055351
USA|washington dc,electricity,SARIMA,2025-06-01,51.15965975439683
USA|washington dc,electricity,SARIMA,2025-07-01,51.35018013713389
USA|washington dc,electricity,SARIMA,2025-08-01,49.281803547472265
USA|washington dc,electricity,SARIMA,2025-09-01,43.582108557257804
USA|washington dc,electricity,SARIMA,2025-10-01,34.48738587780977
USA|washington dc,electricity,SARIMA,2025-11-01,38.208630444807994
USA|washington dc,electricity,SARIMA,2025-12-01,37.34299589778119
USA|west virginia,electricity,SARIMA,2025-01-01,4852.573168134249
USA|west virginia,electricity,SARIMA,2025-02-01,3071.291505995795
USA|west virginia,electricity,SARIMA,2025-03-01,3600.9191516012706
USA|west virginia,electricity,SARIMA,2025-04-01,3532.199453826539
USA|west virginia,electricity,SARIMA,2025-05-01,3733.299707160558
USA|west virginia,electricity,SARIMA,2025-06-01,4843.6273895719005
USA|west virginia,electricity,SARIMA,2025-07-01,4935.075653175907
USA|west virginia,electricity,SARIMA,2025-08-01,4992.509498444399
USA|west virginia,electricity,SARIMA,2025-09-01,3341.411021286626
USA|west virginia,electricity,SARIMA,2025-10-01,2532.1002203669527
USA|west virginia,electricity,SARIMA,2025-11-01,2980.5039580296025
USA|west virginia,electricity,SARIMA,2025-12-01,4050.2302502632283
USA|wisconsin,electricity,SARIMA,2025-01-01,6437.4967345095765
USA|wisconsin,electricity,SARIMA,2025-02-01,5033.631894681611
USA|wisconsin,electricity,SARIMA,2025-03-01,5196.91324886763
USA|wisconsin,electricity,SARIMA,2025-04-01,4282.689614422733
USA|wisconsin,electricity,SARIMA,2025-05-01,5138.474590957682
USA|wisconsin,electricity,SARIMA,2025-06-01,5915.796285432564
USA|wisconsin,electricity,SARIMA,2025-07-01,6992.377686232599
USA|wisconsin,electricity,SARIMA,2025-08-01,6831.417847008476
USA|wisconsin,electricity,SARIMA,2025-09-01,5803.375584829891
USA|wisconsin,electricity,SARIMA,2025-10-01,4750.3560940555035
USA|wisconsin,electricity,SARIMA,2025-11-01,5030.848643157227
USA|wisconsin,electricity,SARIMA,2025-12-01,5848.711189786334
USA|wyoming,electricity,SARIMA,2025-01-01,4127.057750187852
USA|wyoming,electricity,SARIMA,2025-02-01,3401.000306808777
USA|wyoming,electricity,SARIMA,2025-03-01,3173.938882519738
USA|wyoming,electricity,SARIMA,2025-04-01,2734.301097187516
USA|wyoming,electricity,SARIMA,2025-05-01,2645.8786855286717
USA|wyoming,electricity,SARIMA,2025-06-01,3097.964858908869
USA|wyoming,electricity,SARIMA,2025-07-01,3876.35806985611
USA|wyoming,electricity,SARIMA,2025-08-01,3907.1400148953458
USA|wyoming,electricity,SARIMA,2025-09-01,3336.358785564189
USA|wyoming,electricity,SARIMA,2025-10-01,3415.9640119109604
USA|wyoming,electricity,SARIMA,2025-11-01,3607.5022929910233
USA|wyoming,electricity,SARIMA,2025-12-01,4117.231995859047
AUT,carbon,SARIMA,2025-01-01,129.450039931295
AUT,carbon,SARIMA,2025-02-01,111.64938239876979
AUT,carbon,SARIMA,2025-03-01,88.25052713899345
AUT,carbon,SARIMA,2025-04-01,65.41680163212531
AUT,carbon,SARIMA,2025-05-01,38.57150582431952
AUT,carbon,SARIMA,2025-06-01,32.62157516756796
AUT,carbon,SARIMA,2025-07-01,36.68668024314051
AUT,carbon,SARIMA,2025-08-01,37.92125470318517
AUT,carbon,SARIMA,2025-09-01,47.558612984147075
AUT,carbon,SARIMA,2025-10-01,65.96658914951377
AUT,carbon,SARIMA,2025-11-01,124.84781787588297
AUT,carbon,SARIMA,2025-12-01,125.11549876498654
BEL,carbon,SARIMA,2025-01-01,156.55249509443786
BEL,carbon,SARIMA,2025-02-01,151.06383403762445
BEL,carbon,SARIMA,2025-03-01,153.3956875403032
BEL,carbon,SARIMA,2025-04-01,152.62002728431432
BEL,carbon,SARIMA,2025-05-01,150.54517064286063
BEL,carbon,SARIMA,2025-06-01,150.2849464199615
BEL,carbon,SARIMA,2025-07-01,128.19755149610472
BEL,carbon,SARIMA,2025-08-01,140.19848345377073
BEL,carbon,SARIMA,2025-09-01,160.7411799671609
BEL,carbon,SARIMA,2025-10-01,150.60937478487858
BEL,carbon,SARIMA,2025-11-01,161.92901891591055
BEL,carbon,SARIMA,2025-12-01,145.91687179107953
BGR,carbon,SARIMA,2025-01-01,382.6705761790003
BGR,carbon,SARIMA,2025-02-01,324.32922107814255
BGR,carbon,SARIMA,2025-03-01,263.81711027277964
BGR,carbon,SARIMA,2025-04-01,206.84810431410753
BGR,carbon,SARIMA,2025-05-01,222.76868333399162
BGR,carbon,SARIMA,2025-06-01,136.4606372977923
BGR,carbon,SARIMA,2025-07-01,234.93335639828706
BGR,carbon,SARIMA,2025-08-01,208.11918776385266
BGR,carbon,SARIMA,2025-09-01,227.92565437846173
BGR,carbon,SARIMA,2025-10-01,294.8989681962478
BGR,carbon,SARIMA,2025-11-01,383.88130413714384
BGR,carbon,SARIMA,2025-12-01,351.4115180432903
BIH,carbon,SARIMA,2025-01-01,649.2730040228442
BIH,carbon,SARIMA,2025-02-01,578.6236595568696
BIH,carbon,SARIMA,2025-03-01,526.1874647089485
BIH,carbon,SARIMA,2025-04-01,636.3901443580531
BIH,carbon,SARIMA,2025-05-01,570.7288088766209
BIH,carbon,SARIMA,2025-06-01,585.4165331762085
BIH,carbon,SARIMA,2025-07-01,693.886339916596
BIH,carbon,SARIMA,2025-08-01,784.4014804607182
BIH,carbon,SARIMA,2025-09-01,807.4493995205193
BIH,carbon,SARIMA,2025-10-01,731.6041705042112
BIH,carbon,SARIMA,2025-11-01,624.0390967742189
BIH,carbon,SARIMA,2025-12-01,584.2375469569416
CHE,carbon,SARIMA,2025-01-01,51.946421050869745
CHE,carbon,SARIMA,2025-02-01,56.49387052066247
CHE,carbon,SARIMA,2025-03-01,51.38772322540191
CHE,carbon,SARIMA,2025-04-01,49.4336184381055
CHE,carbon,SARIMA,2025-05-01,53.85446721133314
CHE,carbon,SARIMA,2025-06-01,47.21749601591405
CHE,carbon,SARIMA,2025-07-01,41.662026447127204
CHE,carbon,SARIMA,2025-08-01,43.819516166285766
CHE,carbon,SARIMA,2025-09-01,46.026695233341975
CHE,carbon,SARIMA,2025-10-01,48.65564236708637
CHE,carbon,SARIMA,2025-11-01,49.03901636673567
CHE,carbon,SARIMA,2025-12-01,51.224259183208616
CYP,carbon,SARIMA,2025-01-01,575.4133168684851
CYP,carbon,SARIMA,2025-02-01,563.9642526630145
CYP,carbon,SARIMA,2025-03-01,515.5445371613155
CYP,carbon,SARIMA,2025-04-01,491.41466806968884
CYP,carbon,SARIMA,2025-05-01,492.5414868592711
CYP,carbon,SARIMA,2025-06-01,522.9993531848827
CYP,carbon,SARIMA,2025-07-01,543.4497293343885
CYP,carbon,SARIMA,2025-08-01,542.8600172761178
CYP,carbon,SARIMA,2025-09-01,521.9726124104725
CYP,carbon,SARIMA,2025-10-01,511.89858658186483
CYP,carbon,SARIMA,2025-11-01,521.7877661710977
CYP,carbon,SARIMA,2025-12-01,554.6229928246607
CZE,carbon,SARIMA,2025-01-01,428.91870600870004
CZE,carbon,SARIMA,2025-02-01,444.5897988130989
CZE,carbon,SARIMA,2025-03-01,402.7066221116473
CZE,carbon,SARIMA,2025-04-01,395.79339083898407
CZE,carbon,SARIMA,2025-05-01,340.28007081133603
CZE,carbon,SARIMA,2025-06-01,321.02809885295187
CZE,carbon,SARIMA,2025-07-01,342.9638003696428
CZE,carbon,SARIMA,2025-08-01,368.911273680844
CZE,carbon,SARIMA,2025-09-01,398.206025286709
CZE,carbon,SARIMA,2025-10-01,441.3517488790345
CZE,carbon,SARIMA,2025-11-01,483.52266575519735
CZE,carbon,SARIMA,2025-12-01,445.54971151650034
DEU,carbon,SARIMA,2025-01-01,359.879464208278
DEU,carbon,SARIMA,2025-02-01,358.64744651527997
DEU,carbon,SARIMA,2025-03-01,338.92776976240606
DEU,carbon,SARIMA,2025-04-01,306.13986248778383
DEU,carbon,SARIMA,2025-05-01,284.4122612052885
DEU,carbon,SARIMA,2025-06-01,306.1340549635958
DEU,carbon,SARIMA,2025-07-01,281.01477988028824
DEU,carbon,SARIMA,2025-08-01,322.7166853775256
DEU,carbon,SARIMA,2025-09-01,330.53611708369857
DEU,carbon,SARIMA,2025-10-01,357.5194588848841
DEU,carbon,SARIMA,2025-11-01,377.53977269297684
DEU,carbon,SARIMA,2025-12-01,338.48010315981355
DNK,carbon,SARIMA,2025-01-01,182.70986102136
DNK,carbon,SARIMA,2025-02-01,168.48837934992707
DNK,carbon,SARIMA,2025-03-01,173.27447526087283
DNK,carbon,SARIMA,2025-04-01,133.74116441578857
DNK,carbon,SARIMA,2025-05-01,92.6244747494123
DNK,carbon,SARIMA,2025-06-01,119.10650320111264
DNK,carbon,SARIMA,2025-07-01,122.81348309661416
DNK,carbon,SARIMA,2025-08-01,157.2766234402634
DNK,carbon,SARIMA,2025-09-01,116.15425826139426
DNK,carbon,SARIMA,2025-10-01,107.05622220340875
DNK,carbon,SARIMA,2025-11-01,183.02815735538684
DNK,carbon,SARIMA,2025-12-01,155.53520791452573
ESP,carbon,SARIMA,2025-01-01,128.76804421871017
ESP,carbon,SARIMA,2025-02-01,131.0727881944709
ESP,carbon,SARIMA,2025-03-01,109.22462113935742
ESP,carbon,SARIMA,2025-04-01,106.89967319973074
ESP,carbon,SARIMA,2025-05-01,116.94505293514283
ESP,carbon,SARIMA,2025-06-01,133.97948263950468
ESP,carbon,SARIMA,2025-07-01,138.90473877497615
ESP,carbon,SARIMA,2025-08-01,145.51005484172842
ESP,carbon,SARIMA,2025-09-01,148.91474295132062
ESP,carbon,SARIMA,2025-10-01,135.3633866362052
ESP,carbon,SARIMA,2025-11-01,140.4055269423598
ESP,carbon,SARIMA,2025-12-01,147.3740658106889
EST,carbon,SARIMA,2025-01-01,301.16332777267365
EST,carbon,SARIMA,2025-02-01,287.8292554959068
EST,carbon,SARIMA,2025-03-01,249.6335521964039
EST,carbon,SARIMA,2025-04-01,150.86795245551127
EST,carbon,SARIMA,2025-05-01,155.8018931105353
EST,carbon,SARIMA,2025-06-01,172.30103186704673
EST,carbon,SARIMA,2025-07-01,109.92152099964781
EST,carbon,SARIMA,2025-08-01,114.91735139313623
EST,carbon,SARIMA,2025-09-01,145.5595185657807
EST,carbon,SARIMA,2025-10-01,122.45366381188504
EST,carbon,SARIMA,2025-11-01,233.48562329662545
EST,carbon,SARIMA,2025-12-01,239.23940702813178
FIN,carbon,SARIMA,2025-01-01,78.65362951145516
FIN,carbon,SARIMA,2025-02-01,82.17182720502908
FIN,carbon,SARIMA,2025-03-01,91.08002110012984
FIN,carbon,SARIMA,2025-04-01,64.20116544854928
FIN,carbon,SARIMA,2025-05-01,36.418694238320924
FIN,carbon,SARIMA,2025-06-01,20.929608964112372
FIN,carbon,SARIMA,2025-07-01,20.28796798273312
FIN,carbon,SARIMA,2025-08-01,33.032321587213644
FIN,carbon,SARIMA,2025-09-01,25.10942204747864
FIN,carbon,SARIMA,2025-10-01,33.99206474264163
FIN,carbon,SARIMA,2025-11-01,64.84002420351122
FIN,carbon,SARIMA,2025-12-01,74.96789308363068
FRA,carbon,SARIMA,2025-01-01,28.325959936224578
FRA,carbon,SARIMA,2025-02-01,34.448261174868904
FRA,carbon,SARIMA,2025-03-01,25.29277232390579
FRA,carbon,SARIMA,2025-04-01,6.8571617583322855
FRA,carbon,SARIMA,2025-05-01,1.5711742744102222
FRA,carbon,SARIMA,2025-06-01,7.32137202419384
FRA,carbon,SARIMA,2025-07-01,8.365039895469005
FRA,carbon,SARIMA,2025-08-01,8.02111500620798
FRA,carbon,SARIMA,2025-09-01,4.388567741876188
FRA,carbon,SARIMA,2025-10-01,2.009039617860046
FRA,carbon,SARIMA,2025-11-01,18.75346704320904
FRA,carbon,SARIMA,2025-12-01,15.930906516735298
GBR,carbon,SARIMA,2025-01-01,201.34075943295528
GBR,carbon,SARIMA,2025-02-01,190.37885308411362
GBR,carbon,SARIMA,2025-03-01,184.83717147277318
GBR,carbon,SARIMA,2025-04-01,158.94890995679398
GBR,carbon,SARIMA,2025-05-01,191.97124953435272
GBR,carbon,SARIMA,2025-06-01,176.7378060709103
GBR,carbon,SARIMA,2025-07-01,172.83597577713056
GBR,carbon,SARIMA,2025-08-01,159.45746621033646
GBR,carbon,SARIMA,2025-09-01,184.78543104307997
GBR,carbon,SARIMA,2025-10-01,179.72861921027683
GBR,carbon,SARIMA,2025-11-01,220.81826849231334
GBR,carbon,SARIMA,2025-12-01,162.41384440478814
GRC,carbon,SARIMA,2025-01-01,311.0002548422057
GRC,carbon,SARIMA,2025-02-01,335.4429274673648
GRC,carbon,SARIMA,2025-03-01,307.7051879198431
GRC,carbon,SARIMA,2025-04-01,285.9453254087573
GRC,carbon,SARIMA,2025-05-01,253.10357329054563
GRC,carbon,SARIMA,2025-06-01,290.8292449251323
GRC,carbon,SARIMA,2025-07-01,326.8820736728486
GRC,carbon,SARIMA,2025-08-01,284.57286805237516
GRC,carbon,SARIMA,2025-09-01,260.2722438198247
GRC,carbon,SARIMA,2025-10-01,265.4808204327306
GRC,carbon,SARIMA,2025-11-01,298.8152379393085
GRC,carbon,SARIMA,2025-12-01,320.502545478969
HRV,carbon,SARIMA,2025-01-01,174.0342040017504
HRV,carbon,SARIMA,2025-02-01,186.66669051042007
HRV,carbon,SARIMA,2025-03-01,176.20738156865585
HRV,carbon,SARIMA,2025-04-01,145.44630559884015
HRV,carbon,SARIMA,2025-05-01,108.29831718055408
HRV,carbon,SARIMA,2025-06-01,161.0495028771192
HRV,carbon,SARIMA,2025-07-01,222.39070843360594
HRV,carbon,SARIMA,2025-08-01,238.95654136041296
HRV,carbon,SARIMA,2025-09-01,234.9448783523028
HRV,carbon,SARIMA,2025-10-01,239.5732152636596
HRV,carbon,SARIMA,2025-11-01,192.8293313700575
HRV,carbon,SARIMA,2025-12-01,172.32334144509412
HUN,carbon,SARIMA,2025-01-01,216.88061699310214
HUN,carbon,SARIMA,2025-02-01,224.22694027492315
HUN,carbon,SARIMA,2025-03-01,204.94982201961938
HUN,carbon,SARIMA,2025-04-01,168.95960034918153
HUN,carbon,SARIMA,2025-05-01,163.73976419558875
HUN,carbon,SARIMA,2025-06-01,154.45277619592412
HUN,carbon,SARIMA,2025-07-01,156.1297384481385
HUN,carbon,SARIMA,2025-08-01,153.16947519470784
HUN,carbon,SARIMA,2025-09-01,170.49909926501476
HUN,carbon,SARIMA,2025-10-01,174.6342091485587
HUN,carbon,SARIMA,2025-11-01,221.99375959306818
HUN,carbon,SARIMA,2025-12-01,233.05845330689414
IND|delhi,carbon,SARIMA,2024-12-01,357.277109087733
IND|delhi,carbon,SARIMA,2025-01-01,386.76055902392756
IND|delhi,carbon,SARIMA,2025-02-01,379.05943729077137
IND|delhi,carbon,SARIMA,2025-03-01,335.9695039288409
IND|delhi,carbon,SARIMA,2025-04-01,360.0966373775969
IND|delhi,carbon,SARIMA,2025-05-01,410.8075262425252
IND|delhi,carbon,SARIMA,2025-06-01,418.2060651676607
IND|delhi,carbon,SARIMA,2025-07-01,402.2822276161106
IND|delhi,carbon,SARIMA,2025-08-01,415.3464872629171
IND|delhi,carbon,SARIMA,2025-09-01,396.7103814171657
IND|delhi,carbon,SARIMA,2025-10-01,405.5303153289
IND|delhi,carbon,SARIMA,2025-11-01,336.0511712945046
IND|gujarat,carbon,SARIMA,2024-12-01,499.3968403155882
IND|gujarat,carbon,SARIMA,2025-01-01,485.75608649499395
IND|gujarat,carbon,SARIMA,2025-02-01,491.151928761588
IND|gujarat,carbon,SARIMA,2025-03-01,483.8139450357412
IND|gujarat,carbon,SARIMA,2025-04-01,517.8327134786297
IND|gujarat,carbon,SARIMA,2025-05-01,455.9929707672608
IND|gujarat,carbon,SARIMA,2025-06-01,480.7736788963063
IND|gujarat,carbon,SARIMA,2025-07-01,473.8324984822465
IND|gujarat,carbon,SARIMA,2025-08-01,410.19510666670885
IND|gujarat,carbon,SARIMA,2025-09-01,453.9720350441189
IND|gujarat,carbon,SARIMA,2025-10-01,549.2949797353921
IND|gujarat,carbon,SARIMA,2025-11-01,531.6497406289212
IND|karnataka,carbon,SARIMA,2024-12-01,404.2454542824727
IND|karnataka,carbon,SARIMA,2025-01-01,463.4950574546861
IND|karnataka,carbon,SARIMA,2025-02-01,476.30763020565985
IND|karnataka,carbon,SARIMA,2025-03-01,486.17426237434904
IND|karnataka,carbon,SARIMA,2025-04-01,504.5685016746829
IND|karnataka,carbon,SARIMA,2025-05-01,480.65248433965627
IND|karnataka,carbon,SARIMA,2025-06-01,463.9147992304114
IND|karnataka,carbon,SARIMA,2025-07-01,364.185331663662
IND|karnataka,carbon,SARIMA,2025-08-01,367.4166013202925
IND|karnataka,carbon,SARIMA,2025-09-01,382.6236492517427
IND|karnataka,carbon,SARIMA,2025-10-01,461.5708338731542
IND|karnataka,carbon,SARIMA,2025-11-01,446.40073546005397
IND|kerala,carbon,SARIMA,2024-12-01,31.21080829382852
IND|kerala,carbon,SARIMA,2025-01-01,32.52793964751134
IND|kerala,carbon,SARIMA,2025-02-01,30.90890526066834
IND|kerala,carbon,SARIMA,2025-03-01,31.92268125690482
IND|kerala,carbon,SARIMA,2025-04-01,32.21450619020644
IND|kerala,carbon,SARIMA,2025-05-01,30.751973990905142
IND|kerala,carbon,SARIMA,2025-06-01,30.893114274295485
IND|kerala,carbon,SARIMA,2025-07-01,28.714968030637138
IND|kerala,carbon,SARIMA,2025-08-01,28.07702654624128
IND|kerala,carbon,SARIMA,2025-09-01,30.83599137338168
IND|kerala,carbon,SARIMA,2025-10-01,30.439991464091907
IND|kerala,carbon,SARIMA,2025-11-01,31.681845220436852
IND|maharashtra,carbon,SARIMA,2024-12-01,674.063873791491
IND|maharashtra,carbon,SARIMA,2025-01-01,673.0119776764964
IND|maharashtra,carbon,SARIMA,2025-02-01,682.1846453471018
IND|maharashtra,carbon,SARIMA,2025-03-01,680.2101549618479
IND|maharashtra,carbon,SARIMA,2025-04-01,683.8767588523224
IND|maharashtra,carbon,SARIMA,2025-05-01,654.6223088918309
IND|maharashtra,carbon,SARIMA,2025-06-01,655.2423401918538
IND|maharashtra,carbon,SARIMA,2025-07-01,618.7599135729234
IND|maharashtra,carbon,SARIMA,2025-08-01,626.0730779500634
IND|maharashtra,carbon,SARIMA,2025-09-01,649.3625343233632
IND|maharashtra,carbon,SARIMA,2025-10-01,673.9704745298211
IND|maharashtra,carbon,SARIMA,2025-11-01,673.348641698542
IND|odisha,carbon,SARIMA,2024-12-01,771.1582909882563
IND|odisha,carbon,SARIMA,2025-01-01,753.2048293554444
IND|odisha,carbon,SARIMA,2025-02-01,751.0131908205141
IND|odisha,carbon,SARIMA,2025-03-01,760.3982165831388
IND|odisha,carbon,SARIMA,2025-04-01,751.2606353114829
IND|odisha,carbon,SARIMA,2025-05-01,755.4836483056848
IND|odisha,carbon,SARIMA,2025-06-01,748.6402616485133
IND|odisha,carbon,SARIMA,2025-07-01,721.349788830532
IND|odisha,carbon,SARIMA,2025-08-01,693.8114499110152
IND|odisha,carbon,SARIMA,2025-09-01,693.5545736922636
IND|odisha,carbon,SARIMA,2025-10-01,695.1657525781673
IND|odisha,carbon,SARIMA,2025-11-01,749.5587471105048
IND|rajasthan,carbon,SARIMA,2024-12-01,440.39386934759204
IND|rajasthan,carbon,SARIMA,2025-01-01,465.62934939523535
IND|rajasthan,carbon,SARIMA,2025-02-01,434.77237559995575
IND|rajasthan,carbon,SARIMA,2025-03-01,413.9714757557865
IND|rajasthan,carbon,SARIMA,2025-04-01,415.06307553208836
IND|rajasthan,carbon,SARIMA,2025-05-01,397.2655042713069
IND|rajasthan,carbon,SARIMA,2025-06-01,401.11666188836085
IND|rajasthan,carbon,SARIMA,2025-07-01,396.80456826318374
IND|rajasthan,carbon,SARIMA,2025-08-01,395.5250363487387
IND|rajasthan,carbon,SARIMA,2025-09-01,410.79742380196603
IND|rajasthan,carbon,SARIMA,2025-10-01,408.5142252675134
IND|rajasthan,carbon,SARIMA,2025-11-01,433.24029314642803
IND|tamil nadu,carbon,SARIMA,2024-12-01,496.9944140324595
IND|tamil nadu,carbon,SARIMA,2025-01-01,512.4547900375178
IND|tamil nadu,carbon,SARIMA,2025-02-01,554.0526284958495
IND|tamil nadu,carbon,SARIMA,2025-03-01,583.2759952472752
IND|tamil nadu,carbon,SARIMA,2025-04-01,584.9856264947862
IND|tamil nadu,carbon,SARIMA,2025-05-01,541.593020395474
IND|tamil nadu,carbon,SARIMA,2025-06-01,472.3407781813714
IND|tamil nadu,carbon,SARIMA,2025-07-01,397.1214114422414
IND|tamil nadu,carbon,SARIMA,2025-08-01,431.42806168835
IND|tamil nadu,carbon,SARIMA,2025-09-01,412.2899700187343
IND|tamil nadu,carbon,SARIMA,2025-10-01,523.923121956138
IND|tamil nadu,carbon,SARIMA,2025-11-01,517.4933505555206
IND|telangana,carbon,SARIMA,2024-12-01,692.8817585653898
IND|telangana,carbon,SARIMA,2025-01-01,698.2202677386431
IND|telangana,carbon,SARIMA,2025-02-01,688.56505198901
IND|telangana,carbon,SARIMA,2025-03-01,705.8625565747674
IND|telangana,carbon,SARIMA,2025-04-01,709.5475773056877
IND|telangana,carbon,SARIMA,2025-05-01,706.4865389427498
IND|telangana,carbon,SARIMA,2025-06-01,702.1750380574279
IND|telangana,carbon,SARIMA,2025-07-01,701.4380782873114
IND|telangana,carbon,SARIMA,2025-08-01,631.4630631865106
IND|telangana,carbon,SARIMA,2025-09-01,652.2594131145931
IND|telangana,carbon,SARIMA,2025-10-01,647.2284927000755
IND|telangana,carbon,SARIMA,2025-11-01,688.4378688963058
IND|uttar pradesh,carbon,SARIMA,2024-12-01,749.2463030899763
IND|uttar pradesh,carbon,SARIMA,2025-01-01,747.9756895853515
IND|uttar pradesh,carbon,SARIMA,2025-02-01,733.9947301788196
IND|uttar pradesh,carbon,SARIMA,2025-03-01,738.7462574038811
IND|uttar pradesh,carbon,SARIMA,2025-04-01,748.6223858640909
IND|uttar pradesh,carbon,SARIMA,2025-05-01,755.5149671468185
IND|uttar pradesh,carbon,SARIMA,2025-06-01,758.8689501104668
IND|uttar pradesh,carbon,SARIMA,2025-07-01,761.6894206361508
IND|uttar pradesh,carbon,SARIMA,2025-08-01,757.0285523928069
IND|uttar pradesh,carbon,SARIMA,2025-09-01,752.7209522627185
IND|uttar pradesh,carbon,SARIMA,2025-10-01,753.7334945412192
IND|uttar pradesh,carbon,SARIMA,2025-11-01,751.5122504585313
IND|west bengal,carbon,SARIMA,2024-12-01,786.0063848531582
IND|west bengal,carbon,SARIMA,2025-01-01,789.3256581047846
IND|west bengal,carbon,SARIMA,2025-02-01,792.3258216253973
IND|west bengal,carbon,SARIMA,2025-03-01,796.889289506761
IND|west bengal,carbon,SARIMA,2025-04-01,795.0587224760817
IND|west bengal,carbon,SARIMA,2025-05-01,789.8019605831325
IND|west bengal,carbon,SARIMA,2025-06-01,783.9355911540861
IND|west bengal,carbon,SARIMA,2025-07-01,777.3460934308869
IND|west bengal,carbon,SARIMA,2025-08-01,773.7289528225907
IND|west bengal,carbon,SARIMA,2025-09-01,776.1063601656056
IND|west bengal,carbon,SARIMA,2025-10-01,782.4734981464528
IND|west bengal,carbon,SARIMA,2025-11-01,792.3668001430025
IRL,carbon,SARIMA,2025-01-01,264.6794956387386
IRL,carbon,SARIMA,2025-02-01,244.90925759582888
IRL,carbon,SARIMA,2025-03-01,247.93812740444858
IRL,carbon,SARIMA,2025-04-01,267.1232293419332
IRL,carbon,SARIMA,2025-05-01,334.3210579239098
IRL,carbon,SARIMA,2025-06-01,326.841991111444
IRL,carbon,SARIMA,2025-07-01,312.66636365725225
IRL,carbon,SARIMA,2025-08-01,258.90463986116515
IRL,carbon,SARIMA,2025-09-01,298.251402108039
IRL,carbon,SARIMA,2025-10-01,280.3741334411582
IRL,carbon,SARIMA,2025-11-01,280.74715666872595
IRL,carbon,SARIMA,2025-12-01,212.76509807660022
ITA,carbon,SARIMA,2025-01-01,336.6902636136708
ITA,carbon,SARIMA,2025-02-01,334.6221193485869
ITA,carbon,SARIMA,2025-03-01,289.2518772253642
ITA,carbon,SARIMA,2025-04-01,236.7997516795816
ITA,carbon,SARIMA,2025-05-01,217.40391186400296
ITA,carbon,SARIMA,2025-06-01,234.56120751657608
ITA,carbon,SARIMA,2025-07-01,269.5466396325959
ITA,carbon,SARIMA,2025-08-01,268.17735806579987
ITA,carbon,SARIMA,2025-09-01,280.88040216859747
ITA,carbon,SARIMA,2025-10-01,269.84368291456053
ITA,carbon,SARIMA,2025-11-01,282.79177164877575
ITA,carbon,SARIMA,2025-12-01,304.8177477497016
LTU,carbon,SARIMA,2025-01-01,133.682997979018
LTU,carbon,SARIMA,2025-02-01,122.20825406848843
LTU,carbon,SARIMA,2025-03-01,105.00910466822396
LTU,carbon,SARIMA,2025-04-01,130.0654881165841
LTU,carbon,SARIMA,2025-05-01,125.28151191612574
LTU,carbon,SARIMA,2025-06-01,151.87732115862633
LTU,carbon,SARIMA,2025-07-01,121.17330477517766
LTU,carbon,SARIMA,2025-08-01,161.78476773719123
LTU,carbon,SARIMA,2025-09-01,156.64716323106808
LTU,carbon,SARIMA,2025-10-01,154.54561627116988
LTU,carbon,SARIMA,2025-11-01,154.30646783237214
LTU,carbon,SARIMA,2025-12-01,180.95069808517536
LUX,carbon,SARIMA,2025-01-01,125.64586610301198
LUX,carbon,SARIMA,2025-02-01,103.61486729166646
LUX,carbon,SARIMA,2025-03-01,93.69887950129957
LUX,carbon,SARIMA,2025-04-01,76.25659176611015
LUX,carbon,SARIMA,2025-05-01,77.9607771525928
LUX,carbon,SARIMA,2025-06-01,91.24128695793745
LUX,carbon,SARIMA,2025-07-01,83.23304979245334
LUX,carbon,SARIMA,2025-08-01,135.32036847529855
LUX,carbon,SARIMA,2025-09-01,143.05992707718406
LUX,carbon,SARIMA,2025-10-01,134.70216456259777
LUX,carbon,SARIMA,2025-11-01,56.52024129026945
LUX,carbon,SARIMA,2025-12-01,56.449624835426114
LVA,carbon,SARIMA,2025-01-01,139.81157172243283
LVA,carbon,SARIMA,2025-02-01,151.20031932957008
LVA,carbon,SARIMA,2025-03-01,78.93778430743276
LVA,carbon,SARIMA,2025-04-01,20.29780680592716
LVA,carbon,SARIMA,2025-05-01,25.72557567779964
LVA,carbon,SARIMA,2025-06-01,81.18319756192275
LVA,carbon,SARIMA,2025-07-01,79.6109611270677
LVA,carbon,SARIMA,2025-08-01,142.8923707904537
LVA,carbon,SARIMA,2025-09-01,186.8073910835105
LVA,carbon,SARIMA,2025-10-01,140.57080617133073
LVA,carbon,SARIMA,2025-11-01,170.14593571586045
LVA,carbon,SARIMA,2025-12-01,134.61023748966724
MDA,carbon,SARIMA,2023-09-01,709.9831137771891
MDA,carbon,SARIMA,2023-10-01,716.2031587717446
MDA,carbon,SARIMA,2023-11-01,710.8698188029396
MDA,carbon,SARIMA,2023-12-01,722.437477071722
MDA,carbon,SARIMA,2024-01-01,708.573883799982
MDA,carbon,SARIMA,2024-02-01,723.4414768449858
MDA,carbon,SARIMA,2024-03-01,724.1510216879245
MDA,carbon,SARIMA,2024-04-01,694.0007334619827
MDA,carbon,SARIMA,2024-05-01,686.8493216733278
MDA,carbon,SARIMA,2024-06-01,700.2976244509272
MDA,carbon,SARIMA,2024-07-01,701.4656688861191
MDA,carbon,SARIMA,2024-08-01,705.462161729112
MKD,carbon,SARIMA,2024-03-01,609.3610121452508
MKD,carbon,SARIMA,2024-04-01,583.5243854480865
MKD,carbon,SARIMA,2024-05-01,624.5985823625119
MKD,carbon,SARIMA,2024-06-01,676.591093019025
MKD,carbon,SARIMA,2024-07-01,612.8245986119506
MKD,carbon,SARIMA,2024-08-01,614.497363583057
MKD,carbon,SARIMA,2024-09-01,605.9015682853011
MKD,carbon,SARIMA,2024-10-01,666.2641547052668
MKD,carbon,SARIMA,2024-11-01,600.746025481413
MKD,carbon,SARIMA,2024-12-01,587.6810852236382
MKD,carbon,SARIMA,2025-01-01,567.856751321516
MKD,carbon,SARIMA,2025-02-01,627.4462078481722
MLT,carbon,SARIMA,2025-01-01,491.29736395091544
MLT,carbon,SARIMA,2025-02-01,496.94469882819254
MLT,carbon,SARIMA,2025-03-01,468.13162260920836
MLT,carbon,SARIMA,2025-04-01,430.4406902787391
MLT,carbon,SARIMA,2025-05-01,459.543837282098
MLT,carbon,SARIMA,2025-06-01,451.04256330251746
MLT,carbon,SARIMA,2025-07-01,467.1766402853895
MLT,carbon,SARIMA,2025-08-01,481.04329465160777
MLT,carbon,SARIMA,2025-09-01,458.96287705735733
MLT,carbon,SARIMA,2025-10-01,486.77502776326315
MLT,carbon,SARIMA,2025-11-01,478.4720666668529
MLT,carbon,SARIMA,2025-12-01,509.48219936148314
NLD,carbon,SARIMA,2025-01-01,273.0668710032169
NLD,carbon,SARIMA,2025-02-01,265.55308480764324
NLD,carbon,SARIMA,2025-03-01,234.2008061901796
NLD,carbon,SARIMA,2025-04-01,192.54984706304182
NLD,carbon,SARIMA,2025-05-01,169.71435702719242
NLD,carbon,SARIMA,2025-06-01,148.33845928238222
NLD,carbon,SARIMA,2025-07-01,141.13798721086522
NLD,carbon,SARIMA,2025-08-01,181.63389324672457
NLD,carbon,SARIMA,2025-09-01,198.903121524776
NLD,carbon,SARIMA,2025-10-01,222.58732821676276
NLD,carbon,SARIMA,2025-11-01,253.08887276209754
NLD,carbon,SARIMA,2025-12-01,231.81960754559887
NOR,carbon,SARIMA,2025-01-01,26.482095908573058
NOR,carbon,SARIMA,2025-02-01,26.10556881739013
NOR,carbon,SARIMA,2025-03-01,27.164637195955383
NOR,carbon,SARIMA,2025-04-01,28.40529571140597
NOR,carbon,SARIMA,2025-05-01,27.293610813243074
NOR,carbon,SARIMA,2025-06-01,26.424699452700505
NOR,carbon,SARIMA,2025-07-01,28.80512144797308
NOR,carbon,SARIMA,2025-08-01,29.15342630877491
NOR,carbon,SARIMA,2025-09-01,27.95857793546093
NOR,carbon,SARIMA,2025-10-01,27.837863053546556
NOR,carbon,SARIMA,2025-11-01,27.028324511108845
NOR,carbon,SARIMA,2025-12-01,26.94105705300183
POL,carbon,SARIMA,2025-01-01,644.1162924529157
POL,carbon,SARIMA,2025-02-01,621.0302468730935
POL,carbon,SARIMA,2025-03-01,608.0081416366131
POL,carbon,SARIMA,2025-04-01,590.2365531201181
POL,carbon,SARIMA,2025-05-01,571.2479760122629
POL,carbon,SARIMA,2025-06-01,594.0284353886551
POL,carbon,SARIMA,2025-07-01,576.7682311890313
POL,carbon,SARIMA,2025-08-01,588.3073006623534
POL,carbon,SARIMA,2025-09-01,579.3209164466736
POL,carbon,SARIMA,2025-10-01,593.7272594227367
POL,carbon,SARIMA,2025-11-01,634.4722429393953
POL,carbon,SARIMA,2025-12-01,619.5354414693721
PRT,carbon,SARIMA,2025-01-01,64.5286157090336
PRT,carbon,SARIMA,2025-02-01,91.9590930077301
PRT,carbon,SARIMA,2025-03-01,53.21548113308483
PRT,carbon,SARIMA,2025-04-01,51.64432892975038
PRT,carbon,SARIMA,2025-05-01,60.910815062069744
PRT,carbon,SARIMA,2025-06-01,99.75977232892257
PRT,carbon,SARIMA,2025-07-01,113.01542409161642
PRT,carbon,SARIMA,2025-08-01,100.88844406745298
PRT,carbon,SARIMA,2025-09-01,112.46124182837578
PRT,carbon,SARIMA,2025-10-01,60.05122758865733
PRT,carbon,SARIMA,2025-11-01,46.23416326829964
PRT,carbon,SARIMA,2025-12-01,59.16985896548914
ROU,carbon,SARIMA,2025-01-01,247.87062292993778
ROU,carbon,SARIMA,2025-02-01,237.02843779428173
ROU,carbon,SARIMA,2025-03-01,217.4932637512404
ROU,carbon,SARIMA,2025-04-01,172.8377655254342
ROU,carbon,SARIMA,2025-05-01,191.7253698482304
ROU,carbon,SARIMA,2025-06-01,200.38983691643458
ROU,carbon,SARIMA,2025-07-01,235.51147004362335
ROU,carbon,SARIMA,2025-08-01,252.58821047830722
ROU,carbon,SARIMA,2025-09-01,235.76469020817814
ROU,carbon,SARIMA,2025-10-01,248.52554918628186
ROU,carbon,SARIMA,2025-11-01,263.79458379928144
ROU,carbon,SARIMA,2025-12-01,258.87926145692745
SRB,carbon,SARIMA,2025-01-01,697.9807102066112
SRB,carbon,SARIMA,2025-02-01,689.8035173495741
SRB,carbon,SARIMA,2025-03-01,643.8247982602319
SRB,carbon,SARIMA,2025-04-01,625.3079797760688
SRB,carbon,SARIMA,2025-05-01,558.0533825783808
SRB,carbon,SARIMA,2025-06-01,542.8948662072173
SRB,carbon,SARIMA,2025-07-01,725.8856436748503
SRB,carbon,SARIMA,2025-08-01,756.592801818292
SRB,carbon,SARIMA,2025-09-01,763.6414920750009
SRB,carbon,SARIMA,2025-10-01,783.6168544450666
SRB,carbon,SARIMA,2025-11-01,691.612902665798
SRB,carbon,SARIMA,2025-12-01,637.498236511369
SVK,carbon,SARIMA,2025-01-01,105.42729244313531
SVK,carbon,SARIMA,2025-02-01,100.88973057036623
SVK,carbon,SARIMA,2025-03-01,93.61402437644023
SVK,carbon,SARIMA,2025-04-01,70.91057350622471
SVK,carbon,SARIMA,2025-05-01,64.20075754970398
SVK,carbon,SARIMA,2025-06-01,72.82008224039863
SVK,carbon,SARIMA,2025-07-01,76.13416754021486
SVK,carbon,SARIMA,2025-08-01,68.44040212559332
SVK,carbon,SARIMA,2025-09-01,65.76760680597545
SVK,carbon,SARIMA,2025-10-01,72.08823402709659
SVK,carbon,SARIMA,2025-11-01,89.7855913424369
SVK,carbon,SARIMA,2025-12-01,81.31240087504337
SVN,carbon,SARIMA,2025-01-01,252.20402592599834
SVN,carbon,SARIMA,2025-02-01,269.33411025480757
SVN,carbon,SARIMA,2025-03-01,217.3993388546878
SVN,carbon,SARIMA,2025-04-01,231.25132104315307
SVN,carbon,SARIMA,2025-05-01,66.35219501730839
SVN,carbon,SARIMA,2025-06-01,195.15376776720842
SVN,carbon,SARIMA,2025-07-01,189.06621698079863
SVN,carbon,SARIMA,2025-08-01,218.5005517162089
SVN,carbon,SARIMA,2025-09-01,193.26840853466138
SVN,carbon,SARIMA,2025-10-01,272.13509331816533
SVN,carbon,SARIMA,2025-11-01,301.149909186364
SVN,carbon,SARIMA,2025-12-01,255.6634935071915
SWE,carbon,SARIMA,2025-01-01,20.72852386651427
SWE,carbon,SARIMA,2025-02-01,20.776403465069365
SWE,carbon,SARIMA,2025-03-01,24.836979221217753
SWE,carbon,SARIMA,2025-04-01,25.131155831328556
SWE,carbon,SARIMA,2025-05-01,24.54204098499819
SWE,carbon,SARIMA,2025-06-01,21.512909609455384
SWE,carbon,SARIMA,2025-07-01,21.06374844359276
SWE,carbon,SARIMA,2025-08-01,18.65465416810973
SWE,carbon,SARIMA,2025-09-01,18.44156231366073
SWE,carbon,SARIMA,2025-10-01,18.377231961745643
SWE,carbon,SARIMA,2025-11-01,22.590092729357796
SWE,carbon,SARIMA,2025-12-01,22.195904675079582
TUR,carbon,SARIMA,2025-01-01,486.50846243124647
TUR,carbon,SARIMA,2025-02-01,492.3643172448295
TUR,carbon,SARIMA,2025-03-01,476.6979337642228
TUR,carbon,SARIMA,2025-04-01,357.13098782947384
TUR,carbon,SARIMA,2025-05-01,402.83381629353
TUR,carbon,SARIMA,2025-06-01,432.4804979875035
TUR,carbon,SARIMA,2025-07-01,468.4966387161323
TUR,carbon,SARIMA,2025-08-01,492.025090162156
TUR,carbon,SARIMA,2025-09-01,513.6739766119822
TUR,carbon,SARIMA,2025-10-01,521.1538816975789
TUR,carbon,SARIMA,2025-11-01,520.5038848328611
TUR,carbon,SARIMA,2025-12-01,500.00972498040926
USA|alabama,carbon,SARIMA,2025-01-01,322.3670573793351
USA|alabama,carbon,SARIMA,2025-02-01,312.4700872364767
USA|alabama,carbon,SARIMA,2025-03-01,316.50990970453563
USA|alabama,carbon,SARIMA,2025-04-01,322.9020922237546
USA|alabama,carbon,SARIMA,2025-05-01,324.47012101344757
USA|alabama,carbon,SARIMA,2025-06-01,360.8391028152002
USA|alabama,carbon,SARIMA,2025-07-01,364.3664855070032
USA|alabama,carbon,SARIMA,2025-08-01,354.6394501355743
USA|alabama,carbon,SARIMA,2025-09-01,343.10000383660457
USA|alabama,carbon,SARIMA,2025-10-01,316.10190949917717
USA|alabama,carbon,SARIMA,2025-11-01,324.62940636082095
USA|alabama,carbon,SARIMA,2025-12-01,316.83827904687564
USA|arizona,carbon,SARIMA,2025-01-01,301.06717926306544
USA|arizona,carbon,SARIMA,2025-02-01,278.1445168200453
USA|arizona,carbon,SARIMA,2025-03-01,231.01442863822737
USA|arizona,carbon,SARIMA,2025-04-01,265.21344980039265
USA|arizona,carbon,SARIMA,2025-05-01,254.37794992653647
USA|arizona,carbon,SARIMA,2025-06-01,274.3550996459446
USA|arizona,carbon,SARIMA,2025-07-01,318.8474574088994
USA|arizona,carbon,SARIMA,2025-08-01,321.0739174811711
USA|arizona,carbon,SARIMA,2025-09-01,306.16923150908804
USA|arizona,carbon,SARIMA,2025-10-01,329.2775425509433
USA|arizona,carbon,SARIMA,2025-11-01,296.14244555964285
USA|arizona,carbon,SARIMA,2025-12-01,291.15361602764403
USA|arkansas,carbon,SARIMA,2025-01-01,426.2957878289436
USA|arkansas,carbon,SARIMA,2025-02-01,357.44988298637725
USA|arkansas,carbon,SARIMA,2025-03-01,334.14034705461313
USA|arkansas,carbon,SARIMA,2025-04-01,316.1204661249771
USA|arkansas,carbon,SARIMA,2025-05-01,427.27129426224525
USA|arkansas,carbon,SARIMA,2025-06-01,438.9075740444911
USA|arkansas,carbon,SARIMA,2025-07-01,447.22186125436764
USA|arkansas,carbon,SARIMA,2025-08-01,437.58468518865925
USA|arkansas,carbon,SARIMA,2025-09-01,421.66036744758145
USA|arkansas,carbon,SARIMA,2025-10-01,424.25117875620083
USA|arkansas,carbon,SARIMA,2025-11-01,348.3137228062683
USA|arkansas,carbon,SARIMA,2025-12-01,378.68136577862566
USA|california,carbon,SARIMA,2025-01-01,222.96519737873342
USA|california,carbon,SARIMA,2025-02-01,191.67936107312002
USA|california,carbon,SARIMA,2025-03-01,154.24283830065355
USA|california,carbon,SARIMA,2025-04-01,133.2048237545405
USA|california,carbon,SARIMA,2025-05-01,107.23184347133079
USA|california,carbon,SARIMA,2025-06-01,133.77443793062798
USA|california,carbon,SARIMA,2025-07-01,207.2357093209534
USA|california,carbon,SARIMA,2025-08-01,204.8075161059562
USA|california,carbon,SARIMA,2025-09-01,193.6890173083616
USA|california,carbon,SARIMA,2025-10-01,224.53794075556607
USA|california,carbon,SARIMA,2025-11-01,227.63315945477012
USA|california,carbon,SARIMA,2025-12-01,242.63989275903717
USA|colorado,carbon,SARIMA,2025-01-01,417.39224859943687
USA|colorado,carbon,SARIMA,2025-02-01,366.7067875970493
USA|colorado,carbon,SARIMA,2025-03-01,325.5434239479285
USA|colorado,carbon,SARIMA,2025-04-01,273.4552751764849
USA|colorado,carbon,SARIMA,2025-05-01,281.92926368294695
USA|colorado,carbon,SARIMA,2025-06-01,350.95661098478877
USA|colorado,carbon,SARIMA,2025-07-01,391.7694322359741
USA|colorado,carbon,SARIMA,2025-08-01,382.9296612555339
USA|colorado,carbon,SARIMA,2025-09-01,371.3466395808292
USA|colorado,carbon,SARIMA,2025-10-01,349.8137554257129
USA|colorado,carbon,SARIMA,2025-11-01,360.39296748781885
USA|colorado,carbon,SARIMA,2025-12-01,367.8024592954224
USA|connecticut,carbon,SARIMA,2025-01-01,296.9537824572369
USA|connecticut,carbon,SARIMA,2025-02-01,275.4049266962957
USA|connecticut,carbon,SARIMA,2025-03-01,279.24292235615474
USA|connecticut,carbon,SARIMA,2025-04-01,278.0964178184124
USA|connecticut,carbon,SARIMA,2025-05-01,278.07159837970596
USA|connecticut,carbon,SARIMA,2025-06-01,375.03451995440184
USA|connecticut,carbon,SARIMA,2025-07-01,308.97429450250786
USA|connecticut,carbon,SARIMA,2025-08-01,297.67451157098924
USA|connecticut,carbon,SARIMA,2025-09-01,313.93690150971184
USA|connecticut,carbon,SARIMA,2025-10-01,314.09861552456687
USA|connecticut,carbon,SARIMA,2025-11-01,340.9349586356034
USA|connecticut,carbon,SARIMA,2025-12-01,302.024684880237
USA|delaware,carbon,SARIMA,2025-01-01,502.91331380757214
USA|delaware,carbon,SARIMA,2025-02-01,462.2375038912803
USA|delaware,carbon,SARIMA,2025-03-01,453.1413394075588
USA|delaware,carbon,SARIMA,2025-04-01,458.7381761605687
USA|delaware,carbon,SARIMA,2025-05-01,448.7379814514487
USA|delaware,carbon,SARIMA,2025-06-01,467.00036898982023
USA|delaware,carbon,SARIMA,2025-07-01,481.77787053632795
USA|delaware,carbon,SARIMA,2025-08-01,470.8565765996948
USA|delaware,carbon,SARIMA,2025-09-01,463.3529325398497
USA|delaware,carbon,SARIMA,2025-10-01,466.64642185599564
USA|delaware,carbon,SARIMA,2025-11-01,468.2717068243159
USA|delaware,carbon,SARIMA,2025-12-01,494.78549638766975
USA|florida,carbon,SARIMA,2025-01-01,386.8802278152822
USA|florida,carbon,SARIMA,2025-02-01,372.425370658627
USA|florida,carbon,SARIMA,2025-03-01,387.2642588220263
USA|florida,carbon,SARIMA,2025-04-01,385.19115128155704
USA|florida,carbon,SARIMA,2025-05-01,391.5926518387512
USA|florida,carbon,SARIMA,2025-06-01,406.1589065613227
USA|florida,carbon,SARIMA,2025-07-01,412.7106673278468
USA|florida,carbon,SARIMA,2025-08-01,413.0068061100826
USA|florida,carbon,SARIMA,2025-09-01,418.53872875163114
USA|florida,carbon,SARIMA,2025-10-01,406.8347710923716
USA|florida,carbon,SARIMA,2025-11-01,396.88745010188796
USA|florida,carbon,SARIMA,2025-12-01,383.7778390920866
USA|georgia,carbon,SARIMA,2025-01-01,315.8543992770354
USA|georgia,carbon,SARIMA,2025-02-01,308.6101880992997
USA|georgia,carbon,SARIMA,2025-03-01,292.0982841113369
USA|georgia,carbon,SARIMA,2025-04-01,281.9634934305103
USA|georgia,carbon,SARIMA,2025-05-01,290.5749913490479
USA|georgia,carbon,SARIMA,2025-06-01,331.895166617946
USA|georgia,carbon,SARIMA,2025-07-01,350.1103354067101
USA|georgia,carbon,SARIMA,2025-08-01,341.8183924279845
USA|georgia,carbon,SARIMA,2025-09-01,331.8321907180873
USA|georgia,carbon,SARIMA,2025-10-01,279.68990001329706
USA|georgia,carbon,SARIMA,2025-11-01,285.92843440833695
USA|georgia,carbon,SARIMA,2025-12-01,294.35990716117135
USA|idaho,carbon,SARIMA,2025-01-01,184.93349945428977
USA|idaho,carbon,SARIMA,2025-02-01,174.46314999215926
USA|idaho,carbon,SARIMA,2025-03-01,173.944402887573
USA|idaho,carbon,SARIMA,2025-04-01,136.80077715018282
USA|idaho,carbon,SARIMA,2025-05-01,67.15871392739626
USA|idaho,carbon,SARIMA,2025-06-01,165.2012523329399
USA|idaho,carbon,SARIMA,2025-07-01,211.0441310387404
USA|idaho,carbon,SARIMA,2025-08-01,211.66046565761542
USA|idaho,carbon,SARIMA,2025-09-01,220.4712255405621
USA|idaho,carbon,SARIMA,2025-10-01,172.46783629867653
USA|idaho,carbon,SARIMA,2025-11-01,189.88738475517195
USA|idaho,carbon,SARIMA,2025-12-01,196.10847342052938
USA|illinois,carbon,SARIMA,2025-01-01,201.0844418090523
USA|illinois,carbon,SARIMA,2025-02-01,175.54046569150066
USA|illinois,carbon,SARIMA,2025-03-01,157.24342394495636
USA|illinois,carbon,SARIMA,2025-04-01,146.6880646261783
USA|illinois,carbon,SARIMA,2025-05-01,166.74009580879968
USA|illinois,carbon,SARIMA,2025-06-01,208.2946369122104
USA|illinois,carbon,SARIMA,2025-07-01,253.31892895418278
USA|illinois,carbon,SARIMA,2025-08-01,249.533693607318
USA|illinois,carbon,SARIMA,2025-09-01,216.97184832548533
USA|illinois,carbon,SARIMA,2025-10-01,197.20725450382795
USA|illinois,carbon,SARIMA,2025-11-01,165.20686691583205
USA|illinois,carbon,SARIMA,2025-12-01,179.9237369694312
USA|indiana,carbon,SARIMA,2025-01-01,581.7515637972901
USA|indiana,carbon,SARIMA,2025-02-01,532.2779695963401
USA|indiana,carbon,SARIMA,2025-03-01,502.59352540924044
USA|indiana,carbon,SARIMA,2025-04-01,498.68157679103797
USA|indiana,carbon,SARIMA,2025-05-01,522.1928770534805
USA|indiana,carbon,SARIMA,2025-06-01,554.5892443834197
USA|indiana,carbon,SARIMA,2025-07-01,579.2977254093744
USA|indiana,carbon,SARIMA,2025-08-01,583.2824853151365
USA|indiana,carbon,SARIMA,2025-09-01,560.6501313649927
USA|indiana,carbon,SARIMA,2025-10-01,521.0889770200486
USA|indiana,carbon,SARIMA,2025-11-01,530.8806226634307
USA|indiana,carbon,SARIMA,2025-12-01,556.2673516702655
USA|iowa,carbon,SARIMA,2025-01-01,291.7089458807184
USA|iowa,carbon,SARIMA,2025-02-01,174.3999195789366
USA|iowa,carbon,SARIMA,2025-03-01,172.99136183946104
USA|iowa,carbon,SARIMA,2025-04-01,85.87302798177566
USA|iowa,carbon,SARIMA,2025-05-01,236.40586711531344
USA|iowa,carbon,SARIMA,2025-06-01,335.36710870453226
USA|iowa,carbon,SARIMA,2025-07-01,442.43338372780875
USA|iowa,carbon,SARIMA,2025-08-01,398.51800834373324
USA|iowa,carbon,SARIMA,2025-09-01,315.5786492223657
USA|iowa,carbon,SARIMA,2025-10-01,186.53278060817183
USA|iowa,carbon,SARIMA,2025-11-01,203.39430677674008
USA|iowa,carbon,SARIMA,2025-12-01,250.12258118762492
USA|kansas,carbon,SARIMA,2025-01-01,299.9555737561001
USA|kansas,carbon,SARIMA,2025-02-01,163.15971178914722
USA|kansas,carbon,SARIMA,2025-03-01,155.11409038668674
USA|kansas,carbon,SARIMA,2025-04-01,103.19418239238493
USA|kansas,carbon,SARIMA,2025-05-01,203.8373909914175
USA|kansas,carbon,SARIMA,2025-06-01,264.6163051325107
USA|kansas,carbon,SARIMA,2025-07-01,333.1333109167931
USA|kansas,carbon,SARIMA,2025-08-01,340.3011610770405
USA|kansas,carbon,SARIMA,2025-09-01,270.3139622283366
USA|kansas,carbon,SARIMA,2025-10-01,154.76073881693105
USA|kansas,carbon,SARIMA,2025-11-01,172.78213502970894
USA|kansas,carbon,SARIMA,2025-12-01,211.95520235237507
USA|kentucky,carbon,SARIMA,2025-01-01,679.5033576925553
USA|kentucky,carbon,SARIMA,2025-02-01,672.0513485947696
USA|kentucky,carbon,SARIMA,2025-03-01,674.6445639180154
USA|kentucky,carbon,SARIMA,2025-04-01,687.4671716868381
USA|kentucky,carbon,SARIMA,2025-05-01,656.8914560613931
USA|kentucky,carbon,SARIMA,2025-06-01,680.6574456589186
USA|kentucky,carbon,SARIMA,2025-07-01,677.5789990256088
USA|kentucky,carbon,SARIMA,2025-08-01,671.4976166026341
USA|kentucky,carbon,SARIMA,2025-09-01,662.4671808573993
USA|kentucky,carbon,SARIMA,2025-10-01,666.451059597001
USA|kentucky,carbon,SARIMA,2025-11-01,671.6295222278268
USA|kentucky,carbon,SARIMA,2025-12-01,679.5207305608944
USA|louisiana,carbon,SARIMA,2025-01-01,411.15450013542994
USA|louisiana,carbon,SARIMA,2025-02-01,399.55580697813815
USA|louisiana,carbon,SARIMA,2025-03-01,413.1436618248148
USA|louisiana,carbon,SARIMA,2025-04-01,422.5574488173337
USA|louisiana,carbon,SARIMA,2025-05-01,437.33961830620603
USA|louisiana,carbon,SARIMA,2025-06-01,434.60546486462795
USA|louisiana,carbon,SARIMA,2025-07-01,420.26798969840075
USA|louisiana,carbon,SARIMA,2025-08-01,423.9045038094732
USA|louisiana,carbon,SARIMA,2025-09-01,408.3355683286709
USA|louisiana,carbon,SARIMA,2025-10-01,415.13814047639556
USA|louisiana,carbon,SARIMA,2025-11-01,444.6124619241944
USA|louisiana,carbon,SARIMA,2025-12-01,440.70675622773587
USA|maine,carbon,SARIMA,2025-01-01,183.88409140825397
USA|maine,carbon,SARIMA,2025-02-01,160.93651074090246
USA|maine,carbon,SARIMA,2025-03-01,168.17279073465653
USA|maine,carbon,SARIMA,2025-04-01,150.79463651035002
USA|maine,carbon,SARIMA,2025-05-01,174.0139014373826
USA|maine,carbon,SARIMA,2025-06-01,215.92606482684508
USA|maine,carbon,SARIMA,2025-07-01,234.91712266249056
USA|maine,carbon,SARIMA,2025-08-01,211.07752487728763
USA|maine,carbon,SARIMA,2025-09-01,209.87439163978982
USA|maine,carbon,SARIMA,2025-10-01,175.64272965543415
USA|maine,carbon,SARIMA,2025-11-01,179.20838238976967
USA|maine,carbon,SARIMA,2025-12-01,174.1197905675426
USA|maryland,carbon,SARIMA,2025-01-01,230.1485313881903
USA|maryland,carbon,SARIMA,2025-02-01,234.13739206344565
USA|maryland,carbon,SARIMA,2025-03-01,210.07782207893632
USA|maryland,carbon,SARIMA,2025-04-01,235.11461519281562
USA|maryland,carbon,SARIMA,2025-05-01,220.7118707613509
USA|maryland,carbon,SARIMA,2025-06-01,242.17068630625582
USA|maryland,carbon,SARIMA,2025-07-01,314.0753087691279
USA|maryland,carbon,SARIMA,2025-08-01,273.07471381008213
USA|maryland,carbon,SARIMA,2025-09-01,238.61175500386906
USA|maryland,carbon,SARIMA,2025-10-01,254.90885615973858
USA|maryland,carbon,SARIMA,2025-11-01,201.52606131416954
USA|maryland,carbon,SARIMA,2025-12-01,225.51118047783217
USA|massachusetts,carbon,SARIMA,2025-01-01,388.2465918284199
USA|massachusetts,carbon,SARIMA,2025-02-01,370.50580618228344
USA|massachusetts,carbon,SARIMA,2025-03-01,339.2418149465947
USA|massachusetts,carbon,SARIMA,2025-04-01,314.972748098825
USA|massachusetts,carbon,SARIMA,2025-05-01,302.4726523446067
USA|massachusetts,carbon,SARIMA,2025-06-01,322.21292742598666
USA|massachusetts,carbon,SARIMA,2025-07-01,363.2861664605022
USA|massachusetts,carbon,SARIMA,2025-08-01,340.90794997334456
USA|massachusetts,carbon,SARIMA,2025-09-01,329.6147227348341
USA|massachusetts,carbon,SARIMA,2025-10-01,354.46726215255524
USA|massachusetts,carbon,SARIMA,2025-11-01,377.5869146659574
USA|massachusetts,carbon,SARIMA,2025-12-01,390.2754184734617
USA|michigan,carbon,SARIMA,2025-01-01,412.7282072468239
USA|michigan,carbon,SARIMA,2025-02-01,364.61455017907235
USA|michigan,carbon,SARIMA,2025-03-01,351.4882624915153
USA|michigan,carbon,SARIMA,2025-04-01,389.81042116846754
USA|michigan,carbon,SARIMA,2025-05-01,365.9060656543117
USA|michigan,carbon,SARIMA,2025-06-01,401.7140285647964
USA|michigan,carbon,SARIMA,2025-07-01,428.13390909721346
USA|michigan,carbon,SARIMA,2025-08-01,430.6010772618575
USA|michigan,carbon,SARIMA,2025-09-01,423.7520226434458
USA|michigan,carbon,SARIMA,2025-10-01,397.26829313962827
USA|michigan,carbon,SARIMA,2025-11-01,372.6875830983404
USA|michigan,carbon,SARIMA,2025-12-01,390.5709938111388
USA|minnesota,carbon,SARIMA,2025-01-01,367.9349265710282
USA|minnesota,carbon,SARIMA,2025-02-01,246.39526666259255
USA|minnesota,carbon,SARIMA,2025-03-01,239.30896471327264
USA|minnesota,carbon,SARIMA,2025-04-01,212.97062074648875
USA|minnesota,carbon,SARIMA,2025-05-01,233.81352002044522
USA|minnesota,carbon,SARIMA,2025-06-01,310.6933029801371
USA|minnesota,carbon,SARIMA,2025-07-01,355.487425434315
USA|minnesota,carbon,SARIMA,2025-08-01,325.0664773354634
USA|minnesota,carbon,SARIMA,2025-09-01,279.77664874500846
USA|minnesota,carbon,SARIMA,2025-10-01,263.5453999417339
USA|minnesota,carbon,SARIMA,2025-11-01,308.0979144560728
USA|minnesota,carbon,SARIMA,2025-12-01,336.08926818346106
USA|mississippi,carbon,SARIMA,2025-01-01,407.94347625216074
USA|mississippi,carbon,SARIMA,2025-02-01,390.4535908390666
USA|mississippi,carbon,SARIMA,2025-03-01,443.8667580556905
USA|mississippi,carbon,SARIMA,2025-04-01,399.0607912033147
USA|mississippi,carbon,SARIMA,2025-05-01,407.2496562260097
USA|mississippi,carbon,SARIMA,2025-06-01,418.28199230032016
USA|mississippi,carbon,SARIMA,2025-07-01,427.13004103882355
USA|mississippi,carbon,SARIMA,2025-08-01,428.6344062145124
USA|mississippi,carbon,SARIMA,2025-09-01,415.82409268592045
USA|mississippi,carbon,SARIMA,2025-10-01,394.6976438453271
USA|mississippi,carbon,SARIMA,2025-11-01,404.5492912950024
USA|mississippi,carbon,SARIMA,2025-12-01,426.0105333094582
USA|missouri,carbon,SARIMA,2025-01-01,583.6179676555727
USA|missouri,carbon,SARIMA,2025-02-01,495.67476436552784
USA|missouri,carbon,SARIMA,2025-03-01,432.1616939070391
USA|missouri,carbon,SARIMA,2025-04-01,459.3973765797717
USA|missouri,carbon,SARIMA,2025-05-01,537.6080808312341
USA|missouri,carbon,SARIMA,2025-06-01,560.9932189092492
USA|missouri,carbon,SARIMA,2025-07-01,573.6084192030919
USA|missouri,carbon,SARIMA,2025-08-01,567.2585462115441
USA|missouri,carbon,SARIMA,2025-09-01,537.3528939335242
USA|missouri,carbon,SARIMA,2025-10-01,561.3655948735634
USA|missouri,carbon,SARIMA,2025-11-01,499.81453171668164
USA|missouri,carbon,SARIMA,2025-12-01,525.7902011584107
USA|montana,carbon,SARIMA,2025-01-01,358.2749187262696
USA|montana,carbon,SARIMA,2025-02-01,365.0152890715647
USA|montana,carbon,SARIMA,2025-03-01,379.82991399320986
USA|montana,carbon,SARIMA,2025-04-01,348.4762165797297
USA|montana,carbon,SARIMA,2025-05-01,188.80077457182725
USA|montana,carbon,SARIMA,2025-06-01,262.90229488041325
USA|montana,carbon,SARIMA,2025-07-01,388.3605629663707
USA|montana,carbon,SARIMA,2025-08-01,400.31272338751955
USA|montana,carbon,SARIMA,2025-09-01,434.02634392398255
USA|montana,carbon,SARIMA,2025-10-01,407.452806869805
USA|montana,carbon,SARIMA,2025-11-01,360.4011863398009
USA|montana,carbon,SARIMA,2025-12-01,373.96094611739636
USA|nebraska,carbon,SARIMA,2025-01-01,431.6311302243507
USA|nebraska,carbon,SARIMA,2025-02-01,334.6121265130823
USA|nebraska,carbon,SARIMA,2025-03-01,307.27177902629126
USA|nebraska,carbon,SARIMA,2025-04-01,214.80620111902977
USA|nebraska,carbon,SARIMA,2025-05-01,311.15180475987313
USA|nebraska,carbon,SARIMA,2025-06-01,391.1336008085708
USA|nebraska,carbon,SARIMA,2025-07-01,460.53690211910657
USA|nebraska,carbon,SARIMA,2025-08-01,463.3582504149527
USA|nebraska,carbon,SARIMA,2025-09-01,424.2798484294621
USA|nebraska,carbon,SARIMA,2025-10-01,371.14172696865126
USA|nebraska,carbon,SARIMA,2025-11-01,348.5454853568449
USA|nebraska,carbon,SARIMA,2025-12-01,383.73660740641014
USA|nevada,carbon,SARIMA,2025-01-01,341.89380741323316
USA|nevada,carbon,SARIMA,2025-02-01,314.7794999717076
USA|nevada,carbon,SARIMA,2025-03-01,285.8745296045773
USA|nevada,carbon,SARIMA,2025-04-01,236.3136466331173
USA|nevada,carbon,SARIMA,2025-05-01,239.11123454096483
USA|nevada,carbon,SARIMA,2025-06-01,258.8268988464175
USA|nevada,carbon,SARIMA,2025-07-01,310.85516237082396
USA|nevada,carbon,SARIMA,2025-08-01,306.45677128073453
USA|nevada,carbon,SARIMA,2025-09-01,292.1747369803442
USA|nevada,carbon,SARIMA,2025-10-01,295.79832978904614
USA|nevada,carbon,SARIMA,2025-11-01,297.62363911325394
USA|nevada,carbon,SARIMA,2025-12-01,320.76159917895126
USA|new hampshire,carbon,SARIMA,2025-01-01,137.78912867357525
USA|new hampshire,carbon,SARIMA,2025-02-01,122.61238417954
USA|new hampshire,carbon,SARIMA,2025-03-01,105.005517804696
USA|new hampshire,carbon,SARIMA,2025-04-01,240.89562923704858
USA|new hampshire,carbon,SARIMA,2025-05-01,133.92036121844689
USA|new hampshire,carbon,SARIMA,2025-06-01,176.62120202324962
USA|new hampshire,carbon,SARIMA,2025-07-01,167.1712688737296
USA|new hampshire,carbon,SARIMA,2025-08-01,184.06818325745408
USA|new hampshire,carbon,SARIMA,2025-09-01,173.13505076034767
USA|new hampshire,carbon,SARIMA,2025-10-01,255.30631937178106
USA|new hampshire,carbon,SARIMA,2025-11-01,83.6607999938958
USA|new hampshire,carbon,SARIMA,2025-12-01,137.96204828376852
USA|new jersey,carbon,SARIMA,2025-01-01,235.8836691242969
USA|new jersey,carbon,SARIMA,2025-02-01,208.38466092201148
USA|new jersey,carbon,SARIMA,2025-03-01,196.18386107961274
USA|new jersey,carbon,SARIMA,2025-04-01,275.8392038426685
USA|new jersey,carbon,SARIMA,2025-05-01,230.5524483152454
USA|new jersey,carbon,SARIMA,2025-06-01,251.1626800133056
USA|new jersey,carbon,SARIMA,2025-07-01,288.0305881679005
USA|new jersey,carbon,SARIMA,2025-08-01,257.2396774833189
USA|new jersey,carbon,SARIMA,2025-09-01,232.62170512417595
USA|new jersey,carbon,SARIMA,2025-10-01,279.8991005659225
USA|new jersey,carbon,SARIMA,2025-11-01,275.83920437315
USA|new jersey,carbon,SARIMA,2025-12-01,229.99573036919645
USA|new mexico,carbon,SARIMA,2025-01-01,248.58949528880044
USA|new mexico,carbon,SARIMA,2025-02-01,277.86846420410143
USA|new mexico,carbon,SARIMA,2025-03-01,249.76737302382654
USA|new mexico,carbon,SARIMA,2025-04-01,150.83194622677917
USA|new mexico,carbon,SARIMA,2025-05-01,252.49624420520038
USA|new mexico,carbon,SARIMA,2025-06-01,315.52965672619223
USA|new mexico,carbon,SARIMA,2025-07-01,322.60560810011316
USA|new mexico,carbon,SARIMA,2025-08-01,305.01318888504477
USA|new mexico,carbon,SARIMA,2025-09-01,303.70168549748826
USA|new mexico,carbon,SARIMA,2025-10-01,221.58681072641986
USA|new mexico,carbon,SARIMA,2025-11-01,159.83466391838033
USA|new mexico,carbon,SARIMA,2025-12-01,233.82499535637987
USA|new york,carbon,SARIMA,2025-01-01,246.70338486614423
USA|new york,carbon,SARIMA,2025-02-01,241.9078008527938
USA|new york,carbon,SARIMA,2025-03-01,234.93746049150462
USA|new york,carbon,SARIMA,2025-04-01,225.00829813473294
USA|new york,carbon,SARIMA,2025-05-01,229.9870890978487
USA|new york,carbon,SARIMA,2025-06-01,264.9280406455868
USA|new york,carbon,SARIMA,2025-07-01,298.76602777717653
USA|new york,carbon,SARIMA,2025-08-01,280.3112192665178
USA|new york,carbon,SARIMA,2025-09-01,274.2314318372481
USA|new york,carbon,SARIMA,2025-10-01,242.12111231979395
USA|new york,carbon,SARIMA,2025-11-01,251.20047246020437
USA|new york,carbon,SARIMA,2025-12-01,253.09247280873396
USA|north carolina,carbon,SARIMA,2025-01-01,313.4229711359852
USA|north carolina,carbon,SARIMA,2025-02-01,294.9312062193066
USA|north carolina,carbon,SARIMA,2025-03-01,282.8497791450058
USA|north carolina,carbon,SARIMA,2025-04-01,250.92850293872056
USA|north carolina,carbon,SARIMA,2025-05-01,277.5773168567942
USA|north carolina,carbon,SARIMA,2025-06-01,312.6424131964683
USA|north carolina,carbon,SARIMA,2025-07-01,349.0661960164872
USA|north carolina,carbon,SARIMA,2025-08-01,333.5636194844766
USA|north carolina,carbon,SARIMA,2025-09-01,302.8064008439458
USA|north carolina,carbon,SARIMA,2025-10-01,256.5971803154925
USA|north carolina,carbon,SARIMA,2025-11-01,282.46659175482523
USA|north carolina,carbon,SARIMA,2025-12-01,322.57987061120645
USA|north dakota,carbon,SARIMA,2025-01-01,520.260740566031
USA|north dakota,carbon,SARIMA,2025-02-01,460.735843577036
USA|north dakota,carbon,SARIMA,2025-03-01,444.3313150062152
USA|north dakota,carbon,SARIMA,2025-04-01,369.15072210595974
USA|north dakota,carbon,SARIMA,2025-05-01,429.28825458619065
USA|north dakota,carbon,SARIMA,2025-06-01,494.46050437769964
USA|north dakota,carbon,SARIMA,2025-07-01,568.8846277885702
USA|north dakota,carbon,SARIMA,2025-08-01,523.88833403609
USA|north dakota,carbon,SARIMA,2025-09-01,494.88053358956864
USA|north dakota,carbon,SARIMA,2025-10-01,445.1200377635689
USA|north dakota,carbon,SARIMA,2025-11-01,461.1937412202597
USA|north dakota,carbon,SARIMA,2025-12-01,469.49126555689406
USA|ohio,carbon,SARIMA,2025-01-01,496.8460609634957
USA|ohio,carbon,SARIMA,2025-02-01,454.948217287862
USA|ohio,carbon,SARIMA,2025-03-01,463.64036210598834
USA|ohio,carbon,SARIMA,2025-04-01,446.70795242704634
USA|ohio,carbon,SARIMA,2025-05-01,448.4243347914657
USA|ohio,carbon,SARIMA,2025-06-01,451.8861840395786
USA|ohio,carbon,SARIMA,2025-07-01,468.1609738002802
USA|ohio,carbon,SARIMA,2025-08-01,472.58734936343393
USA|ohio,carbon,SARIMA,2025-09-01,453.1027669597341
USA|ohio,carbon,SARIMA,2025-10-01,446.13003503863143
USA|ohio,carbon,SARIMA,2025-11-01,452.68581572998306
USA|ohio,carbon,SARIMA,2025-12-01,470.15700530670006
USA|oklahoma,carbon,SARIMA,2025-01-01,316.78852152761243
USA|oklahoma,carbon,SARIMA,2025-02-01,231.04355008433117
USA|oklahoma,carbon,SARIMA,2025-03-01,216.2622651286866
USA|oklahoma,carbon,SARIMA,2025-04-01,238.55490592214255
USA|oklahoma,carbon,SARIMA,2025-05-01,320.8289077999702
USA|oklahoma,carbon,SARIMA,2025-06-01,363.85788749325246
USA|oklahoma,carbon,SARIMA,2025-07-01,368.1853236745188
USA|oklahoma,carbon,SARIMA,2025-08-01,387.6487297314841
USA|oklahoma,carbon,SARIMA,2025-09-01,348.29053332837213
USA|oklahoma,carbon,SARIMA,2025-10-01,272.5458373615111
USA|oklahoma,carbon,SARIMA,2025-11-01,286.6365194927463
USA|oklahoma,carbon,SARIMA,2025-12-01,274.3176939139913
USA|oregon,carbon,SARIMA,2025-01-01,206.812278772965
USA|oregon,carbon,SARIMA,2025-02-01,201.7893718913857
USA|oregon,carbon,SARIMA,2025-03-01,200.92747761506814
USA|oregon,carbon,SARIMA,2025-04-01,201.44839580130503
USA|oregon,carbon,SARIMA,2025-05-01,103.67867188020699
USA|oregon,carbon,SARIMA,2025-06-01,179.447375581514
USA|oregon,carbon,SARIMA,2025-07-01,218.86234679881042
USA|oregon,carbon,SARIMA,2025-08-01,228.17409773423614
USA|oregon,carbon,SARIMA,2025-09-01,237.26903399094633
USA|oregon,carbon,SARIMA,2025-10-01,235.40367061450334
USA|oregon,carbon,SARIMA,2025-11-01,206.81236316926575
USA|oregon,carbon,SARIMA,2025-12-01,214.91585017390497
USA|pennsylvania,carbon,SARIMA,2025-01-01,353.27503590984725
USA|pennsylvania,carbon,SARIMA,2025-02-01,337.67312664565026
USA|pennsylvania,carbon,SARIMA,2025-03-01,335.3588465959627
USA|pennsylvania,carbon,SARIMA,2025-04-01,332.29733450041675
USA|pennsylvania,carbon,SARIMA,2025-05-01,323.4613539585487
USA|pennsylvania,carbon,SARIMA,2025-06-01,338.85430725268753
USA|pennsylvania,carbon,SARIMA,2025-07-01,373.2100002014226
USA|pennsylvania,carbon,SARIMA,2025-08-01,359.27927585502016
USA|pennsylvania,carbon,SARIMA,2025-09-01,324.903383425514
USA|pennsylvania,carbon,SARIMA,2025-10-01,306.57240160207306
USA|pennsylvania,carbon,SARIMA,2025-11-01,314.40035968224544
USA|pennsylvania,carbon,SARIMA,2025-12-01,334.59155797388286
USA|rhode island,carbon,SARIMA,2025-01-01,428.97098604269223
USA|rhode island,carbon,SARIMA,2025-02-01,403.04177825854777
USA|rhode island,carbon,SARIMA,2025-03-01,382.5420209593247
USA|rhode island,carbon,SARIMA,2025-04-01,378.37290379253113
USA|rhode island,carbon,SARIMA,2025-05-01,392.0698009387107
USA|rhode island,carbon,SARIMA,2025-06-01,408.2407623290784
USA|rhode island,carbon,SARIMA,2025-07-01,417.49047831238005
USA|rhode island,carbon,SARIMA,2025-08-01,415.18411256903204
USA|rhode island,carbon,SARIMA,2025-09-01,414.069855648149
USA|rhode island,carbon,SARIMA,2025-10-01,421.8275152056839
USA|rhode island,carbon,SARIMA,2025-11-01,422.7552467497416
USA|rhode island,carbon,SARIMA,2025-12-01,417.17604870044573
USA|south carolina,carbon,SARIMA,2025-01-01,241.96880273119802
USA|south carolina,carbon,SARIMA,2025-02-01,214.67156869318526
USA|south carolina,carbon,SARIMA,2025-03-01,212.21402454495603
USA|south carolina,carbon,SARIMA,2025-04-01,236.99474843839405
USA|south carolina,carbon,SARIMA,2025-05-01,261.624797444416
USA|south carolina,carbon,SARIMA,2025-06-01,272.3762368218416
USA|south carolina,carbon,SARIMA,2025-07-01,291.4329570109646
USA|south carolina,carbon,SARIMA,2025-08-01,270.30386351784483
USA|south carolina,carbon,SARIMA,2025-09-01,250.19702815223667
USA|south carolina,carbon,SARIMA,2025-10-01,260.9601247773787
USA|south carolina,carbon,SARIMA,2025-11-01,243.15454533866932
USA|south carolina,carbon,SARIMA,2025-12-01,245.04740262554367
USA|south dakota,carbon,SARIMA,2025-01-01,151.46845636083526
USA|south dakota,carbon,SARIMA,2025-02-01,115.11758027703662
USA|south dakota,carbon,SARIMA,2025-03-01,109.94641211553889
USA|south dakota,carbon,SARIMA,2025-04-01,87.54914786518533
USA|south dakota,carbon,SARIMA,2025-05-01,87.75235308726275
USA|south dakota,carbon,SARIMA,2025-06-01,146.66272692437917
USA|south dakota,carbon,SARIMA,2025-07-01,215.33343537797109
USA|south dakota,carbon,SARIMA,2025-08-01,175.6782990763837
USA|south dakota,carbon,SARIMA,2025-09-01,143.09144176838015
USA|south dakota,carbon,SARIMA,2025-10-01,72.6415733032317
USA|south dakota,carbon,SARIMA,2025-11-01,112.40826581292444
USA|south dakota,carbon,SARIMA,2025-12-01,130.8919893862433
USA|tennessee,carbon,SARIMA,2025-01-01,334.42257293373456
USA|tennessee,carbon,SARIMA,2025-02-01,286.4283670202612
USA|tennessee,carbon,SARIMA,2025-03-01,239.02720657112985
USA|tennessee,carbon,SARIMA,2025-04-01,246.9572729194204
USA|tennessee,carbon,SARIMA,2025-05-01,237.67514054807714
USA|tennessee,carbon,SARIMA,2025-06-01,296.4758804653644
USA|tennessee,carbon,SARIMA,2025-07-01,349.5928635888261
USA|tennessee,carbon,SARIMA,2025-08-01,333.101863841048
USA|tennessee,carbon,SARIMA,2025-09-01,296.13178520129236
USA|tennessee,carbon,SARIMA,2025-10-01,241.26324000372745
USA|tennessee,carbon,SARIMA,2025-11-01,263.1064511767283
USA|tennessee,carbon,SARIMA,2025-12-01,291.0138821898698
USA|texas,carbon,SARIMA,2025-01-01,346.77142134784424
USA|texas,carbon,SARIMA,2025-02-01,295.30854338625323
USA|texas,carbon,SARIMA,2025-03-01,295.40868444991247
USA|texas,carbon,SARIMA,2025-04-01,295.2102517582049
USA|texas,carbon,SARIMA,2025-05-01,343.0794509559742
USA|texas,carbon,SARIMA,2025-06-01,353.7387778176922
USA|texas,carbon,SARIMA,2025-07-01,370.3649732739722
USA|texas,carbon,SARIMA,2025-08-01,383.55103477322
USA|texas,carbon,SARIMA,2025-09-01,379.52659675512143
USA|texas,carbon,SARIMA,2025-10-01,341.7985598623269
USA|texas,carbon,SARIMA,2025-11-01,335.2712530697794
USA|texas,carbon,SARIMA,2025-12-01,332.5029768776024
USA|utah,carbon,SARIMA,2025-01-01,591.6535664006176
USA|utah,carbon,SARIMA,2025-02-01,544.6382528841058
USA|utah,carbon,SARIMA,2025-03-01,505.7043700991233
USA|utah,carbon,SARIMA,2025-04-01,457.3539828338819
USA|utah,carbon,SARIMA,2025-05-01,429.84865331663775
USA|utah,carbon,SARIMA,2025-06-01,451.9946154083499
USA|utah,carbon,SARIMA,2025-07-01,537.9894347095317
USA|utah,carbon,SARIMA,2025-08-01,541.6593503555171
USA|utah,carbon,SARIMA,2025-09-01,533.5121305754379
USA|utah,carbon,SARIMA,2025-10-01,554.1522389835604
USA|utah,carbon,SARIMA,2025-11-01,548.6533092964803
USA|utah,carbon,SARIMA,2025-12-01,543.496080943517
USA|vermont,carbon,SARIMA,2025-01-01,73.28664043129044
USA|vermont,carbon,SARIMA,2025-02-01,65.99443463580853
USA|vermont,carbon,SARIMA,2025-03-01,54.098888584210115
USA|vermont,carbon,SARIMA,2025-04-01,43.347696055403226
USA|vermont,carbon,SARIMA,2025-05-01,27.84956112952095
USA|vermont,carbon,SARIMA,2025-06-01,59.619694376412234
USA|vermont,carbon,SARIMA,2025-07-01,64.4308029347074
USA|vermont,carbon,SARIMA,2025-08-01,57.549217619974314
USA|vermont,carbon,SARIMA,2025-09-01,60.9059442004846
USA|vermont,carbon,SARIMA,2025-10-01,35.489073692528564
USA|vermont,carbon,SARIMA,2025-11-01,58.099003869905424
USA|vermont,carbon,SARIMA,2025-12-01,62.715470931825955
USA|virginia,carbon,SARIMA,2025-01-01,318.0919285308891
USA|virginia,carbon,SARIMA,2025-02-01,305.5276155677467
USA|virginia,carbon,SARIMA,2025-03-01,297.0394198257891
USA|virginia,carbon,SARIMA,2025-04-01,263.09342544176366
USA|virginia,carbon,SARIMA,2025-05-01,274.47636683232435
USA|virginia,carbon,SARIMA,2025-06-01,310.4694176677133
USA|virginia,carbon,SARIMA,2025-07-01,327.3513697123344
USA|virginia,carbon,SARIMA,2025-08-01,322.88808171997727
USA|virginia,carbon,SARIMA,2025-09-01,311.5621936442098
USA|virginia,carbon,SARIMA,2025-10-01,259.7130742827112
USA|virginia,carbon,SARIMA,2025-11-01,284.8166960944577
USA|virginia,carbon,SARIMA,2025-12-01,313.4266891466867
USA|washington,carbon,SARIMA,2025-01-01,138.01589959605764
USA|washington,carbon,SARIMA,2025-02-01,140.07355192437862
USA|washington,carbon,SARIMA,2025-03-01,139.57829433529048
USA|washington,carbon,SARIMA,2025-04-01,129.06890493978028
USA|washington,carbon,SARIMA,2025-05-01,57.32486213717571
USA|washington,carbon,SARIMA,2025-06-01,88.1289414926566
USA|washington,carbon,SARIMA,2025-07-01,145.60363205341588
USA|washington,carbon,SARIMA,2025-08-01,153.1988706350233
USA|washington,carbon,SARIMA,2025-09-01,174.37795615887603
USA|washington,carbon,SARIMA,2025-10-01,169.18486055517934
USA|washington,carbon,SARIMA,2025-11-01,134.0316449778336
USA|washington,carbon,SARIMA,2025-12-01,135.81421361093868
USA|washington dc,carbon,SARIMA,2025-01-01,210.95247463243197
USA|washington dc,carbon,SARIMA,2025-02-01,201.93540467661262
USA|washington dc,carbon,SARIMA,2025-03-01,164.15585739887436
USA|washington dc,carbon,SARIMA,2025-04-01,80.7268754990794
USA|washington dc,carbon,SARIMA,2025-05-01,77.55126614701808
USA|washington dc,carbon,SARIMA,2025-06-01,164.93580008125303
USA|washington dc,carbon,SARIMA,2025-07-01,165.49374479712648
USA|washington dc,carbon,SARIMA,2025-08-01,162.80143290058882
USA|washington dc,carbon,SARIMA,2025-09-01,181.0210741441817
USA|washington dc,carbon,SARIMA,2025-10-01,75.39928237434036
USA|washington dc,carbon,SARIMA,2025-11-01,172.11247516871398
USA|washington dc,carbon,SARIMA,2025-12-01,194.4817054400689
USA|west virginia,carbon,SARIMA,2025-01-01,732.7346678592295
USA|west virginia,carbon,SARIMA,2025-02-01,712.4604629370639
USA|west virginia,carbon,SARIMA,2025-03-01,711.0215486073491
USA|west virginia,carbon,SARIMA,2025-04-01,720.9566342204217
USA|west virginia,carbon,SARIMA,2025-05-01,726.4977510776891
USA|west virginia,carbon,SARIMA,2025-06-01,741.0079121944151
USA|west virginia,carbon,SARIMA,2025-07-01,751.6170254552262
USA|west virginia,carbon,SARIMA,2025-08-01,750.6772257328795
USA|west virginia,carbon,SARIMA,2025-09-01,731.9518054665626
USA|west virginia,carbon,SARIMA,2025-10-01,702.5820502662896
USA|west virginia,carbon,SARIMA,2025-11-01,682.4170900615745
USA|west virginia,carbon,SARIMA,2025-12-01,724.5997287452618
USA|wisconsin,carbon,SARIMA,2025-01-01,518.0129355690684
USA|wisconsin,carbon,SARIMA,2025-02-01,449.13091978011823
USA|wisconsin,carbon,SARIMA,2025-03-01,459.6490571232832
USA|wisconsin,carbon,SARIMA,2025-04-01,399.71506463428693
USA|wisconsin,carbon,SARIMA,2025-05-01,417.71738416320517
USA|wisconsin,carbon,SARIMA,2025-06-01,465.18891145972356
USA|wisconsin,carbon,SARIMA,2025-07-01,490.1996696360681
USA|wisconsin,carbon,SARIMA,2025-08-01,494.29888984612575
USA|wisconsin,carbon,SARIMA,2025-09-01,491.6361979582443
USA|wisconsin,carbon,SARIMA,2025-10-01,482.07123458321337
USA|wisconsin,carbon,SARIMA,2025-11-01,457.82346621311314
USA|wisconsin,carbon,SARIMA,2025-12-01,487.41088766840386
USA|wyoming,carbon,SARIMA,2025-01-01,560.9177129730547
USA|wyoming,carbon,SARIMA,2025-02-01,519.5813640020677
USA|wyoming,carbon,SARIMA,2025-03-01,498.1827325321331
USA|wyoming,carbon,SARIMA,2025-04-01,466.75400464551535
USA|wyoming,carbon,SARIMA,2025-05-01,488.01646233755787
USA|wyoming,carbon,SARIMA,2025-06-01,529.168794449678
USA|wyoming,carbon,SARIMA,2025-07-01,607.4026837156342
USA|wyoming,carbon,SARIMA,2025-08-01,598.5394524242233
USA|wyoming,carbon,SARIMA,2025-09-01,581.9905664935546
USA|wyoming,carbon,SARIMA,2025-10-01,568.284069671099
USA|wyoming,carbon,SARIMA,2025-11-01,511.72392235686414
USA|wyoming,carbon,SARIMA,2025-12-01,511.4669677581135
Albany River,water,SARIMA,2022-10-16,-22.02883566299797
Albany River,water,SARIMA,2022-11-16,3.471552352009967
Albany River,water,SARIMA,2022-12-16,-2.8648058679596318
Albany River,water,SARIMA,2023-01-16,52.49340810967943
Albany River,water,SARIMA,2023-02-16,58.26086250787171
Albany River,water,SARIMA,2023-03-16,58.710236518566376
Albany River,water,SARIMA,2023-04-16,118.26287261520339
Albany River,water,SARIMA,2023-05-16,75.67768412856702
Albany River,water,SARIMA,2023-06-16,38.28068715737553
Albany River,water,SARIMA,2023-07-16,-4.246183842186635
Albany River,water,SARIMA,2023-08-16,-31.054061644571348
Albany River,water,SARIMA,2023-09-16,-22.08593432427658
Bravo,water,SARIMA,2022-10-16,-88.99261159308892
Bravo,water,SARIMA,2022-11-16,-102.58931511920044
Bravo,water,SARIMA,2022-12-16,-113.31357935957706
Bravo,water,SARIMA,2023-01-16,-108.1166607959616
Bravo,water,SARIMA,2023-02-16,-104.84126029973896
Bravo,water,SARIMA,2023-03-16,-100.8958419299204
Bravo,water,SARIMA,2023-04-16,-117.87951236438407
Bravo,water,SARIMA,2023-05-16,-124.76430505823879
Bravo,water,SARIMA,2023-06-16,-111.19712792440228
Bravo,water,SARIMA,2023-07-16,-99.76580470184206
Bravo,water,SARIMA,2023-08-16,-99.74433911668478
Bravo,water,SARIMA,2023-09-16,-93.58786017237085
Brazos River,water,SARIMA,2022-10-16,-153.5559366847622
Brazos River,water,SARIMA,2022-11-16,-162.8860736741659
Brazos River,water,SARIMA,2022-12-16,-158.17563844776288
Brazos River,water,SARIMA,2023-01-16,-129.94573331914802
Brazos River,water,SARIMA,2023-02-16,-139.14623561150793
Brazos River,water,SARIMA,2023-03-16,-130.92173027757377
Brazos River,water,SARIMA,2023-04-16,-130.7369229331503
Brazos River,water,SARIMA,2023-05-16,-105.12723239302532
Brazos River,water,SARIMA,2023-06-16,-105.78362480109371
Brazos River,water,SARIMA,2023-07-16,-135.69208917024847
Brazos River,water,SARIMA,2023-08-16,-153.33449078167297
Brazos River,water,SARIMA,2023-09-16,-186.65702610726618
Colorado River (Pacific Ocean),water,SARIMA,2022-10-16,-120.47693607213365
Colorado River (Pacific Ocean),water,SARIMA,2022-11-16,-112.38719140305182
Colorado River (Pacific Ocean),water,SARIMA,2022-12-16,-113.0074039480088
Colorado River (Pacific Ocean),water,SARIMA,2023-01-16,-79.14049032687632
Colorado River (Pacific Ocean),water,SARIMA,2023-02-16,-74.55342677243601
Colorado River (Pacific Ocean),water,SARIMA,2023-03-16,-75.68397293329406
Colorado River (Pacific Ocean),water,SARIMA,2023-04-16,-82.57652350692673
Colorado River (Pacific Ocean),water,SARIMA,2023-05-16,-79.42409469533641
Colorado River (Pacific Ocean),water,SARIMA,2023-06-16,-116.13663119700911
Colorado River (Pacific Ocean),water,SARIMA,2023-07-16,-107.4624784290237
Colorado River (Pacific Ocean),water,SARIMA,2023-08-16,-114.71403299626073
Colorado River (Pacific Ocean),water,SARIMA,2023-09-16,-119.61513572808421
Columbia River,water,SARIMA,2022-10-16,-152.78084339666825
Columbia River,water,SARIMA,2022-11-16,-99.87761356835368
Columbia River,water,SARIMA,2022-12-16,-59.12260524452761
Columbia River,water,SARIMA,2023-01-16,2.4095985844088403
Columbia River,water,SARIMA,2023-02-16,40.169831480305646
Columbia River,water,SARIMA,2023-03-16,56.94699513228004
Columbia River,water,SARIMA,2023-04-16,53.545876844418565
Columbia River,water,SARIMA,2023-05-16,48.354270682837765
Columbia River,water,SARIMA,2023-06-16,2.493031166594367
Columbia River,water,SARIMA,2023-07-16,-70.62094288285644
Columbia River,water,SARIMA,2023-08-16,-115.69895184814158
Columbia River,water,SARIMA,2023-09-16,-162.3655990078546
Danube,water,SARIMA,2022-10-16,-160.5035679273559
Danube,water,SARIMA,2022-11-16,-142.38215446915592
Danube,water,SARIMA,2022-12-16,-103.06068978105458
Danube,water,SARIMA,2023-01-16,-49.33977491441773
Danube,water,SARIMA,2023-02-16,-26.407993841627405
Danube,water,SARIMA,2023-03-16,-28.079506782515466
Danube,water,SARIMA,2023-04-16,-30.43141771548236
Danube,water,SARIMA,2023-05-16,-52.61753949016632
Danube,water,SARIMA,2023-06-16,-89.00911925839375
Danube,water,SARIMA,2023-07-16,-134.38737570694053
Danube,water,SARIMA,2023-08-16,-169.9723372778768
Danube,water,SARIMA,2023-09-16,-172.03793744682167
Dniepr,water,SARIMA,2022-10-16,-174.89913895911837
Dniepr,water,SARIMA,2022-11-16,-167.32431593737596
Dniepr,water,SARIMA,2022-12-16,-129.59268588436228
Dniepr,water,SARIMA,2023-01-16,-83.02506413775673
Dniepr,water,SARIMA,2023-02-16,-34.449355294155026
Dniepr,water,SARIMA,2023-03-16,-38.08348115394422
Dniepr,water,SARIMA,2023-04-16,-30.954817853809494
Dniepr,water,SARIMA,2023-05-16,-33.28325052159972
Dniepr,water,SARIMA,2023-06-16,-62.41062577504175
Dniepr,water,SARIMA,2023-07-16,-113.15760393098472
Dniepr,water,SARIMA,2023-08-16,-153.73470965372127
Dniepr,water,SARIMA,2023-09-16,-158.39785980992986
Elbe River,water,SARIMA,2022-10-16,-163.0148134746607
Elbe River,water,SARIMA,2022-11-16,-110.10742538212587
Elbe River,water,SARIMA,2022-12-16,-107.8329618499556
Elbe River,water,SARIMA,2023-01-16,-54.0486347239436
Elbe River,water,SARIMA,2023-02-16,-20.44555202217132
Elbe River,water,SARIMA,2023-03-16,-5.045153165745411
Elbe River,water,SARIMA,2023-04-16,-33.70078559396808
Elbe River,water,SARIMA,2023-05-16,-57.76601109697694
Elbe River,water,SARIMA,2023-06-16,-85.34352976913902
Elbe River,water,SARIMA,2023-07-16,-98.16625302686205
Elbe River,water,SARIMA,2023-08-16,-113.53401260028036
Elbe River,water,SARIMA,2023-09-16,-106.19054064186716
Ganges,water,SARIMA,2022-10-16,-47.49549832784132
Ganges,water,SARIMA,2022-11-16,-131.44407844003916
Ganges,water,SARIMA,2022-12-16,-184.49251664110946
Ganges,water,SARIMA,2023-01-16,-197.98413326911245
Ganges,water,SARIMA,2023-02-16,-227.8659006568194
Ganges,water,SARIMA,2023-03-16,-281.5414468904616
Ganges,water,SARIMA,2023-04-16,-332.60996012031427
Ganges,water,SARIMA,2023-05-16,-346.4472482397445
Ganges,water,SARIMA,2023-06-16,-304.9257206581089
Ganges,water,SARIMA,2023-07-16,-202.668514110881
Ganges,water,SARIMA,2023-08-16,-67.33862667122501
Ganges,water,SARIMA,2023-09-16,-25.626092604792795
Godavari,water,SARIMA,2022-10-16,291.6443627262648
Godavari,water,SARIMA,2022-11-16,216.54564546946202
Godavari,water,SARIMA,2022-12-16,142.88948056283255
Godavari,water,SARIMA,2023-01-16,103.31049782624723
Godavari,water,SARIMA,2023-02-16,51.22451772853202
Godavari,water,SARIMA,2023-03-16,-4.469939295245417
Godavari,water,SARIMA,2023-04-16,-43.76135884591189
Godavari,water,SARIMA,2023-05-16,-86.70029602845003
Godavari,water,SARIMA,2023-06-16,-63.61799141331922
Godavari,water,SARIMA,2023-07-16,118.76574834885915
Godavari,water,SARIMA,2023-08-16,235.48004161323726
Godavari,water,SARIMA,2023-09-16,306.7804070937185
Grisalva,water,SARIMA,2022-10-16,139.43927940869713
Grisalva,water,SARIMA,2022-11-16,142.94726663766616
Grisalva,water,SARIMA,2022-12-16,93.79091892698845
Grisalva,water,SARIMA,2023-01-16,58.168693898321116
Grisalva,water,SARIMA,2023-02-16,1.6148430578756319
Grisalva,water,SARIMA,2023-03-16,-49.10658854596995
Grisalva,water,SARIMA,2023-04-16,-102.91701691698334
Grisalva,water,SARIMA,2023-05-16,-123.07104977564478
Grisalva,water,SARIMA,2023-06-16,-56.60398449131319
Grisalva,water,SARIMA,2023-07-16,-21.589883393696518
Grisalva,water,SARIMA,2023-08-16,2.541040093540307
Grisalva,water,SARIMA,2023-09-16,83.17851288926383
Indus,water,SARIMA,2022-10-16,-169.3422424441906
Indus,water,SARIMA,2022-11-16,-189.42801307705037
Indus,water,SARIMA,2022-12-16,-200.75377125042624
Indus,water,SARIMA,2023-01-16,-176.17241936173045
Indus,water,SARIMA,2023-02-16,-181.4405342957171
Indus,water,SARIMA,2023-03-16,-180.86819245334854
Indus,water,SARIMA,2023-04-16,-191.90521639745847
Indus,water,SARIMA,2023-05-16,-206.04273304150405
Indus,water,SARIMA,2023-06-16,-224.4224468990785
Indus,water,SARIMA,2023-07-16,-210.97647885551976
Indus,water,SARIMA,2023-08-16,-156.89185295109118
Indus,water,SARIMA,2023-09-16,-165.9420313563565
Krishna,water,SARIMA,2022-10-16,278.2162931421473
Krishna,water,SARIMA,2022-11-16,254.493740104015
Krishna,water,SARIMA,2022-12-16,199.6757154111851
Krishna,water,SARIMA,2023-01-16,155.1126029239578
Krishna,water,SARIMA,2023-02-16,92.79121870696886
Krishna,water,SARIMA,2023-03-16,53.671031371153155
Krishna,water,SARIMA,2023-04-16,15.454904854848944
Krishna,water,SARIMA,2023-05-16,-7.137076609273085
Krishna,water,SARIMA,2023-06-16,19.500161623327248
Krishna,water,SARIMA,2023-07-16,146.32542344778182
Krishna,water,SARIMA,2023-08-16,231.07034939739268
Krishna,water,SARIMA,2023-09-16,265.906065553995
Loire,water,SARIMA,2022-10-16,-133.39354134160337
Loire,water,SARIMA,2022-11-16,-95.3792422674984
Loire,water,SARIMA,2022-12-16,-25.05913153152409
Loire,water,SARIMA,2023-01-16,22.169890877213984
Loire,water,SARIMA,2023-02-16,24.147007021778144
Loire,water,SARIMA,2023-03-16,-6.367483109441878
Loire,water,SARIMA,2023-04-16,-34.52999552385055
Loire,water,SARIMA,2023-05-16,-57.77190849695584
Loire,water,SARIMA,2023-06-16,-62.53438771168537
Loire,water,SARIMA,2023-07-16,-71.46794709130846
Loire,water,SARIMA,2023-08-16,-127.7256181400317
Loire,water,SARIMA,2023-09-16,-143.36448560908468
Mahanadi River (Mahahadi),water,SARIMA,2022-10-16,213.0716887787039
Mahanadi River (Mahahadi),water,SARIMA,2022-11-16,127.81623096058362
Mahanadi River (Mahahadi),water,SARIMA,2022-12-16,76.65848481733782
Mahanadi River (Mahahadi),water,SARIMA,2023-01-16,30.607880765044868
Mahanadi River (Mahahadi),water,SARIMA,2023-02-16,-7.194306431628835
Mahanadi River (Mahahadi),water,SARIMA,2023-03-16,-75.48401525872062
Mahanadi River (Mahahadi),water,SARIMA,2023-04-16,-120.75948593059381
Mahanadi River (Mahahadi),water,SARIMA,2023-05-16,-160.32306579687904
Mahanadi River (Mahahadi),water,SARIMA,2023-06-16,-145.39753474916688
Mahanadi River (Mahahadi),water,SARIMA,2023-07-16,22.600913544479333
Mahanadi River (Mahahadi),water,SARIMA,2023-08-16,155.93857247864045
Mahanadi River (Mahahadi),water,SARIMA,2023-09-16,252.73704288870675
Mississippi River,water,SARIMA,2022-10-16,-111.41811759091308
Mississippi River,water,SARIMA,2022-11-16,-91.5631080484846
Mississippi River,water,SARIMA,2022-12-16,-83.60697762141028
Mississippi River,water,SARIMA,2023-01-16,-51.215107048709164
Mississippi River,water,SARIMA,2023-02-16,-44.82638465940532
Mississippi River,water,SARIMA,2023-03-16,-26.372828807189137
Mississippi River,water,SARIMA,2023-04-16,-19.02535387737974
Mississippi River,water,SARIMA,2023-05-16,-16.664122450034725
Mississippi River,water,SARIMA,2023-06-16,-33.43073923623589
Mississippi River,water,SARIMA,2023-07-16,-78.67855591208382
Mississippi River,water,SARIMA,2023-08-16,-121.99087577106847
Mississippi River,water,SARIMA,2023-09-16,-147.1134745012281
Nelson River,water,SARIMA,2022-10-16,-94.06500702746263
Nelson River,water,SARIMA,2022-11-16,-76.28953543879871
Nelson River,water,SARIMA,2022-12-16,-60.91264974672955
Nelson River,water,SARIMA,2023-01-16,-43.423821523335086
Nelson River,water,SARIMA,2023-02-16,-30.51582353059933
Nelson River,water,SARIMA,2023-03-16,-22.77046417403379
Nelson River,water,SARIMA,2023-04-16,-14.181290516825548
Nelson River,water,SARIMA,2023-05-16,9.632378534487593
Nelson River,water,SARIMA,2023-06-16,11.781495617396931
Nelson River,water,SARIMA,2023-07-16,-27.932426680261283
Nelson River,water,SARIMA,2023-08-16,-62.67303832248075
Nelson River,water,SARIMA,2023-09-16,-96.93637997808884
Neva,water,SARIMA,2022-10-16,-94.78544011379239
Neva,water,SARIMA,2022-11-16,-67.40941187200906
Neva,water,SARIMA,2022-12-16,-35.48290126664008
Neva,water,SARIMA,2023-01-16,-15.582977457734014
Neva,water,SARIMA,2023-02-16,25.04828104926349
Neva,water,SARIMA,2023-03-16,22.168254131479138
Neva,water,SARIMA,2023-04-16,24.934917962874724
Neva,water,SARIMA,2023-05-16,5.36915948354621
Neva,water,SARIMA,2023-06-16,-24.85255662325754
Neva,water,SARIMA,2023-07-16,-91.94027370701056
Neva,water,SARIMA,2023-08-16,-112.51347946019963
Neva,water,SARIMA,2023-09-16,-116.96401915567611
Oder River,water,SARIMA,2022-10-16,-150.3435535058107
Oder River,water,SARIMA,2022-11-16,-110.82159997738192
Oder River,water,SARIMA,2022-12-16,-100.41409713432586
Oder River,water,SARIMA,2023-01-16,-55.92942264735255
Oder River,water,SARIMA,2023-02-16,-37.142499455172796
Oder River,water,SARIMA,2023-03-16,-17.140723178180107
Oder River,water,SARIMA,2023-04-16,-45.76612570755808
Oder River,water,SARIMA,2023-05-16,-75.16494642888452
Oder River,water,SARIMA,2023-06-16,-108.92669059358478
Oder River,water,SARIMA,2023-07-16,-125.93330489679276
Oder River,water,SARIMA,2023-08-16,-134.0310292124021
Oder River,water,SARIMA,2023-09-16,-138.47409532344338
Rhine,water,SARIMA,2022-10-16,-162.41402652236889
Rhine,water,SARIMA,2022-11-16,-140.63557742987882
Rhine,water,SARIMA,2022-12-16,-101.50646331780524
Rhine,water,SARIMA,2023-01-16,-45.088551075630555
Rhine,water,SARIMA,2023-02-16,-7.331075499914768
Rhine,water,SARIMA,2023-03-16,-16.844893503082908
Rhine,water,SARIMA,2023-04-16,-31.71060455074007
Rhine,water,SARIMA,2023-05-16,-42.89593049989388
Rhine,water,SARIMA,2023-06-16,-77.82719055329717
Rhine,water,SARIMA,2023-07-16,-83.92940608754971
Rhine,water,SARIMA,2023-08-16,-121.56062056476969
Rhine,water,SARIMA,2023-09-16,-127.61828892749716
Senegal,water,SARIMA,2022-10-16,171.47566019727822
Senegal,water,SARIMA,2022-11-16,110.71512956947294
Senegal,water,SARIMA,2022-12-16,82.01424994527216
Senegal,water,SARIMA,2023-01-16,58.54990579176312
Senegal,water,SARIMA,2023-02-16,46.315192078183195
Senegal,water,SARIMA,2023-03-16,23.15849680607423
Senegal,water,SARIMA,2023-04-16,-6.859675880993688
Senegal,water,SARIMA,2023-05-16,-20.655751014691134
Senegal,water,SARIMA,2023-06-16,-10.518533912502672
Senegal,water,SARIMA,2023-07-16,22.783632182033614
Senegal,water,SARIMA,2023-08-16,86.05093871437083
Senegal,water,SARIMA,2023-09-16,158.40343907087373
St.Lawrence,water,SARIMA,2022-10-16,-6.170657876178592
St.Lawrence,water,SARIMA,2022-11-16,2.277722158603084
St.Lawrence,water,SARIMA,2022-12-16,9.162401336326948
St.Lawrence,water,SARIMA,2023-01-16,23.344280814786266
St.Lawrence,water,SARIMA,2023-02-16,25.97220554100789
St.Lawrence,water,SARIMA,2023-03-16,28.06656483532364
St.Lawrence,water,SARIMA,2023-04-16,51.08693597164063
St.Lawrence,water,SARIMA,2023-05-16,30.958805220945962
St.Lawrence,water,SARIMA,2023-06-16,16.049468260466053
St.Lawrence,water,SARIMA,2023-07-16,-0.8527996080713294
St.Lawrence,water,SARIMA,2023-08-16,-39.5086280583115
St.Lawrence,water,SARIMA,2023-09-16,-57.46511010907561
Tigris & Euphrates,water,SARIMA,2022-10-16,-192.90858286707424
Tigris & Euphrates,water,SARIMA,2022-11-16,-186.92840287178348
Tigris & Euphrates,water,SARIMA,2022-12-16,-176.20070333589064
Tigris & Euphrates,water,SARIMA,2023-01-16,-136.39532325047034
Tigris & Euphrates,water,SARIMA,2023-02-16,-106.65524850281835
Tigris & Euphrates,water,SARIMA,2023-03-16,-92.20090177663023
Tigris & Euphrates,water,SARIMA,2023-04-16,-98.35265164291604
Tigris & Euphrates,water,SARIMA,2023-05-16,-119.86228944952676
Tigris & Euphrates,water,SARIMA,2023-06-16,-145.09710465451212
Tigris & Euphrates,water,SARIMA,2023-07-16,-174.21839588449453
Tigris & Euphrates,water,SARIMA,2023-08-16,-203.05276771944526
Tigris & Euphrates,water,SARIMA,2023-09-16,-227.59814660462018
Wisla,water,SARIMA,2022-10-16,-114.04177840454031
Wisla,water,SARIMA,2022-11-16,-109.64659383150385
Wisla,water,SARIMA,2022-12-16,-77.68773519723331
Wisla,water,SARIMA,2023-01-16,-38.051076309561225
Wisla,water,SARIMA,2023-02-16,-15.240206114740625
Wisla,water,SARIMA,2023-03-16,-17.164111905450078
Wisla,water,SARIMA,2023-04-16,-19.820987040478087
Wisla,water,SARIMA,2023-05-16,-42.81875747997122
Wisla,water,SARIMA,2023-06-16,-83.7154970343237
Wisla,water,SARIMA,2023-07-16,-110.51705329202609
Wisla,water,SARIMA,2023-08-16,-122.49076409426087
Wisla,water,SARIMA,2023-09-16,-130.2795327335572
AUT,electricity,xLSTM,2025-05-01,5252.268518209457
AUT,electricity,xLSTM,2025-06-01,5195.699127912521
AUT,electricity,xLSTM,2025-07-01,5149.347393512726
AUT,electricity,xLSTM,2025-08-01,5115.277142524719
AUT,electricity,xLSTM,2025-09-01,5080.812306404114
AUT,electricity,xLSTM,2025-10-01,5068.304076194763
AUT,electricity,xLSTM,2025-11-01,5086.1525785923
AUT,electricity,xLSTM,2025-12-01,5096.247508525848
AUT,electricity,xLSTM,2026-01-01,5114.695929288864
AUT,electricity,xLSTM,2026-02-01,5136.065481901169
AUT,electricity,xLSTM,2026-03-01,5149.199614524841
AUT,electricity,xLSTM,2026-04-01,5162.502347230911
BEL,electricity,xLSTM,2025-05-01,6010.436933040619
BEL,electricity,xLSTM,2025-06-01,6080.313758850098
BEL,electricity,xLSTM,2025-07-01,6196.755990982056
BEL,electricity,xLSTM,2025-08-01,6306.754071712494
BEL,electricity,xLSTM,2025-09-01,6396.039755344391
BEL,electricity,xLSTM,2025-10-01,6464.19438123703
BEL,electricity,xLSTM,2025-11-01,6508.3626890182495
BEL,electricity,xLSTM,2025-12-01,6529.552478790283
BEL,electricity,xLSTM,2026-01-01,6533.159561157227
BEL,electricity,xLSTM,2026-02-01,6529.801440238953
BEL,electricity,xLSTM,2026-03-01,6526.7998695373535
BEL,electricity,xLSTM,2026-04-01,6528.669939041138
BGR,electricity,xLSTM,2025-05-01,3023.6164814233784
BGR,electricity,xLSTM,2025-06-01,3050.224933624268
BGR,electricity,xLSTM,2025-07-01,3146.3378107547765
BGR,electricity,xLSTM,2025-08-01,3138.740699589253
BGR,electricity,xLSTM,2025-09-01,3124.0628024935727
BGR,electricity,xLSTM,2025-10-01,3168.9917033910756
BGR,electricity,xLSTM,2025-11-01,3269.155029058457
BGR,electricity,xLSTM,2025-12-01,3389.59452867508
BGR,electricity,xLSTM,2026-01-01,3439.830761253834
BGR,electricity,xLSTM,2026-02-01,3401.5477037429814
BGR,electricity,xLSTM,2026-03-01,3295.4528665542607
BGR,electricity,xLSTM,2026-04-01,3242.84080028534
BIH,electricity,xLSTM,2025-05-01,1038.3595806360245
BIH,electricity,xLSTM,2025-06-01,1014.0643310546875
BIH,electricity,xLSTM,2025-07-01,1005.2757707238197
BIH,electricity,xLSTM,2025-08-01,1007.6157075166702
BIH,electricity,xLSTM,2025-09-01,1025.3672313690186
BIH,electricity,xLSTM,2025-10-01,1068.4385251998901
BIH,electricity,xLSTM,2025-11-01,1128.7554752826693
BIH,electricity,xLSTM,2025-12-01,1170.1844286918642
BIH,electricity,xLSTM,2026-01-01,1126.9137513637545
BIH,electricity,xLSTM,2026-02-01,1093.1044963002205
BIH,electricity,xLSTM,2026-03-01,1084.0975058078766
BIH,electricity,xLSTM,2026-04-01,1052.5504928827286
CHE,electricity,xLSTM,2025-05-01,5575.40584564209
CHE,electricity,xLSTM,2025-06-01,5723.587379455566
CHE,electricity,xLSTM,2025-07-01,5834.767990112305
CHE,electricity,xLSTM,2025-08-01,5891.904106140137
CHE,electricity,xLSTM,2025-09-01,5905.277900695801
CHE,electricity,xLSTM,2025-10-01,5886.931419372559
CHE,electricity,xLSTM,2025-11-01,5847.563285827637
CHE,electricity,xLSTM,2025-12-01,5805.021133422852
CHE,electricity,xLSTM,2026-01-01,5769.499931335449
CHE,electricity,xLSTM,2026-02-01,5746.011848449707
CHE,electricity,xLSTM,2026-03-01,5737.783432006836
CHE,electricity,xLSTM,2026-04-01,5741.206703186035
CYP,electricity,xLSTM,2025-03-01,436.59505397081375
CYP,electricity,xLSTM,2025-04-01,419.689177274704
CYP,electricity,xLSTM,2025-05-01,469.1001370549202
CYP,electricity,xLSTM,2025-06-01,586.5440785884857
CYP,electricity,xLSTM,2025-07-01,641.4932250976562
CYP,electricity,xLSTM,2025-08-01,648.5860335826874
CYP,electricity,xLSTM,2025-09-01,536.801877617836
CYP,electricity,xLSTM,2025-10-01,485.7399654388428
CYP,electricity,xLSTM,2025-11-01,484.74210411310196
CYP,electricity,xLSTM,2025-12-01,508.83652716875076
CYP,electricity,xLSTM,2026-01-01,487.36129105091095
CYP,electricity,xLSTM,2026-02-01,468.0907690525055
CZE,electricity,xLSTM,2025-05-01,5558.5207986831665
CZE,electricity,xLSTM,2025-06-01,5290.112385749817
CZE,electricity,xLSTM,2025-07-01,5247.203732728958
CZE,electricity,xLSTM,2025-08-01,5348.190929889679
CZE,electricity,xLSTM,2025-09-01,5562.3027992248535
CZE,electricity,xLSTM,2025-10-01,5874.656767845154
CZE,electricity,xLSTM,2025-11-01,6311.527018547058
CZE,electricity,xLSTM,2025-12-01,6696.153702735901
CZE,electricity,xLSTM,2026-01-01,6874.136281013489
CZE,electricity,xLSTM,2026-02-01,6832.56365776062
CZE,electricity,xLSTM,2026-03-01,6689.04755115509
CZE,electricity,xLSTM,2026-04-01,6328.17120552063
DEU,electricity,xLSTM,2025-05-01,36592.70415902138
DEU,electricity,xLSTM,2025-06-01,36376.88279867172
DEU,electricity,xLSTM,2025-07-01,36162.19992399216
DEU,electricity,xLSTM,2025-08-01,35940.59031009674
DEU,electricity,xLSTM,2025-09-01,35990.12894153595
DEU,electricity,xLSTM,2025-10-01,36279.84855890274
DEU,electricity,xLSTM,2025-11-01,37161.93557739258
DEU,electricity,xLSTM,2025-12-01,37787.336468696594
DEU,electricity,xLSTM,2026-01-01,37707.48638153076
DEU,electricity,xLSTM,2026-02-01,36591.987154483795
DEU,electricity,xLSTM,2026-03-01,36435.32231807709
DEU,electricity,xLSTM,2026-04-01,36027.48804092407
DNK,electricity,xLSTM,2025-05-01,2523.2926973700523
DNK,electricity,xLSTM,2025-06-01,2281.2094697356224
DNK,electricity,xLSTM,2025-07-01,2177.44770526886
DNK,electricity,xLSTM,2025-08-01,2241.195511519909
DNK,electricity,xLSTM,2025-09-01,2479.435856640339
DNK,electricity,xLSTM,2025-10-01,2875.152951478958
DNK,electricity,xLSTM,2025-11-01,3079.1281473636627
DNK,electricity,xLSTM,2025-12-01,3263.088799715042
DNK,electricity,xLSTM,2026-01-01,3251.66775226593
DNK,electricity,xLSTM,2026-02-01,3108.2450103759766
DNK,electricity,xLSTM,2026-03-01,2946.3267850875854
DNK,electricity,xLSTM,2026-04-01,2533.8282439112663
ESP,electricity,xLSTM,2025-05-01,20676.060695648193
ESP,electricity,xLSTM,2025-06-01,20674.911918640137
ESP,electricity,xLSTM,2025-07-01,20673.641395568848
ESP,electricity,xLSTM,2025-08-01,20671.747760772705
ESP,electricity,xLSTM,2025-09-01,20670.672874450684
ESP,electricity,xLSTM,2025-10-01,20670.386238098145
ESP,electricity,xLSTM,2025-11-01,20670.24242401123
ESP,electricity,xLSTM,2025-12-01,20670.448722839355
ESP,electricity,xLSTM,2026-01-01,20669.961490631104
ESP,electricity,xLSTM,2026-02-01,20669.103813171387
ESP,electricity,xLSTM,2026-03-01,20669.27812576294
ESP,electricity,xLSTM,2026-04-01,20668.74303817749
EST,electricity,xLSTM,2025-05-01,508.95682096481323
EST,electricity,xLSTM,2025-06-01,514.5619297027588
EST,electricity,xLSTM,2025-07-01,518.7368535995483
EST,electricity,xLSTM,2025-08-01,523.2639670372009
EST,electricity,xLSTM,2025-09-01,528.3209776878357
EST,electricity,xLSTM,2025-10-01,533.770592212677
EST,electricity,xLSTM,2025-11-01,539.7867155075073
EST,electricity,xLSTM,2025-12-01,546.5118861198425
EST,electricity,xLSTM,2026-01-01,552.8770780563354
EST,electricity,xLSTM,2026-02-01,559.7404074668884
EST,electricity,xLSTM,2026-03-01,566.5979933738708
EST,electricity,xLSTM,2026-04-01,573.1867098808289
FIN,electricity,xLSTM,2025-05-01,6076.464094519615
FIN,electricity,xLSTM,2025-06-01,5762.527616024017
FIN,electricity,xLSTM,2025-07-01,5683.933894634247
FIN,electricity,xLSTM,2025-08-01,5840.860520005226
FIN,electricity,xLSTM,2025-09-01,6534.119872450829
FIN,electricity,xLSTM,2025-10-01,7432.893600463867
FIN,electricity,xLSTM,2025-11-01,7931.3159465789795
FIN,electricity,xLSTM,2025-12-01,8113.5432523489
FIN,electricity,xLSTM,2026-01-01,7850.59142768383
FIN,electricity,xLSTM,2026-02-01,7354.659512042999
FIN,electricity,xLSTM,2026-03-01,6797.346988916397
FIN,electricity,xLSTM,2026-04-01,6371.622693836689
FRA,electricity,xLSTM,2025-05-01,37911.766069829464
FRA,electricity,xLSTM,2025-06-01,36755.58734804392
FRA,electricity,xLSTM,2025-07-01,35962.96978443861
FRA,electricity,xLSTM,2025-08-01,35436.36866569519
FRA,electricity,xLSTM,2025-09-01,35945.838612020016
FRA,electricity,xLSTM,2025-10-01,39533.66674751043
FRA,electricity,xLSTM,2025-11-01,46503.51652264595
FRA,electricity,xLSTM,2025-12-01,51466.52557969093
FRA,electricity,xLSTM,2026-01-01,51398.13946902752
FRA,electricity,xLSTM,2026-02-01,48202.012801766396
FRA,electricity,xLSTM,2026-03-01,43616.92624926567
FRA,electricity,xLSTM,2026-04-01,38896.386607289314
GBR,electricity,xLSTM,2025-05-01,19571.19281023741
GBR,electricity,xLSTM,2025-06-01,18797.337786853317
GBR,electricity,xLSTM,2025-07-01,18295.366873145107
GBR,electricity,xLSTM,2025-08-01,18237.55762457848
GBR,electricity,xLSTM,2025-09-01,18664.453647434715
GBR,electricity,xLSTM,2025-10-01,19969.77489024401
GBR,electricity,xLSTM,2025-11-01,21393.2200306654
GBR,electricity,xLSTM,2025-12-01,22243.354887068275
GBR,electricity,xLSTM,2026-01-01,22213.297275006775
GBR,electricity,xLSTM,2026-02-01,21218.032629787926
GBR,electricity,xLSTM,2026-03-01,20673.522661626343
GBR,electricity,xLSTM,2026-04-01,20139.874357879165
GRC,electricity,xLSTM,2025-05-01,4781.477279663086
GRC,electricity,xLSTM,2025-06-01,4963.155574798584
GRC,electricity,xLSTM,2025-07-01,4972.5311279296875
GRC,electricity,xLSTM,2025-08-01,4743.23034286499
GRC,electricity,xLSTM,2025-09-01,4196.495819091797
GRC,electricity,xLSTM,2025-10-01,4585.982627868652
GRC,electricity,xLSTM,2025-11-01,4832.80237197876
GRC,electricity,xLSTM,2025-12-01,4809.723529815674
GRC,electricity,xLSTM,2026-01-01,4767.137985229492
GRC,electricity,xLSTM,2026-02-01,4642.888622283936
GRC,electricity,xLSTM,2026-03-01,4431.223850250244
GRC,electricity,xLSTM,2026-04-01,4704.668121337891
HRV,electricity,xLSTM,2025-05-01,1119.8413622379303
HRV,electricity,xLSTM,2025-06-01,1120.1032638549805
HRV,electricity,xLSTM,2025-07-01,1120.2571141719818
HRV,electricity,xLSTM,2025-08-01,1120.006263256073
HRV,electricity,xLSTM,2025-09-01,1119.7906517982483
HRV,electricity,xLSTM,2025-10-01,1119.643063545227
HRV,electricity,xLSTM,2025-11-01,1119.3737947940826
HRV,electricity,xLSTM,2025-12-01,1119.1584289073944
HRV,electricity,xLSTM,2026-01-01,1118.7935101985931
HRV,electricity,xLSTM,2026-02-01,1118.5268199443817
HRV,electricity,xLSTM,2026-03-01,1118.53320479393
HRV,electricity,xLSTM,2026-04-01,1118.2898437976837
HUN,electricity,xLSTM,2025-05-01,3389.919748306275
HUN,electricity,xLSTM,2025-06-01,3424.0360200405125
HUN,electricity,xLSTM,2025-07-01,3438.409827947617
HUN,electricity,xLSTM,2025-08-01,3330.8463853597646
HUN,electricity,xLSTM,2025-09-01,3294.877941012383
HUN,electricity,xLSTM,2025-10-01,3435.8713209629063
HUN,electricity,xLSTM,2025-11-01,3498.3403337001805
HUN,electricity,xLSTM,2025-12-01,3522.02497959137
HUN,electricity,xLSTM,2026-01-01,3559.895753860474
HUN,electricity,xLSTM,2026-02-01,3587.909978628159
HUN,electricity,xLSTM,2026-03-01,3630.106683969498
HUN,electricity,xLSTM,2026-04-01,3659.253187179566
IND|delhi,electricity,xLSTM,2024-12-01,429.6916008257866
IND|delhi,electricity,xLSTM,2025-01-01,427.86360564470294
IND|delhi,electricity,xLSTM,2025-02-01,426.67393007516864
IND|delhi,electricity,xLSTM,2025-03-01,426.2231458240748
IND|delhi,electricity,xLSTM,2025-04-01,426.2076194548607
IND|delhi,electricity,xLSTM,2025-05-01,426.2537389659882
IND|delhi,electricity,xLSTM,2025-06-01,425.8013361358643
IND|delhi,electricity,xLSTM,2025-07-01,425.5573902988434
IND|delhi,electricity,xLSTM,2025-08-01,425.796460416317
IND|delhi,electricity,xLSTM,2025-09-01,426.1340840125084
IND|delhi,electricity,xLSTM,2025-10-01,426.5613888764382
IND|delhi,electricity,xLSTM,2025-11-01,426.81848317027095
IND|gujarat,electricity,xLSTM,2024-12-01,11388.314934527278
IND|gujarat,electricity,xLSTM,2025-01-01,11162.974707615973
IND|gujarat,electricity,xLSTM,2025-02-01,11162.974707615973
IND|gujarat,electricity,xLSTM,2025-03-01,11236.886242501736
IND|gujarat,electricity,xLSTM,2025-04-01,11305.892399016024
IND|gujarat,electricity,xLSTM,2025-05-01,11339.82408526838
IND|gujarat,electricity,xLSTM,2025-06-01,11345.981180879475
IND|gujarat,electricity,xLSTM,2025-07-01,11345.438544541003
IND|gujarat,electricity,xLSTM,2025-08-01,11346.477131547928
IND|gujarat,electricity,xLSTM,2025-09-01,11338.144077751636
IND|gujarat,electricity,xLSTM,2025-10-01,11336.565560821891
IND|gujarat,electricity,xLSTM,2025-11-01,11327.53492839098
IND|karnataka,electricity,xLSTM,2024-12-01,7804.41066390276
IND|karnataka,electricity,xLSTM,2025-01-01,7844.885332698822
IND|karnataka,electricity,xLSTM,2025-02-01,7850.614645173549
IND|karnataka,electricity,xLSTM,2025-03-01,7870.475302314758
IND|karnataka,electricity,xLSTM,2025-04-01,7876.290964195728
IND|karnataka,electricity,xLSTM,2025-05-01,7885.91187406063
IND|karnataka,electricity,xLSTM,2025-06-01,7911.379955909252
IND|karnataka,electricity,xLSTM,2025-07-01,7924.945330147742
IND|karnataka,electricity,xLSTM,2025-08-01,7854.489207646847
IND|karnataka,electricity,xLSTM,2025-09-01,7813.805420560836
IND|karnataka,electricity,xLSTM,2025-10-01,7793.876623752117
IND|karnataka,electricity,xLSTM,2025-11-01,7814.831921155453
IND|kerala,electricity,xLSTM,2024-12-01,829.3981526613236
IND|kerala,electricity,xLSTM,2025-01-01,815.4250195801259
IND|kerala,electricity,xLSTM,2025-02-01,806.5369245290757
IND|kerala,electricity,xLSTM,2025-03-01,801.1825647652149
IND|kerala,electricity,xLSTM,2025-04-01,797.806157809496
IND|kerala,electricity,xLSTM,2025-05-01,795.4409467488528
IND|kerala,electricity,xLSTM,2025-06-01,793.756446519494
IND|kerala,electricity,xLSTM,2025-07-01,792.2441174805165
IND|kerala,electricity,xLSTM,2025-08-01,790.9261492580175
IND|kerala,electricity,xLSTM,2025-09-01,789.7464555561543
IND|kerala,electricity,xLSTM,2025-10-01,788.8671729564667
IND|kerala,electricity,xLSTM,2025-11-01,788.2874353766441
IND|maharashtra,electricity,xLSTM,2024-12-01,14423.817356921434
IND|maharashtra,electricity,xLSTM,2025-01-01,14488.831878927946
IND|maharashtra,electricity,xLSTM,2025-02-01,14413.867297071218
IND|maharashtra,electricity,xLSTM,2025-03-01,14343.904117008447
IND|maharashtra,electricity,xLSTM,2025-04-01,14178.080581673385
IND|maharashtra,electricity,xLSTM,2025-05-01,13987.650242044925
IND|maharashtra,electricity,xLSTM,2025-06-01,13791.076182303428
IND|maharashtra,electricity,xLSTM,2025-07-01,13799.713200683595
IND|maharashtra,electricity,xLSTM,2025-08-01,13846.518641246557
IND|maharashtra,electricity,xLSTM,2025-09-01,13922.583438965083
IND|maharashtra,electricity,xLSTM,2025-10-01,14018.163419631719
IND|maharashtra,electricity,xLSTM,2025-11-01,14079.831952944995
IND|odisha,electricity,xLSTM,2024-12-01,6353.374837383031
IND|odisha,electricity,xLSTM,2025-01-01,6379.030278140306
IND|odisha,electricity,xLSTM,2025-02-01,6384.156233794689
IND|odisha,electricity,xLSTM,2025-03-01,6434.1782044023275
IND|odisha,electricity,xLSTM,2025-04-01,6442.802560634613
IND|odisha,electricity,xLSTM,2025-05-01,6489.795100004672
IND|odisha,electricity,xLSTM,2025-06-01,6533.777832390666
IND|odisha,electricity,xLSTM,2025-07-01,6683.167462246418
IND|odisha,electricity,xLSTM,2025-08-01,6781.6983231973645
IND|odisha,electricity,xLSTM,2025-09-01,6826.799386440515
IND|odisha,electricity,xLSTM,2025-10-01,6846.754736331701
IND|odisha,electricity,xLSTM,2025-11-01,6736.495867977738
IND|rajasthan,electricity,xLSTM,2024-12-01,10473.183932799102
IND|rajasthan,electricity,xLSTM,2025-01-01,10514.779496744275
IND|rajasthan,electricity,xLSTM,2025-02-01,10541.402265486122
IND|rajasthan,electricity,xLSTM,2025-03-01,10555.538995883466
IND|rajasthan,electricity,xLSTM,2025-04-01,10539.280393748284
IND|rajasthan,electricity,xLSTM,2025-05-01,10530.917065993548
IND|rajasthan,electricity,xLSTM,2025-06-01,10493.51343808949
IND|rajasthan,electricity,xLSTM,2025-07-01,10457.162037045957
IND|rajasthan,electricity,xLSTM,2025-08-01,10441.462597911359
IND|rajasthan,electricity,xLSTM,2025-09-01,10462.448628450036
IND|rajasthan,electricity,xLSTM,2025-10-01,10468.777621166706
IND|rajasthan,electricity,xLSTM,2025-11-01,10468.45873747468
IND|tamil nadu,electricity,xLSTM,2024-12-01,11112.113094277382
IND|tamil nadu,electricity,xLSTM,2025-01-01,11345.617863221169
IND|tamil nadu,electricity,xLSTM,2025-02-01,11403.616429824828
IND|tamil nadu,electricity,xLSTM,2025-03-01,11472.77208030939
IND|tamil nadu,electricity,xLSTM,2025-04-01,11517.653253729342
IND|tamil nadu,electricity,xLSTM,2025-05-01,11556.804794175623
IND|tamil nadu,electricity,xLSTM,2025-06-01,11579.53859128475
IND|tamil nadu,electricity,xLSTM,2025-07-01,11609.857933087347
IND|tamil nadu,electricity,xLSTM,2025-08-01,11566.086799592971
IND|tamil nadu,electricity,xLSTM,2025-09-01,11548.48520397663
IND|tamil nadu,electricity,xLSTM,2025-10-01,11420.042737026213
IND|tamil nadu,electricity,xLSTM,2025-11-01,11434.659622056484
IND|telangana,electricity,xLSTM,2024-12-01,5837.202221229077
IND|telangana,electricity,xLSTM,2025-01-01,5858.625049475431
IND|telangana,electricity,xLSTM,2025-02-01,5844.457547140121
IND|telangana,electricity,xLSTM,2025-03-01,5853.94961360693
IND|telangana,electricity,xLSTM,2025-04-01,5835.8105272734165
IND|telangana,electricity,xLSTM,2025-05-01,5841.69094056964
IND|telangana,electricity,xLSTM,2025-06-01,5842.804681512117
IND|telangana,electricity,xLSTM,2025-07-01,5866.791582905054
IND|telangana,electricity,xLSTM,2025-08-01,5905.788911454678
IND|telangana,electricity,xLSTM,2025-09-01,5890.37341745019
IND|telangana,electricity,xLSTM,2025-10-01,5867.930013636351
IND|telangana,electricity,xLSTM,2025-11-01,5837.8655664145945
IND|uttar pradesh,electricity,xLSTM,2024-12-01,14183.23486173153
IND|uttar pradesh,electricity,xLSTM,2025-01-01,14232.561837801934
IND|uttar pradesh,electricity,xLSTM,2025-02-01,14251.432615864278
IND|uttar pradesh,electricity,xLSTM,2025-03-01,14291.676271281243
IND|uttar pradesh,electricity,xLSTM,2025-04-01,14304.346818592549
IND|uttar pradesh,electricity,xLSTM,2025-05-01,14301.223217494487
IND|uttar pradesh,electricity,xLSTM,2025-06-01,14271.242822828293
IND|uttar pradesh,electricity,xLSTM,2025-07-01,14240.45521517992
IND|uttar pradesh,electricity,xLSTM,2025-08-01,14203.625687947273
IND|uttar pradesh,electricity,xLSTM,2025-09-01,14192.984915952682
IND|uttar pradesh,electricity,xLSTM,2025-10-01,14209.14265814066
IND|uttar pradesh,electricity,xLSTM,2025-11-01,14181.528232560158
IND|west bengal,electricity,xLSTM,2024-12-01,8141.244512051344
IND|west bengal,electricity,xLSTM,2025-01-01,8149.3869322693345
IND|west bengal,electricity,xLSTM,2025-02-01,8149.541833970547
IND|west bengal,electricity,xLSTM,2025-03-01,8147.603103948235
IND|west bengal,electricity,xLSTM,2025-04-01,8140.260517435074
IND|west bengal,electricity,xLSTM,2025-05-01,8137.208953921198
IND|west bengal,electricity,xLSTM,2025-06-01,8135.013283775448
IND|west bengal,electricity,xLSTM,2025-07-01,8132.941534990668
IND|west bengal,electricity,xLSTM,2025-08-01,8132.89924436748
IND|west bengal,electricity,xLSTM,2025-09-01,8133.687276037931
IND|west bengal,electricity,xLSTM,2025-10-01,8132.342827621698
IND|west bengal,electricity,xLSTM,2025-11-01,8127.640208673477
IRL,electricity,xLSTM,2025-04-01,2384.4476318359375
IRL,electricity,xLSTM,2025-05-01,2307.648811340332
IRL,electricity,xLSTM,2025-06-01,2205.563507080078
IRL,electricity,xLSTM,2025-07-01,2291.523323059082
IRL,electricity,xLSTM,2025-08-01,2228.561553955078
IRL,electricity,xLSTM,2025-09-01,2254.903984069824
IRL,electricity,xLSTM,2025-10-01,2444.725799560547
IRL,electricity,xLSTM,2025-11-01,2564.142837524414
IRL,electricity,xLSTM,2025-12-01,2641.169967651367
IRL,electricity,xLSTM,2026-01-01,2673.825454711914
IRL,electricity,xLSTM,2026-02-01,2505.2530670166016
IRL,electricity,xLSTM,2026-03-01,2400.2194213867188
ITA,electricity,xLSTM,2025-05-01,21731.353533565998
ITA,electricity,xLSTM,2025-06-01,22273.805190622807
ITA,electricity,xLSTM,2025-07-01,22418.3741787076
ITA,electricity,xLSTM,2025-08-01,21124.78825122118
ITA,electricity,xLSTM,2025-09-01,20535.47842055559
ITA,electricity,xLSTM,2025-10-01,20425.64789801836
ITA,electricity,xLSTM,2025-11-01,20497.319013774395
ITA,electricity,xLSTM,2025-12-01,20434.224797785282
ITA,electricity,xLSTM,2026-01-01,20435.051587820053
ITA,electricity,xLSTM,2026-02-01,20340.948558151722
ITA,electricity,xLSTM,2026-03-01,20506.236679255962
ITA,electricity,xLSTM,2026-04-01,20575.03381162882
LTU,electricity,xLSTM,2025-05-01,825.08487701416
LTU,electricity,xLSTM,2025-06-01,831.0554742813109
LTU,electricity,xLSTM,2025-07-01,839.7388339042662
LTU,electricity,xLSTM,2025-08-01,848.2081532478331
LTU,electricity,xLSTM,2025-09-01,859.9845409393309
LTU,electricity,xLSTM,2025-10-01,874.4327187538146
LTU,electricity,xLSTM,2025-11-01,893.5717582702636
LTU,electricity,xLSTM,2025-12-01,913.0642771720885
LTU,electricity,xLSTM,2026-01-01,925.2152562141417
LTU,electricity,xLSTM,2026-02-01,937.6767396926879
LTU,electricity,xLSTM,2026-03-01,970.2391505241393
LTU,electricity,xLSTM,2026-04-01,984.8734140396117
LUX,electricity,xLSTM,2025-05-01,100.5081844329834
LUX,electricity,xLSTM,2025-06-01,100.44544696807861
LUX,electricity,xLSTM,2025-07-01,100.2147912979126
LUX,electricity,xLSTM,2025-08-01,99.92814302444458
LUX,electricity,xLSTM,2025-09-01,99.65341091156006
LUX,electricity,xLSTM,2025-10-01,99.42766904830933
LUX,electricity,xLSTM,2025-11-01,99.24619674682617
LUX,electricity,xLSTM,2025-12-01,99.13738250732422
LUX,electricity,xLSTM,2026-01-01,99.0470838546753
LUX,electricity,xLSTM,2026-02-01,98.93417358398438
LUX,electricity,xLSTM,2026-03-01,98.91695261001587
LUX,electricity,xLSTM,2026-04-01,98.78520965576172
LVA,electricity,xLSTM,2025-05-01,462.3682487010955
LVA,electricity,xLSTM,2025-06-01,312.63523533940315
LVA,electricity,xLSTM,2025-07-01,301.88559487462044
LVA,electricity,xLSTM,2025-08-01,272.9722638428211
LVA,electricity,xLSTM,2025-09-01,262.28626891970634
LVA,electricity,xLSTM,2025-10-01,293.4605874121189
LVA,electricity,xLSTM,2025-11-01,414.8447930812835
LVA,electricity,xLSTM,2025-12-01,532.6059645414351
LVA,electricity,xLSTM,2026-01-01,615.3331965208052
LVA,electricity,xLSTM,2026-02-01,635.4283672571181
LVA,electricity,xLSTM,2026-03-01,633.7756115198134
LVA,electricity,xLSTM,2026-04-01,597.6583868265151
MDA,electricity,xLSTM,2023-09-01,443.6532855033874
MDA,electricity,xLSTM,2023-10-01,443.7869936227798
MDA,electricity,xLSTM,2023-11-01,443.8764184713363
MDA,electricity,xLSTM,2023-12-01,443.95023286342615
MDA,electricity,xLSTM,2024-01-01,443.9651727676391
MDA,electricity,xLSTM,2024-02-01,443.9668625593185
MDA,electricity,xLSTM,2024-03-01,443.9703226089477
MDA,electricity,xLSTM,2024-04-01,443.9644485712051
MDA,electricity,xLSTM,2024-05-01,443.96267831325525
MDA,electricity,xLSTM,2024-06-01,443.9589232206344
MDA,electricity,xLSTM,2024-07-01,443.9551413059234
MDA,electricity,xLSTM,2024-08-01,443.94907951354975
MKD,electricity,xLSTM,2024-03-01,562.712707221508
MKD,electricity,xLSTM,2024-04-01,562.5269508361816
MKD,electricity,xLSTM,2024-05-01,562.2477328777313
MKD,electricity,xLSTM,2024-06-01,562.0715117454529
MKD,electricity,xLSTM,2024-07-01,561.7990127205849
MKD,electricity,xLSTM,2024-08-01,561.5221819281578
MKD,electricity,xLSTM,2024-09-01,561.265749335289
MKD,electricity,xLSTM,2024-10-01,561.1051520705223
MKD,electricity,xLSTM,2024-11-01,560.8992925286293
MKD,electricity,xLSTM,2024-12-01,560.6898924708366
MKD,electricity,xLSTM,2025-01-01,560.5174934864044
MKD,electricity,xLSTM,2025-02-01,560.3588810563087
MLT,electricity,xLSTM,2025-04-01,277.61128425598145
MLT,electricity,xLSTM,2025-05-01,285.50564765930176
MLT,electricity,xLSTM,2025-06-01,287.84143447875977
MLT,electricity,xLSTM,2025-07-01,287.9073429107666
MLT,electricity,xLSTM,2025-08-01,282.9100036621094
MLT,electricity,xLSTM,2025-09-01,266.80874824523926
MLT,electricity,xLSTM,2025-10-01,265.92634201049805
MLT,electricity,xLSTM,2025-11-01,264.81030464172363
MLT,electricity,xLSTM,2025-12-01,263.602294921875
MLT,electricity,xLSTM,2026-01-01,266.456995010376
MLT,electricity,xLSTM,2026-02-01,268.207950592041
MLT,electricity,xLSTM,2026-03-01,273.6082935333252
NLD,electricity,xLSTM,2025-05-01,9572.469355463982
NLD,electricity,xLSTM,2025-06-01,9445.834885835648
NLD,electricity,xLSTM,2025-07-01,9408.305551409721
NLD,electricity,xLSTM,2025-08-01,9476.65524661541
NLD,electricity,xLSTM,2025-09-01,9662.363936305046
NLD,electricity,xLSTM,2025-10-01,9973.53796839714
NLD,electricity,xLSTM,2025-11-01,10300.067638158798
NLD,electricity,xLSTM,2025-12-01,10490.437941551208
NLD,electricity,xLSTM,2026-01-01,10576.925902366638
NLD,electricity,xLSTM,2026-02-01,10486.321024894714
NLD,electricity,xLSTM,2026-03-01,10271.347646713257
NLD,electricity,xLSTM,2026-04-01,9997.491495609283
NOR,electricity,xLSTM,2025-05-01,10885.009753704071
NOR,electricity,xLSTM,2025-06-01,10475.714366436005
NOR,electricity,xLSTM,2025-07-01,10335.41073679924
NOR,electricity,xLSTM,2025-08-01,10251.82177901268
NOR,electricity,xLSTM,2025-09-01,10294.966387748718
NOR,electricity,xLSTM,2025-10-01,10883.92446756363
NOR,electricity,xLSTM,2025-11-01,12423.786046504974
NOR,electricity,xLSTM,2025-12-01,14181.462759971619
NOR,electricity,xLSTM,2026-01-01,14862.256078720093
NOR,electricity,xLSTM,2026-02-01,14155.67301273346
NOR,electricity,xLSTM,2026-03-01,13271.659116744995
NOR,electricity,xLSTM,2026-04-01,12558.40786933899
POL,electricity,xLSTM,2025-05-01,12681.656350493431
POL,electricity,xLSTM,2025-06-01,12473.407831192017
POL,electricity,xLSTM,2025-07-01,12450.31913638115
POL,electricity,xLSTM,2025-08-01,12535.271949768066
POL,electricity,xLSTM,2025-09-01,12730.072590112686
POL,electricity,xLSTM,2025-10-01,13065.73259472847
POL,electricity,xLSTM,2025-11-01,13539.068901538849
POL,electricity,xLSTM,2025-12-01,14088.161560297012
POL,electricity,xLSTM,2026-01-01,14435.976448059082
POL,electricity,xLSTM,2026-02-01,14191.199893951416
POL,electricity,xLSTM,2026-03-01,13653.251565098763
POL,electricity,xLSTM,2026-04-01,13138.78472328186
PRT,electricity,xLSTM,2025-05-01,3945.6456297636028
PRT,electricity,xLSTM,2025-06-01,3540.109330117702
PRT,electricity,xLSTM,2025-07-01,2915.523891150951
PRT,electricity,xLSTM,2025-08-01,2840.523153096437
PRT,electricity,xLSTM,2025-09-01,2983.160102665424
PRT,electricity,xLSTM,2025-10-01,3200.1556426286693
PRT,electricity,xLSTM,2025-11-01,3367.6672998070712
PRT,electricity,xLSTM,2025-12-01,3587.310763895511
PRT,electricity,xLSTM,2026-01-01,3851.0923707485194
PRT,electricity,xLSTM,2026-02-01,4062.1014553308482
PRT,electricity,xLSTM,2026-03-01,4219.337874650954
PRT,electricity,xLSTM,2026-04-01,4158.620943427085
ROU,electricity,xLSTM,2025-05-01,4507.869406938553
ROU,electricity,xLSTM,2025-06-01,4501.531171798706
ROU,electricity,xLSTM,2025-07-01,4501.903232932091
ROU,electricity,xLSTM,2025-08-01,4510.293387174606
ROU,electricity,xLSTM,2025-09-01,4511.903439760208
ROU,electricity,xLSTM,2025-10-01,4511.696366071701
ROU,electricity,xLSTM,2025-11-01,4513.112306594849
ROU,electricity,xLSTM,2025-12-01,4513.445248603821
ROU,electricity,xLSTM,2026-01-01,4514.84041929245
ROU,electricity,xLSTM,2026-02-01,4515.44821023941
ROU,electricity,xLSTM,2026-03-01,4512.860726118088
ROU,electricity,xLSTM,2026-04-01,4514.259488582611
SRB,electricity,xLSTM,2025-05-01,2717.222185730934
SRB,electricity,xLSTM,2025-06-01,2641.830999851227
SRB,electricity,xLSTM,2025-07-01,2575.862357914448
SRB,electricity,xLSTM,2025-08-01,2520.822646021843
SRB,electricity,xLSTM,2025-09-01,2489.2512813210487
SRB,electricity,xLSTM,2025-10-01,2996.8051052093506
SRB,electricity,xLSTM,2025-11-01,3117.2190499305725
SRB,electricity,xLSTM,2025-12-01,3183.580186367035
SRB,electricity,xLSTM,2026-01-01,3217.479736804962
SRB,electricity,xLSTM,2026-02-01,3303.9685463905334
SRB,electricity,xLSTM,2026-03-01,2978.0612683296204
SRB,electricity,xLSTM,2026-04-01,2581.1986166238785
SVK,electricity,xLSTM,2025-05-01,2202.669308781624
SVK,electricity,xLSTM,2025-06-01,2193.922982811928
SVK,electricity,xLSTM,2025-07-01,2183.9852356910706
SVK,electricity,xLSTM,2025-08-01,2197.5404646992683
SVK,electricity,xLSTM,2025-09-01,2245.2874132990837
SVK,electricity,xLSTM,2025-10-01,2345.0657272338867
SVK,electricity,xLSTM,2025-11-01,2481.1182367801666
SVK,electricity,xLSTM,2025-12-01,2631.540380716324
SVK,electricity,xLSTM,2026-01-01,2657.8596371412277
SVK,electricity,xLSTM,2026-02-01,2545.336357355118
SVK,electricity,xLSTM,2026-03-01,2335.5465281009674
SVK,electricity,xLSTM,2026-04-01,2178.7882831692696
SVN,electricity,xLSTM,2025-05-01,1228.4009087085724
SVN,electricity,xLSTM,2025-06-01,1227.6685047149658
SVN,electricity,xLSTM,2025-07-01,1226.6318488121033
SVN,electricity,xLSTM,2025-08-01,1225.787348151207
SVN,electricity,xLSTM,2025-09-01,1225.1776713132858
SVN,electricity,xLSTM,2025-10-01,1224.562276005745
SVN,electricity,xLSTM,2025-11-01,1223.8270127773285
SVN,electricity,xLSTM,2025-12-01,1223.449593782425
SVN,electricity,xLSTM,2026-01-01,1223.227819800377
SVN,electricity,xLSTM,2026-02-01,1223.045855164528
SVN,electricity,xLSTM,2026-03-01,1222.999227643013
SVN,electricity,xLSTM,2026-04-01,1222.6825857162476
SWE,electricity,xLSTM,2025-05-01,10516.061921715736
SWE,electricity,xLSTM,2025-06-01,10455.974638462067
SWE,electricity,xLSTM,2025-07-01,10705.62764942646
SWE,electricity,xLSTM,2025-08-01,11235.135866105556
SWE,electricity,xLSTM,2025-09-01,12011.356126666069
SWE,electricity,xLSTM,2025-10-01,13246.120963096619
SWE,electricity,xLSTM,2025-11-01,14403.842033147812
SWE,electricity,xLSTM,2025-12-01,15576.85091137886
SWE,electricity,xLSTM,2026-01-01,16132.028540372849
SWE,electricity,xLSTM,2026-02-01,15393.97245168686
SWE,electricity,xLSTM,2026-03-01,15061.679909229279
SWE,electricity,xLSTM,2026-04-01,12356.364581286907
TUR,electricity,xLSTM,2025-04-01,27156.690136790272
TUR,electricity,xLSTM,2025-05-01,27164.42029714584
TUR,electricity,xLSTM,2025-06-01,27141.573026180264
TUR,electricity,xLSTM,2025-07-01,27101.855016350743
TUR,electricity,xLSTM,2025-08-01,27032.226788997647
TUR,electricity,xLSTM,2025-09-01,26975.770815014836
TUR,electricity,xLSTM,2025-10-01,26950.149471163746
TUR,electricity,xLSTM,2025-11-01,26928.279221653935
TUR,electricity,xLSTM,2025-12-01,26902.615289688107
TUR,electricity,xLSTM,2026-01-01,26869.190300107
TUR,electricity,xLSTM,2026-02-01,26842.261250615116
TUR,electricity,xLSTM,2026-03-01,26829.517383575436
USA|alabama,electricity,xLSTM,2025-01-01,12062.442522096635
USA|alabama,electricity,xLSTM,2025-02-01,10691.717242693307
USA|alabama,electricity,xLSTM,2025-03-01,10660.567499493063
USA|alabama,electricity,xLSTM,2025-04-01,10985.88932079971
USA|alabama,electricity,xLSTM,2025-05-01,12269.979204706551
USA|alabama,electricity,xLSTM,2025-06-01,13578.067624624373
USA|alabama,electricity,xLSTM,2025-07-01,13860.205451436641
USA|alabama,electricity,xLSTM,2025-08-01,13568.040359807612
USA|alabama,electricity,xLSTM,2025-09-01,11712.637430580857
USA|alabama,electricity,xLSTM,2025-10-01,11358.55982523054
USA|alabama,electricity,xLSTM,2025-11-01,11789.885803365112
USA|alabama,electricity,xLSTM,2025-12-01,12161.10114675522
USA|arizona,electricity,xLSTM,2025-01-01,8627.488867438733
USA|arizona,electricity,xLSTM,2025-02-01,8221.307854661345
USA|arizona,electricity,xLSTM,2025-03-01,7948.899825598299
USA|arizona,electricity,xLSTM,2025-04-01,7833.6915786290165
USA|arizona,electricity,xLSTM,2025-05-01,8602.36103182435
USA|arizona,electricity,xLSTM,2025-06-01,10473.57879945755
USA|arizona,electricity,xLSTM,2025-07-01,11900.532298806906
USA|arizona,electricity,xLSTM,2025-08-01,12123.676434685589
USA|arizona,electricity,xLSTM,2025-09-01,11596.886019121408
USA|arizona,electricity,xLSTM,2025-10-01,10646.98695171714
USA|arizona,electricity,xLSTM,2025-11-01,9183.570543606578
USA|arizona,electricity,xLSTM,2025-12-01,9031.994377946257
USA|arkansas,electricity,xLSTM,2025-01-01,5766.265904427171
USA|arkansas,electricity,xLSTM,2025-02-01,4393.550720185638
USA|arkansas,electricity,xLSTM,2025-03-01,4459.04332631141
USA|arkansas,electricity,xLSTM,2025-04-01,4262.8042022591835
USA|arkansas,electricity,xLSTM,2025-05-01,4628.254413910807
USA|arkansas,electricity,xLSTM,2025-06-01,5857.603661612273
USA|arkansas,electricity,xLSTM,2025-07-01,6518.239986792803
USA|arkansas,electricity,xLSTM,2025-08-01,6423.280478016139
USA|arkansas,electricity,xLSTM,2025-09-01,4801.553425387145
USA|arkansas,electricity,xLSTM,2025-10-01,4478.235282645226
USA|arkansas,electricity,xLSTM,2025-11-01,4435.066393137575
USA|arkansas,electricity,xLSTM,2025-12-01,4676.7810710227495
USA|california,electricity,xLSTM,2025-01-01,18178.426916692253
USA|california,electricity,xLSTM,2025-02-01,18084.26757894158
USA|california,electricity,xLSTM,2025-03-01,18348.377972016333
USA|california,electricity,xLSTM,2025-04-01,18808.719920915362
USA|california,electricity,xLSTM,2025-05-01,20054.629823141095
USA|california,electricity,xLSTM,2025-06-01,23231.97929798126
USA|california,electricity,xLSTM,2025-07-01,26969.44184090137
USA|california,electricity,xLSTM,2025-08-01,25903.942656469342
USA|california,electricity,xLSTM,2025-09-01,23165.368257923124
USA|california,electricity,xLSTM,2025-10-01,19844.597044086455
USA|california,electricity,xLSTM,2025-11-01,18326.994578708407
USA|california,electricity,xLSTM,2025-12-01,18165.678685623407
USA|colorado,electricity,xLSTM,2025-01-01,5589.016272392274
USA|colorado,electricity,xLSTM,2025-02-01,5326.03178510666
USA|colorado,electricity,xLSTM,2025-03-01,5080.454995002747
USA|colorado,electricity,xLSTM,2025-04-01,4521.831648511887
USA|colorado,electricity,xLSTM,2025-05-01,4931.4406565475465
USA|colorado,electricity,xLSTM,2025-06-01,5691.790584163667
USA|colorado,electricity,xLSTM,2025-07-01,5764.281390075685
USA|colorado,electricity,xLSTM,2025-08-01,5686.635889587404
USA|colorado,electricity,xLSTM,2025-09-01,5184.77661687851
USA|colorado,electricity,xLSTM,2025-10-01,4882.893267097474
USA|colorado,electricity,xLSTM,2025-11-01,5025.256953716278
USA|colorado,electricity,xLSTM,2025-12-01,5337.3041929245
USA|connecticut,electricity,xLSTM,2025-01-01,3794.6379674452546
USA|connecticut,electricity,xLSTM,2025-02-01,3809.563611598611
USA|connecticut,electricity,xLSTM,2025-03-01,3845.2318433058263
USA|connecticut,electricity,xLSTM,2025-04-01,3826.5852297830584
USA|connecticut,electricity,xLSTM,2025-05-01,3878.2866016829016
USA|connecticut,electricity,xLSTM,2025-06-01,3912.587738785148
USA|connecticut,electricity,xLSTM,2025-07-01,3919.3333964788917
USA|connecticut,electricity,xLSTM,2025-08-01,3889.083457137346
USA|connecticut,electricity,xLSTM,2025-09-01,3825.4955609834196
USA|connecticut,electricity,xLSTM,2025-10-01,3830.4715680229665
USA|connecticut,electricity,xLSTM,2025-11-01,3872.793095344305
USA|connecticut,electricity,xLSTM,2025-12-01,3874.2625692397355
USA|delaware,electricity,xLSTM,2025-01-01,377.7936939957738
USA|delaware,electricity,xLSTM,2025-02-01,364.85948655307294
USA|delaware,electricity,xLSTM,2025-03-01,353.56442806571727
USA|delaware,electricity,xLSTM,2025-04-01,394.8226840078831
USA|delaware,electricity,xLSTM,2025-05-01,416.36071762859825
USA|delaware,electricity,xLSTM,2025-06-01,580.5450389388204
USA|delaware,electricity,xLSTM,2025-07-01,601.6544567364455
USA|delaware,electricity,xLSTM,2025-08-01,450.05458180040125
USA|delaware,electricity,xLSTM,2025-09-01,418.64634682893757
USA|delaware,electricity,xLSTM,2025-10-01,427.7667199277878
USA|delaware,electricity,xLSTM,2025-11-01,384.87359571695333
USA|delaware,electricity,xLSTM,2025-12-01,399.0618190565706
USA|florida,electricity,xLSTM,2025-01-01,19093.22101975441
USA|florida,electricity,xLSTM,2025-02-01,18499.660715798138
USA|florida,electricity,xLSTM,2025-03-01,20084.38604895234
USA|florida,electricity,xLSTM,2025-04-01,22465.414451370238
USA|florida,electricity,xLSTM,2025-05-01,25690.537016878126
USA|florida,electricity,xLSTM,2025-06-01,27475.23192686796
USA|florida,electricity,xLSTM,2025-07-01,28868.149744997023
USA|florida,electricity,xLSTM,2025-08-01,28240.198810169695
USA|florida,electricity,xLSTM,2025-09-01,25530.69335843086
USA|florida,electricity,xLSTM,2025-10-01,21596.654567489622
USA|florida,electricity,xLSTM,2025-11-01,19955.32450128555
USA|florida,electricity,xLSTM,2025-12-01,19421.742132583855
USA|georgia,electricity,xLSTM,2025-01-01,10928.515012593269
USA|georgia,electricity,xLSTM,2025-02-01,10002.795521589516
USA|georgia,electricity,xLSTM,2025-03-01,9927.378923437594
USA|georgia,electricity,xLSTM,2025-04-01,10605.423204034567
USA|georgia,electricity,xLSTM,2025-05-01,12141.85786523819
USA|georgia,electricity,xLSTM,2025-06-01,12890.09952496767
USA|georgia,electricity,xLSTM,2025-07-01,13592.896012156009
USA|georgia,electricity,xLSTM,2025-08-01,13895.466686532496
USA|georgia,electricity,xLSTM,2025-09-01,11251.173139648437
USA|georgia,electricity,xLSTM,2025-10-01,10789.98100549817
USA|georgia,electricity,xLSTM,2025-11-01,10526.356434236764
USA|georgia,electricity,xLSTM,2025-12-01,10813.980935345888
USA|idaho,electricity,xLSTM,2025-01-01,1536.0137743943928
USA|idaho,electricity,xLSTM,2025-02-01,1507.654496076107
USA|idaho,electricity,xLSTM,2025-03-01,1540.304331176877
USA|idaho,electricity,xLSTM,2025-04-01,1450.8130809032916
USA|idaho,electricity,xLSTM,2025-05-01,1459.5006658965349
USA|idaho,electricity,xLSTM,2025-06-01,1625.8056340748071
USA|idaho,electricity,xLSTM,2025-07-01,1629.9708250039816
USA|idaho,electricity,xLSTM,2025-08-01,1599.5878731721639
USA|idaho,electricity,xLSTM,2025-09-01,1523.722010665536
USA|idaho,electricity,xLSTM,2025-10-01,1516.1893138223886
USA|idaho,electricity,xLSTM,2025-11-01,1614.6589083218573
USA|idaho,electricity,xLSTM,2025-12-01,1626.3235741430522
USA|illinois,electricity,xLSTM,2025-01-01,16416.086587564947
USA|illinois,electricity,xLSTM,2025-02-01,15159.392099359633
USA|illinois,electricity,xLSTM,2025-03-01,15207.395338973107
USA|illinois,electricity,xLSTM,2025-04-01,14775.031010729672
USA|illinois,electricity,xLSTM,2025-05-01,15089.987445390821
USA|illinois,electricity,xLSTM,2025-06-01,16994.315744029882
USA|illinois,electricity,xLSTM,2025-07-01,17398.426690298318
USA|illinois,electricity,xLSTM,2025-08-01,17096.77952811778
USA|illinois,electricity,xLSTM,2025-09-01,15268.480774169566
USA|illinois,electricity,xLSTM,2025-10-01,15494.141551823022
USA|illinois,electricity,xLSTM,2025-11-01,15206.794790568354
USA|illinois,electricity,xLSTM,2025-12-01,16664.043672518732
USA|indiana,electricity,xLSTM,2025-01-01,8001.297729821503
USA|indiana,electricity,xLSTM,2025-02-01,7802.797962733209
USA|indiana,electricity,xLSTM,2025-03-01,7835.452126984596
USA|indiana,electricity,xLSTM,2025-04-01,7885.936294294
USA|indiana,electricity,xLSTM,2025-05-01,8028.0711855852605
USA|indiana,electricity,xLSTM,2025-06-01,8228.265644519925
USA|indiana,electricity,xLSTM,2025-07-01,8173.977604795695
USA|indiana,electricity,xLSTM,2025-08-01,7965.130793616176
USA|indiana,electricity,xLSTM,2025-09-01,7827.686652824283
USA|indiana,electricity,xLSTM,2025-10-01,7924.616916920841
USA|indiana,electricity,xLSTM,2025-11-01,8040.744238160252
USA|indiana,electricity,xLSTM,2025-12-01,8146.176512494088
USA|iowa,electricity,xLSTM,2025-01-01,5919.630418066979
USA|iowa,electricity,xLSTM,2025-02-01,5885.10729988575
USA|iowa,electricity,xLSTM,2025-03-01,5912.148037133217
USA|iowa,electricity,xLSTM,2025-04-01,5875.715211043358
USA|iowa,electricity,xLSTM,2025-05-01,5874.495400257111
USA|iowa,electricity,xLSTM,2025-06-01,5903.131429972649
USA|iowa,electricity,xLSTM,2025-07-01,5918.619544668198
USA|iowa,electricity,xLSTM,2025-08-01,5961.845863928796
USA|iowa,electricity,xLSTM,2025-09-01,5995.411100077629
USA|iowa,electricity,xLSTM,2025-10-01,6033.682474241257
USA|iowa,electricity,xLSTM,2025-11-01,6007.782817749978
USA|iowa,electricity,xLSTM,2025-12-01,5993.893023600579
USA|kansas,electricity,xLSTM,2025-01-01,5064.5239064133175
USA|kansas,electricity,xLSTM,2025-02-01,4611.365140327216
USA|kansas,electricity,xLSTM,2025-03-01,4737.249441692829
USA|kansas,electricity,xLSTM,2025-04-01,4185.982533336878
USA|kansas,electricity,xLSTM,2025-05-01,5065.298402652741
USA|kansas,electricity,xLSTM,2025-06-01,5197.695790504218
USA|kansas,electricity,xLSTM,2025-07-01,5202.507627901436
USA|kansas,electricity,xLSTM,2025-08-01,5144.40455411613
USA|kansas,electricity,xLSTM,2025-09-01,5070.76256509781
USA|kansas,electricity,xLSTM,2025-10-01,4901.488179137707
USA|kansas,electricity,xLSTM,2025-11-01,4945.957273191214
USA|kansas,electricity,xLSTM,2025-12-01,5052.288492069245
USA|kentucky,electricity,xLSTM,2025-01-01,5661.224286509157
USA|kentucky,electricity,xLSTM,2025-02-01,5129.290024762452
USA|kentucky,electricity,xLSTM,2025-03-01,5118.879379085898
USA|kentucky,electricity,xLSTM,2025-04-01,5353.026567818821
USA|kentucky,electricity,xLSTM,2025-05-01,5857.801750857532
USA|kentucky,electricity,xLSTM,2025-06-01,6164.061179333031
USA|kentucky,electricity,xLSTM,2025-07-01,6219.894690455497
USA|kentucky,electricity,xLSTM,2025-08-01,5749.109830093682
USA|kentucky,electricity,xLSTM,2025-09-01,5166.886263233721
USA|kentucky,electricity,xLSTM,2025-10-01,5023.406479746848
USA|kentucky,electricity,xLSTM,2025-11-01,5203.253647435606
USA|kentucky,electricity,xLSTM,2025-12-01,5591.695328966081
USA|louisiana,electricity,xLSTM,2025-01-01,7776.815132980347
USA|louisiana,electricity,xLSTM,2025-02-01,7254.473423876762
USA|louisiana,electricity,xLSTM,2025-03-01,7255.107895879745
USA|louisiana,electricity,xLSTM,2025-04-01,7364.691710090637
USA|louisiana,electricity,xLSTM,2025-05-01,8092.897959399223
USA|louisiana,electricity,xLSTM,2025-06-01,8879.473594284058
USA|louisiana,electricity,xLSTM,2025-07-01,9747.034621944427
USA|louisiana,electricity,xLSTM,2025-08-01,9865.685692005156
USA|louisiana,electricity,xLSTM,2025-09-01,8749.547940711975
USA|louisiana,electricity,xLSTM,2025-10-01,8065.717161316871
USA|louisiana,electricity,xLSTM,2025-11-01,7850.397866983413
USA|louisiana,electricity,xLSTM,2025-12-01,7711.079930820465
USA|maine,electricity,xLSTM,2025-01-01,1144.8014547517896
USA|maine,electricity,xLSTM,2025-02-01,1141.568692226112
USA|maine,electricity,xLSTM,2025-03-01,1151.7392039325835
USA|maine,electricity,xLSTM,2025-04-01,1141.6145168980956
USA|maine,electricity,xLSTM,2025-05-01,1146.0206741133334
USA|maine,electricity,xLSTM,2025-06-01,1158.0250573453309
USA|maine,electricity,xLSTM,2025-07-01,1149.9288639953734
USA|maine,electricity,xLSTM,2025-08-01,1130.1607816791534
USA|maine,electricity,xLSTM,2025-09-01,1115.4427020660044
USA|maine,electricity,xLSTM,2025-10-01,1111.9841778358818
USA|maine,electricity,xLSTM,2025-11-01,1107.7046134886145
USA|maine,electricity,xLSTM,2025-12-01,1105.7284908577801
USA|maryland,electricity,xLSTM,2025-01-01,3039.6594797384737
USA|maryland,electricity,xLSTM,2025-02-01,2980.5808418369293
USA|maryland,electricity,xLSTM,2025-03-01,3116.896245943308
USA|maryland,electricity,xLSTM,2025-04-01,3256.712913547754
USA|maryland,electricity,xLSTM,2025-05-01,3206.161628502607
USA|maryland,electricity,xLSTM,2025-06-01,3230.19460778594
USA|maryland,electricity,xLSTM,2025-07-01,3302.678135670423
USA|maryland,electricity,xLSTM,2025-08-01,3140.9828209662437
USA|maryland,electricity,xLSTM,2025-09-01,3060.4286408913135
USA|maryland,electricity,xLSTM,2025-10-01,3083.391654318571
USA|maryland,electricity,xLSTM,2025-11-01,3018.6211488711833
USA|maryland,electricity,xLSTM,2025-12-01,3091.45483558774
USA|massachusetts,electricity,xLSTM,2025-01-01,2016.4595820671323
USA|massachusetts,electricity,xLSTM,2025-02-01,1914.8595281343164
USA|massachusetts,electricity,xLSTM,2025-03-01,1934.1235594439509
USA|massachusetts,electricity,xLSTM,2025-04-01,1878.2630247958004
USA|massachusetts,electricity,xLSTM,2025-05-01,1951.6221608307958
USA|massachusetts,electricity,xLSTM,2025-06-01,2102.060729093552
USA|massachusetts,electricity,xLSTM,2025-07-01,2202.2549125894907
USA|massachusetts,electricity,xLSTM,2025-08-01,1965.596936194897
USA|massachusetts,electricity,xLSTM,2025-09-01,1853.1130547730625
USA|massachusetts,electricity,xLSTM,2025-10-01,1904.0065779353679
USA|massachusetts,electricity,xLSTM,2025-11-01,1923.5854026211798
USA|massachusetts,electricity,xLSTM,2025-12-01,1909.4512336786092
USA|michigan,electricity,xLSTM,2025-01-01,9751.980205771923
USA|michigan,electricity,xLSTM,2025-02-01,9315.053812859058
USA|michigan,electricity,xLSTM,2025-03-01,9122.551748517752
USA|michigan,electricity,xLSTM,2025-04-01,9218.273263750076
USA|michigan,electricity,xLSTM,2025-05-01,10524.411291453838
USA|michigan,electricity,xLSTM,2025-06-01,10591.74775652647
USA|michigan,electricity,xLSTM,2025-07-01,10624.119212887286
USA|michigan,electricity,xLSTM,2025-08-01,10597.2806682086
USA|michigan,electricity,xLSTM,2025-09-01,10495.040945670604
USA|michigan,electricity,xLSTM,2025-10-01,10053.44652176857
USA|michigan,electricity,xLSTM,2025-11-01,10307.684757993222
USA|michigan,electricity,xLSTM,2025-12-01,10480.012145254612
USA|minnesota,electricity,xLSTM,2025-01-01,4962.622770034671
USA|minnesota,electricity,xLSTM,2025-02-01,4572.366665619015
USA|minnesota,electricity,xLSTM,2025-03-01,4911.942299196124
USA|minnesota,electricity,xLSTM,2025-04-01,4864.183674522043
USA|minnesota,electricity,xLSTM,2025-05-01,4850.872411895394
USA|minnesota,electricity,xLSTM,2025-06-01,5076.032365851998
USA|minnesota,electricity,xLSTM,2025-07-01,5411.152175688743
USA|minnesota,electricity,xLSTM,2025-08-01,5147.405772207975
USA|minnesota,electricity,xLSTM,2025-09-01,4408.542547342479
USA|minnesota,electricity,xLSTM,2025-10-01,4158.106072159708
USA|minnesota,electricity,xLSTM,2025-11-01,4515.39541895777
USA|minnesota,electricity,xLSTM,2025-12-01,4980.701255350708
USA|mississippi,electricity,xLSTM,2025-01-01,6548.101464853287
USA|mississippi,electricity,xLSTM,2025-02-01,5223.293296237886
USA|mississippi,electricity,xLSTM,2025-03-01,5089.101989453137
USA|mississippi,electricity,xLSTM,2025-04-01,6333.591346650124
USA|mississippi,electricity,xLSTM,2025-05-01,7113.382646862269
USA|mississippi,electricity,xLSTM,2025-06-01,7242.231120280624
USA|mississippi,electricity,xLSTM,2025-07-01,7386.67521341622
USA|mississippi,electricity,xLSTM,2025-08-01,7205.069483739138
USA|mississippi,electricity,xLSTM,2025-09-01,6585.604441919328
USA|mississippi,electricity,xLSTM,2025-10-01,5521.732731889487
USA|mississippi,electricity,xLSTM,2025-11-01,5433.539236471654
USA|mississippi,electricity,xLSTM,2025-12-01,6144.524473949075
USA|missouri,electricity,xLSTM,2025-01-01,6362.86724600792
USA|missouri,electricity,xLSTM,2025-02-01,4926.294279008508
USA|missouri,electricity,xLSTM,2025-03-01,4998.393551378251
USA|missouri,electricity,xLSTM,2025-04-01,5153.135073599816
USA|missouri,electricity,xLSTM,2025-05-01,5755.373892514705
USA|missouri,electricity,xLSTM,2025-06-01,6530.426617588997
USA|missouri,electricity,xLSTM,2025-07-01,7413.5832703590395
USA|missouri,electricity,xLSTM,2025-08-01,6441.951842727662
USA|missouri,electricity,xLSTM,2025-09-01,5136.003750348092
USA|missouri,electricity,xLSTM,2025-10-01,5025.433640840054
USA|missouri,electricity,xLSTM,2025-11-01,4951.995450099111
USA|missouri,electricity,xLSTM,2025-12-01,5561.934179925919
USA|montana,electricity,xLSTM,2025-01-01,2310.2617331445217
USA|montana,electricity,xLSTM,2025-02-01,2158.472795123458
USA|montana,electricity,xLSTM,2025-03-01,2089.67426306963
USA|montana,electricity,xLSTM,2025-04-01,2063.7312926101686
USA|montana,electricity,xLSTM,2025-05-01,2052.9752248829604
USA|montana,electricity,xLSTM,2025-06-01,2170.613157147169
USA|montana,electricity,xLSTM,2025-07-01,2261.0145980519055
USA|montana,electricity,xLSTM,2025-08-01,2302.899480625391
USA|montana,electricity,xLSTM,2025-09-01,2315.696127679944
USA|montana,electricity,xLSTM,2025-10-01,2329.3127169108393
USA|montana,electricity,xLSTM,2025-11-01,2340.5505627834796
USA|montana,electricity,xLSTM,2025-12-01,2340.306981981397
USA|nebraska,electricity,xLSTM,2025-01-01,3330.429305587411
USA|nebraska,electricity,xLSTM,2025-02-01,3108.7064238142966
USA|nebraska,electricity,xLSTM,2025-03-01,3055.4994646948576
USA|nebraska,electricity,xLSTM,2025-04-01,2936.277123298943
USA|nebraska,electricity,xLSTM,2025-05-01,2895.473400182724
USA|nebraska,electricity,xLSTM,2025-06-01,3062.662486473918
USA|nebraska,electricity,xLSTM,2025-07-01,3337.3196343910695
USA|nebraska,electricity,xLSTM,2025-08-01,3402.669072381854
USA|nebraska,electricity,xLSTM,2025-09-01,3107.5429001045227
USA|nebraska,electricity,xLSTM,2025-10-01,2927.988658834696
USA|nebraska,electricity,xLSTM,2025-11-01,3084.909130535722
USA|nebraska,electricity,xLSTM,2025-12-01,3399.5639847916364
USA|nevada,electricity,xLSTM,2025-01-01,3527.9767629563808
USA|nevada,electricity,xLSTM,2025-02-01,3207.0749059140685
USA|nevada,electricity,xLSTM,2025-03-01,3294.6206491434573
USA|nevada,electricity,xLSTM,2025-04-01,3518.013661415577
USA|nevada,electricity,xLSTM,2025-05-01,4004.537868523598
USA|nevada,electricity,xLSTM,2025-06-01,4796.540839240551
USA|nevada,electricity,xLSTM,2025-07-01,5393.349800715447
USA|nevada,electricity,xLSTM,2025-08-01,4993.127961037159
USA|nevada,electricity,xLSTM,2025-09-01,4549.9235732126235
USA|nevada,electricity,xLSTM,2025-10-01,4107.637127768993
USA|nevada,electricity,xLSTM,2025-11-01,3363.2436955320836
USA|nevada,electricity,xLSTM,2025-12-01,3355.1676716935635
USA|new hampshire,electricity,xLSTM,2025-01-01,1503.7343426185846
USA|new hampshire,electricity,xLSTM,2025-02-01,1488.739638401866
USA|new hampshire,electricity,xLSTM,2025-03-01,1490.2819662964343
USA|new hampshire,electricity,xLSTM,2025-04-01,1490.4359718114138
USA|new hampshire,electricity,xLSTM,2025-05-01,1493.1695967587827
USA|new hampshire,electricity,xLSTM,2025-06-01,1496.250410526991
USA|new hampshire,electricity,xLSTM,2025-07-01,1493.6193296593426
USA|new hampshire,electricity,xLSTM,2025-08-01,1498.048584547639
USA|new hampshire,electricity,xLSTM,2025-09-01,1490.7993404105305
USA|new hampshire,electricity,xLSTM,2025-10-01,1488.0277281576396
USA|new hampshire,electricity,xLSTM,2025-11-01,1504.3842393982409
USA|new hampshire,electricity,xLSTM,2025-12-01,1527.8061730140448
USA|new jersey,electricity,xLSTM,2025-01-01,5503.973959201574
USA|new jersey,electricity,xLSTM,2025-02-01,4925.494664497375
USA|new jersey,electricity,xLSTM,2025-03-01,4792.139472791255
USA|new jersey,electricity,xLSTM,2025-04-01,4889.220372784435
USA|new jersey,electricity,xLSTM,2025-05-01,4971.612169647813
USA|new jersey,electricity,xLSTM,2025-06-01,6124.110503228307
USA|new jersey,electricity,xLSTM,2025-07-01,6690.604831008315
USA|new jersey,electricity,xLSTM,2025-08-01,5718.848420835733
USA|new jersey,electricity,xLSTM,2025-09-01,5057.066905923188
USA|new jersey,electricity,xLSTM,2025-10-01,4949.757916556298
USA|new jersey,electricity,xLSTM,2025-11-01,4798.08678373307
USA|new jersey,electricity,xLSTM,2025-12-01,5157.528317241073
USA|new mexico,electricity,xLSTM,2025-01-01,3378.5905870872734
USA|new mexico,electricity,xLSTM,2025-02-01,3374.6575510329008
USA|new mexico,electricity,xLSTM,2025-03-01,3354.446165957451
USA|new mexico,electricity,xLSTM,2025-04-01,3366.7825713062284
USA|new mexico,electricity,xLSTM,2025-05-01,3384.2235581105947
USA|new mexico,electricity,xLSTM,2025-06-01,3387.790994542241
USA|new mexico,electricity,xLSTM,2025-07-01,3372.7373784381152
USA|new mexico,electricity,xLSTM,2025-08-01,3273.421569625735
USA|new mexico,electricity,xLSTM,2025-09-01,3194.0043464940786
USA|new mexico,electricity,xLSTM,2025-10-01,3108.6702704286577
USA|new mexico,electricity,xLSTM,2025-11-01,3166.2032836574317
USA|new mexico,electricity,xLSTM,2025-12-01,3352.7533312636615
USA|new york,electricity,xLSTM,2025-01-01,11311.0679913342
USA|new york,electricity,xLSTM,2025-02-01,10727.992368878125
USA|new york,electricity,xLSTM,2025-03-01,10375.069453700185
USA|new york,electricity,xLSTM,2025-04-01,10386.196008165776
USA|new york,electricity,xLSTM,2025-05-01,10958.28443118751
USA|new york,electricity,xLSTM,2025-06-01,12308.369751995802
USA|new york,electricity,xLSTM,2025-07-01,13690.570108975171
USA|new york,electricity,xLSTM,2025-08-01,12902.804777790308
USA|new york,electricity,xLSTM,2025-09-01,10686.522437332273
USA|new york,electricity,xLSTM,2025-10-01,10680.921073660851
USA|new york,electricity,xLSTM,2025-11-01,11059.23002719432
USA|new york,electricity,xLSTM,2025-12-01,11501.668867037593
USA|north carolina,electricity,xLSTM,2025-01-01,11929.667405891418
USA|north carolina,electricity,xLSTM,2025-02-01,9688.267911819816
USA|north carolina,electricity,xLSTM,2025-03-01,8987.087357090712
USA|north carolina,electricity,xLSTM,2025-04-01,10563.147115969658
USA|north carolina,electricity,xLSTM,2025-05-01,10743.583655678034
USA|north carolina,electricity,xLSTM,2025-06-01,11915.106674785613
USA|north carolina,electricity,xLSTM,2025-07-01,12790.802294557094
USA|north carolina,electricity,xLSTM,2025-08-01,12734.004941232204
USA|north carolina,electricity,xLSTM,2025-09-01,9998.141366440654
USA|north carolina,electricity,xLSTM,2025-10-01,9695.353874315022
USA|north carolina,electricity,xLSTM,2025-11-01,10196.536540153025
USA|north carolina,electricity,xLSTM,2025-12-01,11866.988153498172
USA|north dakota,electricity,xLSTM,2025-01-01,3603.1976698923113
USA|north dakota,electricity,xLSTM,2025-02-01,3558.863178905845
USA|north dakota,electricity,xLSTM,2025-03-01,3552.7167931973936
USA|north dakota,electricity,xLSTM,2025-04-01,3497.8479836022857
USA|north dakota,electricity,xLSTM,2025-05-01,3494.971348041296
USA|north dakota,electricity,xLSTM,2025-06-01,3580.492163220644
USA|north dakota,electricity,xLSTM,2025-07-01,3591.9337034285068
USA|north dakota,electricity,xLSTM,2025-08-01,3595.0549830162527
USA|north dakota,electricity,xLSTM,2025-09-01,3581.9694822227957
USA|north dakota,electricity,xLSTM,2025-10-01,3622.749691421986
USA|north dakota,electricity,xLSTM,2025-11-01,3650.018636491299
USA|north dakota,electricity,xLSTM,2025-12-01,3650.0043064969777
USA|ohio,electricity,xLSTM,2025-01-01,12278.975251746177
USA|ohio,electricity,xLSTM,2025-02-01,10779.710506166219
USA|ohio,electricity,xLSTM,2025-03-01,10738.307314194439
USA|ohio,electricity,xLSTM,2025-04-01,10769.147595513461
USA|ohio,electricity,xLSTM,2025-05-01,12030.329246799944
USA|ohio,electricity,xLSTM,2025-06-01,12847.893384655712
USA|ohio,electricity,xLSTM,2025-07-01,12921.245889862774
USA|ohio,electricity,xLSTM,2025-08-01,12560.581915094852
USA|ohio,electricity,xLSTM,2025-09-01,11318.890144364237
USA|ohio,electricity,xLSTM,2025-10-01,10757.269286563991
USA|ohio,electricity,xLSTM,2025-11-01,11925.7384679687
USA|ohio,electricity,xLSTM,2025-12-01,12554.322468005417
USA|oklahoma,electricity,xLSTM,2025-01-01,8436.198378122448
USA|oklahoma,electricity,xLSTM,2025-02-01,6848.6500498658415
USA|oklahoma,electricity,xLSTM,2025-03-01,7047.431401637792
USA|oklahoma,electricity,xLSTM,2025-04-01,7706.2272040557855
USA|oklahoma,electricity,xLSTM,2025-05-01,8012.985994651914
USA|oklahoma,electricity,xLSTM,2025-06-01,8602.099741926193
USA|oklahoma,electricity,xLSTM,2025-07-01,8773.673237604498
USA|oklahoma,electricity,xLSTM,2025-08-01,8843.541764276624
USA|oklahoma,electricity,xLSTM,2025-09-01,7513.5793371117115
USA|oklahoma,electricity,xLSTM,2025-10-01,7551.481702125669
USA|oklahoma,electricity,xLSTM,2025-11-01,7524.81086859107
USA|oklahoma,electricity,xLSTM,2025-12-01,7903.488214463591
USA|oregon,electricity,xLSTM,2025-01-01,5522.84471111536
USA|oregon,electricity,xLSTM,2025-02-01,5475.648610060215
USA|oregon,electricity,xLSTM,2025-03-01,5576.757044007778
USA|oregon,electricity,xLSTM,2025-04-01,4955.046633156538
USA|oregon,electricity,xLSTM,2025-05-01,4761.6834668779375
USA|oregon,electricity,xLSTM,2025-06-01,5545.249634988308
USA|oregon,electricity,xLSTM,2025-07-01,5617.867090957165
USA|oregon,electricity,xLSTM,2025-08-01,5530.129802100658
USA|oregon,electricity,xLSTM,2025-09-01,4952.140834138393
USA|oregon,electricity,xLSTM,2025-10-01,4975.717460100651
USA|oregon,electricity,xLSTM,2025-11-01,5610.664004342556
USA|oregon,electricity,xLSTM,2025-12-01,5652.157846522331
USA|pennsylvania,electricity,xLSTM,2025-01-01,21641.475171051025
USA|pennsylvania,electricity,xLSTM,2025-02-01,19826.150912322995
USA|pennsylvania,electricity,xLSTM,2025-03-01,19348.77485569
USA|pennsylvania,electricity,xLSTM,2025-04-01,16791.405044908523
USA|pennsylvania,electricity,xLSTM,2025-05-01,20083.103441324234
USA|pennsylvania,electricity,xLSTM,2025-06-01,23067.269791908264
USA|pennsylvania,electricity,xLSTM,2025-07-01,23187.62418021202
USA|pennsylvania,electricity,xLSTM,2025-08-01,22769.944396009443
USA|pennsylvania,electricity,xLSTM,2025-09-01,18917.18488576889
USA|pennsylvania,electricity,xLSTM,2025-10-01,17309.943907947538
USA|pennsylvania,electricity,xLSTM,2025-11-01,19324.15283296585
USA|pennsylvania,electricity,xLSTM,2025-12-01,22540.873048000332
USA|rhode island,electricity,xLSTM,2025-01-01,579.6800332319737
USA|rhode island,electricity,xLSTM,2025-02-01,540.5435696434974
USA|rhode island,electricity,xLSTM,2025-03-01,571.8050974440574
USA|rhode island,electricity,xLSTM,2025-04-01,648.5608729493619
USA|rhode island,electricity,xLSTM,2025-05-01,773.5561397683621
USA|rhode island,electricity,xLSTM,2025-06-01,925.3373928618431
USA|rhode island,electricity,xLSTM,2025-07-01,1030.9602434945107
USA|rhode island,electricity,xLSTM,2025-08-01,1018.2814550530911
USA|rhode island,electricity,xLSTM,2025-09-01,948.1758777153492
USA|rhode island,electricity,xLSTM,2025-10-01,870.963385475874
USA|rhode island,electricity,xLSTM,2025-11-01,761.2165492725372
USA|rhode island,electricity,xLSTM,2025-12-01,661.3959313672781
USA|south carolina,electricity,xLSTM,2025-01-01,8906.135192763804
USA|south carolina,electricity,xLSTM,2025-02-01,7894.899147656261
USA|south carolina,electricity,xLSTM,2025-03-01,7647.961200053989
USA|south carolina,electricity,xLSTM,2025-04-01,7551.952431741058
USA|south carolina,electricity,xLSTM,2025-05-01,8191.866277863681
USA|south carolina,electricity,xLSTM,2025-06-01,8970.871328669786
USA|south carolina,electricity,xLSTM,2025-07-01,9673.823828283548
USA|south carolina,electricity,xLSTM,2025-08-01,9387.700785593986
USA|south carolina,electricity,xLSTM,2025-09-01,8171.568659388124
USA|south carolina,electricity,xLSTM,2025-10-01,7470.6015193238845
USA|south carolina,electricity,xLSTM,2025-11-01,7458.374655708968
USA|south carolina,electricity,xLSTM,2025-12-01,8738.750870602726
USA|south dakota,electricity,xLSTM,2025-01-01,1588.2109795570373
USA|south dakota,electricity,xLSTM,2025-02-01,1590.4536475777625
USA|south dakota,electricity,xLSTM,2025-03-01,1593.8034392118452
USA|south dakota,electricity,xLSTM,2025-04-01,1585.3273087501525
USA|south dakota,electricity,xLSTM,2025-05-01,1578.1472457170485
USA|south dakota,electricity,xLSTM,2025-06-01,1588.3028767585754
USA|south dakota,electricity,xLSTM,2025-07-01,1586.5160307407377
USA|south dakota,electricity,xLSTM,2025-08-01,1584.9855660319326
USA|south dakota,electricity,xLSTM,2025-09-01,1585.5585371613502
USA|south dakota,electricity,xLSTM,2025-10-01,1595.8197311520576
USA|south dakota,electricity,xLSTM,2025-11-01,1597.0864865422247
USA|south dakota,electricity,xLSTM,2025-12-01,1592.1992982983588
USA|tennessee,electricity,xLSTM,2025-01-01,7449.799044194818
USA|tennessee,electricity,xLSTM,2025-02-01,6579.289427440464
USA|tennessee,electricity,xLSTM,2025-03-01,6176.554435561299
USA|tennessee,electricity,xLSTM,2025-04-01,5893.364550386071
USA|tennessee,electricity,xLSTM,2025-05-01,6361.643880053162
USA|tennessee,electricity,xLSTM,2025-06-01,7185.780009658933
USA|tennessee,electricity,xLSTM,2025-07-01,7079.006525131464
USA|tennessee,electricity,xLSTM,2025-08-01,6490.763175851703
USA|tennessee,electricity,xLSTM,2025-09-01,6039.630061257481
USA|tennessee,electricity,xLSTM,2025-10-01,5779.709472863078
USA|tennessee,electricity,xLSTM,2025-11-01,5859.512844644784
USA|tennessee,electricity,xLSTM,2025-12-01,6436.1149359899755
USA|texas,electricity,xLSTM,2025-01-01,48427.296878191235
USA|texas,electricity,xLSTM,2025-02-01,41694.24557913125
USA|texas,electricity,xLSTM,2025-03-01,42747.546102256776
USA|texas,electricity,xLSTM,2025-04-01,44226.02372585416
USA|texas,electricity,xLSTM,2025-05-01,51827.49290728808
USA|texas,electricity,xLSTM,2025-06-01,55663.08330355406
USA|texas,electricity,xLSTM,2025-07-01,56581.57983264924
USA|texas,electricity,xLSTM,2025-08-01,57280.790976192955
USA|texas,electricity,xLSTM,2025-09-01,54476.800986773975
USA|texas,electricity,xLSTM,2025-10-01,51289.80638459683
USA|texas,electricity,xLSTM,2025-11-01,46229.65153185249
USA|texas,electricity,xLSTM,2025-12-01,48038.03305692912
USA|utah,electricity,xLSTM,2025-01-01,3141.0006373018023
USA|utah,electricity,xLSTM,2025-02-01,3000.091383348405
USA|utah,electricity,xLSTM,2025-03-01,2825.887692591548
USA|utah,electricity,xLSTM,2025-04-01,2624.0971552044152
USA|utah,electricity,xLSTM,2025-05-01,2619.807538551092
USA|utah,electricity,xLSTM,2025-06-01,2946.809583055973
USA|utah,electricity,xLSTM,2025-07-01,3439.7597246468063
USA|utah,electricity,xLSTM,2025-08-01,3354.2862074196337
USA|utah,electricity,xLSTM,2025-09-01,3331.915220573544
USA|utah,electricity,xLSTM,2025-10-01,3357.5083550244567
USA|utah,electricity,xLSTM,2025-11-01,3262.8530009955166
USA|utah,electricity,xLSTM,2025-12-01,3311.960287839174
USA|vermont,electricity,xLSTM,2025-01-01,185.3635509058833
USA|vermont,electricity,xLSTM,2025-02-01,178.62881448864937
USA|vermont,electricity,xLSTM,2025-03-01,171.19175145924092
USA|vermont,electricity,xLSTM,2025-04-01,167.19103830307722
USA|vermont,electricity,xLSTM,2025-05-01,168.81528610736132
USA|vermont,electricity,xLSTM,2025-06-01,175.7081470042467
USA|vermont,electricity,xLSTM,2025-07-01,185.1288587331772
USA|vermont,electricity,xLSTM,2025-08-01,194.97745969742536
USA|vermont,electricity,xLSTM,2025-09-01,202.2062280714512
USA|vermont,electricity,xLSTM,2025-10-01,205.63559693694114
USA|vermont,electricity,xLSTM,2025-11-01,205.039418874681
USA|vermont,electricity,xLSTM,2025-12-01,200.3378311559558
USA|virginia,electricity,xLSTM,2025-01-01,9642.345333647729
USA|virginia,electricity,xLSTM,2025-02-01,9371.076733469963
USA|virginia,electricity,xLSTM,2025-03-01,8009.951614332199
USA|virginia,electricity,xLSTM,2025-04-01,6828.514261453152
USA|virginia,electricity,xLSTM,2025-05-01,7341.846538190842
USA|virginia,electricity,xLSTM,2025-06-01,9692.12077649355
USA|virginia,electricity,xLSTM,2025-07-01,9885.25775990963
USA|virginia,electricity,xLSTM,2025-08-01,9837.67808093071
USA|virginia,electricity,xLSTM,2025-09-01,9225.819346749782
USA|virginia,electricity,xLSTM,2025-10-01,7617.596467046737
USA|virginia,electricity,xLSTM,2025-11-01,7404.566394827366
USA|virginia,electricity,xLSTM,2025-12-01,9098.132430233956
USA|washington,electricity,xLSTM,2025-01-01,8726.935109872818
USA|washington,electricity,xLSTM,2025-02-01,8478.412659378051
USA|washington,electricity,xLSTM,2025-03-01,8604.960901041031
USA|washington,electricity,xLSTM,2025-04-01,8401.179354634285
USA|washington,electricity,xLSTM,2025-05-01,8596.101003346443
USA|washington,electricity,xLSTM,2025-06-01,9479.81233513832
USA|washington,electricity,xLSTM,2025-07-01,9799.795762329102
USA|washington,electricity,xLSTM,2025-08-01,8744.276270489692
USA|washington,electricity,xLSTM,2025-09-01,8328.339344084263
USA|washington,electricity,xLSTM,2025-10-01,8404.855738396645
USA|washington,electricity,xLSTM,2025-11-01,9006.660224144458
USA|washington,electricity,xLSTM,2025-12-01,9452.742093605995
USA|washington dc,electricity,xLSTM,2025-01-01,38.72608804941177
USA|washington dc,electricity,xLSTM,2025-02-01,38.64308844327927
USA|washington dc,electricity,xLSTM,2025-03-01,38.60015403389931
USA|washington dc,electricity,xLSTM,2025-04-01,38.552555627822876
USA|washington dc,electricity,xLSTM,2025-05-01,38.63898607969284
USA|washington dc,electricity,xLSTM,2025-06-01,38.73826694130898
USA|washington dc,electricity,xLSTM,2025-07-01,38.80391086339951
USA|washington dc,electricity,xLSTM,2025-08-01,38.82135201334953
USA|washington dc,electricity,xLSTM,2025-09-01,38.779546974897386
USA|washington dc,electricity,xLSTM,2025-10-01,38.74449374318123
USA|washington dc,electricity,xLSTM,2025-11-01,38.764553812742236
USA|washington dc,electricity,xLSTM,2025-12-01,38.76282007575035
USA|west virginia,electricity,xLSTM,2025-01-01,4240.928771189302
USA|west virginia,electricity,xLSTM,2025-02-01,3987.124325924068
USA|west virginia,electricity,xLSTM,2025-03-01,4151.72985657528
USA|west virginia,electricity,xLSTM,2025-04-01,4254.095700620562
USA|west virginia,electricity,xLSTM,2025-05-01,4342.47301419869
USA|west virginia,electricity,xLSTM,2025-06-01,4355.804494246393
USA|west virginia,electricity,xLSTM,2025-07-01,4102.700685153156
USA|west virginia,electricity,xLSTM,2025-08-01,3945.2153768001494
USA|west virginia,electricity,xLSTM,2025-09-01,3703.482648928612
USA|west virginia,electricity,xLSTM,2025-10-01,3746.7250916711982
USA|west virginia,electricity,xLSTM,2025-11-01,3931.7237623135743
USA|west virginia,electricity,xLSTM,2025-12-01,4069.6273553021247
USA|wisconsin,electricity,xLSTM,2025-01-01,5234.88211523056
USA|wisconsin,electricity,xLSTM,2025-02-01,5235.253169187903
USA|wisconsin,electricity,xLSTM,2025-03-01,5236.737385017276
USA|wisconsin,electricity,xLSTM,2025-04-01,5237.743774635792
USA|wisconsin,electricity,xLSTM,2025-05-01,5239.24897814095
USA|wisconsin,electricity,xLSTM,2025-06-01,5239.519168996215
USA|wisconsin,electricity,xLSTM,2025-07-01,5239.24021629572
USA|wisconsin,electricity,xLSTM,2025-08-01,5238.23117774725
USA|wisconsin,electricity,xLSTM,2025-09-01,5237.379852412939
USA|wisconsin,electricity,xLSTM,2025-10-01,5237.2500548452135
USA|wisconsin,electricity,xLSTM,2025-11-01,5237.959968072772
USA|wisconsin,electricity,xLSTM,2025-12-01,5238.029655306936
USA|wyoming,electricity,xLSTM,2025-01-01,3629.0130668854713
USA|wyoming,electricity,xLSTM,2025-02-01,3294.200979092121
USA|wyoming,electricity,xLSTM,2025-03-01,3116.7037711310386
USA|wyoming,electricity,xLSTM,2025-04-01,3001.7944051721693
USA|wyoming,electricity,xLSTM,2025-05-01,3014.7398082366585
USA|wyoming,electricity,xLSTM,2025-06-01,3249.8605246675015
USA|wyoming,electricity,xLSTM,2025-07-01,3649.6709819960593
USA|wyoming,electricity,xLSTM,2025-08-01,3554.0864605510237
USA|wyoming,electricity,xLSTM,2025-09-01,3258.284122436047
USA|wyoming,electricity,xLSTM,2025-10-01,3333.975310857296
USA|wyoming,electricity,xLSTM,2025-11-01,3691.5270824706554
USA|wyoming,electricity,xLSTM,2025-12-01,3922.824278924465
AUT,carbon,xLSTM,2025-01-01,137.73397107899189
AUT,carbon,xLSTM,2025-02-01,143.60370554566384
AUT,carbon,xLSTM,2025-03-01,133.08766419351102
AUT,carbon,xLSTM,2025-04-01,101.93693241447211
AUT,carbon,xLSTM,2025-05-01,72.24379419013857
AUT,carbon,xLSTM,2025-06-01,61.97208083868026
AUT,carbon,xLSTM,2025-07-01,61.93619345523417
AUT,carbon,xLSTM,2025-08-01,64.82048028826713
AUT,carbon,xLSTM,2025-09-01,78.11870357692241
AUT,carbon,xLSTM,2025-10-01,106.3264116704464
AUT,carbon,xLSTM,2025-11-01,129.57590907394888
AUT,carbon,xLSTM,2025-12-01,145.06754053026438
BEL,carbon,xLSTM,2025-01-01,176.4500034677982
BEL,carbon,xLSTM,2025-02-01,180.23020372867583
BEL,carbon,xLSTM,2025-03-01,183.52176465272902
BEL,carbon,xLSTM,2025-04-01,186.8098666834831
BEL,carbon,xLSTM,2025-05-01,189.93455955862999
BEL,carbon,xLSTM,2025-06-01,192.9090261030197
BEL,carbon,xLSTM,2025-07-01,195.75367647886276
BEL,carbon,xLSTM,2025-08-01,198.45839645147322
BEL,carbon,xLSTM,2025-09-01,200.9550713944435
BEL,carbon,xLSTM,2025-10-01,203.17743052721022
BEL,carbon,xLSTM,2025-11-01,205.1103866147995
BEL,carbon,xLSTM,2025-12-01,206.73208268165587
BGR,carbon,xLSTM,2025-01-01,294.5426905381679
BGR,carbon,xLSTM,2025-02-01,281.58243937253945
BGR,carbon,xLSTM,2025-03-01,277.5289374825358
BGR,carbon,xLSTM,2025-04-01,276.9605176763236
BGR,carbon,xLSTM,2025-05-01,284.7269024768471
BGR,carbon,xLSTM,2025-06-01,294.0818203799426
BGR,carbon,xLSTM,2025-07-01,310.76498039811844
BGR,carbon,xLSTM,2025-08-01,308.8717984499037
BGR,carbon,xLSTM,2025-09-01,317.225820698142
BGR,carbon,xLSTM,2025-10-01,327.00320353925224
BGR,carbon,xLSTM,2025-11-01,330.59286657005543
BGR,carbon,xLSTM,2025-12-01,303.7046203307807
BIH,carbon,xLSTM,2025-01-01,731.2707278442383
BIH,carbon,xLSTM,2025-02-01,737.8304517698288
BIH,carbon,xLSTM,2025-03-01,745.4540836501121
BIH,carbon,xLSTM,2025-04-01,759.5258441662788
BIH,carbon,xLSTM,2025-05-01,766.4607487225533
BIH,carbon,xLSTM,2025-06-01,772.0499677777291
BIH,carbon,xLSTM,2025-07-01,775.7392887878418
BIH,carbon,xLSTM,2025-08-01,772.6895178961754
BIH,carbon,xLSTM,2025-09-01,759.2515272164345
BIH,carbon,xLSTM,2025-10-01,736.0054285407066
BIH,carbon,xLSTM,2025-11-01,721.0126316142082
BIH,carbon,xLSTM,2025-12-01,703.142441663742
CHE,carbon,xLSTM,2025-01-01,54.78570621788501
CHE,carbon,xLSTM,2025-02-01,54.80858537405729
CHE,carbon,xLSTM,2025-03-01,54.825144906043995
CHE,carbon,xLSTM,2025-04-01,54.836301008164874
CHE,carbon,xLSTM,2025-05-01,54.84331306964158
CHE,carbon,xLSTM,2025-06-01,54.84720765143632
CHE,carbon,xLSTM,2025-07-01,54.849741548597805
CHE,carbon,xLSTM,2025-08-01,54.85159510344266
CHE,carbon,xLSTM,2025-09-01,54.852641318738456
CHE,carbon,xLSTM,2025-10-01,54.85314628392457
CHE,carbon,xLSTM,2025-11-01,54.85342446833848
CHE,carbon,xLSTM,2025-12-01,54.85354541808366
CYP,carbon,xLSTM,2025-01-01,534.6166116425395
CYP,carbon,xLSTM,2025-02-01,529.631491010487
CYP,carbon,xLSTM,2025-03-01,523.5196237316727
CYP,carbon,xLSTM,2025-04-01,523.8611913108825
CYP,carbon,xLSTM,2025-05-01,528.2507113178074
CYP,carbon,xLSTM,2025-06-01,533.2716980117559
CYP,carbon,xLSTM,2025-07-01,533.2829315420985
CYP,carbon,xLSTM,2025-08-01,531.4376379191875
CYP,carbon,xLSTM,2025-09-01,530.0169304046035
CYP,carbon,xLSTM,2025-10-01,531.0497134009004
CYP,carbon,xLSTM,2025-11-01,533.535323060155
CYP,carbon,xLSTM,2025-12-01,533.9270714010298
CZE,carbon,xLSTM,2025-01-01,426.7906065358221
CZE,carbon,xLSTM,2025-02-01,422.18680092245336
CZE,carbon,xLSTM,2025-03-01,409.9366523298621
CZE,carbon,xLSTM,2025-04-01,399.433429095149
CZE,carbon,xLSTM,2025-05-01,396.84646716132755
CZE,carbon,xLSTM,2025-06-01,395.3017900463939
CZE,carbon,xLSTM,2025-07-01,397.313574090898
CZE,carbon,xLSTM,2025-08-01,406.1448419415951
CZE,carbon,xLSTM,2025-09-01,419.76315953746433
CZE,carbon,xLSTM,2025-10-01,447.8633921357989
CZE,carbon,xLSTM,2025-11-01,451.9036732763052
CZE,carbon,xLSTM,2025-12-01,425.71645516008135
DEU,carbon,xLSTM,2025-01-01,377.35367701798674
DEU,carbon,xLSTM,2025-02-01,379.1249034759402
DEU,carbon,xLSTM,2025-03-01,379.58981067866085
DEU,carbon,xLSTM,2025-04-01,379.4673473638296
DEU,carbon,xLSTM,2025-05-01,379.89385720491407
DEU,carbon,xLSTM,2025-06-01,380.50244880229235
DEU,carbon,xLSTM,2025-07-01,381.1820971536636
DEU,carbon,xLSTM,2025-08-01,382.03934976398943
DEU,carbon,xLSTM,2025-09-01,382.741404415071
DEU,carbon,xLSTM,2025-10-01,383.5627806076407
DEU,carbon,xLSTM,2025-11-01,383.5672204789519
DEU,carbon,xLSTM,2025-12-01,383.2810933485627
DNK,carbon,xLSTM,2025-01-01,189.26710729241373
DNK,carbon,xLSTM,2025-02-01,186.99562592566014
DNK,carbon,xLSTM,2025-03-01,186.13055522859096
DNK,carbon,xLSTM,2025-04-01,184.1887313616276
DNK,carbon,xLSTM,2025-05-01,185.2619904768467
DNK,carbon,xLSTM,2025-06-01,188.20616680681707
DNK,carbon,xLSTM,2025-07-01,191.21740990638733
DNK,carbon,xLSTM,2025-08-01,192.06828973293307
DNK,carbon,xLSTM,2025-09-01,192.6272311550379
DNK,carbon,xLSTM,2025-10-01,195.6051316714287
DNK,carbon,xLSTM,2025-11-01,197.35675017297268
DNK,carbon,xLSTM,2025-12-01,196.39112702190877
ESP,carbon,xLSTM,2025-01-01,145.26684310913086
ESP,carbon,xLSTM,2025-02-01,147.79855430603027
ESP,carbon,xLSTM,2025-03-01,148.400581741333
ESP,carbon,xLSTM,2025-04-01,147.5137696838379
ESP,carbon,xLSTM,2025-05-01,146.49887886047364
ESP,carbon,xLSTM,2025-06-01,145.7150357055664
ESP,carbon,xLSTM,2025-07-01,145.7839493560791
ESP,carbon,xLSTM,2025-08-01,145.90262115478515
ESP,carbon,xLSTM,2025-09-01,146.16505615234374
ESP,carbon,xLSTM,2025-10-01,147.30538551330565
ESP,carbon,xLSTM,2025-11-01,149.2845597076416
ESP,carbon,xLSTM,2025-12-01,148.77482025146483
EST,carbon,xLSTM,2025-01-01,366.47363256663084
EST,carbon,xLSTM,2025-02-01,366.2145882302523
EST,carbon,xLSTM,2025-03-01,367.72307563692334
EST,carbon,xLSTM,2025-04-01,369.96889012873174
EST,carbon,xLSTM,2025-05-01,372.8219518467784
EST,carbon,xLSTM,2025-06-01,375.59135995835067
EST,carbon,xLSTM,2025-07-01,377.93865017265085
EST,carbon,xLSTM,2025-08-01,380.2389984205365
EST,carbon,xLSTM,2025-09-01,382.78260775804523
EST,carbon,xLSTM,2025-10-01,384.41618579059843
EST,carbon,xLSTM,2025-11-01,386.23730381518607
EST,carbon,xLSTM,2025-12-01,387.79529976487163
FIN,carbon,xLSTM,2025-01-01,83.29579587668181
FIN,carbon,xLSTM,2025-02-01,78.0271373718977
FIN,carbon,xLSTM,2025-03-01,76.23614368751645
FIN,carbon,xLSTM,2025-04-01,70.40021739169956
FIN,carbon,xLSTM,2025-05-01,66.2422353617847
FIN,carbon,xLSTM,2025-06-01,64.761631250754
FIN,carbon,xLSTM,2025-07-01,65.4270090919733
FIN,carbon,xLSTM,2025-08-01,66.62578944295645
FIN,carbon,xLSTM,2025-09-01,67.86635154254735
FIN,carbon,xLSTM,2025-10-01,69.36113593280315
FIN,carbon,xLSTM,2025-11-01,71.92500437922776
FIN,carbon,xLSTM,2025-12-01,71.92600942023098
FRA,carbon,xLSTM,2025-01-01,35.27531784281135
FRA,carbon,xLSTM,2025-02-01,32.99543401837349
FRA,carbon,xLSTM,2025-03-01,27.758153922110797
FRA,carbon,xLSTM,2025-04-01,22.04185108549893
FRA,carbon,xLSTM,2025-05-01,19.22504905864596
FRA,carbon,xLSTM,2025-06-01,19.671275515258312
FRA,carbon,xLSTM,2025-07-01,21.51437085725367
FRA,carbon,xLSTM,2025-08-01,23.471696054190396
FRA,carbon,xLSTM,2025-09-01,25.12839696869254
FRA,carbon,xLSTM,2025-10-01,26.12842294335365
FRA,carbon,xLSTM,2025-11-01,26.336439021006225
FRA,carbon,xLSTM,2025-12-01,24.878032980561255
GBR,carbon,xLSTM,2025-01-01,209.74649349987507
GBR,carbon,xLSTM,2025-02-01,206.24629292279482
GBR,carbon,xLSTM,2025-03-01,205.8952746143937
GBR,carbon,xLSTM,2025-04-01,205.71046639174224
GBR,carbon,xLSTM,2025-05-01,208.87036841988564
GBR,carbon,xLSTM,2025-06-01,208.16990317344667
GBR,carbon,xLSTM,2025-07-01,210.1923752218485
GBR,carbon,xLSTM,2025-08-01,210.5498565980792
GBR,carbon,xLSTM,2025-09-01,215.4929949182272
GBR,carbon,xLSTM,2025-10-01,216.78271866947412
GBR,carbon,xLSTM,2025-11-01,216.66707764983178
GBR,carbon,xLSTM,2025-12-01,212.67185773849488
GRC,carbon,xLSTM,2025-01-01,330.7610932350159
GRC,carbon,xLSTM,2025-02-01,332.13535357952117
GRC,carbon,xLSTM,2025-03-01,333.06758858203887
GRC,carbon,xLSTM,2025-04-01,333.7194336080551
GRC,carbon,xLSTM,2025-05-01,335.6726321029663
GRC,carbon,xLSTM,2025-06-01,336.9466180849075
GRC,carbon,xLSTM,2025-07-01,337.7127843809128
GRC,carbon,xLSTM,2025-08-01,337.9222340488434
GRC,carbon,xLSTM,2025-09-01,338.17298162460327
GRC,carbon,xLSTM,2025-10-01,338.5941764307022
GRC,carbon,xLSTM,2025-11-01,340.96465030193326
GRC,carbon,xLSTM,2025-12-01,339.5643654918671
HRV,carbon,xLSTM,2025-01-01,216.12741869807246
HRV,carbon,xLSTM,2025-02-01,216.16281777739528
HRV,carbon,xLSTM,2025-03-01,216.16262016117574
HRV,carbon,xLSTM,2025-04-01,216.15135603666306
HRV,carbon,xLSTM,2025-05-01,216.14085660099985
HRV,carbon,xLSTM,2025-06-01,216.1338970732689
HRV,carbon,xLSTM,2025-07-01,216.13188654303553
HRV,carbon,xLSTM,2025-08-01,216.12914569199086
HRV,carbon,xLSTM,2025-09-01,216.12674852132798
HRV,carbon,xLSTM,2025-10-01,216.12685162544253
HRV,carbon,xLSTM,2025-11-01,216.1268688094616
HRV,carbon,xLSTM,2025-12-01,216.1268859934807
HUN,carbon,xLSTM,2025-01-01,206.4145187908411
HUN,carbon,xLSTM,2025-02-01,193.0092648090422
HUN,carbon,xLSTM,2025-03-01,175.20937311924993
HUN,carbon,xLSTM,2025-04-01,158.78323504790663
HUN,carbon,xLSTM,2025-05-01,158.11516467124224
HUN,carbon,xLSTM,2025-06-01,159.76431652769446
HUN,carbon,xLSTM,2025-07-01,163.55806934028865
HUN,carbon,xLSTM,2025-08-01,174.28705272465945
HUN,carbon,xLSTM,2025-09-01,191.95247112452984
HUN,carbon,xLSTM,2025-10-01,201.326948505044
HUN,carbon,xLSTM,2025-11-01,214.4676845023036
HUN,carbon,xLSTM,2025-12-01,199.30293954104187
IND|delhi,carbon,xLSTM,2024-12-01,411.9151039671898
IND|delhi,carbon,xLSTM,2025-01-01,411.52211193799974
IND|delhi,carbon,xLSTM,2025-02-01,410.1646244549751
IND|delhi,carbon,xLSTM,2025-03-01,409.85110547423363
IND|delhi,carbon,xLSTM,2025-04-01,410.6760620617867
IND|delhi,carbon,xLSTM,2025-05-01,410.03186494708063
IND|delhi,carbon,xLSTM,2025-06-01,407.3504442924261
IND|delhi,carbon,xLSTM,2025-07-01,405.1585161453486
IND|delhi,carbon,xLSTM,2025-08-01,404.135096475482
IND|delhi,carbon,xLSTM,2025-09-01,403.76607808411126
IND|delhi,carbon,xLSTM,2025-10-01,404.0985037469864
IND|delhi,carbon,xLSTM,2025-11-01,404.1279482918978
IND|gujarat,carbon,xLSTM,2024-12-01,493.85096079826354
IND|gujarat,carbon,xLSTM,2025-01-01,493.46980209350585
IND|gujarat,carbon,xLSTM,2025-02-01,490.6499147033691
IND|gujarat,carbon,xLSTM,2025-03-01,489.59783746004103
IND|gujarat,carbon,xLSTM,2025-04-01,488.9711023449898
IND|gujarat,carbon,xLSTM,2025-05-01,487.7475755417347
IND|gujarat,carbon,xLSTM,2025-06-01,487.90268196702004
IND|gujarat,carbon,xLSTM,2025-07-01,487.91264558315277
IND|gujarat,carbon,xLSTM,2025-08-01,488.38217113494875
IND|gujarat,carbon,xLSTM,2025-09-01,491.8718378639221
IND|gujarat,carbon,xLSTM,2025-10-01,495.4303998875618
IND|gujarat,carbon,xLSTM,2025-11-01,493.2584980690479
IND|karnataka,carbon,xLSTM,2024-12-01,399.67967678904535
IND|karnataka,carbon,xLSTM,2025-01-01,399.772360175848
IND|karnataka,carbon,xLSTM,2025-02-01,398.9528400826454
IND|karnataka,carbon,xLSTM,2025-03-01,398.3547410857677
IND|karnataka,carbon,xLSTM,2025-04-01,396.48224552035333
IND|karnataka,carbon,xLSTM,2025-05-01,392.0903874325752
IND|karnataka,carbon,xLSTM,2025-06-01,386.64717947125433
IND|karnataka,carbon,xLSTM,2025-07-01,379.10796825885774
IND|karnataka,carbon,xLSTM,2025-08-01,382.3638725543022
IND|karnataka,carbon,xLSTM,2025-09-01,386.2375286066532
IND|karnataka,carbon,xLSTM,2025-10-01,392.7631426548958
IND|karnataka,carbon,xLSTM,2025-11-01,393.74961415767666
IND|kerala,carbon,xLSTM,2024-12-01,28.46399416565895
IND|kerala,carbon,xLSTM,2025-01-01,28.466133501529693
IND|kerala,carbon,xLSTM,2025-02-01,28.467552173137666
IND|kerala,carbon,xLSTM,2025-03-01,28.46835387945175
IND|kerala,carbon,xLSTM,2025-04-01,28.468718132972718
IND|kerala,carbon,xLSTM,2025-05-01,28.468956030607224
IND|kerala,carbon,xLSTM,2025-06-01,28.468895902633665
IND|kerala,carbon,xLSTM,2025-07-01,28.46871900439262
IND|kerala,carbon,xLSTM,2025-08-01,28.468370436429975
IND|kerala,carbon,xLSTM,2025-09-01,28.46813253879547
IND|kerala,carbon,xLSTM,2025-10-01,28.468033196926115
IND|kerala,carbon,xLSTM,2025-11-01,28.46806805372238
IND|maharashtra,carbon,xLSTM,2024-12-01,653.7764399170876
IND|maharashtra,carbon,xLSTM,2025-01-01,653.7739301145077
IND|maharashtra,carbon,xLSTM,2025-02-01,653.7580380445719
IND|maharashtra,carbon,xLSTM,2025-03-01,653.7313437843324
IND|maharashtra,carbon,xLSTM,2025-04-01,653.7192967319489
IND|maharashtra,carbon,xLSTM,2025-05-01,653.7082937574387
IND|maharashtra,carbon,xLSTM,2025-06-01,653.7132732057572
IND|maharashtra,carbon,xLSTM,2025-07-01,653.7145582246781
IND|maharashtra,carbon,xLSTM,2025-08-01,653.7445051890612
IND|maharashtra,carbon,xLSTM,2025-09-01,653.765677883625
IND|maharashtra,carbon,xLSTM,2025-10-01,653.7716411745548
IND|maharashtra,carbon,xLSTM,2025-11-01,653.763790512085
IND|odisha,carbon,xLSTM,2024-12-01,737.9988858795166
IND|odisha,carbon,xLSTM,2025-01-01,737.7786928629876
IND|odisha,carbon,xLSTM,2025-02-01,737.6767450428009
IND|odisha,carbon,xLSTM,2025-03-01,737.6277815389634
IND|odisha,carbon,xLSTM,2025-04-01,737.5947347426415
IND|odisha,carbon,xLSTM,2025-05-01,737.604489376545
IND|odisha,carbon,xLSTM,2025-06-01,737.6101994061471
IND|odisha,carbon,xLSTM,2025-07-01,737.6388209295274
IND|odisha,carbon,xLSTM,2025-08-01,737.7030825543404
IND|odisha,carbon,xLSTM,2025-09-01,737.816093556881
IND|odisha,carbon,xLSTM,2025-10-01,737.9653394556046
IND|odisha,carbon,xLSTM,2025-11-01,738.0769705343247
IND|rajasthan,carbon,xLSTM,2024-12-01,438.78068912535906
IND|rajasthan,carbon,xLSTM,2025-01-01,438.5997273495793
IND|rajasthan,carbon,xLSTM,2025-02-01,437.0443793223798
IND|rajasthan,carbon,xLSTM,2025-03-01,436.78821774527427
IND|rajasthan,carbon,xLSTM,2025-04-01,436.77501432463526
IND|rajasthan,carbon,xLSTM,2025-05-01,436.41917745634913
IND|rajasthan,carbon,xLSTM,2025-06-01,436.5450942534208
IND|rajasthan,carbon,xLSTM,2025-07-01,436.56789297908546
IND|rajasthan,carbon,xLSTM,2025-08-01,436.70104795455933
IND|rajasthan,carbon,xLSTM,2025-09-01,436.9458569894731
IND|rajasthan,carbon,xLSTM,2025-10-01,437.08448412731286
IND|rajasthan,carbon,xLSTM,2025-11-01,437.6465015389025
IND|tamil nadu,carbon,xLSTM,2024-12-01,486.9754907846451
IND|tamil nadu,carbon,xLSTM,2025-01-01,487.6987501192093
IND|tamil nadu,carbon,xLSTM,2025-02-01,488.1988511991501
IND|tamil nadu,carbon,xLSTM,2025-03-01,488.53132471561435
IND|tamil nadu,carbon,xLSTM,2025-04-01,488.722342171669
IND|tamil nadu,carbon,xLSTM,2025-05-01,488.71003811359407
IND|tamil nadu,carbon,xLSTM,2025-06-01,488.55479582309727
IND|tamil nadu,carbon,xLSTM,2025-07-01,488.28238072872165
IND|tamil nadu,carbon,xLSTM,2025-08-01,487.91760398387913
IND|tamil nadu,carbon,xLSTM,2025-09-01,487.712475438118
IND|tamil nadu,carbon,xLSTM,2025-10-01,487.52125494480134
IND|tamil nadu,carbon,xLSTM,2025-11-01,487.5885821008682
IND|telangana,carbon,xLSTM,2024-12-01,672.7297105967999
IND|telangana,carbon,xLSTM,2025-01-01,675.8954117226601
IND|telangana,carbon,xLSTM,2025-02-01,678.8281672924758
IND|telangana,carbon,xLSTM,2025-03-01,680.9550571548939
IND|telangana,carbon,xLSTM,2025-04-01,682.0568266767264
IND|telangana,carbon,xLSTM,2025-05-01,682.1310219293833
IND|telangana,carbon,xLSTM,2025-06-01,681.3828513032198
IND|telangana,carbon,xLSTM,2025-07-01,680.1633043128252
IND|telangana,carbon,xLSTM,2025-08-01,678.814220983386
IND|telangana,carbon,xLSTM,2025-09-01,677.6161708515883
IND|telangana,carbon,xLSTM,2025-10-01,676.8882534641027
IND|telangana,carbon,xLSTM,2025-11-01,676.5128468048573
IND|uttar pradesh,carbon,xLSTM,2024-12-01,761.6614340400696
IND|uttar pradesh,carbon,xLSTM,2025-01-01,761.6361879730224
IND|uttar pradesh,carbon,xLSTM,2025-02-01,761.6318430519103
IND|uttar pradesh,carbon,xLSTM,2025-03-01,761.6348021507263
IND|uttar pradesh,carbon,xLSTM,2025-04-01,761.6464711761474
IND|uttar pradesh,carbon,xLSTM,2025-05-01,761.6631278228759
IND|uttar pradesh,carbon,xLSTM,2025-06-01,761.6793258762359
IND|uttar pradesh,carbon,xLSTM,2025-07-01,761.6927589797973
IND|uttar pradesh,carbon,xLSTM,2025-08-01,761.7038120841979
IND|uttar pradesh,carbon,xLSTM,2025-09-01,761.7077051067351
IND|uttar pradesh,carbon,xLSTM,2025-10-01,761.7068916893005
IND|uttar pradesh,carbon,xLSTM,2025-11-01,761.7081034469604
IND|west bengal,carbon,xLSTM,2024-12-01,782.467820109129
IND|west bengal,carbon,xLSTM,2025-01-01,783.5261644244194
IND|west bengal,carbon,xLSTM,2025-02-01,786.0932954704762
IND|west bengal,carbon,xLSTM,2025-03-01,788.7604452109337
IND|west bengal,carbon,xLSTM,2025-04-01,790.1950534176826
IND|west bengal,carbon,xLSTM,2025-05-01,790.3729756236077
IND|west bengal,carbon,xLSTM,2025-06-01,789.5174578046799
IND|west bengal,carbon,xLSTM,2025-07-01,785.0639479899406
IND|west bengal,carbon,xLSTM,2025-08-01,780.5628627336025
IND|west bengal,carbon,xLSTM,2025-09-01,782.3643389678001
IND|west bengal,carbon,xLSTM,2025-10-01,783.8717234230041
IND|west bengal,carbon,xLSTM,2025-11-01,784.7912764334678
IRL,carbon,xLSTM,2025-01-01,315.73151512056586
IRL,carbon,xLSTM,2025-02-01,315.67124089866877
IRL,carbon,xLSTM,2025-03-01,317.4669104260206
IRL,carbon,xLSTM,2025-04-01,320.433095882535
IRL,carbon,xLSTM,2025-05-01,322.42191996514794
IRL,carbon,xLSTM,2025-06-01,321.46958275437356
IRL,carbon,xLSTM,2025-07-01,321.4593681207299
IRL,carbon,xLSTM,2025-08-01,319.28764916449785
IRL,carbon,xLSTM,2025-09-01,320.7271016442776
IRL,carbon,xLSTM,2025-10-01,320.10353598803283
IRL,carbon,xLSTM,2025-11-01,320.70069225519893
IRL,carbon,xLSTM,2025-12-01,320.05960292756555
ITA,carbon,xLSTM,2025-01-01,282.7452951070666
ITA,carbon,xLSTM,2025-02-01,284.66628611803054
ITA,carbon,xLSTM,2025-03-01,286.6513044622541
ITA,carbon,xLSTM,2025-04-01,287.05228247731924
ITA,carbon,xLSTM,2025-05-01,286.2188052985072
ITA,carbon,xLSTM,2025-06-01,283.8868969866634
ITA,carbon,xLSTM,2025-07-01,281.72535884171725
ITA,carbon,xLSTM,2025-08-01,283.9286926069856
ITA,carbon,xLSTM,2025-09-01,283.4509501972795
ITA,carbon,xLSTM,2025-10-01,284.35547309011224
ITA,carbon,xLSTM,2025-11-01,290.94630722910165
ITA,carbon,xLSTM,2025-12-01,281.9392894849181
LTU,carbon,xLSTM,2025-01-01,164.56987787365912
LTU,carbon,xLSTM,2025-02-01,165.3294937583804
LTU,carbon,xLSTM,2025-03-01,166.0243673071265
LTU,carbon,xLSTM,2025-04-01,166.83161580771207
LTU,carbon,xLSTM,2025-05-01,167.07585658222436
LTU,carbon,xLSTM,2025-06-01,167.457455188334
LTU,carbon,xLSTM,2025-07-01,167.72742775291204
LTU,carbon,xLSTM,2025-08-01,167.9992053833604
LTU,carbon,xLSTM,2025-09-01,168.00996856868267
LTU,carbon,xLSTM,2025-10-01,168.049305562675
LTU,carbon,xLSTM,2025-11-01,167.87951415389776
LTU,carbon,xLSTM,2025-12-01,167.86264446914197
LUX,carbon,xLSTM,2025-01-01,119.86990107893944
LUX,carbon,xLSTM,2025-02-01,121.63756841808558
LUX,carbon,xLSTM,2025-03-01,123.41714663296938
LUX,carbon,xLSTM,2025-04-01,124.83803761661053
LUX,carbon,xLSTM,2025-05-01,127.18243373125792
LUX,carbon,xLSTM,2025-06-01,129.16235108792782
LUX,carbon,xLSTM,2025-07-01,130.6344220814109
LUX,carbon,xLSTM,2025-08-01,132.42529526352882
LUX,carbon,xLSTM,2025-09-01,129.92728958129882
LUX,carbon,xLSTM,2025-10-01,127.67632281303406
LUX,carbon,xLSTM,2025-11-01,125.7747748464346
LUX,carbon,xLSTM,2025-12-01,127.4453074541688
LVA,carbon,xLSTM,2025-01-01,178.22336628675458
LVA,carbon,xLSTM,2025-02-01,132.3366782283783
LVA,carbon,xLSTM,2025-03-01,94.56864588916302
LVA,carbon,xLSTM,2025-04-01,82.23955706655978
LVA,carbon,xLSTM,2025-05-01,85.41738645792007
LVA,carbon,xLSTM,2025-06-01,109.02598666787148
LVA,carbon,xLSTM,2025-07-01,137.54294880151747
LVA,carbon,xLSTM,2025-08-01,154.23806318998336
LVA,carbon,xLSTM,2025-09-01,168.64297436237334
LVA,carbon,xLSTM,2025-10-01,173.24103509187697
LVA,carbon,xLSTM,2025-11-01,182.66522000551223
LVA,carbon,xLSTM,2025-12-01,170.37309550285337
MDA,carbon,xLSTM,2023-09-01,712.7680604505539
MDA,carbon,xLSTM,2023-10-01,712.7786830997467
MDA,carbon,xLSTM,2023-11-01,712.797188410759
MDA,carbon,xLSTM,2023-12-01,712.8328867959976
MDA,carbon,xLSTM,2024-01-01,712.8498164987564
MDA,carbon,xLSTM,2024-02-01,712.861303191185
MDA,carbon,xLSTM,2024-03-01,712.8755899381637
MDA,carbon,xLSTM,2024-04-01,712.8872152471542
MDA,carbon,xLSTM,2024-05-01,712.9030036735535
MDA,carbon,xLSTM,2024-06-01,712.9124758052826
MDA,carbon,xLSTM,2024-07-01,712.9191709852219
MDA,carbon,xLSTM,2024-08-01,712.9226595020294
MKD,carbon,xLSTM,2024-03-01,636.4338613653183
MKD,carbon,xLSTM,2024-04-01,646.4736642336845
MKD,carbon,xLSTM,2024-05-01,652.8827649879455
MKD,carbon,xLSTM,2024-06-01,656.0210079956055
MKD,carbon,xLSTM,2024-07-01,656.4855295181275
MKD,carbon,xLSTM,2024-08-01,654.6489885139465
MKD,carbon,xLSTM,2024-09-01,651.3113942718505
MKD,carbon,xLSTM,2024-10-01,646.8324431848525
MKD,carbon,xLSTM,2024-11-01,641.6061617279053
MKD,carbon,xLSTM,2024-12-01,636.3189739704131
MKD,carbon,xLSTM,2025-01-01,631.4837003087997
MKD,carbon,xLSTM,2025-02-01,627.4313892745971
MLT,carbon,xLSTM,2025-01-01,504.8228745067119
MLT,carbon,xLSTM,2025-02-01,505.0120760345459
MLT,carbon,xLSTM,2025-03-01,504.91423878908154
MLT,carbon,xLSTM,2025-04-01,504.9842369875311
MLT,carbon,xLSTM,2025-05-01,505.31235254794353
MLT,carbon,xLSTM,2025-06-01,505.48355181038374
MLT,carbon,xLSTM,2025-07-01,505.6841181635856
MLT,carbon,xLSTM,2025-08-01,505.7235607928037
MLT,carbon,xLSTM,2025-09-01,505.436925253272
MLT,carbon,xLSTM,2025-10-01,505.7391065156459
MLT,carbon,xLSTM,2025-11-01,505.57551563769573
MLT,carbon,xLSTM,2025-12-01,505.40576483339066
NLD,carbon,xLSTM,2025-01-01,247.47508843421937
NLD,carbon,xLSTM,2025-02-01,248.81959177970887
NLD,carbon,xLSTM,2025-03-01,250.59435263633728
NLD,carbon,xLSTM,2025-04-01,251.988613653183
NLD,carbon,xLSTM,2025-05-01,255.04989989280702
NLD,carbon,xLSTM,2025-06-01,256.9723270702362
NLD,carbon,xLSTM,2025-07-01,259.67168385505676
NLD,carbon,xLSTM,2025-08-01,262.2404376506805
NLD,carbon,xLSTM,2025-09-01,263.69415877342226
NLD,carbon,xLSTM,2025-10-01,264.2760557460785
NLD,carbon,xLSTM,2025-11-01,262.0986002635956
NLD,carbon,xLSTM,2025-12-01,258.34119236946106
NOR,carbon,xLSTM,2025-01-01,26.89485849305988
NOR,carbon,xLSTM,2025-02-01,26.866500642001633
NOR,carbon,xLSTM,2025-03-01,26.935705639570955
NOR,carbon,xLSTM,2025-04-01,27.01014644056559
NOR,carbon,xLSTM,2025-05-01,27.06056611657143
NOR,carbon,xLSTM,2025-06-01,27.077079963386062
NOR,carbon,xLSTM,2025-07-01,27.07446951553226
NOR,carbon,xLSTM,2025-08-01,27.04964230895043
NOR,carbon,xLSTM,2025-09-01,27.023039309233432
NOR,carbon,xLSTM,2025-10-01,26.99530367791653
NOR,carbon,xLSTM,2025-11-01,26.9716328842938
NOR,carbon,xLSTM,2025-12-01,26.954477650672203
POL,carbon,xLSTM,2025-01-01,649.3466681640595
POL,carbon,xLSTM,2025-02-01,648.4979145042597
POL,carbon,xLSTM,2025-03-01,647.9971227725595
POL,carbon,xLSTM,2025-04-01,646.8599024917185
POL,carbon,xLSTM,2025-05-01,647.0934934538602
POL,carbon,xLSTM,2025-06-01,647.6426928035914
POL,carbon,xLSTM,2025-07-01,647.2145511738211
POL,carbon,xLSTM,2025-08-01,647.4521563221514
POL,carbon,xLSTM,2025-09-01,647.8998647757619
POL,carbon,xLSTM,2025-10-01,649.8406024388223
POL,carbon,xLSTM,2025-11-01,649.32172419779
POL,carbon,xLSTM,2025-12-01,646.9983319024741
PRT,carbon,xLSTM,2025-01-01,91.14188620686531
PRT,carbon,xLSTM,2025-02-01,90.35751625090838
PRT,carbon,xLSTM,2025-03-01,91.1168413028121
PRT,carbon,xLSTM,2025-04-01,92.21318560093641
PRT,carbon,xLSTM,2025-05-01,95.10586166709662
PRT,carbon,xLSTM,2025-06-01,97.77251247763634
PRT,carbon,xLSTM,2025-07-01,99.1067247030139
PRT,carbon,xLSTM,2025-08-01,98.5261784440279
PRT,carbon,xLSTM,2025-09-01,97.56429263740777
PRT,carbon,xLSTM,2025-10-01,96.70673414260149
PRT,carbon,xLSTM,2025-11-01,97.18844654351473
PRT,carbon,xLSTM,2025-12-01,95.70820920795202
ROU,carbon,xLSTM,2025-01-01,277.8213137078285
ROU,carbon,xLSTM,2025-02-01,277.3667074537277
ROU,carbon,xLSTM,2025-03-01,277.29196480274203
ROU,carbon,xLSTM,2025-04-01,277.4107821559906
ROU,carbon,xLSTM,2025-05-01,279.7598297190666
ROU,carbon,xLSTM,2025-06-01,282.1030956196785
ROU,carbon,xLSTM,2025-07-01,282.1724923276901
ROU,carbon,xLSTM,2025-08-01,281.6092075777054
ROU,carbon,xLSTM,2025-09-01,281.4501364469528
ROU,carbon,xLSTM,2025-10-01,282.53803584218025
ROU,carbon,xLSTM,2025-11-01,282.99449390411377
ROU,carbon,xLSTM,2025-12-01,282.0389107871056
SRB,carbon,xLSTM,2025-01-01,729.666142809987
SRB,carbon,xLSTM,2025-02-01,727.9410466772318
SRB,carbon,xLSTM,2025-03-01,726.3010054254532
SRB,carbon,xLSTM,2025-04-01,725.1307170259953
SRB,carbon,xLSTM,2025-05-01,724.4809302145243
SRB,carbon,xLSTM,2025-06-01,724.2983249861002
SRB,carbon,xLSTM,2025-07-01,724.4242495155335
SRB,carbon,xLSTM,2025-08-01,724.8416296726465
SRB,carbon,xLSTM,2025-09-01,725.3365990078449
SRB,carbon,xLSTM,2025-10-01,725.6904868578911
SRB,carbon,xLSTM,2025-11-01,725.9324793845416
SRB,carbon,xLSTM,2025-12-01,726.1933278858662
SVK,carbon,xLSTM,2025-01-01,86.41073825255036
SVK,carbon,xLSTM,2025-02-01,85.79764546945691
SVK,carbon,xLSTM,2025-03-01,85.38466224178671
SVK,carbon,xLSTM,2025-04-01,84.35615340352058
SVK,carbon,xLSTM,2025-05-01,84.78955618023872
SVK,carbon,xLSTM,2025-06-01,85.34790654718876
SVK,carbon,xLSTM,2025-07-01,85.27694950029255
SVK,carbon,xLSTM,2025-08-01,85.25550973325967
SVK,carbon,xLSTM,2025-09-01,85.0841738691926
SVK,carbon,xLSTM,2025-10-01,85.37761185199022
SVK,carbon,xLSTM,2025-11-01,85.20349633693695
SVK,carbon,xLSTM,2025-12-01,82.90559076428413
SVN,carbon,xLSTM,2025-01-01,282.2904453319311
SVN,carbon,xLSTM,2025-02-01,282.69277022004127
SVN,carbon,xLSTM,2025-03-01,283.0075507295131
SVN,carbon,xLSTM,2025-04-01,283.25132653236386
SVN,carbon,xLSTM,2025-05-01,283.4074526083469
SVN,carbon,xLSTM,2025-06-01,283.55890824615955
SVN,carbon,xLSTM,2025-07-01,283.6321252655983
SVN,carbon,xLSTM,2025-08-01,283.6787945312261
SVN,carbon,xLSTM,2025-09-01,283.6971953552961
SVN,carbon,xLSTM,2025-10-01,283.7179489564895
SVN,carbon,xLSTM,2025-11-01,283.72792192220686
SVN,carbon,xLSTM,2025-12-01,283.7061148387193
SWE,carbon,xLSTM,2025-01-01,26.372462580204008
SWE,carbon,xLSTM,2025-02-01,28.231745759844777
SWE,carbon,xLSTM,2025-03-01,29.011848720312116
SWE,carbon,xLSTM,2025-04-01,28.791300209164618
SWE,carbon,xLSTM,2025-05-01,28.003847878575325
SWE,carbon,xLSTM,2025-06-01,26.660426395535467
SWE,carbon,xLSTM,2025-07-01,24.765369377732274
SWE,carbon,xLSTM,2025-08-01,22.308133903145787
SWE,carbon,xLSTM,2025-09-01,20.742611094415185
SWE,carbon,xLSTM,2025-10-01,20.358953067958353
SWE,carbon,xLSTM,2025-11-01,21.36124430000782
SWE,carbon,xLSTM,2025-12-01,23.54263025730848
TUR,carbon,xLSTM,2025-01-01,504.20739296793937
TUR,carbon,xLSTM,2025-02-01,476.8898179870844
TUR,carbon,xLSTM,2025-03-01,426.67004987865687
TUR,carbon,xLSTM,2025-04-01,383.1247024860978
TUR,carbon,xLSTM,2025-05-01,414.4506180611253
TUR,carbon,xLSTM,2025-06-01,449.3706864130497
TUR,carbon,xLSTM,2025-07-01,476.60446250855927
TUR,carbon,xLSTM,2025-08-01,497.25830282092096
TUR,carbon,xLSTM,2025-09-01,511.86634076952936
TUR,carbon,xLSTM,2025-10-01,520.639847536087
TUR,carbon,xLSTM,2025-11-01,525.7317448866368
TUR,carbon,xLSTM,2025-12-01,520.8624721151591
USA|alabama,carbon,xLSTM,2025-01-01,349.432664014101
USA|alabama,carbon,xLSTM,2025-02-01,350.25892250061037
USA|alabama,carbon,xLSTM,2025-03-01,353.0849623477459
USA|alabama,carbon,xLSTM,2025-04-01,356.21585737228395
USA|alabama,carbon,xLSTM,2025-05-01,356.7741153764725
USA|alabama,carbon,xLSTM,2025-06-01,357.6395867908001
USA|alabama,carbon,xLSTM,2025-07-01,355.8107870483399
USA|alabama,carbon,xLSTM,2025-08-01,353.6561808872223
USA|alabama,carbon,xLSTM,2025-09-01,352.2403057479859
USA|alabama,carbon,xLSTM,2025-10-01,350.2385754346848
USA|alabama,carbon,xLSTM,2025-11-01,351.1939325463772
USA|alabama,carbon,xLSTM,2025-12-01,352.9907499754429
USA|arizona,carbon,xLSTM,2025-01-01,294.76534356355666
USA|arizona,carbon,xLSTM,2025-02-01,284.35736157327887
USA|arizona,carbon,xLSTM,2025-03-01,279.295713006407
USA|arizona,carbon,xLSTM,2025-04-01,289.9764133411646
USA|arizona,carbon,xLSTM,2025-05-01,295.05932537212965
USA|arizona,carbon,xLSTM,2025-06-01,307.54681089982387
USA|arizona,carbon,xLSTM,2025-07-01,315.68317869842053
USA|arizona,carbon,xLSTM,2025-08-01,313.37660443246364
USA|arizona,carbon,xLSTM,2025-09-01,309.8923449292779
USA|arizona,carbon,xLSTM,2025-10-01,307.41185394421217
USA|arizona,carbon,xLSTM,2025-11-01,296.5152401535213
USA|arizona,carbon,xLSTM,2025-12-01,296.76842978283764
USA|arkansas,carbon,xLSTM,2025-01-01,412.40996816903356
USA|arkansas,carbon,xLSTM,2025-02-01,415.0858122634888
USA|arkansas,carbon,xLSTM,2025-03-01,418.03845548421145
USA|arkansas,carbon,xLSTM,2025-04-01,422.98179397940635
USA|arkansas,carbon,xLSTM,2025-05-01,431.6826735696197
USA|arkansas,carbon,xLSTM,2025-06-01,436.36170802086593
USA|arkansas,carbon,xLSTM,2025-07-01,436.08001056224106
USA|arkansas,carbon,xLSTM,2025-08-01,433.1543298435211
USA|arkansas,carbon,xLSTM,2025-09-01,429.5514330023527
USA|arkansas,carbon,xLSTM,2025-10-01,426.3382353460789
USA|arkansas,carbon,xLSTM,2025-11-01,422.40348732471466
USA|arkansas,carbon,xLSTM,2025-12-01,425.4179232248664
USA|california,carbon,xLSTM,2025-01-01,212.22035348892214
USA|california,carbon,xLSTM,2025-02-01,181.691087846756
USA|california,carbon,xLSTM,2025-03-01,154.42437811970711
USA|california,carbon,xLSTM,2025-04-01,140.52542348086834
USA|california,carbon,xLSTM,2025-05-01,139.36608344495298
USA|california,carbon,xLSTM,2025-06-01,154.68275719165803
USA|california,carbon,xLSTM,2025-07-01,175.5008549976349
USA|california,carbon,xLSTM,2025-08-01,180.74319317817688
USA|california,carbon,xLSTM,2025-09-01,188.58210530757904
USA|california,carbon,xLSTM,2025-10-01,193.7343399333954
USA|california,carbon,xLSTM,2025-11-01,190.82092922210694
USA|california,carbon,xLSTM,2025-12-01,183.99537160873413
USA|colorado,carbon,xLSTM,2025-01-01,371.8153807334602
USA|colorado,carbon,xLSTM,2025-02-01,363.2454315106571
USA|colorado,carbon,xLSTM,2025-03-01,358.74828207924963
USA|colorado,carbon,xLSTM,2025-04-01,361.4389929506183
USA|colorado,carbon,xLSTM,2025-05-01,371.0877021551132
USA|colorado,carbon,xLSTM,2025-06-01,379.8228544658423
USA|colorado,carbon,xLSTM,2025-07-01,380.0439935193956
USA|colorado,carbon,xLSTM,2025-08-01,376.01599360302095
USA|colorado,carbon,xLSTM,2025-09-01,372.60311186924577
USA|colorado,carbon,xLSTM,2025-10-01,371.0490345823765
USA|colorado,carbon,xLSTM,2025-11-01,372.27670872405173
USA|colorado,carbon,xLSTM,2025-12-01,371.32962289974097
USA|connecticut,carbon,xLSTM,2025-01-01,286.86889456599954
USA|connecticut,carbon,xLSTM,2025-02-01,285.0172238498926
USA|connecticut,carbon,xLSTM,2025-03-01,284.59722046613695
USA|connecticut,carbon,xLSTM,2025-04-01,284.3108614820242
USA|connecticut,carbon,xLSTM,2025-05-01,284.9399564284086
USA|connecticut,carbon,xLSTM,2025-06-01,285.4764393442869
USA|connecticut,carbon,xLSTM,2025-07-01,285.33127798199655
USA|connecticut,carbon,xLSTM,2025-08-01,284.80617593467235
USA|connecticut,carbon,xLSTM,2025-09-01,284.2752218413353
USA|connecticut,carbon,xLSTM,2025-10-01,283.1972035163641
USA|connecticut,carbon,xLSTM,2025-11-01,281.8523216861486
USA|connecticut,carbon,xLSTM,2025-12-01,280.8635640746355
USA|delaware,carbon,xLSTM,2025-01-01,477.89868519872425
USA|delaware,carbon,xLSTM,2025-02-01,478.47801532499494
USA|delaware,carbon,xLSTM,2025-03-01,480.12970571890475
USA|delaware,carbon,xLSTM,2025-04-01,481.8716222028434
USA|delaware,carbon,xLSTM,2025-05-01,483.3127868230641
USA|delaware,carbon,xLSTM,2025-06-01,484.5194522717595
USA|delaware,carbon,xLSTM,2025-07-01,485.14522405400874
USA|delaware,carbon,xLSTM,2025-08-01,485.4148750065267
USA|delaware,carbon,xLSTM,2025-09-01,486.08550366804
USA|delaware,carbon,xLSTM,2025-10-01,487.24805020719765
USA|delaware,carbon,xLSTM,2025-11-01,488.08888441875575
USA|delaware,carbon,xLSTM,2025-12-01,488.76265608802436
USA|florida,carbon,xLSTM,2025-01-01,406.4238933522254
USA|florida,carbon,xLSTM,2025-02-01,405.24307957865295
USA|florida,carbon,xLSTM,2025-03-01,408.64028031289575
USA|florida,carbon,xLSTM,2025-04-01,410.5823969960212
USA|florida,carbon,xLSTM,2025-05-01,414.27606937825675
USA|florida,carbon,xLSTM,2025-06-01,415.9612858244776
USA|florida,carbon,xLSTM,2025-07-01,415.1928099247813
USA|florida,carbon,xLSTM,2025-08-01,413.963280891478
USA|florida,carbon,xLSTM,2025-09-01,412.5844714012742
USA|florida,carbon,xLSTM,2025-10-01,409.0689895552396
USA|florida,carbon,xLSTM,2025-11-01,407.6238532760739
USA|florida,carbon,xLSTM,2025-12-01,408.05873216241594
USA|georgia,carbon,xLSTM,2025-01-01,323.172639978528
USA|georgia,carbon,xLSTM,2025-02-01,316.5108012804389
USA|georgia,carbon,xLSTM,2025-03-01,313.95775892049073
USA|georgia,carbon,xLSTM,2025-04-01,318.8530560481548
USA|georgia,carbon,xLSTM,2025-05-01,323.1665969491005
USA|georgia,carbon,xLSTM,2025-06-01,328.178219845593
USA|georgia,carbon,xLSTM,2025-07-01,326.0286032006145
USA|georgia,carbon,xLSTM,2025-08-01,320.95694744348526
USA|georgia,carbon,xLSTM,2025-09-01,316.79529243141417
USA|georgia,carbon,xLSTM,2025-10-01,312.0950460524857
USA|georgia,carbon,xLSTM,2025-11-01,314.1006898142398
USA|georgia,carbon,xLSTM,2025-12-01,316.44478653401137
USA|idaho,carbon,xLSTM,2025-01-01,181.23799440562726
USA|idaho,carbon,xLSTM,2025-02-01,173.25633538067342
USA|idaho,carbon,xLSTM,2025-03-01,140.1603787869215
USA|idaho,carbon,xLSTM,2025-04-01,95.11190510094166
USA|idaho,carbon,xLSTM,2025-05-01,96.22037308216095
USA|idaho,carbon,xLSTM,2025-06-01,142.1438259214163
USA|idaho,carbon,xLSTM,2025-07-01,193.4534942686558
USA|idaho,carbon,xLSTM,2025-08-01,192.17470023334027
USA|idaho,carbon,xLSTM,2025-09-01,173.4779679954052
USA|idaho,carbon,xLSTM,2025-10-01,165.07198319137098
USA|idaho,carbon,xLSTM,2025-11-01,173.75363961160184
USA|idaho,carbon,xLSTM,2025-12-01,185.9855458468199
USA|illinois,carbon,xLSTM,2025-01-01,213.8882872262597
USA|illinois,carbon,xLSTM,2025-02-01,211.4335830423236
USA|illinois,carbon,xLSTM,2025-03-01,213.33102052897215
USA|illinois,carbon,xLSTM,2025-04-01,217.59097654700278
USA|illinois,carbon,xLSTM,2025-05-01,223.14869873940944
USA|illinois,carbon,xLSTM,2025-06-01,227.97393039137125
USA|illinois,carbon,xLSTM,2025-07-01,227.41733110547065
USA|illinois,carbon,xLSTM,2025-08-01,222.64670504659415
USA|illinois,carbon,xLSTM,2025-09-01,216.7819736161828
USA|illinois,carbon,xLSTM,2025-10-01,213.3502533185482
USA|illinois,carbon,xLSTM,2025-11-01,213.50352238059043
USA|illinois,carbon,xLSTM,2025-12-01,217.91439189106225
USA|indiana,carbon,xLSTM,2025-01-01,558.3497398275136
USA|indiana,carbon,xLSTM,2025-02-01,553.0714175488055
USA|indiana,carbon,xLSTM,2025-03-01,554.436463664025
USA|indiana,carbon,xLSTM,2025-04-01,559.1784144560993
USA|indiana,carbon,xLSTM,2025-05-01,564.5904182198643
USA|indiana,carbon,xLSTM,2025-06-01,567.0110214921832
USA|indiana,carbon,xLSTM,2025-07-01,565.5011312264204
USA|indiana,carbon,xLSTM,2025-08-01,560.8652122314274
USA|indiana,carbon,xLSTM,2025-09-01,556.9907123546302
USA|indiana,carbon,xLSTM,2025-10-01,555.7575308609008
USA|indiana,carbon,xLSTM,2025-11-01,559.6155346985161
USA|indiana,carbon,xLSTM,2025-12-01,559.8527458484471
USA|iowa,carbon,xLSTM,2025-01-01,247.32010606318713
USA|iowa,carbon,xLSTM,2025-02-01,217.3005575630069
USA|iowa,carbon,xLSTM,2025-03-01,213.9802343812585
USA|iowa,carbon,xLSTM,2025-04-01,225.50650035619736
USA|iowa,carbon,xLSTM,2025-05-01,271.01282895952465
USA|iowa,carbon,xLSTM,2025-06-01,299.8842112264037
USA|iowa,carbon,xLSTM,2025-07-01,326.69399912506344
USA|iowa,carbon,xLSTM,2025-08-01,294.63044672489167
USA|iowa,carbon,xLSTM,2025-09-01,262.5330959522724
USA|iowa,carbon,xLSTM,2025-10-01,244.64303673893212
USA|iowa,carbon,xLSTM,2025-11-01,256.6743001705408
USA|iowa,carbon,xLSTM,2025-12-01,260.4857100880146
USA|kansas,carbon,xLSTM,2025-01-01,265.0457868397236
USA|kansas,carbon,xLSTM,2025-02-01,260.19896196484564
USA|kansas,carbon,xLSTM,2025-03-01,264.4626461148262
USA|kansas,carbon,xLSTM,2025-04-01,270.4436383259296
USA|kansas,carbon,xLSTM,2025-05-01,277.7434210288524
USA|kansas,carbon,xLSTM,2025-06-01,279.5095246732235
USA|kansas,carbon,xLSTM,2025-07-01,281.2308838033676
USA|kansas,carbon,xLSTM,2025-08-01,275.9106625771522
USA|kansas,carbon,xLSTM,2025-09-01,270.5430062770843
USA|kansas,carbon,xLSTM,2025-10-01,267.398858910799
USA|kansas,carbon,xLSTM,2025-11-01,273.5896640074253
USA|kansas,carbon,xLSTM,2025-12-01,279.3748240900039
USA|kentucky,carbon,xLSTM,2025-01-01,679.1445662641526
USA|kentucky,carbon,xLSTM,2025-02-01,679.0965206050873
USA|kentucky,carbon,xLSTM,2025-03-01,679.2500458145142
USA|kentucky,carbon,xLSTM,2025-04-01,679.4393725347519
USA|kentucky,carbon,xLSTM,2025-05-01,679.7402219867707
USA|kentucky,carbon,xLSTM,2025-06-01,680.2706755161286
USA|kentucky,carbon,xLSTM,2025-07-01,680.3715372133255
USA|kentucky,carbon,xLSTM,2025-08-01,680.5293594455719
USA|kentucky,carbon,xLSTM,2025-09-01,680.8535032844544
USA|kentucky,carbon,xLSTM,2025-10-01,681.3968531417847
USA|kentucky,carbon,xLSTM,2025-11-01,681.5824666452409
USA|kentucky,carbon,xLSTM,2025-12-01,681.8068217277528
USA|louisiana,carbon,xLSTM,2025-01-01,420.8491323935986
USA|louisiana,carbon,xLSTM,2025-02-01,425.6079159724713
USA|louisiana,carbon,xLSTM,2025-03-01,427.61415361046795
USA|louisiana,carbon,xLSTM,2025-04-01,428.0296523559094
USA|louisiana,carbon,xLSTM,2025-05-01,427.66928998112684
USA|louisiana,carbon,xLSTM,2025-06-01,427.06584051728254
USA|louisiana,carbon,xLSTM,2025-07-01,426.6221495974064
USA|louisiana,carbon,xLSTM,2025-08-01,426.7503013598919
USA|louisiana,carbon,xLSTM,2025-09-01,427.10700646519666
USA|louisiana,carbon,xLSTM,2025-10-01,427.76983022570613
USA|louisiana,carbon,xLSTM,2025-11-01,428.8198955583573
USA|louisiana,carbon,xLSTM,2025-12-01,429.73629289150244
USA|maine,carbon,xLSTM,2025-01-01,191.72821106135845
USA|maine,carbon,xLSTM,2025-02-01,177.27655674040318
USA|maine,carbon,xLSTM,2025-03-01,181.73900648474694
USA|maine,carbon,xLSTM,2025-04-01,182.69746006473898
USA|maine,carbon,xLSTM,2025-05-01,199.28662708818914
USA|maine,carbon,xLSTM,2025-06-01,226.50781911581754
USA|maine,carbon,xLSTM,2025-07-01,230.68087200790643
USA|maine,carbon,xLSTM,2025-08-01,214.58149931699037
USA|maine,carbon,xLSTM,2025-09-01,197.07163288414478
USA|maine,carbon,xLSTM,2025-10-01,176.92057478919625
USA|maine,carbon,xLSTM,2025-11-01,174.50391427472235
USA|maine,carbon,xLSTM,2025-12-01,177.87413948893547
USA|maryland,carbon,xLSTM,2025-01-01,266.53986664563416
USA|maryland,carbon,xLSTM,2025-02-01,266.40977572113275
USA|maryland,carbon,xLSTM,2025-03-01,267.6751953192055
USA|maryland,carbon,xLSTM,2025-04-01,273.53876771792767
USA|maryland,carbon,xLSTM,2025-05-01,275.5029659965634
USA|maryland,carbon,xLSTM,2025-06-01,275.6726202434301
USA|maryland,carbon,xLSTM,2025-07-01,275.90694658786055
USA|maryland,carbon,xLSTM,2025-08-01,269.75058960229154
USA|maryland,carbon,xLSTM,2025-09-01,269.1713009560108
USA|maryland,carbon,xLSTM,2025-10-01,271.2906389293074
USA|maryland,carbon,xLSTM,2025-11-01,269.5674542233348
USA|maryland,carbon,xLSTM,2025-12-01,275.40573783174153
USA|massachusetts,carbon,xLSTM,2025-01-01,367.1288333320618
USA|massachusetts,carbon,xLSTM,2025-02-01,366.36654666900637
USA|massachusetts,carbon,xLSTM,2025-03-01,366.5314634227753
USA|massachusetts,carbon,xLSTM,2025-04-01,366.8716586017609
USA|massachusetts,carbon,xLSTM,2025-05-01,368.4248242759705
USA|massachusetts,carbon,xLSTM,2025-06-01,370.64816526412966
USA|massachusetts,carbon,xLSTM,2025-07-01,372.2376945400238
USA|massachusetts,carbon,xLSTM,2025-08-01,372.1813016319275
USA|massachusetts,carbon,xLSTM,2025-09-01,373.0223174476624
USA|massachusetts,carbon,xLSTM,2025-10-01,375.0221200370789
USA|massachusetts,carbon,xLSTM,2025-11-01,375.7199492835999
USA|massachusetts,carbon,xLSTM,2025-12-01,374.76274589538576
USA|michigan,carbon,xLSTM,2025-01-01,412.22773728951813
USA|michigan,carbon,xLSTM,2025-02-01,412.1181006617844
USA|michigan,carbon,xLSTM,2025-03-01,413.81509576037524
USA|michigan,carbon,xLSTM,2025-04-01,417.5468049313128
USA|michigan,carbon,xLSTM,2025-05-01,416.6929674129188
USA|michigan,carbon,xLSTM,2025-06-01,417.72677180171013
USA|michigan,carbon,xLSTM,2025-07-01,417.57951379075644
USA|michigan,carbon,xLSTM,2025-08-01,415.58482470721003
USA|michigan,carbon,xLSTM,2025-09-01,414.1687231339514
USA|michigan,carbon,xLSTM,2025-10-01,413.2672347544134
USA|michigan,carbon,xLSTM,2025-11-01,414.0265882720053
USA|michigan,carbon,xLSTM,2025-12-01,415.9879056461155
USA|minnesota,carbon,xLSTM,2025-01-01,306.4550526428223
USA|minnesota,carbon,xLSTM,2025-02-01,291.6128781700134
USA|minnesota,carbon,xLSTM,2025-03-01,289.65439666748046
USA|minnesota,carbon,xLSTM,2025-04-01,293.7784583091736
USA|minnesota,carbon,xLSTM,2025-05-01,301.81557891845705
USA|minnesota,carbon,xLSTM,2025-06-01,308.4409943008423
USA|minnesota,carbon,xLSTM,2025-07-01,309.79788473129275
USA|minnesota,carbon,xLSTM,2025-08-01,302.0281906890869
USA|minnesota,carbon,xLSTM,2025-09-01,296.7508288955689
USA|minnesota,carbon,xLSTM,2025-10-01,297.3124563407898
USA|minnesota,carbon,xLSTM,2025-11-01,305.5465198135376
USA|minnesota,carbon,xLSTM,2025-12-01,306.175386390686
USA|mississippi,carbon,xLSTM,2025-01-01,427.5805724978447
USA|mississippi,carbon,xLSTM,2025-02-01,436.80415295124055
USA|mississippi,carbon,xLSTM,2025-03-01,438.6599750065804
USA|mississippi,carbon,xLSTM,2025-04-01,438.5875630736351
USA|mississippi,carbon,xLSTM,2025-05-01,439.11779898166657
USA|mississippi,carbon,xLSTM,2025-06-01,439.4936614012718
USA|mississippi,carbon,xLSTM,2025-07-01,439.8200585150719
USA|mississippi,carbon,xLSTM,2025-08-01,440.132442753315
USA|mississippi,carbon,xLSTM,2025-09-01,440.5296505355835
USA|mississippi,carbon,xLSTM,2025-10-01,441.0517279648781
USA|mississippi,carbon,xLSTM,2025-11-01,442.38107454776764
USA|mississippi,carbon,xLSTM,2025-12-01,443.10411429166794
USA|missouri,carbon,xLSTM,2025-01-01,531.1392786633968
USA|missouri,carbon,xLSTM,2025-02-01,532.4371700417995
USA|missouri,carbon,xLSTM,2025-03-01,535.1350295078754
USA|missouri,carbon,xLSTM,2025-04-01,538.4516402167081
USA|missouri,carbon,xLSTM,2025-05-01,540.7774949353933
USA|missouri,carbon,xLSTM,2025-06-01,541.1394501459598
USA|missouri,carbon,xLSTM,2025-07-01,540.8574901652336
USA|missouri,carbon,xLSTM,2025-08-01,539.6882374417781
USA|missouri,carbon,xLSTM,2025-09-01,538.5964131337404
USA|missouri,carbon,xLSTM,2025-10-01,538.1101736855506
USA|missouri,carbon,xLSTM,2025-11-01,538.4360216093063
USA|missouri,carbon,xLSTM,2025-12-01,539.4049138408899
USA|montana,carbon,xLSTM,2025-01-01,415.56522417604924
USA|montana,carbon,xLSTM,2025-02-01,411.92814313113695
USA|montana,carbon,xLSTM,2025-03-01,397.6120720967651
USA|montana,carbon,xLSTM,2025-04-01,374.52222519487145
USA|montana,carbon,xLSTM,2025-05-01,344.5426150760055
USA|montana,carbon,xLSTM,2025-06-01,340.1267265060544
USA|montana,carbon,xLSTM,2025-07-01,366.1530866315961
USA|montana,carbon,xLSTM,2025-08-01,380.00726325660946
USA|montana,carbon,xLSTM,2025-09-01,387.3630502817035
USA|montana,carbon,xLSTM,2025-10-01,383.13635529607535
USA|montana,carbon,xLSTM,2025-11-01,376.3836939546466
USA|montana,carbon,xLSTM,2025-12-01,390.09113830417397
USA|nebraska,carbon,xLSTM,2025-01-01,372.47969849348067
USA|nebraska,carbon,xLSTM,2025-02-01,345.2085351666808
USA|nebraska,carbon,xLSTM,2025-03-01,334.00034229010345
USA|nebraska,carbon,xLSTM,2025-04-01,332.9487937399745
USA|nebraska,carbon,xLSTM,2025-05-01,350.517156303823
USA|nebraska,carbon,xLSTM,2025-06-01,406.3318062579632
USA|nebraska,carbon,xLSTM,2025-07-01,445.0151324892044
USA|nebraska,carbon,xLSTM,2025-08-01,446.3181329190731
USA|nebraska,carbon,xLSTM,2025-09-01,403.5432126486301
USA|nebraska,carbon,xLSTM,2025-10-01,386.25938529491424
USA|nebraska,carbon,xLSTM,2025-11-01,368.8442149531841
USA|nebraska,carbon,xLSTM,2025-12-01,373.47848083376886
USA|nevada,carbon,xLSTM,2025-01-01,316.3227644325793
USA|nevada,carbon,xLSTM,2025-02-01,303.0448304669559
USA|nevada,carbon,xLSTM,2025-03-01,294.1758235940337
USA|nevada,carbon,xLSTM,2025-04-01,292.7275597335398
USA|nevada,carbon,xLSTM,2025-05-01,300.38612200185656
USA|nevada,carbon,xLSTM,2025-06-01,309.8208262951672
USA|nevada,carbon,xLSTM,2025-07-01,314.2235305653512
USA|nevada,carbon,xLSTM,2025-08-01,312.0443717555702
USA|nevada,carbon,xLSTM,2025-09-01,309.9751957507431
USA|nevada,carbon,xLSTM,2025-10-01,309.6577654094994
USA|nevada,carbon,xLSTM,2025-11-01,308.7281324611604
USA|nevada,carbon,xLSTM,2025-12-01,307.93153875038024
USA|new hampshire,carbon,xLSTM,2025-01-01,157.38513149559495
USA|new hampshire,carbon,xLSTM,2025-02-01,158.48289720535277
USA|new hampshire,carbon,xLSTM,2025-03-01,162.8093441826105
USA|new hampshire,carbon,xLSTM,2025-04-01,166.96408836603163
USA|new hampshire,carbon,xLSTM,2025-05-01,170.29836069226263
USA|new hampshire,carbon,xLSTM,2025-06-01,173.95277924239633
USA|new hampshire,carbon,xLSTM,2025-07-01,173.74042389094828
USA|new hampshire,carbon,xLSTM,2025-08-01,177.14506092548368
USA|new hampshire,carbon,xLSTM,2025-09-01,174.7212914994359
USA|new hampshire,carbon,xLSTM,2025-10-01,172.39256869167087
USA|new hampshire,carbon,xLSTM,2025-11-01,159.57799380779264
USA|new hampshire,carbon,xLSTM,2025-12-01,166.43003225564954
USA|new jersey,carbon,xLSTM,2025-01-01,250.94909974813464
USA|new jersey,carbon,xLSTM,2025-02-01,244.65688026666646
USA|new jersey,carbon,xLSTM,2025-03-01,244.74427143216136
USA|new jersey,carbon,xLSTM,2025-04-01,256.85640775144105
USA|new jersey,carbon,xLSTM,2025-05-01,251.65011831045155
USA|new jersey,carbon,xLSTM,2025-06-01,262.29317732632165
USA|new jersey,carbon,xLSTM,2025-07-01,265.9275857251883
USA|new jersey,carbon,xLSTM,2025-08-01,259.1434974807501
USA|new jersey,carbon,xLSTM,2025-09-01,260.14060553550723
USA|new jersey,carbon,xLSTM,2025-10-01,267.57243859887126
USA|new jersey,carbon,xLSTM,2025-11-01,259.41588119924074
USA|new jersey,carbon,xLSTM,2025-12-01,250.44225599288944
USA|new mexico,carbon,xLSTM,2025-01-01,309.74794520676136
USA|new mexico,carbon,xLSTM,2025-02-01,303.1657479131222
USA|new mexico,carbon,xLSTM,2025-03-01,301.19198514461516
USA|new mexico,carbon,xLSTM,2025-04-01,306.1815106087923
USA|new mexico,carbon,xLSTM,2025-05-01,313.4005982512236
USA|new mexico,carbon,xLSTM,2025-06-01,317.9687704735994
USA|new mexico,carbon,xLSTM,2025-07-01,313.9619010591507
USA|new mexico,carbon,xLSTM,2025-08-01,304.57044190704823
USA|new mexico,carbon,xLSTM,2025-09-01,298.52621348440647
USA|new mexico,carbon,xLSTM,2025-10-01,292.62621401786805
USA|new mexico,carbon,xLSTM,2025-11-01,292.3964062714577
USA|new mexico,carbon,xLSTM,2025-12-01,296.693445354104
USA|new york,carbon,xLSTM,2025-01-01,234.01474765390157
USA|new york,carbon,xLSTM,2025-02-01,228.4256132766604
USA|new york,carbon,xLSTM,2025-03-01,225.97690822064874
USA|new york,carbon,xLSTM,2025-04-01,224.69713226765393
USA|new york,carbon,xLSTM,2025-05-01,233.22498464018105
USA|new york,carbon,xLSTM,2025-06-01,242.70702972441907
USA|new york,carbon,xLSTM,2025-07-01,249.5009645673632
USA|new york,carbon,xLSTM,2025-08-01,248.7619855675101
USA|new york,carbon,xLSTM,2025-09-01,243.83870612800118
USA|new york,carbon,xLSTM,2025-10-01,235.30081555962562
USA|new york,carbon,xLSTM,2025-11-01,232.09768367499112
USA|new york,carbon,xLSTM,2025-12-01,229.41624868929384
USA|north carolina,carbon,xLSTM,2025-01-01,315.65656086236237
USA|north carolina,carbon,xLSTM,2025-02-01,310.52285184442997
USA|north carolina,carbon,xLSTM,2025-03-01,311.0695258769393
USA|north carolina,carbon,xLSTM,2025-04-01,315.28441436171533
USA|north carolina,carbon,xLSTM,2025-05-01,320.1541013452411
USA|north carolina,carbon,xLSTM,2025-06-01,320.3873016673327
USA|north carolina,carbon,xLSTM,2025-07-01,317.5501139062643
USA|north carolina,carbon,xLSTM,2025-08-01,312.54579865515234
USA|north carolina,carbon,xLSTM,2025-09-01,309.8105732265115
USA|north carolina,carbon,xLSTM,2025-10-01,309.58174603164196
USA|north carolina,carbon,xLSTM,2025-11-01,314.28816959887746
USA|north carolina,carbon,xLSTM,2025-12-01,317.5068133208156
USA|north dakota,carbon,xLSTM,2025-01-01,475.49013138681653
USA|north dakota,carbon,xLSTM,2025-02-01,468.86060479909185
USA|north dakota,carbon,xLSTM,2025-03-01,467.5072426304221
USA|north dakota,carbon,xLSTM,2025-04-01,468.5779727897048
USA|north dakota,carbon,xLSTM,2025-05-01,478.9095025700331
USA|north dakota,carbon,xLSTM,2025-06-01,483.89515067040924
USA|north dakota,carbon,xLSTM,2025-07-01,486.8289328759909
USA|north dakota,carbon,xLSTM,2025-08-01,475.5950080594421
USA|north dakota,carbon,xLSTM,2025-09-01,470.1011931866408
USA|north dakota,carbon,xLSTM,2025-10-01,470.63764619857074
USA|north dakota,carbon,xLSTM,2025-11-01,473.56726866304876
USA|north dakota,carbon,xLSTM,2025-12-01,473.43669119000435
USA|ohio,carbon,xLSTM,2025-01-01,470.54767422437664
USA|ohio,carbon,xLSTM,2025-02-01,468.52893510460854
USA|ohio,carbon,xLSTM,2025-03-01,469.6181027859449
USA|ohio,carbon,xLSTM,2025-04-01,470.449970369339
USA|ohio,carbon,xLSTM,2025-05-01,471.59732349872587
USA|ohio,carbon,xLSTM,2025-06-01,470.5991948211193
USA|ohio,carbon,xLSTM,2025-07-01,469.65144614338874
USA|ohio,carbon,xLSTM,2025-08-01,468.6104113769531
USA|ohio,carbon,xLSTM,2025-09-01,467.80707372307774
USA|ohio,carbon,xLSTM,2025-10-01,468.3859812068939
USA|ohio,carbon,xLSTM,2025-11-01,468.8468369150162
USA|ohio,carbon,xLSTM,2025-12-01,469.4065438967943
USA|oklahoma,carbon,xLSTM,2025-01-01,285.9730436259508
USA|oklahoma,carbon,xLSTM,2025-02-01,267.54320699453353
USA|oklahoma,carbon,xLSTM,2025-03-01,278.17757904320956
USA|oklahoma,carbon,xLSTM,2025-04-01,296.74865038961167
USA|oklahoma,carbon,xLSTM,2025-05-01,314.6070021700859
USA|oklahoma,carbon,xLSTM,2025-06-01,321.16736158072945
USA|oklahoma,carbon,xLSTM,2025-07-01,322.6639010417461
USA|oklahoma,carbon,xLSTM,2025-08-01,315.65863847970957
USA|oklahoma,carbon,xLSTM,2025-09-01,301.19369738727806
USA|oklahoma,carbon,xLSTM,2025-10-01,288.20131966233254
USA|oklahoma,carbon,xLSTM,2025-11-01,286.6423216152191
USA|oklahoma,carbon,xLSTM,2025-12-01,287.7887497392297
USA|oregon,carbon,xLSTM,2025-01-01,197.6406320953369
USA|oregon,carbon,xLSTM,2025-02-01,182.05546962738038
USA|oregon,carbon,xLSTM,2025-03-01,161.14778577804566
USA|oregon,carbon,xLSTM,2025-04-01,141.4514357614517
USA|oregon,carbon,xLSTM,2025-05-01,137.4281039047241
USA|oregon,carbon,xLSTM,2025-06-01,170.38008561134336
USA|oregon,carbon,xLSTM,2025-07-01,211.32687369346618
USA|oregon,carbon,xLSTM,2025-08-01,233.50290673255918
USA|oregon,carbon,xLSTM,2025-09-01,235.7224254322052
USA|oregon,carbon,xLSTM,2025-10-01,226.07412751197813
USA|oregon,carbon,xLSTM,2025-11-01,212.99768694400785
USA|oregon,carbon,xLSTM,2025-12-01,200.28510997772216
USA|pennsylvania,carbon,xLSTM,2025-01-01,348.27894803702833
USA|pennsylvania,carbon,xLSTM,2025-02-01,347.00393288254736
USA|pennsylvania,carbon,xLSTM,2025-03-01,347.1794006896019
USA|pennsylvania,carbon,xLSTM,2025-04-01,347.8527443271875
USA|pennsylvania,carbon,xLSTM,2025-05-01,348.22475744605066
USA|pennsylvania,carbon,xLSTM,2025-06-01,349.0817180943489
USA|pennsylvania,carbon,xLSTM,2025-07-01,348.51790290892126
USA|pennsylvania,carbon,xLSTM,2025-08-01,346.86525659680365
USA|pennsylvania,carbon,xLSTM,2025-09-01,346.3343644809723
USA|pennsylvania,carbon,xLSTM,2025-10-01,347.47702767670154
USA|pennsylvania,carbon,xLSTM,2025-11-01,348.86794938862323
USA|pennsylvania,carbon,xLSTM,2025-12-01,349.84648124098777
USA|rhode island,carbon,xLSTM,2025-01-01,409.99371429473166
USA|rhode island,carbon,xLSTM,2025-02-01,407.6805221508444
USA|rhode island,carbon,xLSTM,2025-03-01,407.8149281010032
USA|rhode island,carbon,xLSTM,2025-04-01,410.699707005322
USA|rhode island,carbon,xLSTM,2025-05-01,415.72880818694836
USA|rhode island,carbon,xLSTM,2025-06-01,419.5992513021827
USA|rhode island,carbon,xLSTM,2025-07-01,421.53185174077754
USA|rhode island,carbon,xLSTM,2025-08-01,420.8108303314448
USA|rhode island,carbon,xLSTM,2025-09-01,420.13915433675055
USA|rhode island,carbon,xLSTM,2025-10-01,421.5118229725957
USA|rhode island,carbon,xLSTM,2025-11-01,420.74595763564116
USA|rhode island,carbon,xLSTM,2025-12-01,418.72854120433334
USA|south carolina,carbon,xLSTM,2025-01-01,253.6118257170916
USA|south carolina,carbon,xLSTM,2025-02-01,253.25944306552412
USA|south carolina,carbon,xLSTM,2025-03-01,256.71257962822915
USA|south carolina,carbon,xLSTM,2025-04-01,261.979397046566
USA|south carolina,carbon,xLSTM,2025-05-01,268.54572317123416
USA|south carolina,carbon,xLSTM,2025-06-01,271.2173799091578
USA|south carolina,carbon,xLSTM,2025-07-01,268.82602946281435
USA|south carolina,carbon,xLSTM,2025-08-01,264.767033033371
USA|south carolina,carbon,xLSTM,2025-09-01,265.117239446044
USA|south carolina,carbon,xLSTM,2025-10-01,265.3966382712126
USA|south carolina,carbon,xLSTM,2025-11-01,259.65172889590264
USA|south carolina,carbon,xLSTM,2025-12-01,259.2101876693964
USA|south dakota,carbon,xLSTM,2025-01-01,157.50587084650994
USA|south dakota,carbon,xLSTM,2025-02-01,155.01522448301316
USA|south dakota,carbon,xLSTM,2025-03-01,154.97111783087254
USA|south dakota,carbon,xLSTM,2025-04-01,156.3076064093411
USA|south dakota,carbon,xLSTM,2025-05-01,158.33108644351364
USA|south dakota,carbon,xLSTM,2025-06-01,161.83566160291434
USA|south dakota,carbon,xLSTM,2025-07-01,162.9963489381969
USA|south dakota,carbon,xLSTM,2025-08-01,159.82902045115827
USA|south dakota,carbon,xLSTM,2025-09-01,158.91058862686157
USA|south dakota,carbon,xLSTM,2025-10-01,159.6245443661511
USA|south dakota,carbon,xLSTM,2025-11-01,163.26416166067122
USA|south dakota,carbon,xLSTM,2025-12-01,165.21646040052175
USA|tennessee,carbon,xLSTM,2025-01-01,302.1777895343304
USA|tennessee,carbon,xLSTM,2025-02-01,287.9872191107273
USA|tennessee,carbon,xLSTM,2025-03-01,282.51452850818634
USA|tennessee,carbon,xLSTM,2025-04-01,286.23996181339027
USA|tennessee,carbon,xLSTM,2025-05-01,298.9272650504112
USA|tennessee,carbon,xLSTM,2025-06-01,316.7087779706717
USA|tennessee,carbon,xLSTM,2025-07-01,328.16711686342956
USA|tennessee,carbon,xLSTM,2025-08-01,332.05339438021184
USA|tennessee,carbon,xLSTM,2025-09-01,330.62621088624
USA|tennessee,carbon,xLSTM,2025-10-01,326.77514612108473
USA|tennessee,carbon,xLSTM,2025-11-01,322.50527706235647
USA|tennessee,carbon,xLSTM,2025-12-01,315.75834256052974
USA|texas,carbon,xLSTM,2025-01-01,343.6828335280716
USA|texas,carbon,xLSTM,2025-02-01,330.2845360122621
USA|texas,carbon,xLSTM,2025-03-01,335.7747049763799
USA|texas,carbon,xLSTM,2025-04-01,343.18850296601653
USA|texas,carbon,xLSTM,2025-05-01,356.7327770295739
USA|texas,carbon,xLSTM,2025-06-01,363.6140020525456
USA|texas,carbon,xLSTM,2025-07-01,370.03867387235164
USA|texas,carbon,xLSTM,2025-08-01,367.1846969790757
USA|texas,carbon,xLSTM,2025-09-01,358.9495500153303
USA|texas,carbon,xLSTM,2025-10-01,348.10175880983473
USA|texas,carbon,xLSTM,2025-11-01,345.04540010377764
USA|texas,carbon,xLSTM,2025-12-01,345.9166263179481
USA|utah,carbon,xLSTM,2025-01-01,521.6576658552885
USA|utah,carbon,xLSTM,2025-02-01,513.9185642927885
USA|utah,carbon,xLSTM,2025-03-01,509.6268764048815
USA|utah,carbon,xLSTM,2025-04-01,508.81996135771277
USA|utah,carbon,xLSTM,2025-05-01,514.1297563031316
USA|utah,carbon,xLSTM,2025-06-01,524.3078478068113
USA|utah,carbon,xLSTM,2025-07-01,539.8217890536786
USA|utah,carbon,xLSTM,2025-08-01,546.6490907835961
USA|utah,carbon,xLSTM,2025-09-01,556.3099671763182
USA|utah,carbon,xLSTM,2025-10-01,556.5328661322594
USA|utah,carbon,xLSTM,2025-11-01,549.0311885118484
USA|utah,carbon,xLSTM,2025-12-01,534.9675343888998
USA|vermont,carbon,xLSTM,2025-01-01,59.98263817548752
USA|vermont,carbon,xLSTM,2025-02-01,60.04582641422749
USA|vermont,carbon,xLSTM,2025-03-01,60.68654333353043
USA|vermont,carbon,xLSTM,2025-04-01,61.753751626610764
USA|vermont,carbon,xLSTM,2025-05-01,62.467755650281916
USA|vermont,carbon,xLSTM,2025-06-01,64.31118582963944
USA|vermont,carbon,xLSTM,2025-07-01,64.8324484986067
USA|vermont,carbon,xLSTM,2025-08-01,65.31207349717617
USA|vermont,carbon,xLSTM,2025-09-01,65.72482156336308
USA|vermont,carbon,xLSTM,2025-10-01,65.65742941498758
USA|vermont,carbon,xLSTM,2025-11-01,66.80619987666607
USA|vermont,carbon,xLSTM,2025-12-01,67.12312408983708
USA|virginia,carbon,xLSTM,2025-01-01,323.20190202474595
USA|virginia,carbon,xLSTM,2025-02-01,320.97953345805405
USA|virginia,carbon,xLSTM,2025-03-01,320.04864837110046
USA|virginia,carbon,xLSTM,2025-04-01,318.7136707264185
USA|virginia,carbon,xLSTM,2025-05-01,320.97182423949243
USA|virginia,carbon,xLSTM,2025-06-01,323.6148522424698
USA|virginia,carbon,xLSTM,2025-07-01,322.984137980938
USA|virginia,carbon,xLSTM,2025-08-01,320.89996112763885
USA|virginia,carbon,xLSTM,2025-09-01,319.5645314368606
USA|virginia,carbon,xLSTM,2025-10-01,319.63182521790264
USA|virginia,carbon,xLSTM,2025-11-01,322.72071728140116
USA|virginia,carbon,xLSTM,2025-12-01,323.5399225476384
USA|washington,carbon,xLSTM,2025-01-01,135.1679516518116
USA|washington,carbon,xLSTM,2025-02-01,129.69324671536683
USA|washington,carbon,xLSTM,2025-03-01,112.12084027677773
USA|washington,carbon,xLSTM,2025-04-01,87.81579405039548
USA|washington,carbon,xLSTM,2025-05-01,77.31662707179785
USA|washington,carbon,xLSTM,2025-06-01,96.22690015405416
USA|washington,carbon,xLSTM,2025-07-01,133.18283477187157
USA|washington,carbon,xLSTM,2025-08-01,163.77200634002685
USA|washington,carbon,xLSTM,2025-09-01,172.65305964827536
USA|washington,carbon,xLSTM,2025-10-01,164.88069266319275
USA|washington,carbon,xLSTM,2025-11-01,153.23962931394576
USA|washington,carbon,xLSTM,2025-12-01,144.24683480501173
USA|washington dc,carbon,xLSTM,2025-01-01,158.74791109368203
USA|washington dc,carbon,xLSTM,2025-02-01,159.0096566210687
USA|washington dc,carbon,xLSTM,2025-03-01,159.52474273175
USA|washington dc,carbon,xLSTM,2025-04-01,160.06508308827875
USA|washington dc,carbon,xLSTM,2025-05-01,162.14792282685636
USA|washington dc,carbon,xLSTM,2025-06-01,163.9116702917218
USA|washington dc,carbon,xLSTM,2025-07-01,164.16668595179914
USA|washington dc,carbon,xLSTM,2025-08-01,164.47105725660919
USA|washington dc,carbon,xLSTM,2025-09-01,164.839938724339
USA|washington dc,carbon,xLSTM,2025-10-01,164.84035256683825
USA|washington dc,carbon,xLSTM,2025-11-01,166.44186391860245
USA|washington dc,carbon,xLSTM,2025-12-01,166.22183765649794
USA|west virginia,carbon,xLSTM,2025-01-01,726.8730133393407
USA|west virginia,carbon,xLSTM,2025-02-01,720.8193061852455
USA|west virginia,carbon,xLSTM,2025-03-01,723.6590760219096
USA|west virginia,carbon,xLSTM,2025-04-01,732.9820733940601
USA|west virginia,carbon,xLSTM,2025-05-01,740.5601269215346
USA|west virginia,carbon,xLSTM,2025-06-01,741.5405253696441
USA|west virginia,carbon,xLSTM,2025-07-01,734.8958191215992
USA|west virginia,carbon,xLSTM,2025-08-01,726.2260677909851
USA|west virginia,carbon,xLSTM,2025-09-01,714.3496581977605
USA|west virginia,carbon,xLSTM,2025-10-01,710.0686836326122
USA|west virginia,carbon,xLSTM,2025-11-01,715.9076967692375
USA|west virginia,carbon,xLSTM,2025-12-01,727.5250602418184
USA|wisconsin,carbon,xLSTM,2025-01-01,493.32302542656663
USA|wisconsin,carbon,xLSTM,2025-02-01,482.491673130095
USA|wisconsin,carbon,xLSTM,2025-03-01,480.7609116798639
USA|wisconsin,carbon,xLSTM,2025-04-01,482.51629722595214
USA|wisconsin,carbon,xLSTM,2025-05-01,485.870649061501
USA|wisconsin,carbon,xLSTM,2025-06-01,488.90386268854144
USA|wisconsin,carbon,xLSTM,2025-07-01,491.08144939899444
USA|wisconsin,carbon,xLSTM,2025-08-01,492.58166931420567
USA|wisconsin,carbon,xLSTM,2025-09-01,493.58943231135606
USA|wisconsin,carbon,xLSTM,2025-10-01,494.52696455389264
USA|wisconsin,carbon,xLSTM,2025-11-01,495.76113590449097
USA|wisconsin,carbon,xLSTM,2025-12-01,497.0629547712207
USA|wyoming,carbon,xLSTM,2025-01-01,576.6623635041714
USA|wyoming,carbon,xLSTM,2025-02-01,571.8595116901397
USA|wyoming,carbon,xLSTM,2025-03-01,568.4802985084057
USA|wyoming,carbon,xLSTM,2025-04-01,568.2534858071804
USA|wyoming,carbon,xLSTM,2025-05-01,571.4012062299252
USA|wyoming,carbon,xLSTM,2025-06-01,577.2076867771148
USA|wyoming,carbon,xLSTM,2025-07-01,585.647348036766
USA|wyoming,carbon,xLSTM,2025-08-01,582.1267860770225
USA|wyoming,carbon,xLSTM,2025-09-01,578.8259845507145
USA|wyoming,carbon,xLSTM,2025-10-01,575.6524272668361
USA|wyoming,carbon,xLSTM,2025-11-01,573.2137034142016
USA|wyoming,carbon,xLSTM,2025-12-01,574.3065566670894
Albany River,water,xLSTM,2022-10-16,-27.999673647155642
Albany River,water,xLSTM,2022-11-16,-13.3842084956752
Albany River,water,xLSTM,2022-12-16,7.795262500497949
Albany River,water,xLSTM,2023-01-16,29.684023153259687
Albany River,water,xLSTM,2023-02-16,47.09865920175346
Albany River,water,xLSTM,2023-03-16,61.13275809000806
Albany River,water,xLSTM,2023-04-16,68.44987352081824
Albany River,water,xLSTM,2023-05-16,51.40039879851254
Albany River,water,xLSTM,2023-06-16,7.745467774199576
Albany River,water,xLSTM,2023-07-16,-26.002344718025167
Albany River,water,xLSTM,2023-08-16,-38.299253620981254
Albany River,water,xLSTM,2023-09-16,-33.5798985454887
Bravo,water,xLSTM,2022-10-16,-95.37350445081837
Bravo,water,xLSTM,2022-11-16,-97.50422608607514
Bravo,water,xLSTM,2022-12-16,-99.85904535923365
Bravo,water,xLSTM,2023-01-16,-101.00458075011751
Bravo,water,xLSTM,2023-02-16,-101.26126952851402
Bravo,water,xLSTM,2023-03-16,-101.07571877251726
Bravo,water,xLSTM,2023-04-16,-100.45192103470222
Bravo,water,xLSTM,2023-05-16,-99.50406111288356
Bravo,water,xLSTM,2023-06-16,-98.29027366071539
Bravo,water,xLSTM,2023-07-16,-97.25374671955632
Bravo,water,xLSTM,2023-08-16,-96.29279519578596
Bravo,water,xLSTM,2023-09-16,-95.86655160637775
Brazos River,water,xLSTM,2022-10-16,-128.60015112735132
Brazos River,water,xLSTM,2022-11-16,-114.42352275389328
Brazos River,water,xLSTM,2022-12-16,-104.87925602385494
Brazos River,water,xLSTM,2023-01-16,-99.3244269535624
Brazos River,water,xLSTM,2023-02-16,-97.1967175027011
Brazos River,water,xLSTM,2023-03-16,-97.35734583653863
Brazos River,water,xLSTM,2023-04-16,-98.34818620933383
Brazos River,water,xLSTM,2023-05-16,-99.2391742002225
Brazos River,water,xLSTM,2023-06-16,-99.36969552800032
Brazos River,water,xLSTM,2023-07-16,-98.44232193431085
Brazos River,water,xLSTM,2023-08-16,-96.28198755477254
Brazos River,water,xLSTM,2023-09-16,-93.54672390876333
Colorado River (Pacific Ocean),water,xLSTM,2022-10-16,-92.70194637656212
Colorado River (Pacific Ocean),water,xLSTM,2022-11-16,-87.13170422724895
Colorado River (Pacific Ocean),water,xLSTM,2022-12-16,-80.37359353402633
Colorado River (Pacific Ocean),water,xLSTM,2023-01-16,-76.16633834755929
Colorado River (Pacific Ocean),water,xLSTM,2023-02-16,-77.22892487575756
Colorado River (Pacific Ocean),water,xLSTM,2023-03-16,-81.78739518058755
Colorado River (Pacific Ocean),water,xLSTM,2023-04-16,-87.86730593670197
Colorado River (Pacific Ocean),water,xLSTM,2023-05-16,-93.47003631522573
Colorado River (Pacific Ocean),water,xLSTM,2023-06-16,-98.24713678121158
Colorado River (Pacific Ocean),water,xLSTM,2023-07-16,-98.94598231871502
Colorado River (Pacific Ocean),water,xLSTM,2023-08-16,-98.36881934585163
Colorado River (Pacific Ocean),water,xLSTM,2023-09-16,-96.64235925482566
Columbia River,water,xLSTM,2022-10-16,-120.58336535044042
Columbia River,water,xLSTM,2022-11-16,-65.58011874917085
Columbia River,water,xLSTM,2022-12-16,5.490893050398845
Columbia River,water,xLSTM,2023-01-16,65.31010170901685
Columbia River,water,xLSTM,2023-02-16,101.64537441770281
Columbia River,water,xLSTM,2023-03-16,113.51435330571628
Columbia River,water,xLSTM,2023-04-16,99.96464931009456
Columbia River,water,xLSTM,2023-05-16,62.013511726354196
Columbia River,water,xLSTM,2023-06-16,3.131987661038483
Columbia River,water,xLSTM,2023-07-16,-66.9181409798227
Columbia River,water,xLSTM,2023-08-16,-106.84048032829934
Columbia River,water,xLSTM,2023-09-16,-99.92601509538292
Danube,water,xLSTM,2022-10-16,-149.9754127548284
Danube,water,xLSTM,2022-11-16,-121.13379910476463
Danube,water,xLSTM,2022-12-16,-95.06053823302271
Danube,water,xLSTM,2023-01-16,-82.56015257982712
Danube,water,xLSTM,2023-02-16,-85.76532196920208
Danube,water,xLSTM,2023-03-16,-103.2932030373386
Danube,water,xLSTM,2023-04-16,-132.33010905850017
Danube,water,xLSTM,2023-05-16,-166.1540421437514
Danube,water,xLSTM,2023-06-16,-193.878978932275
Danube,water,xLSTM,2023-07-16,-207.1572326843099
Danube,water,xLSTM,2023-08-16,-203.2587349156456
Danube,water,xLSTM,2023-09-16,-188.84905788232524
Dniepr,water,xLSTM,2022-10-16,-118.49983392387402
Dniepr,water,xLSTM,2022-11-16,-106.83200981471258
Dniepr,water,xLSTM,2022-12-16,-91.45325064198532
Dniepr,water,xLSTM,2023-01-16,-79.29115003877219
Dniepr,water,xLSTM,2023-02-16,-75.14676902699765
Dniepr,water,xLSTM,2023-03-16,-82.29843467071433
Dniepr,water,xLSTM,2023-04-16,-87.357221534669
Dniepr,water,xLSTM,2023-05-16,-99.61701110269736
Dniepr,water,xLSTM,2023-06-16,-112.5572829532811
Dniepr,water,xLSTM,2023-07-16,-120.08491579414566
Dniepr,water,xLSTM,2023-08-16,-120.42768210514096
Dniepr,water,xLSTM,2023-09-16,-114.79793511786269
Elbe River,water,xLSTM,2022-10-16,-71.7851394821399
Elbe River,water,xLSTM,2022-11-16,-49.281111052080504
Elbe River,water,xLSTM,2022-12-16,-42.46128566929786
Elbe River,water,xLSTM,2023-01-16,-35.64216180286171
Elbe River,water,xLSTM,2023-02-16,-42.787037351317075
Elbe River,water,xLSTM,2023-03-16,-51.20019456869771
Elbe River,water,xLSTM,2023-04-16,-75.12687248422134
Elbe River,water,xLSTM,2023-05-16,-90.70159620605754
Elbe River,water,xLSTM,2023-06-16,-95.88235003294284
Elbe River,water,xLSTM,2023-07-16,-96.44929928953486
Elbe River,water,xLSTM,2023-08-16,-92.97844450431094
Elbe River,water,xLSTM,2023-09-16,-82.62228377391304
Ganges,water,xLSTM,2022-10-16,-43.56151004594614
Ganges,water,xLSTM,2022-11-16,-81.77338580766374
Ganges,water,xLSTM,2022-12-16,-108.13839031414426
Ganges,water,xLSTM,2023-01-16,-125.86039313713881
Ganges,water,xLSTM,2023-02-16,-152.29579770409035
Ganges,water,xLSTM,2023-03-16,-177.46830520463035
Ganges,water,xLSTM,2023-04-16,-192.39214810401873
Ganges,water,xLSTM,2023-05-16,-188.36831181187347
Ganges,water,xLSTM,2023-06-16,-161.61263142446685
Ganges,water,xLSTM,2023-07-16,-103.87987368264471
Ganges,water,xLSTM,2023-08-16,-57.74995116554634
Ganges,water,xLSTM,2023-09-16,-57.249350965170684
Godavari,water,xLSTM,2022-10-16,219.0674725909163
Godavari,water,xLSTM,2022-11-16,148.2947804725803
Godavari,water,xLSTM,2022-12-16,86.68955852324314
Godavari,water,xLSTM,2023-01-16,38.72486049117948
Godavari,water,xLSTM,2023-02-16,-0.4819585016927576
Godavari,water,xLSTM,2023-03-16,-35.50973685783974
Godavari,water,xLSTM,2023-04-16,-64.40548191512242
Godavari,water,xLSTM,2023-05-16,-63.53751238018303
Godavari,water,xLSTM,2023-06-16,13.963057629095859
Godavari,water,xLSTM,2023-07-16,135.1213347321845
Godavari,water,xLSTM,2023-08-16,172.6639347246915
Godavari,water,xLSTM,2023-09-16,130.5752551325207
Grisalva,water,xLSTM,2022-10-16,101.90084890637915
Grisalva,water,xLSTM,2022-11-16,101.68287021999977
Grisalva,water,xLSTM,2022-12-16,70.26620096851882
Grisalva,water,xLSTM,2023-01-16,25.25782847004252
Grisalva,water,xLSTM,2023-02-16,-24.065846415771784
Grisalva,water,xLSTM,2023-03-16,-83.19115138951761
Grisalva,water,xLSTM,2023-04-16,-118.22286203400596
Grisalva,water,xLSTM,2023-05-16,-100.0192607416833
Grisalva,water,xLSTM,2023-06-16,-49.73768798296885
Grisalva,water,xLSTM,2023-07-16,10.915461865884295
Grisalva,water,xLSTM,2023-08-16,71.35609440041576
Grisalva,water,xLSTM,2023-09-16,114.82528260823169
Indus,water,xLSTM,2022-10-16,-163.8211569724657
Indus,water,xLSTM,2022-11-16,-159.43333761645516
Indus,water,xLSTM,2022-12-16,-159.25104762204592
Indus,water,xLSTM,2023-01-16,-159.23278893824175
Indus,water,xLSTM,2023-02-16,-159.02295409507516
Indus,water,xLSTM,2023-03-16,-158.34445356375986
Indus,water,xLSTM,2023-04-16,-157.42380703993246
Indus,water,xLSTM,2023-05-16,-156.21834185122987
Indus,water,xLSTM,2023-06-16,-154.81031168794283
Indus,water,xLSTM,2023-07-16,-153.22322320526342
Indus,water,xLSTM,2023-08-16,-152.08015118759712
Indus,water,xLSTM,2023-09-16,-151.76219245153504
Krishna,water,xLSTM,2022-10-16,230.67785343712092
Krishna,water,xLSTM,2022-11-16,180.66878302179822
Krishna,water,xLSTM,2022-12-16,126.55715321074632
Krishna,water,xLSTM,2023-01-16,77.02001333852415
Krishna,water,xLSTM,2023-02-16,33.915824011121266
Krishna,water,xLSTM,2023-03-16,-0.6182523761770743
Krishna,water,xLSTM,2023-04-16,-15.796285397464342
Krishna,water,xLSTM,2023-05-16,10.74933946687678
Krishna,water,xLSTM,2023-06-16,89.99233874520493
Krishna,water,xLSTM,2023-07-16,173.2478742101943
Krishna,water,xLSTM,2023-08-16,203.24630538807548
Krishna,water,xLSTM,2023-09-16,184.77037678583582
Loire,water,xLSTM,2022-10-16,-106.20199273059858
Loire,water,xLSTM,2022-11-16,-42.640225280359765
Loire,water,xLSTM,2022-12-16,9.439987114048822
Loire,water,xLSTM,2023-01-16,35.51868091546329
Loire,water,xLSTM,2023-02-16,38.92585427919379
Loire,water,xLSTM,2023-03-16,29.11617492517866
Loire,water,xLSTM,2023-04-16,8.466400908350856
Loire,water,xLSTM,2023-05-16,-22.1632276279156
Loire,water,xLSTM,2023-06-16,-55.41898879869512
Loire,water,xLSTM,2023-07-16,-79.60248687338945
Loire,water,xLSTM,2023-08-16,-84.98898346766293
Loire,water,xLSTM,2023-09-16,-67.58687729433125
Mahanadi River (Mahahadi),water,xLSTM,2022-10-16,179.67034567945106
Mahanadi River (Mahahadi),water,xLSTM,2022-11-16,109.74041963624606
Mahanadi River (Mahahadi),water,xLSTM,2022-12-16,51.23567315145913
Mahanadi River (Mahahadi),water,xLSTM,2023-01-16,-2.2298681150928883
Mahanadi River (Mahahadi),water,xLSTM,2023-02-16,-54.63184693233692
Mahanadi River (Mahahadi),water,xLSTM,2023-03-16,-104.73120672863638
Mahanadi River (Mahahadi),water,xLSTM,2023-04-16,-139.94960509855557
Mahanadi River (Mahahadi),water,xLSTM,2023-05-16,-129.7783425011648
Mahanadi River (Mahahadi),water,xLSTM,2023-06-16,-34.4285915546798
Mahanadi River (Mahahadi),water,xLSTM,2023-07-16,117.63024179485116
Mahanadi River (Mahahadi),water,xLSTM,2023-08-16,182.24378771521032
Mahanadi River (Mahahadi),water,xLSTM,2023-09-16,144.13339245441796
Mississippi River,water,xLSTM,2022-10-16,-67.94553244936236
Mississippi River,water,xLSTM,2022-11-16,-53.10661753027607
Mississippi River,water,xLSTM,2022-12-16,-29.730012569345167
Mississippi River,water,xLSTM,2023-01-16,-2.9229015051873786
Mississippi River,water,xLSTM,2023-02-16,19.307725992171118
Mississippi River,water,xLSTM,2023-03-16,29.110616919687203
Mississippi River,water,xLSTM,2023-04-16,22.317550058929076
Mississippi River,water,xLSTM,2023-05-16,-0.3928347543327141
Mississippi River,water,xLSTM,2023-06-16,-31.105734321098577
Mississippi River,water,xLSTM,2023-07-16,-55.55340775975688
Mississippi River,water,xLSTM,2023-08-16,-65.47109904125884
Mississippi River,water,xLSTM,2023-09-16,-61.07626836921498
Nelson River,water,xLSTM,2022-10-16,-96.99681220175522
Nelson River,water,xLSTM,2022-11-16,-89.78440932040559
Nelson River,water,xLSTM,2022-12-16,-74.64376161817694
Nelson River,water,xLSTM,2023-01-16,-56.91752165591282
Nelson River,water,xLSTM,2023-02-16,-39.109730559885435
Nelson River,water,xLSTM,2023-03-16,-22.559109069494795
Nelson River,water,xLSTM,2023-04-16,-8.494584727978882
Nelson River,water,xLSTM,2023-05-16,0.9675443195770083
Nelson River,water,xLSTM,2023-06-16,2.9854688520889194
Nelson River,water,xLSTM,2023-07-16,-4.245499377497094
Nelson River,water,xLSTM,2023-08-16,-18.85407177696397
Nelson River,water,xLSTM,2023-09-16,-34.35982031322426
Neva,water,xLSTM,2022-10-16,-61.75862975339809
Neva,water,xLSTM,2022-11-16,-37.86743039960134
Neva,water,xLSTM,2022-12-16,-5.927387853903423
Neva,water,xLSTM,2023-01-16,25.021499549221122
Neva,water,xLSTM,2023-02-16,45.9363336029714
Neva,water,xLSTM,2023-03-16,52.48297220122245
Neva,water,xLSTM,2023-04-16,42.95331981515229
Neva,water,xLSTM,2023-05-16,18.295510920443764
Neva,water,xLSTM,2023-06-16,-14.28736612784549
Neva,water,xLSTM,2023-07-16,-37.29643846568084
Neva,water,xLSTM,2023-08-16,-42.400213760082266
Neva,water,xLSTM,2023-09-16,-33.20493079896059
Oder River,water,xLSTM,2022-10-16,-69.88148756068492
Oder River,water,xLSTM,2022-11-16,-47.88564742104021
Oder River,water,xLSTM,2022-12-16,-33.4845477940398
Oder River,water,xLSTM,2023-01-16,-27.462582316081665
Oder River,water,xLSTM,2023-02-16,-33.38503699186071
Oder River,water,xLSTM,2023-03-16,-41.41790775506727
Oder River,water,xLSTM,2023-04-16,-66.2628772388981
Oder River,water,xLSTM,2023-05-16,-79.64301383649129
Oder River,water,xLSTM,2023-06-16,-84.51129449434211
Oder River,water,xLSTM,2023-07-16,-87.1686011478668
Oder River,water,xLSTM,2023-08-16,-85.6499444922682
Oder River,water,xLSTM,2023-09-16,-79.05285125460965
Rhine,water,xLSTM,2022-10-16,-137.81027103053714
Rhine,water,xLSTM,2022-11-16,-109.49156234047373
Rhine,water,xLSTM,2022-12-16,-74.48185820065399
Rhine,water,xLSTM,2023-01-16,-46.764701528633054
Rhine,water,xLSTM,2023-02-16,-41.190252585762764
Rhine,water,xLSTM,2023-03-16,-47.44892138940278
Rhine,water,xLSTM,2023-04-16,-55.358334714945315
Rhine,water,xLSTM,2023-05-16,-54.93031553644016
Rhine,water,xLSTM,2023-06-16,-61.143210893848625
Rhine,water,xLSTM,2023-07-16,-73.67193903978384
Rhine,water,xLSTM,2023-08-16,-86.01970552522914
Rhine,water,xLSTM,2023-09-16,-98.58513118229544
Senegal,water,xLSTM,2022-10-16,45.46466202531039
Senegal,water,xLSTM,2022-11-16,24.841103763688373
Senegal,water,xLSTM,2022-12-16,1.5187675146214012
Senegal,water,xLSTM,2023-01-16,-16.512159146645086
Senegal,water,xLSTM,2023-02-16,-28.943325435793376
Senegal,water,xLSTM,2023-03-16,-36.09038681289896
Senegal,water,xLSTM,2023-04-16,-33.59415864545803
Senegal,water,xLSTM,2023-05-16,-17.51845696835342
Senegal,water,xLSTM,2023-06-16,12.209033492467572
Senegal,water,xLSTM,2023-07-16,48.57216659190878
Senegal,water,xLSTM,2023-08-16,77.27562075553732
Senegal,water,xLSTM,2023-09-16,77.23778680209924
St.Lawrence,water,xLSTM,2022-10-16,85.49029314217233
St.Lawrence,water,xLSTM,2022-11-16,91.93294671415292
St.Lawrence,water,xLSTM,2022-12-16,97.51552001455275
St.Lawrence,water,xLSTM,2023-01-16,101.79973130783146
St.Lawrence,water,xLSTM,2023-02-16,104.95776350969552
St.Lawrence,water,xLSTM,2023-03-16,106.15481359430889
St.Lawrence,water,xLSTM,2023-04-16,105.88215306304616
St.Lawrence,water,xLSTM,2023-05-16,97.66707074483863
St.Lawrence,water,xLSTM,2023-06-16,91.59378966397736
St.Lawrence,water,xLSTM,2023-07-16,87.90644607352073
St.Lawrence,water,xLSTM,2023-08-16,92.01673819068057
St.Lawrence,water,xLSTM,2023-09-16,102.28854498602479
Tigris & Euphrates,water,xLSTM,2022-10-16,-102.79326899215725
Tigris & Euphrates,water,xLSTM,2022-11-16,-76.87631172746143
Tigris & Euphrates,water,xLSTM,2022-12-16,-35.0103911797405
Tigris & Euphrates,water,xLSTM,2023-01-16,1.8347487219055065
Tigris & Euphrates,water,xLSTM,2023-02-16,22.800572950757225
Tigris & Euphrates,water,xLSTM,2023-03-16,19.330296303853228
Tigris & Euphrates,water,xLSTM,2023-04-16,-7.63333761645895
Tigris & Euphrates,water,xLSTM,2023-05-16,-46.78340977778845
Tigris & Euphrates,water,xLSTM,2023-06-16,-79.60837992895345
Tigris & Euphrates,water,xLSTM,2023-07-16,-93.10940819398016
Tigris & Euphrates,water,xLSTM,2023-08-16,-87.00233486907557
Tigris & Euphrates,water,xLSTM,2023-09-16,-65.59896813293875
Wisla,water,xLSTM,2022-10-16,-74.95123542738692
Wisla,water,xLSTM,2022-11-16,-67.90963010716892
Wisla,water,xLSTM,2022-12-16,-49.68883533873563
Wisla,water,xLSTM,2023-01-16,-37.055454692430004
Wisla,water,xLSTM,2023-02-16,-32.059136889661936
Wisla,water,xLSTM,2023-03-16,-37.27912858891414
Wisla,water,xLSTM,2023-04-16,-43.79747053070365
Wisla,water,xLSTM,2023-05-16,-52.215774581954676
Wisla,water,xLSTM,2023-06-16,-59.26521925639824
Wisla,water,xLSTM,2023-07-16,-64.76259794470768
Wisla,water,xLSTM,2023-08-16,-67.63477513941902
Wisla,water,xLSTM,2023-09-16,-67.31716415350786
AUT,electricity,TimesFM,2025-05-01,5664.11083984375
AUT,electricity,TimesFM,2025-06-01,5555.26123046875
AUT,electricity,TimesFM,2025-07-01,5469.841796875
AUT,electricity,TimesFM,2025-08-01,5402.68310546875
AUT,electricity,TimesFM,2025-09-01,5345.35986328125
AUT,electricity,TimesFM,2025-10-01,5412.2734375
AUT,electricity,TimesFM,2025-11-01,5466.12060546875
AUT,electricity,TimesFM,2025-12-01,5486.52001953125
AUT,electricity,TimesFM,2026-01-01,5504.67333984375
AUT,electricity,TimesFM,2026-02-01,5414.16162109375
AUT,electricity,TimesFM,2026-03-01,5425.6884765625
AUT,electricity,TimesFM,2026-04-01,5435.34716796875
BEL,electricity,TimesFM,2025-05-01,5460.1796875
BEL,electricity,TimesFM,2025-06-01,5637.58056640625
BEL,electricity,TimesFM,2025-07-01,5985.72119140625
BEL,electricity,TimesFM,2025-08-01,5855.17236328125
BEL,electricity,TimesFM,2025-09-01,5589.8408203125
BEL,electricity,TimesFM,2025-10-01,5734.32958984375
BEL,electricity,TimesFM,2025-11-01,6095.1962890625
BEL,electricity,TimesFM,2025-12-01,6576.5859375
BEL,electricity,TimesFM,2026-01-01,6813.80029296875
BEL,electricity,TimesFM,2026-02-01,6294.4794921875
BEL,electricity,TimesFM,2026-03-01,6317.83251953125
BEL,electricity,TimesFM,2026-04-01,5759.4033203125
BGR,electricity,TimesFM,2025-05-01,2677.52294921875
BGR,electricity,TimesFM,2025-06-01,2874.1083984375
BGR,electricity,TimesFM,2025-07-01,3340.720458984375
BGR,electricity,TimesFM,2025-08-01,3373.065185546875
BGR,electricity,TimesFM,2025-09-01,3112.348876953125
BGR,electricity,TimesFM,2025-10-01,3049.434814453125
BGR,electricity,TimesFM,2025-11-01,3506.206787109375
BGR,electricity,TimesFM,2025-12-01,3955.733154296875
BGR,electricity,TimesFM,2026-01-01,4050.016357421875
BGR,electricity,TimesFM,2026-02-01,3721.09423828125
BGR,electricity,TimesFM,2026-03-01,3723.611572265625
BGR,electricity,TimesFM,2026-04-01,3193.301513671875
BIH,electricity,TimesFM,2025-05-01,934.02001953125
BIH,electricity,TimesFM,2025-06-01,931.3831176757812
BIH,electricity,TimesFM,2025-07-01,957.4092407226562
BIH,electricity,TimesFM,2025-08-01,970.4679565429688
BIH,electricity,TimesFM,2025-09-01,908.2499389648438
BIH,electricity,TimesFM,2025-10-01,945.7849731445312
BIH,electricity,TimesFM,2025-11-01,1066.911865234375
BIH,electricity,TimesFM,2025-12-01,1172.023193359375
BIH,electricity,TimesFM,2026-01-01,1188.517578125
BIH,electricity,TimesFM,2026-02-01,1080.88916015625
BIH,electricity,TimesFM,2026-03-01,1057.1585693359375
BIH,electricity,TimesFM,2026-04-01,955.0563354492188
CHE,electricity,TimesFM,2025-05-01,6004.333984375
CHE,electricity,TimesFM,2025-06-01,6270.7138671875
CHE,electricity,TimesFM,2025-07-01,6859.9365234375
CHE,electricity,TimesFM,2025-08-01,6435.90478515625
CHE,electricity,TimesFM,2025-09-01,5716.9697265625
CHE,electricity,TimesFM,2025-10-01,5489.205078125
CHE,electricity,TimesFM,2025-11-01,5361.13623046875
CHE,electricity,TimesFM,2025-12-01,5405.2392578125
CHE,electricity,TimesFM,2026-01-01,5633.658203125
CHE,electricity,TimesFM,2026-02-01,5049.876953125
CHE,electricity,TimesFM,2026-03-01,5283.6962890625
CHE,electricity,TimesFM,2026-04-01,5221.08251953125
CYP,electricity,TimesFM,2025-03-01,513.4656982421875
CYP,electricity,TimesFM,2025-04-01,462.91009521484375
CYP,electricity,TimesFM,2025-05-01,510.6599426269531
CYP,electricity,TimesFM,2025-06-01,621.1907958984375
CYP,electricity,TimesFM,2025-07-01,787.1714477539062
CYP,electricity,TimesFM,2025-08-01,771.6478271484375
CYP,electricity,TimesFM,2025-09-01,664.023681640625
CYP,electricity,TimesFM,2025-10-01,564.2692260742188
CYP,electricity,TimesFM,2025-11-01,502.9031066894531
CYP,electricity,TimesFM,2025-12-01,562.1821899414062
CYP,electricity,TimesFM,2026-01-01,597.1739501953125
CYP,electricity,TimesFM,2026-02-01,553.1091918945312
CZE,electricity,TimesFM,2025-05-01,5368.98681640625
CZE,electricity,TimesFM,2025-06-01,5203.7431640625
CZE,electricity,TimesFM,2025-07-01,5271.5810546875
CZE,electricity,TimesFM,2025-08-01,5576.25732421875
CZE,electricity,TimesFM,2025-09-01,5949.162109375
CZE,electricity,TimesFM,2025-10-01,6498.7509765625
CZE,electricity,TimesFM,2025-11-01,6841.15771484375
CZE,electricity,TimesFM,2025-12-01,7080.6015625
CZE,electricity,TimesFM,2026-01-01,7141.75830078125
CZE,electricity,TimesFM,2026-02-01,6685.53515625
CZE,electricity,TimesFM,2026-03-01,6676.39599609375
CZE,electricity,TimesFM,2026-04-01,5999.69873046875
DEU,electricity,TimesFM,2025-05-01,34150.1640625
DEU,electricity,TimesFM,2025-06-01,33486.5703125
DEU,electricity,TimesFM,2025-07-01,34263.5625
DEU,electricity,TimesFM,2025-08-01,33988.79296875
DEU,electricity,TimesFM,2025-09-01,35194.2421875
DEU,electricity,TimesFM,2025-10-01,39308.875
DEU,electricity,TimesFM,2025-11-01,41388.07421875
DEU,electricity,TimesFM,2025-12-01,43446.62890625
DEU,electricity,TimesFM,2026-01-01,45189.3046875
DEU,electricity,TimesFM,2026-02-01,42699.140625
DEU,electricity,TimesFM,2026-03-01,42024.0390625
DEU,electricity,TimesFM,2026-04-01,38263.41796875
DNK,electricity,TimesFM,2025-05-01,2198.8818359375
DNK,electricity,TimesFM,2025-06-01,1974.850830078125
DNK,electricity,TimesFM,2025-07-01,1939.0133056640625
DNK,electricity,TimesFM,2025-08-01,1948.60009765625
DNK,electricity,TimesFM,2025-09-01,2175.876220703125
DNK,electricity,TimesFM,2025-10-01,2579.313720703125
DNK,electricity,TimesFM,2025-11-01,2906.469970703125
DNK,electricity,TimesFM,2025-12-01,3265.2509765625
DNK,electricity,TimesFM,2026-01-01,3442.014404296875
DNK,electricity,TimesFM,2026-02-01,3292.311279296875
DNK,electricity,TimesFM,2026-03-01,3106.117431640625
DNK,electricity,TimesFM,2026-04-01,2728.23486328125
ESP,electricity,TimesFM,2025-05-01,19891.271484375
ESP,electricity,TimesFM,2025-06-01,20101.552734375
ESP,electricity,TimesFM,2025-07-01,22353.16796875
ESP,electricity,TimesFM,2025-08-01,21312.96484375
ESP,electricity,TimesFM,2025-09-01,20158.439453125
ESP,electricity,TimesFM,2025-10-01,19969.033203125
ESP,electricity,TimesFM,2025-11-01,20601.037109375
ESP,electricity,TimesFM,2025-12-01,21203.19921875
ESP,electricity,TimesFM,2026-01-01,22309.82421875
ESP,electricity,TimesFM,2026-02-01,20237.9765625
ESP,electricity,TimesFM,2026-03-01,21443.794921875
ESP,electricity,TimesFM,2026-04-01,19697.599609375
EST,electricity,TimesFM,2025-05-01,474.8516845703125
EST,electricity,TimesFM,2025-06-01,460.21246337890625
EST,electricity,TimesFM,2025-07-01,463.115478515625
EST,electricity,TimesFM,2025-08-01,469.145263671875
EST,electricity,TimesFM,2025-09-01,481.7255859375
EST,electricity,TimesFM,2025-10-01,502.81182861328125
EST,electricity,TimesFM,2025-11-01,508.9452209472656
EST,electricity,TimesFM,2025-12-01,506.2178649902344
EST,electricity,TimesFM,2026-01-01,523.1531982421875
EST,electricity,TimesFM,2026-02-01,510.28131103515625
EST,electricity,TimesFM,2026-03-01,498.7974548339844
EST,electricity,TimesFM,2026-04-01,481.8894958496094
FIN,electricity,TimesFM,2025-05-01,5777.99267578125
FIN,electricity,TimesFM,2025-06-01,5544.20361328125
FIN,electricity,TimesFM,2025-07-01,5641.86865234375
FIN,electricity,TimesFM,2025-08-01,5700.748046875
FIN,electricity,TimesFM,2025-09-01,6111.67578125
FIN,electricity,TimesFM,2025-10-01,6791.51025390625
FIN,electricity,TimesFM,2025-11-01,7383.3515625
FIN,electricity,TimesFM,2025-12-01,8012.57958984375
FIN,electricity,TimesFM,2026-01-01,8165.89892578125
FIN,electricity,TimesFM,2026-02-01,7498.5703125
FIN,electricity,TimesFM,2026-03-01,7198.09716796875
FIN,electricity,TimesFM,2026-04-01,6377.0048828125
FRA,electricity,TimesFM,2025-05-01,38672.3046875
FRA,electricity,TimesFM,2025-06-01,36528.3984375
FRA,electricity,TimesFM,2025-07-01,36818.59375
FRA,electricity,TimesFM,2025-08-01,35129.4921875
FRA,electricity,TimesFM,2025-09-01,35328.5078125
FRA,electricity,TimesFM,2025-10-01,38707.9453125
FRA,electricity,TimesFM,2025-11-01,43060.8828125
FRA,electricity,TimesFM,2025-12-01,48895.8984375
FRA,electricity,TimesFM,2026-01-01,52706.2421875
FRA,electricity,TimesFM,2026-02-01,46780.328125
FRA,electricity,TimesFM,2026-03-01,45695.171875
FRA,electricity,TimesFM,2026-04-01,38797.1875
GBR,electricity,TimesFM,2025-05-01,17269.94140625
GBR,electricity,TimesFM,2025-06-01,16491.57421875
GBR,electricity,TimesFM,2025-07-01,16685.830078125
GBR,electricity,TimesFM,2025-08-01,16689.60546875
GBR,electricity,TimesFM,2025-09-01,17613.287109375
GBR,electricity,TimesFM,2025-10-01,19391.7890625
GBR,electricity,TimesFM,2025-11-01,20955.638671875
GBR,electricity,TimesFM,2025-12-01,22258.51171875
GBR,electricity,TimesFM,2026-01-01,23047.5859375
GBR,electricity,TimesFM,2026-02-01,20436.525390625
GBR,electricity,TimesFM,2026-03-01,20188.123046875
GBR,electricity,TimesFM,2026-04-01,18259.958984375
GRC,electricity,TimesFM,2025-05-01,3235.34912109375
GRC,electricity,TimesFM,2025-06-01,4054.474365234375
GRC,electricity,TimesFM,2025-07-01,5091.66162109375
GRC,electricity,TimesFM,2025-08-01,4934.18310546875
GRC,electricity,TimesFM,2025-09-01,4143.09375
GRC,electricity,TimesFM,2025-10-01,3882.918212890625
GRC,electricity,TimesFM,2025-11-01,4018.927001953125
GRC,electricity,TimesFM,2025-12-01,4354.36181640625
GRC,electricity,TimesFM,2026-01-01,4593.361328125
GRC,electricity,TimesFM,2026-02-01,3874.1328125
GRC,electricity,TimesFM,2026-03-01,3789.783935546875
GRC,electricity,TimesFM,2026-04-01,3258.486083984375
HRV,electricity,TimesFM,2025-05-01,1155.518798828125
HRV,electricity,TimesFM,2025-06-01,1111.642822265625
HRV,electricity,TimesFM,2025-07-01,1174.7269287109375
HRV,electricity,TimesFM,2025-08-01,1156.9373779296875
HRV,electricity,TimesFM,2025-09-01,1123.849853515625
HRV,electricity,TimesFM,2025-10-01,1177.1676025390625
HRV,electricity,TimesFM,2025-11-01,1289.5213623046875
HRV,electricity,TimesFM,2025-12-01,1359.8675537109375
HRV,electricity,TimesFM,2026-01-01,1348.97900390625
HRV,electricity,TimesFM,2026-02-01,1213.7698974609375
HRV,electricity,TimesFM,2026-03-01,1228.4659423828125
HRV,electricity,TimesFM,2026-04-01,1111.780517578125
HUN,electricity,TimesFM,2025-05-01,3080.0009765625
HUN,electricity,TimesFM,2025-06-01,3045.643310546875
HUN,electricity,TimesFM,2025-07-01,3242.833740234375
HUN,electricity,TimesFM,2025-08-01,3053.634521484375
HUN,electricity,TimesFM,2025-09-01,3067.91552734375
HUN,electricity,TimesFM,2025-10-01,3150.454345703125
HUN,electricity,TimesFM,2025-11-01,3062.79443359375
HUN,electricity,TimesFM,2025-12-01,3060.01220703125
HUN,electricity,TimesFM,2026-01-01,3255.30908203125
HUN,electricity,TimesFM,2026-02-01,3004.29541015625
HUN,electricity,TimesFM,2026-03-01,3132.7294921875
HUN,electricity,TimesFM,2026-04-01,3115.2158203125
IND|delhi,electricity,TimesFM,2024-12-01,267.4206237792969
IND|delhi,electricity,TimesFM,2025-01-01,292.2541198730469
IND|delhi,electricity,TimesFM,2025-02-01,303.7686462402344
IND|delhi,electricity,TimesFM,2025-03-01,315.0628967285156
IND|delhi,electricity,TimesFM,2025-04-01,322.7640075683594
IND|delhi,electricity,TimesFM,2025-05-01,329.3859558105469
IND|delhi,electricity,TimesFM,2025-06-01,330.4474182128906
IND|delhi,electricity,TimesFM,2025-07-01,332.3490905761719
IND|delhi,electricity,TimesFM,2025-08-01,334.52093505859375
IND|delhi,electricity,TimesFM,2025-09-01,336.1669616699219
IND|delhi,electricity,TimesFM,2025-10-01,335.603759765625
IND|delhi,electricity,TimesFM,2025-11-01,327.4787292480469
IND|gujarat,electricity,TimesFM,2024-12-01,11132.5126953125
IND|gujarat,electricity,TimesFM,2025-01-01,11490.0224609375
IND|gujarat,electricity,TimesFM,2025-02-01,11636.0283203125
IND|gujarat,electricity,TimesFM,2025-03-01,11782.9091796875
IND|gujarat,electricity,TimesFM,2025-04-01,11835.9453125
IND|gujarat,electricity,TimesFM,2025-05-01,11832.1181640625
IND|gujarat,electricity,TimesFM,2025-06-01,11630.1904296875
IND|gujarat,electricity,TimesFM,2025-07-01,11484.533203125
IND|gujarat,electricity,TimesFM,2025-08-01,11442.9267578125
IND|gujarat,electricity,TimesFM,2025-09-01,11373.111328125
IND|gujarat,electricity,TimesFM,2025-10-01,11322.2294921875
IND|gujarat,electricity,TimesFM,2025-11-01,11145.68359375
IND|karnataka,electricity,TimesFM,2024-12-01,7867.18212890625
IND|karnataka,electricity,TimesFM,2025-01-01,8095.36376953125
IND|karnataka,electricity,TimesFM,2025-02-01,8198.27734375
IND|karnataka,electricity,TimesFM,2025-03-01,8462.0654296875
IND|karnataka,electricity,TimesFM,2025-04-01,8222.74609375
IND|karnataka,electricity,TimesFM,2025-05-01,8129.22998046875
IND|karnataka,electricity,TimesFM,2025-06-01,7987.24560546875
IND|karnataka,electricity,TimesFM,2025-07-01,8161.416015625
IND|karnataka,electricity,TimesFM,2025-08-01,8147.92578125
IND|karnataka,electricity,TimesFM,2025-09-01,7970.5283203125
IND|karnataka,electricity,TimesFM,2025-10-01,7782.173828125
IND|karnataka,electricity,TimesFM,2025-11-01,7805.14697265625
IND|kerala,electricity,TimesFM,2024-12-01,679.3338623046875
IND|kerala,electricity,TimesFM,2025-01-01,686.4107666015625
IND|kerala,electricity,TimesFM,2025-02-01,687.1209716796875
IND|kerala,electricity,TimesFM,2025-03-01,697.9776000976562
IND|kerala,electricity,TimesFM,2025-04-01,713.0916137695312
IND|kerala,electricity,TimesFM,2025-05-01,719.8748168945312
IND|kerala,electricity,TimesFM,2025-06-01,716.8380737304688
IND|kerala,electricity,TimesFM,2025-07-01,735.112548828125
IND|kerala,electricity,TimesFM,2025-08-01,747.3905639648438
IND|kerala,electricity,TimesFM,2025-09-01,731.2679443359375
IND|kerala,electricity,TimesFM,2025-10-01,728.952880859375
IND|kerala,electricity,TimesFM,2025-11-01,714.3289184570312
IND|maharashtra,electricity,TimesFM,2024-12-01,13469.35546875
IND|maharashtra,electricity,TimesFM,2025-01-01,13724.2626953125
IND|maharashtra,electricity,TimesFM,2025-02-01,13923.736328125
IND|maharashtra,electricity,TimesFM,2025-03-01,14154.2529296875
IND|maharashtra,electricity,TimesFM,2025-04-01,14131.81640625
IND|maharashtra,electricity,TimesFM,2025-05-01,14118.4697265625
IND|maharashtra,electricity,TimesFM,2025-06-01,13927.201171875
IND|maharashtra,electricity,TimesFM,2025-07-01,13742.2451171875
IND|maharashtra,electricity,TimesFM,2025-08-01,13677.076171875
IND|maharashtra,electricity,TimesFM,2025-09-01,13590.8056640625
IND|maharashtra,electricity,TimesFM,2025-10-01,13577.7275390625
IND|maharashtra,electricity,TimesFM,2025-11-01,13570.541015625
IND|odisha,electricity,TimesFM,2024-12-01,6629.052734375
IND|odisha,electricity,TimesFM,2025-01-01,6639.77099609375
IND|odisha,electricity,TimesFM,2025-02-01,6564.8154296875
IND|odisha,electricity,TimesFM,2025-03-01,6727.06298828125
IND|odisha,electricity,TimesFM,2025-04-01,6687.31298828125
IND|odisha,electricity,TimesFM,2025-05-01,6682.06982421875
IND|odisha,electricity,TimesFM,2025-06-01,6593.943359375
IND|odisha,electricity,TimesFM,2025-07-01,6611.0244140625
IND|odisha,electricity,TimesFM,2025-08-01,6660.50927734375
IND|odisha,electricity,TimesFM,2025-09-01,6789.72900390625
IND|odisha,electricity,TimesFM,2025-10-01,6872.5166015625
IND|odisha,electricity,TimesFM,2025-11-01,6779.56640625
IND|rajasthan,electricity,TimesFM,2024-12-01,10392.123046875
IND|rajasthan,electricity,TimesFM,2025-01-01,10411.9853515625
IND|rajasthan,electricity,TimesFM,2025-02-01,10429.1259765625
IND|rajasthan,electricity,TimesFM,2025-03-01,10471.8271484375
IND|rajasthan,electricity,TimesFM,2025-04-01,10509.9443359375
IND|rajasthan,electricity,TimesFM,2025-05-01,10562.9365234375
IND|rajasthan,electricity,TimesFM,2025-06-01,10575.1904296875
IND|rajasthan,electricity,TimesFM,2025-07-01,10554.2119140625
IND|rajasthan,electricity,TimesFM,2025-08-01,10573.1943359375
IND|rajasthan,electricity,TimesFM,2025-09-01,10529.865234375
IND|rajasthan,electricity,TimesFM,2025-10-01,10547.0927734375
IND|rajasthan,electricity,TimesFM,2025-11-01,10558.205078125
IND|tamil nadu,electricity,TimesFM,2024-12-01,9675.40234375
IND|tamil nadu,electricity,TimesFM,2025-01-01,10011.587890625
IND|tamil nadu,electricity,TimesFM,2025-02-01,10305.4375
IND|tamil nadu,electricity,TimesFM,2025-03-01,10808.603515625
IND|tamil nadu,electricity,TimesFM,2025-04-01,10696.3388671875
IND|tamil nadu,electricity,TimesFM,2025-05-01,11294.3447265625
IND|tamil nadu,electricity,TimesFM,2025-06-01,12229.087890625
IND|tamil nadu,electricity,TimesFM,2025-07-01,12517.0361328125
IND|tamil nadu,electricity,TimesFM,2025-08-01,12415.263671875
IND|tamil nadu,electricity,TimesFM,2025-09-01,11993.3349609375
IND|tamil nadu,electricity,TimesFM,2025-10-01,10959.3603515625
IND|tamil nadu,electricity,TimesFM,2025-11-01,10035.50390625
IND|telangana,electricity,TimesFM,2024-12-01,5337.63232421875
IND|telangana,electricity,TimesFM,2025-01-01,5476.1591796875
IND|telangana,electricity,TimesFM,2025-02-01,5578.5751953125
IND|telangana,electricity,TimesFM,2025-03-01,5907.921875
IND|telangana,electricity,TimesFM,2025-04-01,5634.6875
IND|telangana,electricity,TimesFM,2025-05-01,5562.48193359375
IND|telangana,electricity,TimesFM,2025-06-01,5331.814453125
IND|telangana,electricity,TimesFM,2025-07-01,5282.671875
IND|telangana,electricity,TimesFM,2025-08-01,5529.10205078125
IND|telangana,electricity,TimesFM,2025-09-01,5545.50048828125
IND|telangana,electricity,TimesFM,2025-10-01,5637.0126953125
IND|telangana,electricity,TimesFM,2025-11-01,5419.78515625
IND|uttar pradesh,electricity,TimesFM,2024-12-01,13443.2744140625
IND|uttar pradesh,electricity,TimesFM,2025-01-01,13931.37890625
IND|uttar pradesh,electricity,TimesFM,2025-02-01,13556.5498046875
IND|uttar pradesh,electricity,TimesFM,2025-03-01,14021.3017578125
IND|uttar pradesh,electricity,TimesFM,2025-04-01,14751.828125
IND|uttar pradesh,electricity,TimesFM,2025-05-01,14997.1259765625
IND|uttar pradesh,electricity,TimesFM,2025-06-01,14946.9775390625
IND|uttar pradesh,electricity,TimesFM,2025-07-01,14758.8515625
IND|uttar pradesh,electricity,TimesFM,2025-08-01,14758.8583984375
IND|uttar pradesh,electricity,TimesFM,2025-09-01,14322.4951171875
IND|uttar pradesh,electricity,TimesFM,2025-10-01,13954.0185546875
IND|uttar pradesh,electricity,TimesFM,2025-11-01,13294.21875
IND|west bengal,electricity,TimesFM,2024-12-01,8041.84375
IND|west bengal,electricity,TimesFM,2025-01-01,8126.74560546875
IND|west bengal,electricity,TimesFM,2025-02-01,8119.58251953125
IND|west bengal,electricity,TimesFM,2025-03-01,8237.837890625
IND|west bengal,electricity,TimesFM,2025-04-01,8216.775390625
IND|west bengal,electricity,TimesFM,2025-05-01,8186.5302734375
IND|west bengal,electricity,TimesFM,2025-06-01,8216.203125
IND|west bengal,electricity,TimesFM,2025-07-01,8176.4912109375
IND|west bengal,electricity,TimesFM,2025-08-01,8149.8251953125
IND|west bengal,electricity,TimesFM,2025-09-01,8133.48828125
IND|west bengal,electricity,TimesFM,2025-10-01,8109.74853515625
IND|west bengal,electricity,TimesFM,2025-11-01,8014.85888671875
IRL,electricity,TimesFM,2025-04-01,2271.875244140625
IRL,electricity,TimesFM,2025-05-01,2205.29248046875
IRL,electricity,TimesFM,2025-06-01,2124.816650390625
IRL,electricity,TimesFM,2025-07-01,2146.902099609375
IRL,electricity,TimesFM,2025-08-01,2179.6669921875
IRL,electricity,TimesFM,2025-09-01,2240.743408203125
IRL,electricity,TimesFM,2025-10-01,2392.4384765625
IRL,electricity,TimesFM,2025-11-01,2551.564208984375
IRL,electricity,TimesFM,2025-12-01,2676.255126953125
IRL,electricity,TimesFM,2026-01-01,2676.44140625
IRL,electricity,TimesFM,2026-02-01,2491.8369140625
IRL,electricity,TimesFM,2026-03-01,2482.265380859375
ITA,electricity,TimesFM,2025-05-01,19740.4140625
ITA,electricity,TimesFM,2025-06-01,21840.208984375
ITA,electricity,TimesFM,2025-07-01,24222.0
ITA,electricity,TimesFM,2025-08-01,22004.876953125
ITA,electricity,TimesFM,2025-09-01,21330.568359375
ITA,electricity,TimesFM,2025-10-01,20229.658203125
ITA,electricity,TimesFM,2025-11-01,20588.40625
ITA,electricity,TimesFM,2025-12-01,20943.91796875
ITA,electricity,TimesFM,2026-01-01,21425.009765625
ITA,electricity,TimesFM,2026-02-01,19235.439453125
ITA,electricity,TimesFM,2026-03-01,20222.55078125
ITA,electricity,TimesFM,2026-04-01,18678.83984375
LTU,electricity,TimesFM,2025-05-01,753.9403686523438
LTU,electricity,TimesFM,2025-06-01,735.65234375
LTU,electricity,TimesFM,2025-07-01,725.8457641601562
LTU,electricity,TimesFM,2025-08-01,718.0578002929688
LTU,electricity,TimesFM,2025-09-01,711.1985473632812
LTU,electricity,TimesFM,2025-10-01,708.8251953125
LTU,electricity,TimesFM,2025-11-01,712.1273193359375
LTU,electricity,TimesFM,2025-12-01,712.0960083007812
LTU,electricity,TimesFM,2026-01-01,704.9320068359375
LTU,electricity,TimesFM,2026-02-01,696.9649047851562
LTU,electricity,TimesFM,2026-03-01,700.4927978515625
LTU,electricity,TimesFM,2026-04-01,695.5650024414062
LUX,electricity,TimesFM,2025-05-01,117.9065933227539
LUX,electricity,TimesFM,2025-06-01,116.30393981933594
LUX,electricity,TimesFM,2025-07-01,111.40290832519531
LUX,electricity,TimesFM,2025-08-01,110.33981323242188
LUX,electricity,TimesFM,2025-09-01,107.25263214111328
LUX,electricity,TimesFM,2025-10-01,109.11724090576172
LUX,electricity,TimesFM,2025-11-01,108.52359771728516
LUX,electricity,TimesFM,2025-12-01,108.43002319335938
LUX,electricity,TimesFM,2026-01-01,108.69525909423828
LUX,electricity,TimesFM,2026-02-01,109.7970962524414
LUX,electricity,TimesFM,2026-03-01,112.74616241455078
LUX,electricity,TimesFM,2026-04-01,112.14961242675781
LVA,electricity,TimesFM,2025-05-01,321.8702087402344
LVA,electricity,TimesFM,2025-06-01,219.59805297851562
LVA,electricity,TimesFM,2025-07-01,209.4598846435547
LVA,electricity,TimesFM,2025-08-01,232.1028594970703
LVA,electricity,TimesFM,2025-09-01,239.30987548828125
LVA,electricity,TimesFM,2025-10-01,258.8531188964844
LVA,electricity,TimesFM,2025-11-01,372.5338439941406
LVA,electricity,TimesFM,2025-12-01,463.0602111816406
LVA,electricity,TimesFM,2026-01-01,541.4510498046875
LVA,electricity,TimesFM,2026-02-01,519.7453002929688
LVA,electricity,TimesFM,2026-03-01,574.39501953125
LVA,electricity,TimesFM,2026-04-01,525.0750732421875
MDA,electricity,TimesFM,2023-09-01,457.78192138671875
MDA,electricity,TimesFM,2023-10-01,456.826904296875
MDA,electricity,TimesFM,2023-11-01,458.25286865234375
MDA,electricity,TimesFM,2023-12-01,465.9054870605469
MDA,electricity,TimesFM,2024-01-01,466.1396484375
MDA,electricity,TimesFM,2024-02-01,455.790283203125
MDA,electricity,TimesFM,2024-03-01,448.4512939453125
MDA,electricity,TimesFM,2024-04-01,439.0948486328125
MDA,electricity,TimesFM,2024-05-01,419.1614990234375
MDA,electricity,TimesFM,2024-06-01,410.1690673828125
MDA,electricity,TimesFM,2024-07-01,407.6263732910156
MDA,electricity,TimesFM,2024-08-01,398.74761962890625
MKD,electricity,TimesFM,2024-03-01,624.46533203125
MKD,electricity,TimesFM,2024-04-01,531.4005737304688
MKD,electricity,TimesFM,2024-05-01,471.7767333984375
MKD,electricity,TimesFM,2024-06-01,487.94549560546875
MKD,electricity,TimesFM,2024-07-01,551.6533813476562
MKD,electricity,TimesFM,2024-08-01,571.055908203125
MKD,electricity,TimesFM,2024-09-01,553.2265014648438
MKD,electricity,TimesFM,2024-10-01,536.7918090820312
MKD,electricity,TimesFM,2024-11-01,573.7206420898438
MKD,electricity,TimesFM,2024-12-01,643.9580078125
MKD,electricity,TimesFM,2025-01-01,687.2891235351562
MKD,electricity,TimesFM,2025-02-01,642.83056640625
MLT,electricity,TimesFM,2025-04-01,250.43894958496094
MLT,electricity,TimesFM,2025-05-01,256.41497802734375
MLT,electricity,TimesFM,2025-06-01,276.62884521484375
MLT,electricity,TimesFM,2025-07-01,302.110107421875
MLT,electricity,TimesFM,2025-08-01,303.21759033203125
MLT,electricity,TimesFM,2025-09-01,273.5177307128906
MLT,electricity,TimesFM,2025-10-01,261.09375
MLT,electricity,TimesFM,2025-11-01,248.68136596679688
MLT,electricity,TimesFM,2025-12-01,250.85467529296875
MLT,electricity,TimesFM,2026-01-01,264.36932373046875
MLT,electricity,TimesFM,2026-02-01,256.23583984375
MLT,electricity,TimesFM,2026-03-01,256.401123046875
NLD,electricity,TimesFM,2025-05-01,10350.419921875
NLD,electricity,TimesFM,2025-06-01,10205.796875
NLD,electricity,TimesFM,2025-07-01,10357.6279296875
NLD,electricity,TimesFM,2025-08-01,9996.34375
NLD,electricity,TimesFM,2025-09-01,9858.0888671875
NLD,electricity,TimesFM,2025-10-01,10094.3583984375
NLD,electricity,TimesFM,2025-11-01,10650.564453125
NLD,electricity,TimesFM,2025-12-01,11196.5244140625
NLD,electricity,TimesFM,2026-01-01,11513.146484375
NLD,electricity,TimesFM,2026-02-01,11068.1435546875
NLD,electricity,TimesFM,2026-03-01,11109.2861328125
NLD,electricity,TimesFM,2026-04-01,10325.9501953125
NOR,electricity,TimesFM,2025-05-01,11814.810546875
NOR,electricity,TimesFM,2025-06-01,11184.064453125
NOR,electricity,TimesFM,2025-07-01,11020.2509765625
NOR,electricity,TimesFM,2025-08-01,10997.3408203125
NOR,electricity,TimesFM,2025-09-01,11536.01171875
NOR,electricity,TimesFM,2025-10-01,12768.01953125
NOR,electricity,TimesFM,2025-11-01,14163.0126953125
NOR,electricity,TimesFM,2025-12-01,15026.572265625
NOR,electricity,TimesFM,2026-01-01,15739.3916015625
NOR,electricity,TimesFM,2026-02-01,14623.2314453125
NOR,electricity,TimesFM,2026-03-01,14304.4169921875
NOR,electricity,TimesFM,2026-04-01,12511.01953125
POL,electricity,TimesFM,2025-05-01,12433.0078125
POL,electricity,TimesFM,2025-06-01,12273.73828125
POL,electricity,TimesFM,2025-07-01,12688.3369140625
POL,electricity,TimesFM,2025-08-01,12697.908203125
POL,electricity,TimesFM,2025-09-01,12816.87890625
POL,electricity,TimesFM,2025-10-01,13607.732421875
POL,electricity,TimesFM,2025-11-01,14032.9072265625
POL,electricity,TimesFM,2025-12-01,14596.123046875
POL,electricity,TimesFM,2026-01-01,15010.142578125
POL,electricity,TimesFM,2026-02-01,13677.9619140625
POL,electricity,TimesFM,2026-03-01,13817.66796875
POL,electricity,TimesFM,2026-04-01,12648.09765625
PRT,electricity,TimesFM,2025-05-01,3773.57666015625
PRT,electricity,TimesFM,2025-06-01,3660.972412109375
PRT,electricity,TimesFM,2025-07-01,3673.973388671875
PRT,electricity,TimesFM,2025-08-01,3426.393798828125
PRT,electricity,TimesFM,2025-09-01,3443.07373046875
PRT,electricity,TimesFM,2025-10-01,3453.81591796875
PRT,electricity,TimesFM,2025-11-01,3768.6298828125
PRT,electricity,TimesFM,2025-12-01,3842.233642578125
PRT,electricity,TimesFM,2026-01-01,4018.084228515625
PRT,electricity,TimesFM,2026-02-01,3723.888427734375
PRT,electricity,TimesFM,2026-03-01,3879.032958984375
PRT,electricity,TimesFM,2026-04-01,3614.4326171875
ROU,electricity,TimesFM,2025-05-01,3836.010986328125
ROU,electricity,TimesFM,2025-06-01,3853.450927734375
ROU,electricity,TimesFM,2025-07-01,3950.420166015625
ROU,electricity,TimesFM,2025-08-01,3787.1181640625
ROU,electricity,TimesFM,2025-09-01,3701.8740234375
ROU,electricity,TimesFM,2025-10-01,3908.142822265625
ROU,electricity,TimesFM,2025-11-01,4055.8896484375
ROU,electricity,TimesFM,2025-12-01,4409.8701171875
ROU,electricity,TimesFM,2026-01-01,4529.04345703125
ROU,electricity,TimesFM,2026-02-01,4191.458984375
ROU,electricity,TimesFM,2026-03-01,4226.0869140625
ROU,electricity,TimesFM,2026-04-01,3837.722412109375
SRB,electricity,TimesFM,2025-05-01,2469.8408203125
SRB,electricity,TimesFM,2025-06-01,2434.9130859375
SRB,electricity,TimesFM,2025-07-01,2565.9375
SRB,electricity,TimesFM,2025-08-01,2534.8759765625
SRB,electricity,TimesFM,2025-09-01,2470.4296875
SRB,electricity,TimesFM,2025-10-01,2778.763671875
SRB,electricity,TimesFM,2025-11-01,2955.1025390625
SRB,electricity,TimesFM,2025-12-01,3257.494873046875
SRB,electricity,TimesFM,2026-01-01,3341.202880859375
SRB,electricity,TimesFM,2026-02-01,3136.9736328125
SRB,electricity,TimesFM,2026-03-01,3310.21728515625
SRB,electricity,TimesFM,2026-04-01,2824.3076171875
SVK,electricity,TimesFM,2025-05-01,2134.6904296875
SVK,electricity,TimesFM,2025-06-01,2040.1649169921875
SVK,electricity,TimesFM,2025-07-01,2172.752685546875
SVK,electricity,TimesFM,2025-08-01,2255.7998046875
SVK,electricity,TimesFM,2025-09-01,2091.099609375
SVK,electricity,TimesFM,2025-10-01,2212.98193359375
SVK,electricity,TimesFM,2025-11-01,2349.677001953125
SVK,electricity,TimesFM,2025-12-01,2486.906494140625
SVK,electricity,TimesFM,2026-01-01,2602.7021484375
SVK,electricity,TimesFM,2026-02-01,2456.052001953125
SVK,electricity,TimesFM,2026-03-01,2516.586669921875
SVK,electricity,TimesFM,2026-04-01,2169.5615234375
SVN,electricity,TimesFM,2025-05-01,1282.79150390625
SVN,electricity,TimesFM,2025-06-01,1272.6195068359375
SVN,electricity,TimesFM,2025-07-01,1267.320556640625
SVN,electricity,TimesFM,2025-08-01,1265.8226318359375
SVN,electricity,TimesFM,2025-09-01,1269.9754638671875
SVN,electricity,TimesFM,2025-10-01,1255.45947265625
SVN,electricity,TimesFM,2025-11-01,1264.0205078125
SVN,electricity,TimesFM,2025-12-01,1257.860595703125
SVN,electricity,TimesFM,2026-01-01,1247.2574462890625
SVN,electricity,TimesFM,2026-02-01,1230.5716552734375
SVN,electricity,TimesFM,2026-03-01,1245.1414794921875
SVN,electricity,TimesFM,2026-04-01,1240.63818359375
SWE,electricity,TimesFM,2025-05-01,12177.9365234375
SWE,electricity,TimesFM,2025-06-01,11053.228515625
SWE,electricity,TimesFM,2025-07-01,11133.9189453125
SWE,electricity,TimesFM,2025-08-01,11197.6455078125
SWE,electricity,TimesFM,2025-09-01,11565.4775390625
SWE,electricity,TimesFM,2025-10-01,13315.435546875
SWE,electricity,TimesFM,2025-11-01,14593.0263671875
SWE,electricity,TimesFM,2025-12-01,15660.2490234375
SWE,electricity,TimesFM,2026-01-01,16206.544921875
SWE,electricity,TimesFM,2026-02-01,15324.2275390625
SWE,electricity,TimesFM,2026-03-01,15414.3974609375
SWE,electricity,TimesFM,2026-04-01,13640.4375
TUR,electricity,TimesFM,2025-04-01,26453.919921875
TUR,electricity,TimesFM,2025-05-01,27072.90625
TUR,electricity,TimesFM,2025-06-01,28600.994140625
TUR,electricity,TimesFM,2025-07-01,32811.7421875
TUR,electricity,TimesFM,2025-08-01,33559.91796875
TUR,electricity,TimesFM,2025-09-01,29758.28515625
TUR,electricity,TimesFM,2025-10-01,28253.859375
TUR,electricity,TimesFM,2025-11-01,28190.431640625
TUR,electricity,TimesFM,2025-12-01,29832.8046875
TUR,electricity,TimesFM,2026-01-01,29768.974609375
TUR,electricity,TimesFM,2026-02-01,27495.37109375
TUR,electricity,TimesFM,2026-03-01,28622.73828125
USA|alabama,electricity,TimesFM,2025-01-01,12610.04296875
USA|alabama,electricity,TimesFM,2025-02-01,10995.638671875
USA|alabama,electricity,TimesFM,2025-03-01,10797.76953125
USA|alabama,electricity,TimesFM,2025-04-01,9941.57421875
USA|alabama,electricity,TimesFM,2025-05-01,11618.5703125
USA|alabama,electricity,TimesFM,2025-06-01,12975.662109375
USA|alabama,electricity,TimesFM,2025-07-01,14099.443359375
USA|alabama,electricity,TimesFM,2025-08-01,13819.3203125
USA|alabama,electricity,TimesFM,2025-09-01,12133.12109375
USA|alabama,electricity,TimesFM,2025-10-01,10782.724609375
USA|alabama,electricity,TimesFM,2025-11-01,11095.75
USA|alabama,electricity,TimesFM,2025-12-01,12245.666015625
USA|arizona,electricity,TimesFM,2025-01-01,9406.3330078125
USA|arizona,electricity,TimesFM,2025-02-01,8356.6611328125
USA|arizona,electricity,TimesFM,2025-03-01,8619.521484375
USA|arizona,electricity,TimesFM,2025-04-01,8307.380859375
USA|arizona,electricity,TimesFM,2025-05-01,9433.8935546875
USA|arizona,electricity,TimesFM,2025-06-01,11116.88671875
USA|arizona,electricity,TimesFM,2025-07-01,12728.37890625
USA|arizona,electricity,TimesFM,2025-08-01,12825.125
USA|arizona,electricity,TimesFM,2025-09-01,11400.91796875
USA|arizona,electricity,TimesFM,2025-10-01,9770.3408203125
USA|arizona,electricity,TimesFM,2025-11-01,8596.251953125
USA|arizona,electricity,TimesFM,2025-12-01,9360.662109375
USA|arkansas,electricity,TimesFM,2025-01-01,5206.763671875
USA|arkansas,electricity,TimesFM,2025-02-01,4568.2607421875
USA|arkansas,electricity,TimesFM,2025-03-01,4259.8974609375
USA|arkansas,electricity,TimesFM,2025-04-01,3909.2783203125
USA|arkansas,electricity,TimesFM,2025-05-01,4513.7236328125
USA|arkansas,electricity,TimesFM,2025-06-01,5760.24267578125
USA|arkansas,electricity,TimesFM,2025-07-01,6568.9638671875
USA|arkansas,electricity,TimesFM,2025-08-01,6434.59326171875
USA|arkansas,electricity,TimesFM,2025-09-01,5248.45703125
USA|arkansas,electricity,TimesFM,2025-10-01,4279.9326171875
USA|arkansas,electricity,TimesFM,2025-11-01,4162.82373046875
USA|arkansas,electricity,TimesFM,2025-12-01,4932.90185546875
USA|california,electricity,TimesFM,2025-01-01,17499.490234375
USA|california,electricity,TimesFM,2025-02-01,16351.2578125
USA|california,electricity,TimesFM,2025-03-01,18131.353515625
USA|california,electricity,TimesFM,2025-04-01,18139.359375
USA|california,electricity,TimesFM,2025-05-01,19249.4609375
USA|california,electricity,TimesFM,2025-06-01,21654.44140625
USA|california,electricity,TimesFM,2025-07-01,26320.888671875
USA|california,electricity,TimesFM,2025-08-01,26240.06640625
USA|california,electricity,TimesFM,2025-09-01,23093.939453125
USA|california,electricity,TimesFM,2025-10-01,20630.76171875
USA|california,electricity,TimesFM,2025-11-01,17533.421875
USA|california,electricity,TimesFM,2025-12-01,18090.896484375
USA|colorado,electricity,TimesFM,2025-01-01,5161.041015625
USA|colorado,electricity,TimesFM,2025-02-01,4648.2216796875
USA|colorado,electricity,TimesFM,2025-03-01,4771.888671875
USA|colorado,electricity,TimesFM,2025-04-01,4327.0908203125
USA|colorado,electricity,TimesFM,2025-05-01,4496.8349609375
USA|colorado,electricity,TimesFM,2025-06-01,4975.83349609375
USA|colorado,electricity,TimesFM,2025-07-01,5770.7265625
USA|colorado,electricity,TimesFM,2025-08-01,5608.3447265625
USA|colorado,electricity,TimesFM,2025-09-01,4789.29296875
USA|colorado,electricity,TimesFM,2025-10-01,4512.1494140625
USA|colorado,electricity,TimesFM,2025-11-01,4645.2890625
USA|colorado,electricity,TimesFM,2025-12-01,5273.00244140625
USA|connecticut,electricity,TimesFM,2025-01-01,4038.55224609375
USA|connecticut,electricity,TimesFM,2025-02-01,3701.795654296875
USA|connecticut,electricity,TimesFM,2025-03-01,3831.2490234375
USA|connecticut,electricity,TimesFM,2025-04-01,3217.0888671875
USA|connecticut,electricity,TimesFM,2025-05-01,3391.37548828125
USA|connecticut,electricity,TimesFM,2025-06-01,3826.945556640625
USA|connecticut,electricity,TimesFM,2025-07-01,4394.2490234375
USA|connecticut,electricity,TimesFM,2025-08-01,4353.06640625
USA|connecticut,electricity,TimesFM,2025-09-01,3885.4013671875
USA|connecticut,electricity,TimesFM,2025-10-01,3458.815185546875
USA|connecticut,electricity,TimesFM,2025-11-01,3625.131103515625
USA|connecticut,electricity,TimesFM,2025-12-01,4030.74462890625
USA|delaware,electricity,TimesFM,2025-01-01,363.2191162109375
USA|delaware,electricity,TimesFM,2025-02-01,312.7222900390625
USA|delaware,electricity,TimesFM,2025-03-01,351.6375732421875
USA|delaware,electricity,TimesFM,2025-04-01,349.439453125
USA|delaware,electricity,TimesFM,2025-05-01,357.0891418457031
USA|delaware,electricity,TimesFM,2025-06-01,505.335205078125
USA|delaware,electricity,TimesFM,2025-07-01,692.7178344726562
USA|delaware,electricity,TimesFM,2025-08-01,627.3251953125
USA|delaware,electricity,TimesFM,2025-09-01,443.76885986328125
USA|delaware,electricity,TimesFM,2025-10-01,372.7308044433594
USA|delaware,electricity,TimesFM,2025-11-01,329.1856689453125
USA|delaware,electricity,TimesFM,2025-12-01,365.9228515625
USA|florida,electricity,TimesFM,2025-01-01,20039.677734375
USA|florida,electricity,TimesFM,2025-02-01,18302.40234375
USA|florida,electricity,TimesFM,2025-03-01,19814.54296875
USA|florida,electricity,TimesFM,2025-04-01,21092.185546875
USA|florida,electricity,TimesFM,2025-05-01,24033.080078125
USA|florida,electricity,TimesFM,2025-06-01,25681.478515625
USA|florida,electricity,TimesFM,2025-07-01,27665.466796875
USA|florida,electricity,TimesFM,2025-08-01,27627.423828125
USA|florida,electricity,TimesFM,2025-09-01,25268.82421875
USA|florida,electricity,TimesFM,2025-10-01,22606.69921875
USA|florida,electricity,TimesFM,2025-11-01,19915.271484375
USA|florida,electricity,TimesFM,2025-12-01,20108.3203125
USA|georgia,electricity,TimesFM,2025-01-01,11729.509765625
USA|georgia,electricity,TimesFM,2025-02-01,10064.5244140625
USA|georgia,electricity,TimesFM,2025-03-01,9693.369140625
USA|georgia,electricity,TimesFM,2025-04-01,10116.6357421875
USA|georgia,electricity,TimesFM,2025-05-01,11640.0234375
USA|georgia,electricity,TimesFM,2025-06-01,12770.064453125
USA|georgia,electricity,TimesFM,2025-07-01,13640.9765625
USA|georgia,electricity,TimesFM,2025-08-01,13546.6318359375
USA|georgia,electricity,TimesFM,2025-09-01,11369.1669921875
USA|georgia,electricity,TimesFM,2025-10-01,10085.640625
USA|georgia,electricity,TimesFM,2025-11-01,9952.150390625
USA|georgia,electricity,TimesFM,2025-12-01,11091.244140625
USA|idaho,electricity,TimesFM,2025-01-01,1584.480224609375
USA|idaho,electricity,TimesFM,2025-02-01,1476.744384765625
USA|idaho,electricity,TimesFM,2025-03-01,1464.248291015625
USA|idaho,electricity,TimesFM,2025-04-01,1442.84423828125
USA|idaho,electricity,TimesFM,2025-05-01,1476.794677734375
USA|idaho,electricity,TimesFM,2025-06-01,1531.874755859375
USA|idaho,electricity,TimesFM,2025-07-01,1695.8671875
USA|idaho,electricity,TimesFM,2025-08-01,1574.826416015625
USA|idaho,electricity,TimesFM,2025-09-01,1338.7410888671875
USA|idaho,electricity,TimesFM,2025-10-01,1202.758544921875
USA|idaho,electricity,TimesFM,2025-11-01,1309.506591796875
USA|idaho,electricity,TimesFM,2025-12-01,1353.848876953125
USA|illinois,electricity,TimesFM,2025-01-01,16946.26171875
USA|illinois,electricity,TimesFM,2025-02-01,14738.236328125
USA|illinois,electricity,TimesFM,2025-03-01,15045.74609375
USA|illinois,electricity,TimesFM,2025-04-01,13842.0556640625
USA|illinois,electricity,TimesFM,2025-05-01,14432.3857421875
USA|illinois,electricity,TimesFM,2025-06-01,15864.6796875
USA|illinois,electricity,TimesFM,2025-07-01,17274.9453125
USA|illinois,electricity,TimesFM,2025-08-01,16943.9921875
USA|illinois,electricity,TimesFM,2025-09-01,14859.0400390625
USA|illinois,electricity,TimesFM,2025-10-01,14599.2490234375
USA|illinois,electricity,TimesFM,2025-11-01,14855.84765625
USA|illinois,electricity,TimesFM,2025-12-01,16351.580078125
USA|indiana,electricity,TimesFM,2025-01-01,9320.599609375
USA|indiana,electricity,TimesFM,2025-02-01,7765.5361328125
USA|indiana,electricity,TimesFM,2025-03-01,7381.453125
USA|indiana,electricity,TimesFM,2025-04-01,6795.64599609375
USA|indiana,electricity,TimesFM,2025-05-01,7106.65771484375
USA|indiana,electricity,TimesFM,2025-06-01,8280.4375
USA|indiana,electricity,TimesFM,2025-07-01,9225.66015625
USA|indiana,electricity,TimesFM,2025-08-01,8969.4765625
USA|indiana,electricity,TimesFM,2025-09-01,7307.41259765625
USA|indiana,electricity,TimesFM,2025-10-01,7141.6298828125
USA|indiana,electricity,TimesFM,2025-11-01,7224.32861328125
USA|indiana,electricity,TimesFM,2025-12-01,8261.2265625
USA|iowa,electricity,TimesFM,2025-01-01,6383.1328125
USA|iowa,electricity,TimesFM,2025-02-01,5897.162109375
USA|iowa,electricity,TimesFM,2025-03-01,6015.13427734375
USA|iowa,electricity,TimesFM,2025-04-01,5691.22265625
USA|iowa,electricity,TimesFM,2025-05-01,5695.4326171875
USA|iowa,electricity,TimesFM,2025-06-01,6036.57763671875
USA|iowa,electricity,TimesFM,2025-07-01,6357.83544921875
USA|iowa,electricity,TimesFM,2025-08-01,6224.1787109375
USA|iowa,electricity,TimesFM,2025-09-01,5809.24755859375
USA|iowa,electricity,TimesFM,2025-10-01,5844.89404296875
USA|iowa,electricity,TimesFM,2025-11-01,5963.47216796875
USA|iowa,electricity,TimesFM,2025-12-01,6391.46630859375
USA|kansas,electricity,TimesFM,2025-01-01,4979.29052734375
USA|kansas,electricity,TimesFM,2025-02-01,4559.3662109375
USA|kansas,electricity,TimesFM,2025-03-01,4490.3291015625
USA|kansas,electricity,TimesFM,2025-04-01,4238.4208984375
USA|kansas,electricity,TimesFM,2025-05-01,4578.29248046875
USA|kansas,electricity,TimesFM,2025-06-01,5142.4716796875
USA|kansas,electricity,TimesFM,2025-07-01,5518.4775390625
USA|kansas,electricity,TimesFM,2025-08-01,5368.275390625
USA|kansas,electricity,TimesFM,2025-09-01,4880.326171875
USA|kansas,electricity,TimesFM,2025-10-01,4520.876953125
USA|kansas,electricity,TimesFM,2025-11-01,4585.5244140625
USA|kansas,electricity,TimesFM,2025-12-01,5043.1806640625
USA|kentucky,electricity,TimesFM,2025-01-01,6463.38134765625
USA|kentucky,electricity,TimesFM,2025-02-01,5432.0048828125
USA|kentucky,electricity,TimesFM,2025-03-01,5041.39404296875
USA|kentucky,electricity,TimesFM,2025-04-01,4408.6220703125
USA|kentucky,electricity,TimesFM,2025-05-01,5118.84326171875
USA|kentucky,electricity,TimesFM,2025-06-01,6076.99560546875
USA|kentucky,electricity,TimesFM,2025-07-01,6778.16015625
USA|kentucky,electricity,TimesFM,2025-08-01,6571.82763671875
USA|kentucky,electricity,TimesFM,2025-09-01,5227.45458984375
USA|kentucky,electricity,TimesFM,2025-10-01,4616.40380859375
USA|kentucky,electricity,TimesFM,2025-11-01,4688.4052734375
USA|kentucky,electricity,TimesFM,2025-12-01,5882.4853515625
USA|louisiana,electricity,TimesFM,2025-01-01,8172.8486328125
USA|louisiana,electricity,TimesFM,2025-02-01,7229.8349609375
USA|louisiana,electricity,TimesFM,2025-03-01,7255.84375
USA|louisiana,electricity,TimesFM,2025-04-01,7234.736328125
USA|louisiana,electricity,TimesFM,2025-05-01,8201.76953125
USA|louisiana,electricity,TimesFM,2025-06-01,9081.7197265625
USA|louisiana,electricity,TimesFM,2025-07-01,9960.458984375
USA|louisiana,electricity,TimesFM,2025-08-01,9825.533203125
USA|louisiana,electricity,TimesFM,2025-09-01,8551.552734375
USA|louisiana,electricity,TimesFM,2025-10-01,7837.18359375
USA|louisiana,electricity,TimesFM,2025-11-01,7503.0166015625
USA|louisiana,electricity,TimesFM,2025-12-01,8080.9384765625
USA|maine,electricity,TimesFM,2025-01-01,1239.67578125
USA|maine,electricity,TimesFM,2025-02-01,1119.1708984375
USA|maine,electricity,TimesFM,2025-03-01,1184.39990234375
USA|maine,electricity,TimesFM,2025-04-01,1104.395263671875
USA|maine,electricity,TimesFM,2025-05-01,1116.4873046875
USA|maine,electricity,TimesFM,2025-06-01,1121.414794921875
USA|maine,electricity,TimesFM,2025-07-01,1250.274658203125
USA|maine,electricity,TimesFM,2025-08-01,1216.559814453125
USA|maine,electricity,TimesFM,2025-09-01,1097.804931640625
USA|maine,electricity,TimesFM,2025-10-01,1101.80322265625
USA|maine,electricity,TimesFM,2025-11-01,1164.3740234375
USA|maine,electricity,TimesFM,2025-12-01,1220.02734375
USA|maryland,electricity,TimesFM,2025-01-01,3138.5146484375
USA|maryland,electricity,TimesFM,2025-02-01,2609.88232421875
USA|maryland,electricity,TimesFM,2025-03-01,2883.58837890625
USA|maryland,electricity,TimesFM,2025-04-01,3015.02880859375
USA|maryland,electricity,TimesFM,2025-05-01,3061.587890625
USA|maryland,electricity,TimesFM,2025-06-01,3382.69677734375
USA|maryland,electricity,TimesFM,2025-07-01,3875.11669921875
USA|maryland,electricity,TimesFM,2025-08-01,3608.57763671875
USA|maryland,electricity,TimesFM,2025-09-01,3158.61572265625
USA|maryland,electricity,TimesFM,2025-10-01,3070.39013671875
USA|maryland,electricity,TimesFM,2025-11-01,2907.155029296875
USA|maryland,electricity,TimesFM,2025-12-01,3130.287109375
USA|massachusetts,electricity,TimesFM,2025-01-01,2109.510986328125
USA|massachusetts,electricity,TimesFM,2025-02-01,1848.486083984375
USA|massachusetts,electricity,TimesFM,2025-03-01,1861.20654296875
USA|massachusetts,electricity,TimesFM,2025-04-01,1737.069580078125
USA|massachusetts,electricity,TimesFM,2025-05-01,1690.08203125
USA|massachusetts,electricity,TimesFM,2025-06-01,2119.27783203125
USA|massachusetts,electricity,TimesFM,2025-07-01,2953.202880859375
USA|massachusetts,electricity,TimesFM,2025-08-01,2778.89892578125
USA|massachusetts,electricity,TimesFM,2025-09-01,2019.488525390625
USA|massachusetts,electricity,TimesFM,2025-10-01,1961.385986328125
USA|massachusetts,electricity,TimesFM,2025-11-01,1720.6541748046875
USA|massachusetts,electricity,TimesFM,2025-12-01,1969.426025390625
USA|michigan,electricity,TimesFM,2025-01-01,11037.443359375
USA|michigan,electricity,TimesFM,2025-02-01,9834.7236328125
USA|michigan,electricity,TimesFM,2025-03-01,9839.5576171875
USA|michigan,electricity,TimesFM,2025-04-01,8845.859375
USA|michigan,electricity,TimesFM,2025-05-01,9525.720703125
USA|michigan,electricity,TimesFM,2025-06-01,10345.771484375
USA|michigan,electricity,TimesFM,2025-07-01,11348.36328125
USA|michigan,electricity,TimesFM,2025-08-01,11210.814453125
USA|michigan,electricity,TimesFM,2025-09-01,9622.8369140625
USA|michigan,electricity,TimesFM,2025-10-01,9192.705078125
USA|michigan,electricity,TimesFM,2025-11-01,9245.97265625
USA|michigan,electricity,TimesFM,2025-12-01,10095.361328125
USA|minnesota,electricity,TimesFM,2025-01-01,5348.68798828125
USA|minnesota,electricity,TimesFM,2025-02-01,4780.88916015625
USA|minnesota,electricity,TimesFM,2025-03-01,4822.9130859375
USA|minnesota,electricity,TimesFM,2025-04-01,4272.33642578125
USA|minnesota,electricity,TimesFM,2025-05-01,4369.29150390625
USA|minnesota,electricity,TimesFM,2025-06-01,4899.4150390625
USA|minnesota,electricity,TimesFM,2025-07-01,5652.328125
USA|minnesota,electricity,TimesFM,2025-08-01,5375.75927734375
USA|minnesota,electricity,TimesFM,2025-09-01,4533.6787109375
USA|minnesota,electricity,TimesFM,2025-10-01,4430.9560546875
USA|minnesota,electricity,TimesFM,2025-11-01,4707.12060546875
USA|minnesota,electricity,TimesFM,2025-12-01,5347.76025390625
USA|mississippi,electricity,TimesFM,2025-01-01,6230.9921875
USA|mississippi,electricity,TimesFM,2025-02-01,5714.1015625
USA|mississippi,electricity,TimesFM,2025-03-01,5325.58203125
USA|mississippi,electricity,TimesFM,2025-04-01,5316.6162109375
USA|mississippi,electricity,TimesFM,2025-05-01,6018.23828125
USA|mississippi,electricity,TimesFM,2025-06-01,6838.65625
USA|mississippi,electricity,TimesFM,2025-07-01,7531.8134765625
USA|mississippi,electricity,TimesFM,2025-08-01,7371.63671875
USA|mississippi,electricity,TimesFM,2025-09-01,6245.6953125
USA|mississippi,electricity,TimesFM,2025-10-01,5557.138671875
USA|mississippi,electricity,TimesFM,2025-11-01,5350.0
USA|mississippi,electricity,TimesFM,2025-12-01,5885.142578125
USA|missouri,electricity,TimesFM,2025-01-01,6477.1845703125
USA|missouri,electricity,TimesFM,2025-02-01,5446.93701171875
USA|missouri,electricity,TimesFM,2025-03-01,5105.279296875
USA|missouri,electricity,TimesFM,2025-04-01,4560.75146484375
USA|missouri,electricity,TimesFM,2025-05-01,5142.47119140625
USA|missouri,electricity,TimesFM,2025-06-01,6312.76953125
USA|missouri,electricity,TimesFM,2025-07-01,7133.52197265625
USA|missouri,electricity,TimesFM,2025-08-01,7005.78173828125
USA|missouri,electricity,TimesFM,2025-09-01,5620.451171875
USA|missouri,electricity,TimesFM,2025-10-01,4998.53076171875
USA|missouri,electricity,TimesFM,2025-11-01,5067.7978515625
USA|missouri,electricity,TimesFM,2025-12-01,6134.365234375
USA|montana,electricity,TimesFM,2025-01-01,2558.07568359375
USA|montana,electricity,TimesFM,2025-02-01,2245.628662109375
USA|montana,electricity,TimesFM,2025-03-01,2276.72412109375
USA|montana,electricity,TimesFM,2025-04-01,2053.0625
USA|montana,electricity,TimesFM,2025-05-01,2033.054443359375
USA|montana,electricity,TimesFM,2025-06-01,2088.3955078125
USA|montana,electricity,TimesFM,2025-07-01,2322.626708984375
USA|montana,electricity,TimesFM,2025-08-01,2283.133544921875
USA|montana,electricity,TimesFM,2025-09-01,2057.033935546875
USA|montana,electricity,TimesFM,2025-10-01,2052.06298828125
USA|montana,electricity,TimesFM,2025-11-01,2269.039794921875
USA|montana,electricity,TimesFM,2025-12-01,2394.274658203125
USA|nebraska,electricity,TimesFM,2025-01-01,3505.438232421875
USA|nebraska,electricity,TimesFM,2025-02-01,3083.437255859375
USA|nebraska,electricity,TimesFM,2025-03-01,3023.311767578125
USA|nebraska,electricity,TimesFM,2025-04-01,2748.010009765625
USA|nebraska,electricity,TimesFM,2025-05-01,2874.505859375
USA|nebraska,electricity,TimesFM,2025-06-01,3297.909912109375
USA|nebraska,electricity,TimesFM,2025-07-01,3753.76953125
USA|nebraska,electricity,TimesFM,2025-08-01,3682.69970703125
USA|nebraska,electricity,TimesFM,2025-09-01,3246.765869140625
USA|nebraska,electricity,TimesFM,2025-10-01,3013.46337890625
USA|nebraska,electricity,TimesFM,2025-11-01,3105.518798828125
USA|nebraska,electricity,TimesFM,2025-12-01,3516.51171875
USA|nevada,electricity,TimesFM,2025-01-01,3376.8671875
USA|nevada,electricity,TimesFM,2025-02-01,3150.57568359375
USA|nevada,electricity,TimesFM,2025-03-01,3310.26416015625
USA|nevada,electricity,TimesFM,2025-04-01,3260.353515625
USA|nevada,electricity,TimesFM,2025-05-01,3616.119140625
USA|nevada,electricity,TimesFM,2025-06-01,4253.16259765625
USA|nevada,electricity,TimesFM,2025-07-01,4897.0849609375
USA|nevada,electricity,TimesFM,2025-08-01,4728.802734375
USA|nevada,electricity,TimesFM,2025-09-01,4145.728515625
USA|nevada,electricity,TimesFM,2025-10-01,3675.56298828125
USA|nevada,electricity,TimesFM,2025-11-01,3349.07861328125
USA|nevada,electricity,TimesFM,2025-12-01,3450.5888671875
USA|new hampshire,electricity,TimesFM,2025-01-01,1574.5323486328125
USA|new hampshire,electricity,TimesFM,2025-02-01,1457.5567626953125
USA|new hampshire,electricity,TimesFM,2025-03-01,1477.6318359375
USA|new hampshire,electricity,TimesFM,2025-04-01,1310.3028564453125
USA|new hampshire,electricity,TimesFM,2025-05-01,1459.2440185546875
USA|new hampshire,electricity,TimesFM,2025-06-01,1557.2232666015625
USA|new hampshire,electricity,TimesFM,2025-07-01,1675.75244140625
USA|new hampshire,electricity,TimesFM,2025-08-01,1645.9464111328125
USA|new hampshire,electricity,TimesFM,2025-09-01,1532.8624267578125
USA|new hampshire,electricity,TimesFM,2025-10-01,1300.2049560546875
USA|new hampshire,electricity,TimesFM,2025-11-01,1498.186767578125
USA|new hampshire,electricity,TimesFM,2025-12-01,1619.85888671875
USA|new jersey,electricity,TimesFM,2025-01-01,5095.6943359375
USA|new jersey,electricity,TimesFM,2025-02-01,4642.0224609375
USA|new jersey,electricity,TimesFM,2025-03-01,4686.7666015625
USA|new jersey,electricity,TimesFM,2025-04-01,4355.26611328125
USA|new jersey,electricity,TimesFM,2025-05-01,4761.77099609375
USA|new jersey,electricity,TimesFM,2025-06-01,5834.62890625
USA|new jersey,electricity,TimesFM,2025-07-01,6713.498046875
USA|new jersey,electricity,TimesFM,2025-08-01,6509.30029296875
USA|new jersey,electricity,TimesFM,2025-09-01,5503.64453125
USA|new jersey,electricity,TimesFM,2025-10-01,4824.5244140625
USA|new jersey,electricity,TimesFM,2025-11-01,4673.59765625
USA|new jersey,electricity,TimesFM,2025-12-01,5169.37451171875
USA|new mexico,electricity,TimesFM,2025-01-01,3311.177490234375
USA|new mexico,electricity,TimesFM,2025-02-01,3082.0283203125
USA|new mexico,electricity,TimesFM,2025-03-01,3032.441650390625
USA|new mexico,electricity,TimesFM,2025-04-01,2983.380126953125
USA|new mexico,electricity,TimesFM,2025-05-01,3141.394775390625
USA|new mexico,electricity,TimesFM,2025-06-01,3379.856689453125
USA|new mexico,electricity,TimesFM,2025-07-01,3525.259765625
USA|new mexico,electricity,TimesFM,2025-08-01,3448.017333984375
USA|new mexico,electricity,TimesFM,2025-09-01,3210.824462890625
USA|new mexico,electricity,TimesFM,2025-10-01,3032.2998046875
USA|new mexico,electricity,TimesFM,2025-11-01,3028.322998046875
USA|new mexico,electricity,TimesFM,2025-12-01,3232.531982421875
USA|new york,electricity,TimesFM,2025-01-01,11597.1806640625
USA|new york,electricity,TimesFM,2025-02-01,10475.4248046875
USA|new york,electricity,TimesFM,2025-03-01,10542.109375
USA|new york,electricity,TimesFM,2025-04-01,9631.873046875
USA|new york,electricity,TimesFM,2025-05-01,10454.123046875
USA|new york,electricity,TimesFM,2025-06-01,11605.9638671875
USA|new york,electricity,TimesFM,2025-07-01,13528.1416015625
USA|new york,electricity,TimesFM,2025-08-01,12962.3505859375
USA|new york,electricity,TimesFM,2025-09-01,10979.03125
USA|new york,electricity,TimesFM,2025-10-01,10471.501953125
USA|new york,electricity,TimesFM,2025-11-01,10489.798828125
USA|new york,electricity,TimesFM,2025-12-01,11166.58203125
USA|north carolina,electricity,TimesFM,2025-01-01,12529.1298828125
USA|north carolina,electricity,TimesFM,2025-02-01,10529.724609375
USA|north carolina,electricity,TimesFM,2025-03-01,9911.8232421875
USA|north carolina,electricity,TimesFM,2025-04-01,8940.79296875
USA|north carolina,electricity,TimesFM,2025-05-01,10766.828125
USA|north carolina,electricity,TimesFM,2025-06-01,12380.171875
USA|north carolina,electricity,TimesFM,2025-07-01,13831.0302734375
USA|north carolina,electricity,TimesFM,2025-08-01,13418.0791015625
USA|north carolina,electricity,TimesFM,2025-09-01,10850.7890625
USA|north carolina,electricity,TimesFM,2025-10-01,9603.150390625
USA|north carolina,electricity,TimesFM,2025-11-01,10242.095703125
USA|north carolina,electricity,TimesFM,2025-12-01,11559.03125
USA|north dakota,electricity,TimesFM,2025-01-01,4113.7412109375
USA|north dakota,electricity,TimesFM,2025-02-01,3731.309814453125
USA|north dakota,electricity,TimesFM,2025-03-01,3760.87255859375
USA|north dakota,electricity,TimesFM,2025-04-01,3316.347412109375
USA|north dakota,electricity,TimesFM,2025-05-01,3306.16796875
USA|north dakota,electricity,TimesFM,2025-06-01,3409.351318359375
USA|north dakota,electricity,TimesFM,2025-07-01,3858.8232421875
USA|north dakota,electricity,TimesFM,2025-08-01,3795.19140625
USA|north dakota,electricity,TimesFM,2025-09-01,3485.99560546875
USA|north dakota,electricity,TimesFM,2025-10-01,3589.41162109375
USA|north dakota,electricity,TimesFM,2025-11-01,3707.02734375
USA|north dakota,electricity,TimesFM,2025-12-01,3938.974853515625
USA|ohio,electricity,TimesFM,2025-01-01,13439.83984375
USA|ohio,electricity,TimesFM,2025-02-01,11692.48828125
USA|ohio,electricity,TimesFM,2025-03-01,11277.537109375
USA|ohio,electricity,TimesFM,2025-04-01,9859.6875
USA|ohio,electricity,TimesFM,2025-05-01,10546.2841796875
USA|ohio,electricity,TimesFM,2025-06-01,12050.630859375
USA|ohio,electricity,TimesFM,2025-07-01,13545.998046875
USA|ohio,electricity,TimesFM,2025-08-01,13472.79296875
USA|ohio,electricity,TimesFM,2025-09-01,11604.8818359375
USA|ohio,electricity,TimesFM,2025-10-01,10931.55078125
USA|ohio,electricity,TimesFM,2025-11-01,11292.283203125
USA|ohio,electricity,TimesFM,2025-12-01,12408.537109375
USA|oklahoma,electricity,TimesFM,2025-01-01,7807.814453125
USA|oklahoma,electricity,TimesFM,2025-02-01,7211.7978515625
USA|oklahoma,electricity,TimesFM,2025-03-01,7045.318359375
USA|oklahoma,electricity,TimesFM,2025-04-01,7101.5126953125
USA|oklahoma,electricity,TimesFM,2025-05-01,7716.86962890625
USA|oklahoma,electricity,TimesFM,2025-06-01,8981.0166015625
USA|oklahoma,electricity,TimesFM,2025-07-01,10023.5966796875
USA|oklahoma,electricity,TimesFM,2025-08-01,9627.7890625
USA|oklahoma,electricity,TimesFM,2025-09-01,8080.75439453125
USA|oklahoma,electricity,TimesFM,2025-10-01,7155.435546875
USA|oklahoma,electricity,TimesFM,2025-11-01,6970.2890625
USA|oklahoma,electricity,TimesFM,2025-12-01,7673.23828125
USA|oregon,electricity,TimesFM,2025-01-01,6009.791015625
USA|oregon,electricity,TimesFM,2025-02-01,5593.16015625
USA|oregon,electricity,TimesFM,2025-03-01,5709.34423828125
USA|oregon,electricity,TimesFM,2025-04-01,4910.18115234375
USA|oregon,electricity,TimesFM,2025-05-01,4757.28369140625
USA|oregon,electricity,TimesFM,2025-06-01,5037.3740234375
USA|oregon,electricity,TimesFM,2025-07-01,5361.50830078125
USA|oregon,electricity,TimesFM,2025-08-01,5205.60888671875
USA|oregon,electricity,TimesFM,2025-09-01,4850.1689453125
USA|oregon,electricity,TimesFM,2025-10-01,4634.44775390625
USA|oregon,electricity,TimesFM,2025-11-01,5033.7626953125
USA|oregon,electricity,TimesFM,2025-12-01,5739.2353515625
USA|pennsylvania,electricity,TimesFM,2025-01-01,22717.67578125
USA|pennsylvania,electricity,TimesFM,2025-02-01,20078.955078125
USA|pennsylvania,electricity,TimesFM,2025-03-01,19929.99609375
USA|pennsylvania,electricity,TimesFM,2025-04-01,17047.53125
USA|pennsylvania,electricity,TimesFM,2025-05-01,18725.037109375
USA|pennsylvania,electricity,TimesFM,2025-06-01,21134.166015625
USA|pennsylvania,electricity,TimesFM,2025-07-01,23938.734375
USA|pennsylvania,electricity,TimesFM,2025-08-01,23058.6171875
USA|pennsylvania,electricity,TimesFM,2025-09-01,19343.04296875
USA|pennsylvania,electricity,TimesFM,2025-10-01,17813.12109375
USA|pennsylvania,electricity,TimesFM,2025-11-01,18626.28515625
USA|pennsylvania,electricity,TimesFM,2025-12-01,21584.6796875
USA|rhode island,electricity,TimesFM,2025-01-01,606.2979125976562
USA|rhode island,electricity,TimesFM,2025-02-01,571.33642578125
USA|rhode island,electricity,TimesFM,2025-03-01,607.0841064453125
USA|rhode island,electricity,TimesFM,2025-04-01,652.437255859375
USA|rhode island,electricity,TimesFM,2025-05-01,766.0318603515625
USA|rhode island,electricity,TimesFM,2025-06-01,898.4636840820312
USA|rhode island,electricity,TimesFM,2025-07-01,1008.9363403320312
USA|rhode island,electricity,TimesFM,2025-08-01,1014.9092407226562
USA|rhode island,electricity,TimesFM,2025-09-01,939.9204711914062
USA|rhode island,electricity,TimesFM,2025-10-01,875.7347412109375
USA|rhode island,electricity,TimesFM,2025-11-01,788.087646484375
USA|rhode island,electricity,TimesFM,2025-12-01,690.8470458984375
USA|south carolina,electricity,TimesFM,2025-01-01,9084.376953125
USA|south carolina,electricity,TimesFM,2025-02-01,8015.7978515625
USA|south carolina,electricity,TimesFM,2025-03-01,8122.7236328125
USA|south carolina,electricity,TimesFM,2025-04-01,7633.30859375
USA|south carolina,electricity,TimesFM,2025-05-01,8078.6630859375
USA|south carolina,electricity,TimesFM,2025-06-01,8946.404296875
USA|south carolina,electricity,TimesFM,2025-07-01,9795.318359375
USA|south carolina,electricity,TimesFM,2025-08-01,9518.7890625
USA|south carolina,electricity,TimesFM,2025-09-01,8327.884765625
USA|south carolina,electricity,TimesFM,2025-10-01,7618.0126953125
USA|south carolina,electricity,TimesFM,2025-11-01,7362.0908203125
USA|south carolina,electricity,TimesFM,2025-12-01,8440.6923828125
USA|south dakota,electricity,TimesFM,2025-01-01,1753.3612060546875
USA|south dakota,electricity,TimesFM,2025-02-01,1676.99560546875
USA|south dakota,electricity,TimesFM,2025-03-01,1699.8109130859375
USA|south dakota,electricity,TimesFM,2025-04-01,1680.6536865234375
USA|south dakota,electricity,TimesFM,2025-05-01,1645.101318359375
USA|south dakota,electricity,TimesFM,2025-06-01,1668.8525390625
USA|south dakota,electricity,TimesFM,2025-07-01,1726.0882568359375
USA|south dakota,electricity,TimesFM,2025-08-01,1707.9266357421875
USA|south dakota,electricity,TimesFM,2025-09-01,1616.92822265625
USA|south dakota,electricity,TimesFM,2025-10-01,1601.47802734375
USA|south dakota,electricity,TimesFM,2025-11-01,1656.8319091796875
USA|south dakota,electricity,TimesFM,2025-12-01,1691.1624755859375
USA|tennessee,electricity,TimesFM,2025-01-01,7207.75
USA|tennessee,electricity,TimesFM,2025-02-01,6290.77685546875
USA|tennessee,electricity,TimesFM,2025-03-01,6191.86962890625
USA|tennessee,electricity,TimesFM,2025-04-01,5472.10595703125
USA|tennessee,electricity,TimesFM,2025-05-01,6087.28857421875
USA|tennessee,electricity,TimesFM,2025-06-01,6937.92578125
USA|tennessee,electricity,TimesFM,2025-07-01,7740.47119140625
USA|tennessee,electricity,TimesFM,2025-08-01,7503.42578125
USA|tennessee,electricity,TimesFM,2025-09-01,6445.130859375
USA|tennessee,electricity,TimesFM,2025-10-01,5306.8828125
USA|tennessee,electricity,TimesFM,2025-11-01,5267.06982421875
USA|tennessee,electricity,TimesFM,2025-12-01,6522.3740234375
USA|texas,electricity,TimesFM,2025-01-01,45162.1171875
USA|texas,electricity,TimesFM,2025-02-01,40198.53125
USA|texas,electricity,TimesFM,2025-03-01,40681.453125
USA|texas,electricity,TimesFM,2025-04-01,41460.515625
USA|texas,electricity,TimesFM,2025-05-01,47809.41796875
USA|texas,electricity,TimesFM,2025-06-01,53844.875
USA|texas,electricity,TimesFM,2025-07-01,58488.796875
USA|texas,electricity,TimesFM,2025-08-01,58157.546875
USA|texas,electricity,TimesFM,2025-09-01,50906.5703125
USA|texas,electricity,TimesFM,2025-10-01,45470.20703125
USA|texas,electricity,TimesFM,2025-11-01,42343.16796875
USA|texas,electricity,TimesFM,2025-12-01,45548.80859375
USA|utah,electricity,TimesFM,2025-01-01,3294.82275390625
USA|utah,electricity,TimesFM,2025-02-01,2823.698486328125
USA|utah,electricity,TimesFM,2025-03-01,2675.552001953125
USA|utah,electricity,TimesFM,2025-04-01,2484.140625
USA|utah,electricity,TimesFM,2025-05-01,2870.0556640625
USA|utah,electricity,TimesFM,2025-06-01,3241.01953125
USA|utah,electricity,TimesFM,2025-07-01,3796.39599609375
USA|utah,electricity,TimesFM,2025-08-01,3825.056396484375
USA|utah,electricity,TimesFM,2025-09-01,3476.874755859375
USA|utah,electricity,TimesFM,2025-10-01,3270.983154296875
USA|utah,electricity,TimesFM,2025-11-01,3065.888671875
USA|utah,electricity,TimesFM,2025-12-01,3294.530029296875
USA|vermont,electricity,TimesFM,2025-01-01,227.83358764648438
USA|vermont,electricity,TimesFM,2025-02-01,218.00576782226562
USA|vermont,electricity,TimesFM,2025-03-01,231.0299835205078
USA|vermont,electricity,TimesFM,2025-04-01,227.67037963867188
USA|vermont,electricity,TimesFM,2025-05-01,226.79208374023438
USA|vermont,electricity,TimesFM,2025-06-01,217.4697265625
USA|vermont,electricity,TimesFM,2025-07-01,215.88902282714844
USA|vermont,electricity,TimesFM,2025-08-01,205.95849609375
USA|vermont,electricity,TimesFM,2025-09-01,198.23272705078125
USA|vermont,electricity,TimesFM,2025-10-01,200.15982055664062
USA|vermont,electricity,TimesFM,2025-11-01,213.55410766601562
USA|vermont,electricity,TimesFM,2025-12-01,221.9190673828125
USA|virginia,electricity,TimesFM,2025-01-01,9428.564453125
USA|virginia,electricity,TimesFM,2025-02-01,8664.51171875
USA|virginia,electricity,TimesFM,2025-03-01,8039.8818359375
USA|virginia,electricity,TimesFM,2025-04-01,6789.76123046875
USA|virginia,electricity,TimesFM,2025-05-01,7419.50927734375
USA|virginia,electricity,TimesFM,2025-06-01,9135.888671875
USA|virginia,electricity,TimesFM,2025-07-01,10408.982421875
USA|virginia,electricity,TimesFM,2025-08-01,10130.349609375
USA|virginia,electricity,TimesFM,2025-09-01,8144.58935546875
USA|virginia,electricity,TimesFM,2025-10-01,6838.1201171875
USA|virginia,electricity,TimesFM,2025-11-01,7266.25048828125
USA|virginia,electricity,TimesFM,2025-12-01,8806.166015625
USA|washington,electricity,TimesFM,2025-01-01,9776.0234375
USA|washington,electricity,TimesFM,2025-02-01,8555.517578125
USA|washington,electricity,TimesFM,2025-03-01,8699.3310546875
USA|washington,electricity,TimesFM,2025-04-01,8314.52734375
USA|washington,electricity,TimesFM,2025-05-01,9126.73046875
USA|washington,electricity,TimesFM,2025-06-01,9561.650390625
USA|washington,electricity,TimesFM,2025-07-01,9887.263671875
USA|washington,electricity,TimesFM,2025-08-01,9073.5625
USA|washington,electricity,TimesFM,2025-09-01,7522.98681640625
USA|washington,electricity,TimesFM,2025-10-01,7619.31298828125
USA|washington,electricity,TimesFM,2025-11-01,8284.041015625
USA|washington,electricity,TimesFM,2025-12-01,9324.4248046875
USA|washington dc,electricity,TimesFM,2025-01-01,37.621726989746094
USA|washington dc,electricity,TimesFM,2025-02-01,37.52954864501953
USA|washington dc,electricity,TimesFM,2025-03-01,37.99103927612305
USA|washington dc,electricity,TimesFM,2025-04-01,38.352874755859375
USA|washington dc,electricity,TimesFM,2025-05-01,40.64015579223633
USA|washington dc,electricity,TimesFM,2025-06-01,46.38011169433594
USA|washington dc,electricity,TimesFM,2025-07-01,48.82197189331055
USA|washington dc,electricity,TimesFM,2025-08-01,45.69980239868164
USA|washington dc,electricity,TimesFM,2025-09-01,40.162391662597656
USA|washington dc,electricity,TimesFM,2025-10-01,36.06035614013672
USA|washington dc,electricity,TimesFM,2025-11-01,34.85755157470703
USA|washington dc,electricity,TimesFM,2025-12-01,34.98258972167969
USA|west virginia,electricity,TimesFM,2025-01-01,5025.4892578125
USA|west virginia,electricity,TimesFM,2025-02-01,4391.08544921875
USA|west virginia,electricity,TimesFM,2025-03-01,3765.27001953125
USA|west virginia,electricity,TimesFM,2025-04-01,3313.15283203125
USA|west virginia,electricity,TimesFM,2025-05-01,3964.66650390625
USA|west virginia,electricity,TimesFM,2025-06-01,4772.8583984375
USA|west virginia,electricity,TimesFM,2025-07-01,5352.8310546875
USA|west virginia,electricity,TimesFM,2025-08-01,5073.6865234375
USA|west virginia,electricity,TimesFM,2025-09-01,3849.85986328125
USA|west virginia,electricity,TimesFM,2025-10-01,3246.419921875
USA|west virginia,electricity,TimesFM,2025-11-01,3642.826171875
USA|west virginia,electricity,TimesFM,2025-12-01,4564.0234375
USA|wisconsin,electricity,TimesFM,2025-01-01,6175.130859375
USA|wisconsin,electricity,TimesFM,2025-02-01,5327.203125
USA|wisconsin,electricity,TimesFM,2025-03-01,5039.6279296875
USA|wisconsin,electricity,TimesFM,2025-04-01,4481.4912109375
USA|wisconsin,electricity,TimesFM,2025-05-01,4827.1787109375
USA|wisconsin,electricity,TimesFM,2025-06-01,5688.67333984375
USA|wisconsin,electricity,TimesFM,2025-07-01,6697.70361328125
USA|wisconsin,electricity,TimesFM,2025-08-01,6521.1103515625
USA|wisconsin,electricity,TimesFM,2025-09-01,5274.21240234375
USA|wisconsin,electricity,TimesFM,2025-10-01,4679.9326171875
USA|wisconsin,electricity,TimesFM,2025-11-01,4795.7255859375
USA|wisconsin,electricity,TimesFM,2025-12-01,5559.34521484375
USA|wyoming,electricity,TimesFM,2025-01-01,4109.4892578125
USA|wyoming,electricity,TimesFM,2025-02-01,3537.58154296875
USA|wyoming,electricity,TimesFM,2025-03-01,3468.82861328125
USA|wyoming,electricity,TimesFM,2025-04-01,2854.59521484375
USA|wyoming,electricity,TimesFM,2025-05-01,2804.221435546875
USA|wyoming,electricity,TimesFM,2025-06-01,3229.9404296875
USA|wyoming,electricity,TimesFM,2025-07-01,3828.409912109375
USA|wyoming,electricity,TimesFM,2025-08-01,3922.82421875
USA|wyoming,electricity,TimesFM,2025-09-01,3564.032958984375
USA|wyoming,electricity,TimesFM,2025-10-01,3643.32958984375
USA|wyoming,electricity,TimesFM,2025-11-01,3746.13623046875
USA|wyoming,electricity,TimesFM,2025-12-01,4047.5166015625
AUT,carbon,TimesFM,2025-01-01,150.35214233398438
AUT,carbon,TimesFM,2025-02-01,132.08901977539062
AUT,carbon,TimesFM,2025-03-01,110.12901306152344
AUT,carbon,TimesFM,2025-04-01,86.65278625488281
AUT,carbon,TimesFM,2025-05-01,62.07047653198242
AUT,carbon,TimesFM,2025-06-01,52.00028991699219
AUT,carbon,TimesFM,2025-07-01,53.23624801635742
AUT,carbon,TimesFM,2025-08-01,54.36301040649414
AUT,carbon,TimesFM,2025-09-01,66.57339477539062
AUT,carbon,TimesFM,2025-10-01,92.196533203125
AUT,carbon,TimesFM,2025-11-01,112.74958038330078
AUT,carbon,TimesFM,2025-12-01,125.44278717041016
BEL,carbon,TimesFM,2025-01-01,162.2064666748047
BEL,carbon,TimesFM,2025-02-01,160.66021728515625
BEL,carbon,TimesFM,2025-03-01,159.1907501220703
BEL,carbon,TimesFM,2025-04-01,159.0758819580078
BEL,carbon,TimesFM,2025-05-01,159.8957061767578
BEL,carbon,TimesFM,2025-06-01,160.2832794189453
BEL,carbon,TimesFM,2025-07-01,159.55490112304688
BEL,carbon,TimesFM,2025-08-01,159.4605712890625
BEL,carbon,TimesFM,2025-09-01,159.16964721679688
BEL,carbon,TimesFM,2025-10-01,160.1453399658203
BEL,carbon,TimesFM,2025-11-01,159.6708526611328
BEL,carbon,TimesFM,2025-12-01,159.78172302246094
BGR,carbon,TimesFM,2025-01-01,377.1826477050781
BGR,carbon,TimesFM,2025-02-01,332.4096984863281
BGR,carbon,TimesFM,2025-03-01,282.6600646972656
BGR,carbon,TimesFM,2025-04-01,263.5662841796875
BGR,carbon,TimesFM,2025-05-01,290.247314453125
BGR,carbon,TimesFM,2025-06-01,203.63861083984375
BGR,carbon,TimesFM,2025-07-01,264.5367126464844
BGR,carbon,TimesFM,2025-08-01,270.0724182128906
BGR,carbon,TimesFM,2025-09-01,309.72894287109375
BGR,carbon,TimesFM,2025-10-01,380.5013732910156
BGR,carbon,TimesFM,2025-11-01,371.0354919433594
BGR,carbon,TimesFM,2025-12-01,355.9489440917969
BIH,carbon,TimesFM,2025-01-01,636.8582153320312
BIH,carbon,TimesFM,2025-02-01,595.0025634765625
BIH,carbon,TimesFM,2025-03-01,581.9375610351562
BIH,carbon,TimesFM,2025-04-01,582.2615966796875
BIH,carbon,TimesFM,2025-05-01,592.983642578125
BIH,carbon,TimesFM,2025-06-01,644.7401123046875
BIH,carbon,TimesFM,2025-07-01,707.9965209960938
BIH,carbon,TimesFM,2025-08-01,741.9881591796875
BIH,carbon,TimesFM,2025-09-01,748.1105346679688
BIH,carbon,TimesFM,2025-10-01,717.0882568359375
BIH,carbon,TimesFM,2025-11-01,658.9471435546875
BIH,carbon,TimesFM,2025-12-01,618.8948364257812
CHE,carbon,TimesFM,2025-01-01,55.09794616699219
CHE,carbon,TimesFM,2025-02-01,56.483970642089844
CHE,carbon,TimesFM,2025-03-01,53.862632751464844
CHE,carbon,TimesFM,2025-04-01,52.43348693847656
CHE,carbon,TimesFM,2025-05-01,51.75414276123047
CHE,carbon,TimesFM,2025-06-01,50.207000732421875
CHE,carbon,TimesFM,2025-07-01,48.22247314453125
CHE,carbon,TimesFM,2025-08-01,48.19898986816406
CHE,carbon,TimesFM,2025-09-01,49.638275146484375
CHE,carbon,TimesFM,2025-10-01,53.10576629638672
CHE,carbon,TimesFM,2025-11-01,54.86066436767578
CHE,carbon,TimesFM,2025-12-01,55.361656188964844
CYP,carbon,TimesFM,2025-01-01,577.9130249023438
CYP,carbon,TimesFM,2025-02-01,563.060302734375
CYP,carbon,TimesFM,2025-03-01,529.593017578125
CYP,carbon,TimesFM,2025-04-01,506.24407958984375
CYP,carbon,TimesFM,2025-05-01,513.0020751953125
CYP,carbon,TimesFM,2025-06-01,542.289306640625
CYP,carbon,TimesFM,2025-07-01,560.7001342773438
CYP,carbon,TimesFM,2025-08-01,562.3751831054688
CYP,carbon,TimesFM,2025-09-01,552.7075805664062
CYP,carbon,TimesFM,2025-10-01,545.314208984375
CYP,carbon,TimesFM,2025-11-01,548.6866455078125
CYP,carbon,TimesFM,2025-12-01,564.3187866210938
CZE,carbon,TimesFM,2025-01-01,462.5724182128906
CZE,carbon,TimesFM,2025-02-01,451.56707763671875
CZE,carbon,TimesFM,2025-03-01,440.17816162109375
CZE,carbon,TimesFM,2025-04-01,407.4668273925781
CZE,carbon,TimesFM,2025-05-01,369.2057189941406
CZE,carbon,TimesFM,2025-06-01,371.69189453125
CZE,carbon,TimesFM,2025-07-01,392.1260986328125
CZE,carbon,TimesFM,2025-08-01,407.8363342285156
CZE,carbon,TimesFM,2025-09-01,426.2811584472656
CZE,carbon,TimesFM,2025-10-01,449.4674072265625
CZE,carbon,TimesFM,2025-11-01,467.033935546875
CZE,carbon,TimesFM,2025-12-01,472.9543151855469
DEU,carbon,TimesFM,2025-01-01,383.2698974609375
DEU,carbon,TimesFM,2025-02-01,374.2007141113281
DEU,carbon,TimesFM,2025-03-01,364.92901611328125
DEU,carbon,TimesFM,2025-04-01,357.411376953125
DEU,carbon,TimesFM,2025-05-01,354.0258483886719
DEU,carbon,TimesFM,2025-06-01,358.7107849121094
DEU,carbon,TimesFM,2025-07-01,359.482666015625
DEU,carbon,TimesFM,2025-08-01,369.3455810546875
DEU,carbon,TimesFM,2025-09-01,377.8097229003906
DEU,carbon,TimesFM,2025-10-01,381.6275329589844
DEU,carbon,TimesFM,2025-11-01,385.8119812011719
DEU,carbon,TimesFM,2025-12-01,384.9859619140625
DNK,carbon,TimesFM,2025-01-01,180.21292114257812
DNK,carbon,TimesFM,2025-02-01,174.09539794921875
DNK,carbon,TimesFM,2025-03-01,176.14976501464844
DNK,carbon,TimesFM,2025-04-01,168.39346313476562
DNK,carbon,TimesFM,2025-05-01,157.9039306640625
DNK,carbon,TimesFM,2025-06-01,155.1731719970703
DNK,carbon,TimesFM,2025-07-01,156.76531982421875
DNK,carbon,TimesFM,2025-08-01,159.18588256835938
DNK,carbon,TimesFM,2025-09-01,153.56375122070312
DNK,carbon,TimesFM,2025-10-01,154.49688720703125
DNK,carbon,TimesFM,2025-11-01,163.8198699951172
DNK,carbon,TimesFM,2025-12-01,165.7742156982422
ESP,carbon,TimesFM,2025-01-01,157.2395782470703
ESP,carbon,TimesFM,2025-02-01,148.6822052001953
ESP,carbon,TimesFM,2025-03-01,140.7919158935547
ESP,carbon,TimesFM,2025-04-01,141.1634063720703
ESP,carbon,TimesFM,2025-05-01,144.48548889160156
ESP,carbon,TimesFM,2025-06-01,153.85879516601562
ESP,carbon,TimesFM,2025-07-01,159.62164306640625
ESP,carbon,TimesFM,2025-08-01,162.06068420410156
ESP,carbon,TimesFM,2025-09-01,161.35150146484375
ESP,carbon,TimesFM,2025-10-01,161.92860412597656
ESP,carbon,TimesFM,2025-11-01,158.96011352539062
ESP,carbon,TimesFM,2025-12-01,152.1577606201172
EST,carbon,TimesFM,2025-01-01,353.942138671875
EST,carbon,TimesFM,2025-02-01,354.16534423828125
EST,carbon,TimesFM,2025-03-01,350.91796875
EST,carbon,TimesFM,2025-04-01,350.4916076660156
EST,carbon,TimesFM,2025-05-01,353.46368408203125
EST,carbon,TimesFM,2025-06-01,356.8278503417969
EST,carbon,TimesFM,2025-07-01,357.8343811035156
EST,carbon,TimesFM,2025-08-01,360.7980041503906
EST,carbon,TimesFM,2025-09-01,369.81890869140625
EST,carbon,TimesFM,2025-10-01,382.2346496582031
EST,carbon,TimesFM,2025-11-01,394.1728820800781
EST,carbon,TimesFM,2025-12-01,402.48663330078125
FIN,carbon,TimesFM,2025-01-01,100.81716918945312
FIN,carbon,TimesFM,2025-02-01,103.36112976074219
FIN,carbon,TimesFM,2025-03-01,95.54585266113281
FIN,carbon,TimesFM,2025-04-01,76.67636108398438
FIN,carbon,TimesFM,2025-05-01,52.8892822265625
FIN,carbon,TimesFM,2025-06-01,37.921058654785156
FIN,carbon,TimesFM,2025-07-01,31.847347259521484
FIN,carbon,TimesFM,2025-08-01,37.76520538330078
FIN,carbon,TimesFM,2025-09-01,50.44615936279297
FIN,carbon,TimesFM,2025-10-01,64.43810272216797
FIN,carbon,TimesFM,2025-11-01,76.79066467285156
FIN,carbon,TimesFM,2025-12-01,87.10684967041016
FRA,carbon,TimesFM,2025-01-01,42.657814025878906
FRA,carbon,TimesFM,2025-02-01,37.85053253173828
FRA,carbon,TimesFM,2025-03-01,36.85702133178711
FRA,carbon,TimesFM,2025-04-01,27.500629425048828
FRA,carbon,TimesFM,2025-05-01,23.63735580444336
FRA,carbon,TimesFM,2025-06-01,22.717456817626953
FRA,carbon,TimesFM,2025-07-01,27.494461059570312
FRA,carbon,TimesFM,2025-08-01,24.06531524658203
FRA,carbon,TimesFM,2025-09-01,28.316307067871094
FRA,carbon,TimesFM,2025-10-01,33.364112854003906
FRA,carbon,TimesFM,2025-11-01,43.086212158203125
FRA,carbon,TimesFM,2025-12-01,39.39802932739258
GBR,carbon,TimesFM,2025-01-01,212.54042053222656
GBR,carbon,TimesFM,2025-02-01,210.88270568847656
GBR,carbon,TimesFM,2025-03-01,211.50067138671875
GBR,carbon,TimesFM,2025-04-01,209.6937255859375
GBR,carbon,TimesFM,2025-05-01,209.76295471191406
GBR,carbon,TimesFM,2025-06-01,209.90451049804688
GBR,carbon,TimesFM,2025-07-01,211.376220703125
GBR,carbon,TimesFM,2025-08-01,212.8564910888672
GBR,carbon,TimesFM,2025-09-01,215.41632080078125
GBR,carbon,TimesFM,2025-10-01,215.69036865234375
GBR,carbon,TimesFM,2025-11-01,216.44247436523438
GBR,carbon,TimesFM,2025-12-01,214.399169921875
GRC,carbon,TimesFM,2025-01-01,348.1752014160156
GRC,carbon,TimesFM,2025-02-01,336.98089599609375
GRC,carbon,TimesFM,2025-03-01,332.7652893066406
GRC,carbon,TimesFM,2025-04-01,328.56915283203125
GRC,carbon,TimesFM,2025-05-01,325.4884338378906
GRC,carbon,TimesFM,2025-06-01,329.8613586425781
GRC,carbon,TimesFM,2025-07-01,331.5738830566406
GRC,carbon,TimesFM,2025-08-01,328.5971374511719
GRC,carbon,TimesFM,2025-09-01,328.3672790527344
GRC,carbon,TimesFM,2025-10-01,328.0567321777344
GRC,carbon,TimesFM,2025-11-01,325.5084533691406
GRC,carbon,TimesFM,2025-12-01,328.56256103515625
HRV,carbon,TimesFM,2025-01-01,184.25022888183594
HRV,carbon,TimesFM,2025-02-01,183.67039489746094
HRV,carbon,TimesFM,2025-03-01,168.2171630859375
HRV,carbon,TimesFM,2025-04-01,141.29730224609375
HRV,carbon,TimesFM,2025-05-01,143.92135620117188
HRV,carbon,TimesFM,2025-06-01,196.8057403564453
HRV,carbon,TimesFM,2025-07-01,236.96697998046875
HRV,carbon,TimesFM,2025-08-01,252.92657470703125
HRV,carbon,TimesFM,2025-09-01,252.42617797851562
HRV,carbon,TimesFM,2025-10-01,241.76304626464844
HRV,carbon,TimesFM,2025-11-01,209.15101623535156
HRV,carbon,TimesFM,2025-12-01,180.57044982910156
HUN,carbon,TimesFM,2025-01-01,226.85617065429688
HUN,carbon,TimesFM,2025-02-01,220.82086181640625
HUN,carbon,TimesFM,2025-03-01,205.4335174560547
HUN,carbon,TimesFM,2025-04-01,177.49586486816406
HUN,carbon,TimesFM,2025-05-01,170.78121948242188
HUN,carbon,TimesFM,2025-06-01,164.8264617919922
HUN,carbon,TimesFM,2025-07-01,165.1195526123047
HUN,carbon,TimesFM,2025-08-01,174.87094116210938
HUN,carbon,TimesFM,2025-09-01,183.50999450683594
HUN,carbon,TimesFM,2025-10-01,196.53770446777344
HUN,carbon,TimesFM,2025-11-01,220.50938415527344
HUN,carbon,TimesFM,2025-12-01,221.52659606933594
IND|delhi,carbon,TimesFM,2024-12-01,395.1571044921875
IND|delhi,carbon,TimesFM,2025-01-01,412.6350402832031
IND|delhi,carbon,TimesFM,2025-02-01,419.1464538574219
IND|delhi,carbon,TimesFM,2025-03-01,421.5231018066406
IND|delhi,carbon,TimesFM,2025-04-01,423.0154724121094
IND|delhi,carbon,TimesFM,2025-05-01,424.90185546875
IND|delhi,carbon,TimesFM,2025-06-01,428.0199890136719
IND|delhi,carbon,TimesFM,2025-07-01,430.1603088378906
IND|delhi,carbon,TimesFM,2025-08-01,432.15106201171875
IND|delhi,carbon,TimesFM,2025-09-01,433.1083679199219
IND|delhi,carbon,TimesFM,2025-10-01,432.64837646484375
IND|delhi,carbon,TimesFM,2025-11-01,431.572265625
IND|gujarat,carbon,TimesFM,2024-12-01,526.35205078125
IND|gujarat,carbon,TimesFM,2025-01-01,530.5704956054688
IND|gujarat,carbon,TimesFM,2025-02-01,526.835205078125
IND|gujarat,carbon,TimesFM,2025-03-01,523.919921875
IND|gujarat,carbon,TimesFM,2025-04-01,521.9503173828125
IND|gujarat,carbon,TimesFM,2025-05-01,495.25164794921875
IND|gujarat,carbon,TimesFM,2025-06-01,490.8815612792969
IND|gujarat,carbon,TimesFM,2025-07-01,480.08319091796875
IND|gujarat,carbon,TimesFM,2025-08-01,465.3269958496094
IND|gujarat,carbon,TimesFM,2025-09-01,484.2663879394531
IND|gujarat,carbon,TimesFM,2025-10-01,515.5219116210938
IND|gujarat,carbon,TimesFM,2025-11-01,516.6202392578125
IND|karnataka,carbon,TimesFM,2024-12-01,381.2974853515625
IND|karnataka,carbon,TimesFM,2025-01-01,413.6422424316406
IND|karnataka,carbon,TimesFM,2025-02-01,428.283935546875
IND|karnataka,carbon,TimesFM,2025-03-01,437.430908203125
IND|karnataka,carbon,TimesFM,2025-04-01,424.9005126953125
IND|karnataka,carbon,TimesFM,2025-05-01,392.21533203125
IND|karnataka,carbon,TimesFM,2025-06-01,361.36383056640625
IND|karnataka,carbon,TimesFM,2025-07-01,336.6336364746094
IND|karnataka,carbon,TimesFM,2025-08-01,332.5743713378906
IND|karnataka,carbon,TimesFM,2025-09-01,349.1448059082031
IND|karnataka,carbon,TimesFM,2025-10-01,370.9197082519531
IND|karnataka,carbon,TimesFM,2025-11-01,382.7483215332031
IND|kerala,carbon,TimesFM,2024-12-01,28.663585662841797
IND|kerala,carbon,TimesFM,2025-01-01,28.42778968811035
IND|kerala,carbon,TimesFM,2025-02-01,28.056625366210938
IND|kerala,carbon,TimesFM,2025-03-01,27.782001495361328
IND|kerala,carbon,TimesFM,2025-04-01,27.687088012695312
IND|kerala,carbon,TimesFM,2025-05-01,27.849367141723633
IND|kerala,carbon,TimesFM,2025-06-01,27.762357711791992
IND|kerala,carbon,TimesFM,2025-07-01,27.397695541381836
IND|kerala,carbon,TimesFM,2025-08-01,27.0867977142334
IND|kerala,carbon,TimesFM,2025-09-01,27.05451202392578
IND|kerala,carbon,TimesFM,2025-10-01,27.05586051940918
IND|kerala,carbon,TimesFM,2025-11-01,27.002973556518555
IND|maharashtra,carbon,TimesFM,2024-12-01,670.6399536132812
IND|maharashtra,carbon,TimesFM,2025-01-01,673.873046875
IND|maharashtra,carbon,TimesFM,2025-02-01,675.8973999023438
IND|maharashtra,carbon,TimesFM,2025-03-01,673.996826171875
IND|maharashtra,carbon,TimesFM,2025-04-01,668.9346923828125
IND|maharashtra,carbon,TimesFM,2025-05-01,658.4464721679688
IND|maharashtra,carbon,TimesFM,2025-06-01,653.002685546875
IND|maharashtra,carbon,TimesFM,2025-07-01,635.1725463867188
IND|maharashtra,carbon,TimesFM,2025-08-01,635.012451171875
IND|maharashtra,carbon,TimesFM,2025-09-01,657.0066528320312
IND|maharashtra,carbon,TimesFM,2025-10-01,672.1170043945312
IND|maharashtra,carbon,TimesFM,2025-11-01,673.1998291015625
IND|odisha,carbon,TimesFM,2024-12-01,766.1674194335938
IND|odisha,carbon,TimesFM,2025-01-01,761.936279296875
IND|odisha,carbon,TimesFM,2025-02-01,758.0618286132812
IND|odisha,carbon,TimesFM,2025-03-01,758.2823486328125
IND|odisha,carbon,TimesFM,2025-04-01,751.4427490234375
IND|odisha,carbon,TimesFM,2025-05-01,756.6090698242188
IND|odisha,carbon,TimesFM,2025-06-01,752.7440795898438
IND|odisha,carbon,TimesFM,2025-07-01,726.115234375
IND|odisha,carbon,TimesFM,2025-08-01,702.2738647460938
IND|odisha,carbon,TimesFM,2025-09-01,702.6896362304688
IND|odisha,carbon,TimesFM,2025-10-01,713.0999145507812
IND|odisha,carbon,TimesFM,2025-11-01,748.8749389648438
IND|rajasthan,carbon,TimesFM,2024-12-01,449.34014892578125
IND|rajasthan,carbon,TimesFM,2025-01-01,451.501708984375
IND|rajasthan,carbon,TimesFM,2025-02-01,446.19049072265625
IND|rajasthan,carbon,TimesFM,2025-03-01,437.18072509765625
IND|rajasthan,carbon,TimesFM,2025-04-01,429.86273193359375
IND|rajasthan,carbon,TimesFM,2025-05-01,425.49346923828125
IND|rajasthan,carbon,TimesFM,2025-06-01,423.1153564453125
IND|rajasthan,carbon,TimesFM,2025-07-01,425.429931640625
IND|rajasthan,carbon,TimesFM,2025-08-01,422.69122314453125
IND|rajasthan,carbon,TimesFM,2025-09-01,427.36566162109375
IND|rajasthan,carbon,TimesFM,2025-10-01,431.3392333984375
IND|rajasthan,carbon,TimesFM,2025-11-01,438.57818603515625
IND|tamil nadu,carbon,TimesFM,2024-12-01,509.46893310546875
IND|tamil nadu,carbon,TimesFM,2025-01-01,524.1038818359375
IND|tamil nadu,carbon,TimesFM,2025-02-01,547.360595703125
IND|tamil nadu,carbon,TimesFM,2025-03-01,569.4800415039062
IND|tamil nadu,carbon,TimesFM,2025-04-01,571.5532836914062
IND|tamil nadu,carbon,TimesFM,2025-05-01,518.4268188476562
IND|tamil nadu,carbon,TimesFM,2025-06-01,460.2076416015625
IND|tamil nadu,carbon,TimesFM,2025-07-01,429.4437561035156
IND|tamil nadu,carbon,TimesFM,2025-08-01,423.04730224609375
IND|tamil nadu,carbon,TimesFM,2025-09-01,435.3409118652344
IND|tamil nadu,carbon,TimesFM,2025-10-01,487.05926513671875
IND|tamil nadu,carbon,TimesFM,2025-11-01,509.2946472167969
IND|telangana,carbon,TimesFM,2024-12-01,704.8378295898438
IND|telangana,carbon,TimesFM,2025-01-01,708.6205444335938
IND|telangana,carbon,TimesFM,2025-02-01,706.825927734375
IND|telangana,carbon,TimesFM,2025-03-01,719.1932373046875
IND|telangana,carbon,TimesFM,2025-04-01,728.514892578125
IND|telangana,carbon,TimesFM,2025-05-01,732.0660400390625
IND|telangana,carbon,TimesFM,2025-06-01,729.2692260742188
IND|telangana,carbon,TimesFM,2025-07-01,701.3688354492188
IND|telangana,carbon,TimesFM,2025-08-01,649.9443969726562
IND|telangana,carbon,TimesFM,2025-09-01,647.0794677734375
IND|telangana,carbon,TimesFM,2025-10-01,645.1102905273438
IND|telangana,carbon,TimesFM,2025-11-01,685.380859375
IND|uttar pradesh,carbon,TimesFM,2024-12-01,752.4358520507812
IND|uttar pradesh,carbon,TimesFM,2025-01-01,754.1170654296875
IND|uttar pradesh,carbon,TimesFM,2025-02-01,750.9132080078125
IND|uttar pradesh,carbon,TimesFM,2025-03-01,751.8356323242188
IND|uttar pradesh,carbon,TimesFM,2025-04-01,759.6058349609375
IND|uttar pradesh,carbon,TimesFM,2025-05-01,767.8981323242188
IND|uttar pradesh,carbon,TimesFM,2025-06-01,772.3267211914062
IND|uttar pradesh,carbon,TimesFM,2025-07-01,773.52880859375
IND|uttar pradesh,carbon,TimesFM,2025-08-01,772.2999267578125
IND|uttar pradesh,carbon,TimesFM,2025-09-01,769.3277587890625
IND|uttar pradesh,carbon,TimesFM,2025-10-01,766.2745971679688
IND|uttar pradesh,carbon,TimesFM,2025-11-01,759.6155395507812
IND|west bengal,carbon,TimesFM,2024-12-01,787.943603515625
IND|west bengal,carbon,TimesFM,2025-01-01,790.65234375
IND|west bengal,carbon,TimesFM,2025-02-01,793.1589965820312
IND|west bengal,carbon,TimesFM,2025-03-01,794.2659912109375
IND|west bengal,carbon,TimesFM,2025-04-01,792.2465209960938
IND|west bengal,carbon,TimesFM,2025-05-01,787.0476684570312
IND|west bengal,carbon,TimesFM,2025-06-01,781.1428833007812
IND|west bengal,carbon,TimesFM,2025-07-01,776.9722290039062
IND|west bengal,carbon,TimesFM,2025-08-01,772.9541015625
IND|west bengal,carbon,TimesFM,2025-09-01,774.9668579101562
IND|west bengal,carbon,TimesFM,2025-10-01,779.4470825195312
IND|west bengal,carbon,TimesFM,2025-11-01,786.3502807617188
IRL,carbon,TimesFM,2025-01-01,265.2157287597656
IRL,carbon,TimesFM,2025-02-01,249.9691925048828
IRL,carbon,TimesFM,2025-03-01,278.8511657714844
IRL,carbon,TimesFM,2025-04-01,298.02301025390625
IRL,carbon,TimesFM,2025-05-01,314.9858703613281
IRL,carbon,TimesFM,2025-06-01,326.11236572265625
IRL,carbon,TimesFM,2025-07-01,331.2176513671875
IRL,carbon,TimesFM,2025-08-01,312.7823486328125
IRL,carbon,TimesFM,2025-09-01,307.33306884765625
IRL,carbon,TimesFM,2025-10-01,281.50390625
IRL,carbon,TimesFM,2025-11-01,272.8473205566406
IRL,carbon,TimesFM,2025-12-01,249.37704467773438
ITA,carbon,TimesFM,2025-01-01,345.0538024902344
ITA,carbon,TimesFM,2025-02-01,334.8638610839844
ITA,carbon,TimesFM,2025-03-01,312.3890075683594
ITA,carbon,TimesFM,2025-04-01,284.4130859375
ITA,carbon,TimesFM,2025-05-01,269.76605224609375
ITA,carbon,TimesFM,2025-06-01,281.1819152832031
ITA,carbon,TimesFM,2025-07-01,301.4370422363281
ITA,carbon,TimesFM,2025-08-01,316.92987060546875
ITA,carbon,TimesFM,2025-09-01,337.5688171386719
ITA,carbon,TimesFM,2025-10-01,347.5929870605469
ITA,carbon,TimesFM,2025-11-01,353.4074401855469
ITA,carbon,TimesFM,2025-12-01,364.5458068847656
LTU,carbon,TimesFM,2025-01-01,171.38644409179688
LTU,carbon,TimesFM,2025-02-01,167.85617065429688
LTU,carbon,TimesFM,2025-03-01,165.36692810058594
LTU,carbon,TimesFM,2025-04-01,165.1702423095703
LTU,carbon,TimesFM,2025-05-01,164.68580627441406
LTU,carbon,TimesFM,2025-06-01,164.27796936035156
LTU,carbon,TimesFM,2025-07-01,159.66921997070312
LTU,carbon,TimesFM,2025-08-01,159.18087768554688
LTU,carbon,TimesFM,2025-09-01,157.8170928955078
LTU,carbon,TimesFM,2025-10-01,157.4976806640625
LTU,carbon,TimesFM,2025-11-01,156.127685546875
LTU,carbon,TimesFM,2025-12-01,154.3239288330078
LUX,carbon,TimesFM,2025-01-01,108.01162719726562
LUX,carbon,TimesFM,2025-02-01,114.5240478515625
LUX,carbon,TimesFM,2025-03-01,118.70448303222656
LUX,carbon,TimesFM,2025-04-01,125.56497192382812
LUX,carbon,TimesFM,2025-05-01,128.9771728515625
LUX,carbon,TimesFM,2025-06-01,130.0142364501953
LUX,carbon,TimesFM,2025-07-01,133.34359741210938
LUX,carbon,TimesFM,2025-08-01,134.68325805664062
LUX,carbon,TimesFM,2025-09-01,134.1802520751953
LUX,carbon,TimesFM,2025-10-01,135.9328155517578
LUX,carbon,TimesFM,2025-11-01,133.0218963623047
LUX,carbon,TimesFM,2025-12-01,132.47525024414062
LVA,carbon,TimesFM,2025-01-01,172.8751983642578
LVA,carbon,TimesFM,2025-02-01,148.4023895263672
LVA,carbon,TimesFM,2025-03-01,101.57577514648438
LVA,carbon,TimesFM,2025-04-01,68.51582336425781
LVA,carbon,TimesFM,2025-05-01,89.77700805664062
LVA,carbon,TimesFM,2025-06-01,135.05010986328125
LVA,carbon,TimesFM,2025-07-01,159.4053955078125
LVA,carbon,TimesFM,2025-08-01,174.8312530517578
LVA,carbon,TimesFM,2025-09-01,188.62887573242188
LVA,carbon,TimesFM,2025-10-01,185.02273559570312
LVA,carbon,TimesFM,2025-11-01,184.97474670410156
LVA,carbon,TimesFM,2025-12-01,183.7288360595703
MDA,carbon,TimesFM,2023-09-01,714.7374267578125
MDA,carbon,TimesFM,2023-10-01,715.0188598632812
MDA,carbon,TimesFM,2023-11-01,713.7885131835938
MDA,carbon,TimesFM,2023-12-01,717.5718383789062
MDA,carbon,TimesFM,2024-01-01,718.4429931640625
MDA,carbon,TimesFM,2024-02-01,718.7596435546875
MDA,carbon,TimesFM,2024-03-01,713.8051147460938
MDA,carbon,TimesFM,2024-04-01,708.2844848632812
MDA,carbon,TimesFM,2024-05-01,704.807373046875
MDA,carbon,TimesFM,2024-06-01,705.0556640625
MDA,carbon,TimesFM,2024-07-01,706.1512451171875
MDA,carbon,TimesFM,2024-08-01,713.7725219726562
MKD,carbon,TimesFM,2024-03-01,625.4310302734375
MKD,carbon,TimesFM,2024-04-01,619.263671875
MKD,carbon,TimesFM,2024-05-01,618.3781127929688
MKD,carbon,TimesFM,2024-06-01,620.8990478515625
MKD,carbon,TimesFM,2024-07-01,616.1553955078125
MKD,carbon,TimesFM,2024-08-01,610.4553833007812
MKD,carbon,TimesFM,2024-09-01,606.3892822265625
MKD,carbon,TimesFM,2024-10-01,607.1050415039062
MKD,carbon,TimesFM,2024-11-01,603.7186889648438
MKD,carbon,TimesFM,2024-12-01,604.2886352539062
MKD,carbon,TimesFM,2025-01-01,607.3764038085938
MKD,carbon,TimesFM,2025-02-01,612.759765625
MLT,carbon,TimesFM,2025-01-01,534.189453125
MLT,carbon,TimesFM,2025-02-01,531.37353515625
MLT,carbon,TimesFM,2025-03-01,529.4268188476562
MLT,carbon,TimesFM,2025-04-01,528.2091064453125
MLT,carbon,TimesFM,2025-05-01,528.7025146484375
MLT,carbon,TimesFM,2025-06-01,529.8107299804688
MLT,carbon,TimesFM,2025-07-01,531.9788818359375
MLT,carbon,TimesFM,2025-08-01,533.8182373046875
MLT,carbon,TimesFM,2025-09-01,535.1103515625
MLT,carbon,TimesFM,2025-10-01,537.426513671875
MLT,carbon,TimesFM,2025-11-01,539.687744140625
MLT,carbon,TimesFM,2025-12-01,540.66650390625
NLD,carbon,TimesFM,2025-01-01,289.1990051269531
NLD,carbon,TimesFM,2025-02-01,275.3342590332031
NLD,carbon,TimesFM,2025-03-01,264.57952880859375
NLD,carbon,TimesFM,2025-04-01,252.49008178710938
NLD,carbon,TimesFM,2025-05-01,246.13784790039062
NLD,carbon,TimesFM,2025-06-01,245.9204864501953
NLD,carbon,TimesFM,2025-07-01,246.06396484375
NLD,carbon,TimesFM,2025-08-01,247.49151611328125
NLD,carbon,TimesFM,2025-09-01,245.47743225097656
NLD,carbon,TimesFM,2025-10-01,247.04556274414062
NLD,carbon,TimesFM,2025-11-01,245.76242065429688
NLD,carbon,TimesFM,2025-12-01,247.3001708984375
NOR,carbon,TimesFM,2025-01-01,26.61461067199707
NOR,carbon,TimesFM,2025-02-01,26.746978759765625
NOR,carbon,TimesFM,2025-03-01,27.017004013061523
NOR,carbon,TimesFM,2025-04-01,27.23760414123535
NOR,carbon,TimesFM,2025-05-01,27.45436668395996
NOR,carbon,TimesFM,2025-06-01,27.63155174255371
NOR,carbon,TimesFM,2025-07-01,27.921857833862305
NOR,carbon,TimesFM,2025-08-01,28.058971405029297
NOR,carbon,TimesFM,2025-09-01,27.97657585144043
NOR,carbon,TimesFM,2025-10-01,27.92021369934082
NOR,carbon,TimesFM,2025-11-01,27.6328182220459
NOR,carbon,TimesFM,2025-12-01,27.53715705871582
POL,carbon,TimesFM,2025-01-01,694.0225219726562
POL,carbon,TimesFM,2025-02-01,683.4338989257812
POL,carbon,TimesFM,2025-03-01,677.9978637695312
POL,carbon,TimesFM,2025-04-01,670.317626953125
POL,carbon,TimesFM,2025-05-01,670.1349487304688
POL,carbon,TimesFM,2025-06-01,678.052978515625
POL,carbon,TimesFM,2025-07-01,683.7106323242188
POL,carbon,TimesFM,2025-08-01,689.34326171875
POL,carbon,TimesFM,2025-09-01,694.4451904296875
POL,carbon,TimesFM,2025-10-01,690.4210205078125
POL,carbon,TimesFM,2025-11-01,689.9606323242188
POL,carbon,TimesFM,2025-12-01,689.152099609375
PRT,carbon,TimesFM,2025-01-01,121.94154357910156
PRT,carbon,TimesFM,2025-02-01,114.55390930175781
PRT,carbon,TimesFM,2025-03-01,120.1490478515625
PRT,carbon,TimesFM,2025-04-01,125.45454406738281
PRT,carbon,TimesFM,2025-05-01,132.3761749267578
PRT,carbon,TimesFM,2025-06-01,152.80442810058594
PRT,carbon,TimesFM,2025-07-01,159.79881286621094
PRT,carbon,TimesFM,2025-08-01,161.08033752441406
PRT,carbon,TimesFM,2025-09-01,155.0035858154297
PRT,carbon,TimesFM,2025-10-01,149.5988311767578
PRT,carbon,TimesFM,2025-11-01,140.3837890625
PRT,carbon,TimesFM,2025-12-01,124.97996520996094
ROU,carbon,TimesFM,2025-01-01,278.25006103515625
ROU,carbon,TimesFM,2025-02-01,267.9599609375
ROU,carbon,TimesFM,2025-03-01,245.22943115234375
ROU,carbon,TimesFM,2025-04-01,224.27325439453125
ROU,carbon,TimesFM,2025-05-01,227.8438720703125
ROU,carbon,TimesFM,2025-06-01,244.46099853515625
ROU,carbon,TimesFM,2025-07-01,277.21051025390625
ROU,carbon,TimesFM,2025-08-01,290.8619689941406
ROU,carbon,TimesFM,2025-09-01,289.57928466796875
ROU,carbon,TimesFM,2025-10-01,294.1209716796875
ROU,carbon,TimesFM,2025-11-01,300.7162780761719
ROU,carbon,TimesFM,2025-12-01,294.4679870605469
SRB,carbon,TimesFM,2025-01-01,718.2891845703125
SRB,carbon,TimesFM,2025-02-01,703.1524658203125
SRB,carbon,TimesFM,2025-03-01,688.2764282226562
SRB,carbon,TimesFM,2025-04-01,665.1150512695312
SRB,carbon,TimesFM,2025-05-01,642.0503540039062
SRB,carbon,TimesFM,2025-06-01,664.4863891601562
SRB,carbon,TimesFM,2025-07-01,717.5177001953125
SRB,carbon,TimesFM,2025-08-01,760.5618286132812
SRB,carbon,TimesFM,2025-09-01,774.4459838867188
SRB,carbon,TimesFM,2025-10-01,764.5531616210938
SRB,carbon,TimesFM,2025-11-01,733.2131958007812
SRB,carbon,TimesFM,2025-12-01,702.2352294921875
SVK,carbon,TimesFM,2025-01-01,108.65373229980469
SVK,carbon,TimesFM,2025-02-01,103.77655029296875
SVK,carbon,TimesFM,2025-03-01,98.44329833984375
SVK,carbon,TimesFM,2025-04-01,95.41035461425781
SVK,carbon,TimesFM,2025-05-01,83.40267944335938
SVK,carbon,TimesFM,2025-06-01,88.55029296875
SVK,carbon,TimesFM,2025-07-01,83.61251831054688
SVK,carbon,TimesFM,2025-08-01,81.08863830566406
SVK,carbon,TimesFM,2025-09-01,89.71209716796875
SVK,carbon,TimesFM,2025-10-01,95.85140991210938
SVK,carbon,TimesFM,2025-11-01,96.17906188964844
SVK,carbon,TimesFM,2025-12-01,99.63412475585938
SVN,carbon,TimesFM,2025-01-01,284.1159973144531
SVN,carbon,TimesFM,2025-02-01,289.22796630859375
SVN,carbon,TimesFM,2025-03-01,263.8700866699219
SVN,carbon,TimesFM,2025-04-01,252.32069396972656
SVN,carbon,TimesFM,2025-05-01,197.08738708496094
SVN,carbon,TimesFM,2025-06-01,213.99102783203125
SVN,carbon,TimesFM,2025-07-01,240.1725616455078
SVN,carbon,TimesFM,2025-08-01,247.8644561767578
SVN,carbon,TimesFM,2025-09-01,243.1577911376953
SVN,carbon,TimesFM,2025-10-01,283.2818603515625
SVN,carbon,TimesFM,2025-11-01,255.95286560058594
SVN,carbon,TimesFM,2025-12-01,254.06275939941406
SWE,carbon,TimesFM,2025-01-01,23.584575653076172
SWE,carbon,TimesFM,2025-02-01,25.478513717651367
SWE,carbon,TimesFM,2025-03-01,26.61690330505371
SWE,carbon,TimesFM,2025-04-01,26.64771270751953
SWE,carbon,TimesFM,2025-05-01,26.103113174438477
SWE,carbon,TimesFM,2025-06-01,24.327192306518555
SWE,carbon,TimesFM,2025-07-01,22.196754455566406
SWE,carbon,TimesFM,2025-08-01,20.802431106567383
SWE,carbon,TimesFM,2025-09-01,20.693084716796875
SWE,carbon,TimesFM,2025-10-01,21.594341278076172
SWE,carbon,TimesFM,2025-11-01,23.09992790222168
SWE,carbon,TimesFM,2025-12-01,24.505460739135742
TUR,carbon,TimesFM,2025-01-01,507.143310546875
TUR,carbon,TimesFM,2025-02-01,490.70208740234375
TUR,carbon,TimesFM,2025-03-01,448.5716857910156
TUR,carbon,TimesFM,2025-04-01,398.28125
TUR,carbon,TimesFM,2025-05-01,406.0442199707031
TUR,carbon,TimesFM,2025-06-01,449.4623718261719
TUR,carbon,TimesFM,2025-07-01,470.8585510253906
TUR,carbon,TimesFM,2025-08-01,493.4234313964844
TUR,carbon,TimesFM,2025-09-01,518.3783569335938
TUR,carbon,TimesFM,2025-10-01,534.724853515625
TUR,carbon,TimesFM,2025-11-01,539.9410400390625
TUR,carbon,TimesFM,2025-12-01,527.4471435546875
USA|alabama,carbon,TimesFM,2025-01-01,343.46923828125
USA|alabama,carbon,TimesFM,2025-02-01,339.636962890625
USA|alabama,carbon,TimesFM,2025-03-01,340.46978759765625
USA|alabama,carbon,TimesFM,2025-04-01,341.26947021484375
USA|alabama,carbon,TimesFM,2025-05-01,346.81402587890625
USA|alabama,carbon,TimesFM,2025-06-01,355.5477294921875
USA|alabama,carbon,TimesFM,2025-07-01,361.67144775390625
USA|alabama,carbon,TimesFM,2025-08-01,365.3744812011719
USA|alabama,carbon,TimesFM,2025-09-01,359.16107177734375
USA|alabama,carbon,TimesFM,2025-10-01,354.5283203125
USA|alabama,carbon,TimesFM,2025-11-01,346.05487060546875
USA|alabama,carbon,TimesFM,2025-12-01,342.475341796875
USA|arizona,carbon,TimesFM,2025-01-01,287.6525573730469
USA|arizona,carbon,TimesFM,2025-02-01,269.2853088378906
USA|arizona,carbon,TimesFM,2025-03-01,246.38307189941406
USA|arizona,carbon,TimesFM,2025-04-01,276.04901123046875
USA|arizona,carbon,TimesFM,2025-05-01,273.24853515625
USA|arizona,carbon,TimesFM,2025-06-01,287.6124572753906
USA|arizona,carbon,TimesFM,2025-07-01,308.8851013183594
USA|arizona,carbon,TimesFM,2025-08-01,315.4666442871094
USA|arizona,carbon,TimesFM,2025-09-01,311.7685546875
USA|arizona,carbon,TimesFM,2025-10-01,337.07891845703125
USA|arizona,carbon,TimesFM,2025-11-01,312.1463623046875
USA|arizona,carbon,TimesFM,2025-12-01,299.1484375
USA|arkansas,carbon,TimesFM,2025-01-01,408.83697509765625
USA|arkansas,carbon,TimesFM,2025-02-01,414.34637451171875
USA|arkansas,carbon,TimesFM,2025-03-01,412.97698974609375
USA|arkansas,carbon,TimesFM,2025-04-01,414.15802001953125
USA|arkansas,carbon,TimesFM,2025-05-01,424.9266357421875
USA|arkansas,carbon,TimesFM,2025-06-01,439.51025390625
USA|arkansas,carbon,TimesFM,2025-07-01,448.74249267578125
USA|arkansas,carbon,TimesFM,2025-08-01,453.02679443359375
USA|arkansas,carbon,TimesFM,2025-09-01,452.17303466796875
USA|arkansas,carbon,TimesFM,2025-10-01,449.6368408203125
USA|arkansas,carbon,TimesFM,2025-11-01,447.38336181640625
USA|arkansas,carbon,TimesFM,2025-12-01,445.516357421875
USA|california,carbon,TimesFM,2025-01-01,223.63308715820312
USA|california,carbon,TimesFM,2025-02-01,206.32078552246094
USA|california,carbon,TimesFM,2025-03-01,180.74693298339844
USA|california,carbon,TimesFM,2025-04-01,152.00677490234375
USA|california,carbon,TimesFM,2025-05-01,141.63587951660156
USA|california,carbon,TimesFM,2025-06-01,161.9040069580078
USA|california,carbon,TimesFM,2025-07-01,199.09646606445312
USA|california,carbon,TimesFM,2025-08-01,219.08375549316406
USA|california,carbon,TimesFM,2025-09-01,229.04824829101562
USA|california,carbon,TimesFM,2025-10-01,245.19699096679688
USA|california,carbon,TimesFM,2025-11-01,252.5068359375
USA|california,carbon,TimesFM,2025-12-01,262.4951171875
USA|colorado,carbon,TimesFM,2025-01-01,393.19464111328125
USA|colorado,carbon,TimesFM,2025-02-01,377.75628662109375
USA|colorado,carbon,TimesFM,2025-03-01,337.53466796875
USA|colorado,carbon,TimesFM,2025-04-01,311.9140930175781
USA|colorado,carbon,TimesFM,2025-05-01,320.941650390625
USA|colorado,carbon,TimesFM,2025-06-01,360.09783935546875
USA|colorado,carbon,TimesFM,2025-07-01,387.95245361328125
USA|colorado,carbon,TimesFM,2025-08-01,402.7364501953125
USA|colorado,carbon,TimesFM,2025-09-01,384.24993896484375
USA|colorado,carbon,TimesFM,2025-10-01,371.1046142578125
USA|colorado,carbon,TimesFM,2025-11-01,371.82781982421875
USA|colorado,carbon,TimesFM,2025-12-01,382.4473571777344
USA|connecticut,carbon,TimesFM,2025-01-01,294.45623779296875
USA|connecticut,carbon,TimesFM,2025-02-01,289.8642883300781
USA|connecticut,carbon,TimesFM,2025-03-01,284.5731201171875
USA|connecticut,carbon,TimesFM,2025-04-01,298.691650390625
USA|connecticut,carbon,TimesFM,2025-05-01,301.123046875
USA|connecticut,carbon,TimesFM,2025-06-01,296.6325988769531
USA|connecticut,carbon,TimesFM,2025-07-01,305.49053955078125
USA|connecticut,carbon,TimesFM,2025-08-01,300.6008605957031
USA|connecticut,carbon,TimesFM,2025-09-01,285.51959228515625
USA|connecticut,carbon,TimesFM,2025-10-01,285.3091125488281
USA|connecticut,carbon,TimesFM,2025-11-01,288.4436340332031
USA|connecticut,carbon,TimesFM,2025-12-01,291.3267822265625
USA|delaware,carbon,TimesFM,2025-01-01,499.96319580078125
USA|delaware,carbon,TimesFM,2025-02-01,490.0170593261719
USA|delaware,carbon,TimesFM,2025-03-01,480.9736633300781
USA|delaware,carbon,TimesFM,2025-04-01,476.5710144042969
USA|delaware,carbon,TimesFM,2025-05-01,475.8744201660156
USA|delaware,carbon,TimesFM,2025-06-01,477.12042236328125
USA|delaware,carbon,TimesFM,2025-07-01,480.6462707519531
USA|delaware,carbon,TimesFM,2025-08-01,477.72491455078125
USA|delaware,carbon,TimesFM,2025-09-01,473.86993408203125
USA|delaware,carbon,TimesFM,2025-10-01,476.6298828125
USA|delaware,carbon,TimesFM,2025-11-01,483.07867431640625
USA|delaware,carbon,TimesFM,2025-12-01,489.6324768066406
USA|florida,carbon,TimesFM,2025-01-01,388.93975830078125
USA|florida,carbon,TimesFM,2025-02-01,386.97808837890625
USA|florida,carbon,TimesFM,2025-03-01,390.39508056640625
USA|florida,carbon,TimesFM,2025-04-01,395.6646423339844
USA|florida,carbon,TimesFM,2025-05-01,400.8799743652344
USA|florida,carbon,TimesFM,2025-06-01,402.94195556640625
USA|florida,carbon,TimesFM,2025-07-01,405.9986572265625
USA|florida,carbon,TimesFM,2025-08-01,409.046142578125
USA|florida,carbon,TimesFM,2025-09-01,407.48431396484375
USA|florida,carbon,TimesFM,2025-10-01,406.5817565917969
USA|florida,carbon,TimesFM,2025-11-01,396.8496398925781
USA|florida,carbon,TimesFM,2025-12-01,392.4696044921875
USA|georgia,carbon,TimesFM,2025-01-01,307.43414306640625
USA|georgia,carbon,TimesFM,2025-02-01,311.25006103515625
USA|georgia,carbon,TimesFM,2025-03-01,302.7278137207031
USA|georgia,carbon,TimesFM,2025-04-01,290.05853271484375
USA|georgia,carbon,TimesFM,2025-05-01,312.999755859375
USA|georgia,carbon,TimesFM,2025-06-01,338.19775390625
USA|georgia,carbon,TimesFM,2025-07-01,352.5815734863281
USA|georgia,carbon,TimesFM,2025-08-01,354.78472900390625
USA|georgia,carbon,TimesFM,2025-09-01,336.5923156738281
USA|georgia,carbon,TimesFM,2025-10-01,300.655517578125
USA|georgia,carbon,TimesFM,2025-11-01,287.99871826171875
USA|georgia,carbon,TimesFM,2025-12-01,303.82025146484375
USA|idaho,carbon,TimesFM,2025-01-01,173.04940795898438
USA|idaho,carbon,TimesFM,2025-02-01,164.22189331054688
USA|idaho,carbon,TimesFM,2025-03-01,144.02349853515625
USA|idaho,carbon,TimesFM,2025-04-01,123.10313415527344
USA|idaho,carbon,TimesFM,2025-05-01,118.0877914428711
USA|idaho,carbon,TimesFM,2025-06-01,135.64492797851562
USA|idaho,carbon,TimesFM,2025-07-01,162.20242309570312
USA|idaho,carbon,TimesFM,2025-08-01,175.97103881835938
USA|idaho,carbon,TimesFM,2025-09-01,183.88369750976562
USA|idaho,carbon,TimesFM,2025-10-01,180.69619750976562
USA|idaho,carbon,TimesFM,2025-11-01,185.75418090820312
USA|idaho,carbon,TimesFM,2025-12-01,187.61068725585938
USA|illinois,carbon,TimesFM,2025-01-01,223.39718627929688
USA|illinois,carbon,TimesFM,2025-02-01,219.96676635742188
USA|illinois,carbon,TimesFM,2025-03-01,187.6275634765625
USA|illinois,carbon,TimesFM,2025-04-01,168.01536560058594
USA|illinois,carbon,TimesFM,2025-05-01,186.05947875976562
USA|illinois,carbon,TimesFM,2025-06-01,239.8004913330078
USA|illinois,carbon,TimesFM,2025-07-01,279.31915283203125
USA|illinois,carbon,TimesFM,2025-08-01,285.48016357421875
USA|illinois,carbon,TimesFM,2025-09-01,249.4984130859375
USA|illinois,carbon,TimesFM,2025-10-01,224.18280029296875
USA|illinois,carbon,TimesFM,2025-11-01,218.9372100830078
USA|illinois,carbon,TimesFM,2025-12-01,239.2822265625
USA|indiana,carbon,TimesFM,2025-01-01,579.5052490234375
USA|indiana,carbon,TimesFM,2025-02-01,560.2401123046875
USA|indiana,carbon,TimesFM,2025-03-01,538.856689453125
USA|indiana,carbon,TimesFM,2025-04-01,543.2061157226562
USA|indiana,carbon,TimesFM,2025-05-01,563.08349609375
USA|indiana,carbon,TimesFM,2025-06-01,588.9290161132812
USA|indiana,carbon,TimesFM,2025-07-01,602.4373779296875
USA|indiana,carbon,TimesFM,2025-08-01,604.3846435546875
USA|indiana,carbon,TimesFM,2025-09-01,585.359619140625
USA|indiana,carbon,TimesFM,2025-10-01,562.249267578125
USA|indiana,carbon,TimesFM,2025-11-01,563.2877807617188
USA|indiana,carbon,TimesFM,2025-12-01,577.128173828125
USA|iowa,carbon,TimesFM,2025-01-01,253.83120727539062
USA|iowa,carbon,TimesFM,2025-02-01,213.99319458007812
USA|iowa,carbon,TimesFM,2025-03-01,124.80728912353516
USA|iowa,carbon,TimesFM,2025-04-01,75.59087371826172
USA|iowa,carbon,TimesFM,2025-05-01,192.6289825439453
USA|iowa,carbon,TimesFM,2025-06-01,337.3515625
USA|iowa,carbon,TimesFM,2025-07-01,433.96832275390625
USA|iowa,carbon,TimesFM,2025-08-01,436.8645935058594
USA|iowa,carbon,TimesFM,2025-09-01,307.62371826171875
USA|iowa,carbon,TimesFM,2025-10-01,198.55111694335938
USA|iowa,carbon,TimesFM,2025-11-01,170.94456481933594
USA|iowa,carbon,TimesFM,2025-12-01,211.10476684570312
USA|kansas,carbon,TimesFM,2025-01-01,274.68670654296875
USA|kansas,carbon,TimesFM,2025-02-01,261.4171142578125
USA|kansas,carbon,TimesFM,2025-03-01,230.09567260742188
USA|kansas,carbon,TimesFM,2025-04-01,223.26358032226562
USA|kansas,carbon,TimesFM,2025-05-01,248.8007049560547
USA|kansas,carbon,TimesFM,2025-06-01,290.1510925292969
USA|kansas,carbon,TimesFM,2025-07-01,312.98101806640625
USA|kansas,carbon,TimesFM,2025-08-01,311.4442443847656
USA|kansas,carbon,TimesFM,2025-09-01,279.5405578613281
USA|kansas,carbon,TimesFM,2025-10-01,254.44729614257812
USA|kansas,carbon,TimesFM,2025-11-01,248.5494842529297
USA|kansas,carbon,TimesFM,2025-12-01,252.60726928710938
USA|kentucky,carbon,TimesFM,2025-01-01,680.521728515625
USA|kentucky,carbon,TimesFM,2025-02-01,680.451171875
USA|kentucky,carbon,TimesFM,2025-03-01,680.619384765625
USA|kentucky,carbon,TimesFM,2025-04-01,679.9917602539062
USA|kentucky,carbon,TimesFM,2025-05-01,680.329345703125
USA|kentucky,carbon,TimesFM,2025-06-01,680.5377807617188
USA|kentucky,carbon,TimesFM,2025-07-01,680.67138671875
USA|kentucky,carbon,TimesFM,2025-08-01,681.3859252929688
USA|kentucky,carbon,TimesFM,2025-09-01,680.789794921875
USA|kentucky,carbon,TimesFM,2025-10-01,680.3414916992188
USA|kentucky,carbon,TimesFM,2025-11-01,680.6730346679688
USA|kentucky,carbon,TimesFM,2025-12-01,680.890869140625
USA|louisiana,carbon,TimesFM,2025-01-01,420.6322021484375
USA|louisiana,carbon,TimesFM,2025-02-01,426.1317138671875
USA|louisiana,carbon,TimesFM,2025-03-01,424.9500732421875
USA|louisiana,carbon,TimesFM,2025-04-01,428.08880615234375
USA|louisiana,carbon,TimesFM,2025-05-01,436.01837158203125
USA|louisiana,carbon,TimesFM,2025-06-01,440.20513916015625
USA|louisiana,carbon,TimesFM,2025-07-01,442.20513916015625
USA|louisiana,carbon,TimesFM,2025-08-01,442.27294921875
USA|louisiana,carbon,TimesFM,2025-09-01,439.6165771484375
USA|louisiana,carbon,TimesFM,2025-10-01,435.7320556640625
USA|louisiana,carbon,TimesFM,2025-11-01,438.91839599609375
USA|louisiana,carbon,TimesFM,2025-12-01,438.547119140625
USA|maine,carbon,TimesFM,2025-01-01,194.98184204101562
USA|maine,carbon,TimesFM,2025-02-01,182.22088623046875
USA|maine,carbon,TimesFM,2025-03-01,159.89776611328125
USA|maine,carbon,TimesFM,2025-04-01,150.8325958251953
USA|maine,carbon,TimesFM,2025-05-01,167.91925048828125
USA|maine,carbon,TimesFM,2025-06-01,206.4175262451172
USA|maine,carbon,TimesFM,2025-07-01,240.57815551757812
USA|maine,carbon,TimesFM,2025-08-01,240.40225219726562
USA|maine,carbon,TimesFM,2025-09-01,214.01251220703125
USA|maine,carbon,TimesFM,2025-10-01,198.02914428710938
USA|maine,carbon,TimesFM,2025-11-01,188.5872802734375
USA|maine,carbon,TimesFM,2025-12-01,194.94662475585938
USA|maryland,carbon,TimesFM,2025-01-01,261.3998718261719
USA|maryland,carbon,TimesFM,2025-02-01,261.9143371582031
USA|maryland,carbon,TimesFM,2025-03-01,241.09963989257812
USA|maryland,carbon,TimesFM,2025-04-01,205.66079711914062
USA|maryland,carbon,TimesFM,2025-05-01,225.36538696289062
USA|maryland,carbon,TimesFM,2025-06-01,266.14434814453125
USA|maryland,carbon,TimesFM,2025-07-01,289.4405212402344
USA|maryland,carbon,TimesFM,2025-08-01,277.34564208984375
USA|maryland,carbon,TimesFM,2025-09-01,253.5079345703125
USA|maryland,carbon,TimesFM,2025-10-01,226.80564880371094
USA|maryland,carbon,TimesFM,2025-11-01,222.7159881591797
USA|maryland,carbon,TimesFM,2025-12-01,235.9781494140625
USA|massachusetts,carbon,TimesFM,2025-01-01,412.74713134765625
USA|massachusetts,carbon,TimesFM,2025-02-01,397.7667541503906
USA|massachusetts,carbon,TimesFM,2025-03-01,366.69140625
USA|massachusetts,carbon,TimesFM,2025-04-01,353.0155029296875
USA|massachusetts,carbon,TimesFM,2025-05-01,347.43792724609375
USA|massachusetts,carbon,TimesFM,2025-06-01,361.4244079589844
USA|massachusetts,carbon,TimesFM,2025-07-01,378.53558349609375
USA|massachusetts,carbon,TimesFM,2025-08-01,372.103271484375
USA|massachusetts,carbon,TimesFM,2025-09-01,356.22589111328125
USA|massachusetts,carbon,TimesFM,2025-10-01,359.9351806640625
USA|massachusetts,carbon,TimesFM,2025-11-01,364.2743225097656
USA|massachusetts,carbon,TimesFM,2025-12-01,386.744873046875
USA|michigan,carbon,TimesFM,2025-01-01,405.63739013671875
USA|michigan,carbon,TimesFM,2025-02-01,404.51873779296875
USA|michigan,carbon,TimesFM,2025-03-01,405.33447265625
USA|michigan,carbon,TimesFM,2025-04-01,409.20611572265625
USA|michigan,carbon,TimesFM,2025-05-01,415.50341796875
USA|michigan,carbon,TimesFM,2025-06-01,426.74249267578125
USA|michigan,carbon,TimesFM,2025-07-01,434.4569091796875
USA|michigan,carbon,TimesFM,2025-08-01,435.49945068359375
USA|michigan,carbon,TimesFM,2025-09-01,431.5792236328125
USA|michigan,carbon,TimesFM,2025-10-01,427.88671875
USA|michigan,carbon,TimesFM,2025-11-01,421.27520751953125
USA|michigan,carbon,TimesFM,2025-12-01,418.60247802734375
USA|minnesota,carbon,TimesFM,2025-01-01,340.54608154296875
USA|minnesota,carbon,TimesFM,2025-02-01,307.7644958496094
USA|minnesota,carbon,TimesFM,2025-03-01,257.241943359375
USA|minnesota,carbon,TimesFM,2025-04-01,232.08460998535156
USA|minnesota,carbon,TimesFM,2025-05-01,269.1056823730469
USA|minnesota,carbon,TimesFM,2025-06-01,314.75341796875
USA|minnesota,carbon,TimesFM,2025-07-01,348.3872985839844
USA|minnesota,carbon,TimesFM,2025-08-01,340.045166015625
USA|minnesota,carbon,TimesFM,2025-09-01,292.6590881347656
USA|minnesota,carbon,TimesFM,2025-10-01,276.61932373046875
USA|minnesota,carbon,TimesFM,2025-11-01,299.31524658203125
USA|minnesota,carbon,TimesFM,2025-12-01,330.56005859375
USA|mississippi,carbon,TimesFM,2025-01-01,419.6969909667969
USA|mississippi,carbon,TimesFM,2025-02-01,421.6956787109375
USA|mississippi,carbon,TimesFM,2025-03-01,424.8826904296875
USA|mississippi,carbon,TimesFM,2025-04-01,427.4204406738281
USA|mississippi,carbon,TimesFM,2025-05-01,429.0453186035156
USA|mississippi,carbon,TimesFM,2025-06-01,430.62640380859375
USA|mississippi,carbon,TimesFM,2025-07-01,432.1667175292969
USA|mississippi,carbon,TimesFM,2025-08-01,431.7524108886719
USA|mississippi,carbon,TimesFM,2025-09-01,429.572509765625
USA|mississippi,carbon,TimesFM,2025-10-01,427.2899169921875
USA|mississippi,carbon,TimesFM,2025-11-01,427.22930908203125
USA|mississippi,carbon,TimesFM,2025-12-01,428.1402893066406
USA|missouri,carbon,TimesFM,2025-01-01,572.4903564453125
USA|missouri,carbon,TimesFM,2025-02-01,579.3694458007812
USA|missouri,carbon,TimesFM,2025-03-01,582.3602905273438
USA|missouri,carbon,TimesFM,2025-04-01,588.0745849609375
USA|missouri,carbon,TimesFM,2025-05-01,587.8975219726562
USA|missouri,carbon,TimesFM,2025-06-01,580.0201416015625
USA|missouri,carbon,TimesFM,2025-07-01,576.072998046875
USA|missouri,carbon,TimesFM,2025-08-01,572.4805297851562
USA|missouri,carbon,TimesFM,2025-09-01,567.862548828125
USA|missouri,carbon,TimesFM,2025-10-01,571.6549072265625
USA|missouri,carbon,TimesFM,2025-11-01,578.5029296875
USA|missouri,carbon,TimesFM,2025-12-01,580.385009765625
USA|montana,carbon,TimesFM,2025-01-01,394.40179443359375
USA|montana,carbon,TimesFM,2025-02-01,395.07904052734375
USA|montana,carbon,TimesFM,2025-03-01,382.8880615234375
USA|montana,carbon,TimesFM,2025-04-01,312.8148193359375
USA|montana,carbon,TimesFM,2025-05-01,239.02059936523438
USA|montana,carbon,TimesFM,2025-06-01,263.9579772949219
USA|montana,carbon,TimesFM,2025-07-01,360.79132080078125
USA|montana,carbon,TimesFM,2025-08-01,417.76141357421875
USA|montana,carbon,TimesFM,2025-09-01,435.09661865234375
USA|montana,carbon,TimesFM,2025-10-01,427.450439453125
USA|montana,carbon,TimesFM,2025-11-01,400.83709716796875
USA|montana,carbon,TimesFM,2025-12-01,390.8985595703125
USA|nebraska,carbon,TimesFM,2025-01-01,411.3240966796875
USA|nebraska,carbon,TimesFM,2025-02-01,392.9123840332031
USA|nebraska,carbon,TimesFM,2025-03-01,362.6175537109375
USA|nebraska,carbon,TimesFM,2025-04-01,321.007080078125
USA|nebraska,carbon,TimesFM,2025-05-01,355.13385009765625
USA|nebraska,carbon,TimesFM,2025-06-01,423.93145751953125
USA|nebraska,carbon,TimesFM,2025-07-01,459.47332763671875
USA|nebraska,carbon,TimesFM,2025-08-01,450.2474365234375
USA|nebraska,carbon,TimesFM,2025-09-01,418.87762451171875
USA|nebraska,carbon,TimesFM,2025-10-01,417.1260986328125
USA|nebraska,carbon,TimesFM,2025-11-01,407.40625
USA|nebraska,carbon,TimesFM,2025-12-01,408.457275390625
USA|nevada,carbon,TimesFM,2025-01-01,326.6871643066406
USA|nevada,carbon,TimesFM,2025-02-01,307.20526123046875
USA|nevada,carbon,TimesFM,2025-03-01,286.1000671386719
USA|nevada,carbon,TimesFM,2025-04-01,264.39947509765625
USA|nevada,carbon,TimesFM,2025-05-01,274.3432312011719
USA|nevada,carbon,TimesFM,2025-06-01,299.7456970214844
USA|nevada,carbon,TimesFM,2025-07-01,321.87847900390625
USA|nevada,carbon,TimesFM,2025-08-01,327.3154296875
USA|nevada,carbon,TimesFM,2025-09-01,319.5959777832031
USA|nevada,carbon,TimesFM,2025-10-01,316.75018310546875
USA|nevada,carbon,TimesFM,2025-11-01,315.74169921875
USA|nevada,carbon,TimesFM,2025-12-01,330.9939880371094
USA|new hampshire,carbon,TimesFM,2025-01-01,158.885498046875
USA|new hampshire,carbon,TimesFM,2025-02-01,141.15396118164062
USA|new hampshire,carbon,TimesFM,2025-03-01,127.92967224121094
USA|new hampshire,carbon,TimesFM,2025-04-01,129.37832641601562
USA|new hampshire,carbon,TimesFM,2025-05-01,118.03669738769531
USA|new hampshire,carbon,TimesFM,2025-06-01,145.01589965820312
USA|new hampshire,carbon,TimesFM,2025-07-01,190.64761352539062
USA|new hampshire,carbon,TimesFM,2025-08-01,166.9669647216797
USA|new hampshire,carbon,TimesFM,2025-09-01,138.96975708007812
USA|new hampshire,carbon,TimesFM,2025-10-01,159.94757080078125
USA|new hampshire,carbon,TimesFM,2025-11-01,130.3516845703125
USA|new hampshire,carbon,TimesFM,2025-12-01,158.56910705566406
USA|new jersey,carbon,TimesFM,2025-01-01,226.31375122070312
USA|new jersey,carbon,TimesFM,2025-02-01,225.53985595703125
USA|new jersey,carbon,TimesFM,2025-03-01,228.26336669921875
USA|new jersey,carbon,TimesFM,2025-04-01,242.2664031982422
USA|new jersey,carbon,TimesFM,2025-05-01,241.9777374267578
USA|new jersey,carbon,TimesFM,2025-06-01,261.744873046875
USA|new jersey,carbon,TimesFM,2025-07-01,286.0875244140625
USA|new jersey,carbon,TimesFM,2025-08-01,276.27813720703125
USA|new jersey,carbon,TimesFM,2025-09-01,260.65179443359375
USA|new jersey,carbon,TimesFM,2025-10-01,267.2914733886719
USA|new jersey,carbon,TimesFM,2025-11-01,260.8735656738281
USA|new jersey,carbon,TimesFM,2025-12-01,245.50404357910156
USA|new mexico,carbon,TimesFM,2025-01-01,290.846435546875
USA|new mexico,carbon,TimesFM,2025-02-01,270.80938720703125
USA|new mexico,carbon,TimesFM,2025-03-01,231.86135864257812
USA|new mexico,carbon,TimesFM,2025-04-01,193.0198211669922
USA|new mexico,carbon,TimesFM,2025-05-01,247.05459594726562
USA|new mexico,carbon,TimesFM,2025-06-01,315.2562561035156
USA|new mexico,carbon,TimesFM,2025-07-01,343.79119873046875
USA|new mexico,carbon,TimesFM,2025-08-01,346.9697265625
USA|new mexico,carbon,TimesFM,2025-09-01,317.9813537597656
USA|new mexico,carbon,TimesFM,2025-10-01,293.12738037109375
USA|new mexico,carbon,TimesFM,2025-11-01,256.5188293457031
USA|new mexico,carbon,TimesFM,2025-12-01,269.42437744140625
USA|new york,carbon,TimesFM,2025-01-01,263.6730651855469
USA|new york,carbon,TimesFM,2025-02-01,254.04844665527344
USA|new york,carbon,TimesFM,2025-03-01,246.2208709716797
USA|new york,carbon,TimesFM,2025-04-01,235.26377868652344
USA|new york,carbon,TimesFM,2025-05-01,242.91407775878906
USA|new york,carbon,TimesFM,2025-06-01,271.87286376953125
USA|new york,carbon,TimesFM,2025-07-01,298.05670166015625
USA|new york,carbon,TimesFM,2025-08-01,290.73309326171875
USA|new york,carbon,TimesFM,2025-09-01,269.9710693359375
USA|new york,carbon,TimesFM,2025-10-01,247.07986450195312
USA|new york,carbon,TimesFM,2025-11-01,241.8579559326172
USA|new york,carbon,TimesFM,2025-12-01,254.5657501220703
USA|north carolina,carbon,TimesFM,2025-01-01,329.43011474609375
USA|north carolina,carbon,TimesFM,2025-02-01,300.85772705078125
USA|north carolina,carbon,TimesFM,2025-03-01,302.99188232421875
USA|north carolina,carbon,TimesFM,2025-04-01,269.81610107421875
USA|north carolina,carbon,TimesFM,2025-05-01,282.32855224609375
USA|north carolina,carbon,TimesFM,2025-06-01,323.500244140625
USA|north carolina,carbon,TimesFM,2025-07-01,343.6779479980469
USA|north carolina,carbon,TimesFM,2025-08-01,343.23468017578125
USA|north carolina,carbon,TimesFM,2025-09-01,313.535400390625
USA|north carolina,carbon,TimesFM,2025-10-01,275.1138610839844
USA|north carolina,carbon,TimesFM,2025-11-01,280.9355163574219
USA|north carolina,carbon,TimesFM,2025-12-01,300.167236328125
USA|north dakota,carbon,TimesFM,2025-01-01,488.12994384765625
USA|north dakota,carbon,TimesFM,2025-02-01,488.9742431640625
USA|north dakota,carbon,TimesFM,2025-03-01,475.813232421875
USA|north dakota,carbon,TimesFM,2025-04-01,421.34295654296875
USA|north dakota,carbon,TimesFM,2025-05-01,440.5791015625
USA|north dakota,carbon,TimesFM,2025-06-01,511.2510986328125
USA|north dakota,carbon,TimesFM,2025-07-01,561.9992065429688
USA|north dakota,carbon,TimesFM,2025-08-01,549.5531616210938
USA|north dakota,carbon,TimesFM,2025-09-01,491.23150634765625
USA|north dakota,carbon,TimesFM,2025-10-01,461.69342041015625
USA|north dakota,carbon,TimesFM,2025-11-01,482.70654296875
USA|north dakota,carbon,TimesFM,2025-12-01,484.91241455078125
USA|ohio,carbon,TimesFM,2025-01-01,485.4683532714844
USA|ohio,carbon,TimesFM,2025-02-01,482.1295166015625
USA|ohio,carbon,TimesFM,2025-03-01,477.7055358886719
USA|ohio,carbon,TimesFM,2025-04-01,473.21331787109375
USA|ohio,carbon,TimesFM,2025-05-01,472.0946960449219
USA|ohio,carbon,TimesFM,2025-06-01,473.74365234375
USA|ohio,carbon,TimesFM,2025-07-01,471.99249267578125
USA|ohio,carbon,TimesFM,2025-08-01,474.3853454589844
USA|ohio,carbon,TimesFM,2025-09-01,472.2704162597656
USA|ohio,carbon,TimesFM,2025-10-01,469.63165283203125
USA|ohio,carbon,TimesFM,2025-11-01,469.7911682128906
USA|ohio,carbon,TimesFM,2025-12-01,471.4697265625
USA|oklahoma,carbon,TimesFM,2025-01-01,298.64434814453125
USA|oklahoma,carbon,TimesFM,2025-02-01,259.76654052734375
USA|oklahoma,carbon,TimesFM,2025-03-01,206.12393188476562
USA|oklahoma,carbon,TimesFM,2025-04-01,197.891357421875
USA|oklahoma,carbon,TimesFM,2025-05-01,256.59295654296875
USA|oklahoma,carbon,TimesFM,2025-06-01,323.8829650878906
USA|oklahoma,carbon,TimesFM,2025-07-01,363.139892578125
USA|oklahoma,carbon,TimesFM,2025-08-01,377.34283447265625
USA|oklahoma,carbon,TimesFM,2025-09-01,333.0315856933594
USA|oklahoma,carbon,TimesFM,2025-10-01,295.1700134277344
USA|oklahoma,carbon,TimesFM,2025-11-01,287.191650390625
USA|oklahoma,carbon,TimesFM,2025-12-01,295.408447265625
USA|oregon,carbon,TimesFM,2025-01-01,197.19168090820312
USA|oregon,carbon,TimesFM,2025-02-01,198.41400146484375
USA|oregon,carbon,TimesFM,2025-03-01,197.07757568359375
USA|oregon,carbon,TimesFM,2025-04-01,180.32052612304688
USA|oregon,carbon,TimesFM,2025-05-01,135.94561767578125
USA|oregon,carbon,TimesFM,2025-06-01,156.78900146484375
USA|oregon,carbon,TimesFM,2025-07-01,207.11032104492188
USA|oregon,carbon,TimesFM,2025-08-01,240.61209106445312
USA|oregon,carbon,TimesFM,2025-09-01,235.44808959960938
USA|oregon,carbon,TimesFM,2025-10-01,228.03573608398438
USA|oregon,carbon,TimesFM,2025-11-01,217.44009399414062
USA|oregon,carbon,TimesFM,2025-12-01,215.8587646484375
USA|pennsylvania,carbon,TimesFM,2025-01-01,359.3763427734375
USA|pennsylvania,carbon,TimesFM,2025-02-01,349.42718505859375
USA|pennsylvania,carbon,TimesFM,2025-03-01,337.6583251953125
USA|pennsylvania,carbon,TimesFM,2025-04-01,333.04510498046875
USA|pennsylvania,carbon,TimesFM,2025-05-01,327.386962890625
USA|pennsylvania,carbon,TimesFM,2025-06-01,348.91839599609375
USA|pennsylvania,carbon,TimesFM,2025-07-01,364.3416748046875
USA|pennsylvania,carbon,TimesFM,2025-08-01,355.31695556640625
USA|pennsylvania,carbon,TimesFM,2025-09-01,338.60540771484375
USA|pennsylvania,carbon,TimesFM,2025-10-01,329.0661926269531
USA|pennsylvania,carbon,TimesFM,2025-11-01,328.44720458984375
USA|pennsylvania,carbon,TimesFM,2025-12-01,344.87884521484375
USA|rhode island,carbon,TimesFM,2025-01-01,436.8387451171875
USA|rhode island,carbon,TimesFM,2025-02-01,422.2732849121094
USA|rhode island,carbon,TimesFM,2025-03-01,410.4745178222656
USA|rhode island,carbon,TimesFM,2025-04-01,408.27325439453125
USA|rhode island,carbon,TimesFM,2025-05-01,412.874267578125
USA|rhode island,carbon,TimesFM,2025-06-01,430.5057678222656
USA|rhode island,carbon,TimesFM,2025-07-01,440.9659423828125
USA|rhode island,carbon,TimesFM,2025-08-01,445.8397216796875
USA|rhode island,carbon,TimesFM,2025-09-01,445.1002197265625
USA|rhode island,carbon,TimesFM,2025-10-01,446.10003662109375
USA|rhode island,carbon,TimesFM,2025-11-01,446.00091552734375
USA|rhode island,carbon,TimesFM,2025-12-01,442.84478759765625
USA|south carolina,carbon,TimesFM,2025-01-01,265.8580627441406
USA|south carolina,carbon,TimesFM,2025-02-01,255.07186889648438
USA|south carolina,carbon,TimesFM,2025-03-01,230.65533447265625
USA|south carolina,carbon,TimesFM,2025-04-01,245.83041381835938
USA|south carolina,carbon,TimesFM,2025-05-01,277.7659606933594
USA|south carolina,carbon,TimesFM,2025-06-01,289.40325927734375
USA|south carolina,carbon,TimesFM,2025-07-01,299.158447265625
USA|south carolina,carbon,TimesFM,2025-08-01,299.4317626953125
USA|south carolina,carbon,TimesFM,2025-09-01,282.0384826660156
USA|south carolina,carbon,TimesFM,2025-10-01,269.0130920410156
USA|south carolina,carbon,TimesFM,2025-11-01,271.6706237792969
USA|south carolina,carbon,TimesFM,2025-12-01,257.4694519042969
USA|south dakota,carbon,TimesFM,2025-01-01,157.9405517578125
USA|south dakota,carbon,TimesFM,2025-02-01,155.79421997070312
USA|south dakota,carbon,TimesFM,2025-03-01,151.07728576660156
USA|south dakota,carbon,TimesFM,2025-04-01,156.0333709716797
USA|south dakota,carbon,TimesFM,2025-05-01,159.79405212402344
USA|south dakota,carbon,TimesFM,2025-06-01,168.70204162597656
USA|south dakota,carbon,TimesFM,2025-07-01,176.7607421875
USA|south dakota,carbon,TimesFM,2025-08-01,178.75836181640625
USA|south dakota,carbon,TimesFM,2025-09-01,173.7081756591797
USA|south dakota,carbon,TimesFM,2025-10-01,166.77276611328125
USA|south dakota,carbon,TimesFM,2025-11-01,171.59881591796875
USA|south dakota,carbon,TimesFM,2025-12-01,179.5582733154297
USA|tennessee,carbon,TimesFM,2025-01-01,334.506591796875
USA|tennessee,carbon,TimesFM,2025-02-01,323.30352783203125
USA|tennessee,carbon,TimesFM,2025-03-01,314.6576843261719
USA|tennessee,carbon,TimesFM,2025-04-01,321.4134521484375
USA|tennessee,carbon,TimesFM,2025-05-01,333.105712890625
USA|tennessee,carbon,TimesFM,2025-06-01,347.3507080078125
USA|tennessee,carbon,TimesFM,2025-07-01,353.167236328125
USA|tennessee,carbon,TimesFM,2025-08-01,356.3551025390625
USA|tennessee,carbon,TimesFM,2025-09-01,348.94219970703125
USA|tennessee,carbon,TimesFM,2025-10-01,338.0906982421875
USA|tennessee,carbon,TimesFM,2025-11-01,339.2778625488281
USA|tennessee,carbon,TimesFM,2025-12-01,342.06707763671875
USA|texas,carbon,TimesFM,2025-01-01,347.35833740234375
USA|texas,carbon,TimesFM,2025-02-01,318.5013427734375
USA|texas,carbon,TimesFM,2025-03-01,289.95721435546875
USA|texas,carbon,TimesFM,2025-04-01,291.5419921875
USA|texas,carbon,TimesFM,2025-05-01,324.4383544921875
USA|texas,carbon,TimesFM,2025-06-01,360.4516296386719
USA|texas,carbon,TimesFM,2025-07-01,382.4287109375
USA|texas,carbon,TimesFM,2025-08-01,394.31982421875
USA|texas,carbon,TimesFM,2025-09-01,383.19818115234375
USA|texas,carbon,TimesFM,2025-10-01,356.544189453125
USA|texas,carbon,TimesFM,2025-11-01,340.80999755859375
USA|texas,carbon,TimesFM,2025-12-01,344.62506103515625
USA|utah,carbon,TimesFM,2025-01-01,599.2704467773438
USA|utah,carbon,TimesFM,2025-02-01,571.736328125
USA|utah,carbon,TimesFM,2025-03-01,544.1625366210938
USA|utah,carbon,TimesFM,2025-04-01,521.9141845703125
USA|utah,carbon,TimesFM,2025-05-01,520.7374267578125
USA|utah,carbon,TimesFM,2025-06-01,532.8800048828125
USA|utah,carbon,TimesFM,2025-07-01,560.86279296875
USA|utah,carbon,TimesFM,2025-08-01,569.8094482421875
USA|utah,carbon,TimesFM,2025-09-01,572.7696533203125
USA|utah,carbon,TimesFM,2025-10-01,597.5286865234375
USA|utah,carbon,TimesFM,2025-11-01,602.9637451171875
USA|utah,carbon,TimesFM,2025-12-01,612.64111328125
USA|vermont,carbon,TimesFM,2025-01-01,63.94756317138672
USA|vermont,carbon,TimesFM,2025-02-01,60.48233413696289
USA|vermont,carbon,TimesFM,2025-03-01,54.052024841308594
USA|vermont,carbon,TimesFM,2025-04-01,45.268226623535156
USA|vermont,carbon,TimesFM,2025-05-01,47.29269027709961
USA|vermont,carbon,TimesFM,2025-06-01,53.8292236328125
USA|vermont,carbon,TimesFM,2025-07-01,58.11692428588867
USA|vermont,carbon,TimesFM,2025-08-01,59.10374069213867
USA|vermont,carbon,TimesFM,2025-09-01,55.79143142700195
USA|vermont,carbon,TimesFM,2025-10-01,52.33582305908203
USA|vermont,carbon,TimesFM,2025-11-01,52.06280517578125
USA|vermont,carbon,TimesFM,2025-12-01,55.9639892578125
USA|virginia,carbon,TimesFM,2025-01-01,325.419677734375
USA|virginia,carbon,TimesFM,2025-02-01,316.28668212890625
USA|virginia,carbon,TimesFM,2025-03-01,302.95062255859375
USA|virginia,carbon,TimesFM,2025-04-01,268.0736083984375
USA|virginia,carbon,TimesFM,2025-05-01,292.3702392578125
USA|virginia,carbon,TimesFM,2025-06-01,311.36480712890625
USA|virginia,carbon,TimesFM,2025-07-01,331.001220703125
USA|virginia,carbon,TimesFM,2025-08-01,323.8572998046875
USA|virginia,carbon,TimesFM,2025-09-01,309.6943359375
USA|virginia,carbon,TimesFM,2025-10-01,281.2901611328125
USA|virginia,carbon,TimesFM,2025-11-01,298.9461364746094
USA|virginia,carbon,TimesFM,2025-12-01,304.09088134765625
USA|washington,carbon,TimesFM,2025-01-01,128.34632873535156
USA|washington,carbon,TimesFM,2025-02-01,127.55616760253906
USA|washington,carbon,TimesFM,2025-03-01,126.33003234863281
USA|washington,carbon,TimesFM,2025-04-01,106.67160034179688
USA|washington,carbon,TimesFM,2025-05-01,79.80586242675781
USA|washington,carbon,TimesFM,2025-06-01,92.66304779052734
USA|washington,carbon,TimesFM,2025-07-01,136.5054168701172
USA|washington,carbon,TimesFM,2025-08-01,167.9799041748047
USA|washington,carbon,TimesFM,2025-09-01,180.33572387695312
USA|washington,carbon,TimesFM,2025-10-01,169.78219604492188
USA|washington,carbon,TimesFM,2025-11-01,151.73800659179688
USA|washington,carbon,TimesFM,2025-12-01,143.8292694091797
USA|washington dc,carbon,TimesFM,2025-01-01,195.45510864257812
USA|washington dc,carbon,TimesFM,2025-02-01,197.14735412597656
USA|washington dc,carbon,TimesFM,2025-03-01,193.24014282226562
USA|washington dc,carbon,TimesFM,2025-04-01,182.72499084472656
USA|washington dc,carbon,TimesFM,2025-05-01,188.74432373046875
USA|washington dc,carbon,TimesFM,2025-06-01,192.25685119628906
USA|washington dc,carbon,TimesFM,2025-07-01,198.5638427734375
USA|washington dc,carbon,TimesFM,2025-08-01,196.89312744140625
USA|washington dc,carbon,TimesFM,2025-09-01,201.9605712890625
USA|washington dc,carbon,TimesFM,2025-10-01,194.19642639160156
USA|washington dc,carbon,TimesFM,2025-11-01,204.06973266601562
USA|washington dc,carbon,TimesFM,2025-12-01,217.54061889648438
USA|west virginia,carbon,TimesFM,2025-01-01,739.3853149414062
USA|west virginia,carbon,TimesFM,2025-02-01,726.7097778320312
USA|west virginia,carbon,TimesFM,2025-03-01,708.788818359375
USA|west virginia,carbon,TimesFM,2025-04-01,711.7885131835938
USA|west virginia,carbon,TimesFM,2025-05-01,731.361328125
USA|west virginia,carbon,TimesFM,2025-06-01,749.5626220703125
USA|west virginia,carbon,TimesFM,2025-07-01,757.5436401367188
USA|west virginia,carbon,TimesFM,2025-08-01,761.7224731445312
USA|west virginia,carbon,TimesFM,2025-09-01,749.7677612304688
USA|west virginia,carbon,TimesFM,2025-10-01,722.1874389648438
USA|west virginia,carbon,TimesFM,2025-11-01,718.7684936523438
USA|west virginia,carbon,TimesFM,2025-12-01,734.8939208984375
USA|wisconsin,carbon,TimesFM,2025-01-01,501.49578857421875
USA|wisconsin,carbon,TimesFM,2025-02-01,495.44427490234375
USA|wisconsin,carbon,TimesFM,2025-03-01,482.52655029296875
USA|wisconsin,carbon,TimesFM,2025-04-01,477.45391845703125
USA|wisconsin,carbon,TimesFM,2025-05-01,476.67828369140625
USA|wisconsin,carbon,TimesFM,2025-06-01,487.30035400390625
USA|wisconsin,carbon,TimesFM,2025-07-01,494.908447265625
USA|wisconsin,carbon,TimesFM,2025-08-01,498.5982666015625
USA|wisconsin,carbon,TimesFM,2025-09-01,489.381103515625
USA|wisconsin,carbon,TimesFM,2025-10-01,488.4122314453125
USA|wisconsin,carbon,TimesFM,2025-11-01,482.083740234375
USA|wisconsin,carbon,TimesFM,2025-12-01,487.73284912109375
USA|wyoming,carbon,TimesFM,2025-01-01,547.3689575195312
USA|wyoming,carbon,TimesFM,2025-02-01,545.6470947265625
USA|wyoming,carbon,TimesFM,2025-03-01,529.3148193359375
USA|wyoming,carbon,TimesFM,2025-04-01,510.03680419921875
USA|wyoming,carbon,TimesFM,2025-05-01,536.154052734375
USA|wyoming,carbon,TimesFM,2025-06-01,592.1802978515625
USA|wyoming,carbon,TimesFM,2025-07-01,642.7362670898438
USA|wyoming,carbon,TimesFM,2025-08-01,662.7196044921875
USA|wyoming,carbon,TimesFM,2025-09-01,650.6302490234375
USA|wyoming,carbon,TimesFM,2025-10-01,625.467041015625
USA|wyoming,carbon,TimesFM,2025-11-01,593.3839111328125
USA|wyoming,carbon,TimesFM,2025-12-01,587.55615234375
Albany River,water,TimesFM,2022-10-16,-47.7120475769043
Albany River,water,TimesFM,2022-11-16,-36.06414031982422
Albany River,water,TimesFM,2022-12-16,-15.914641380310059
Albany River,water,TimesFM,2023-01-16,10.675832748413086
Albany River,water,TimesFM,2023-02-16,28.47622299194336
Albany River,water,TimesFM,2023-03-16,33.223819732666016
Albany River,water,TimesFM,2023-04-16,27.96834373474121
Albany River,water,TimesFM,2023-05-16,16.81929588317871
Albany River,water,TimesFM,2023-06-16,2.1489436626434326
Albany River,water,TimesFM,2023-07-16,-12.312784194946289
Albany River,water,TimesFM,2023-08-16,-18.62616729736328
Albany River,water,TimesFM,2023-09-16,-16.996871948242188
Bravo,water,TimesFM,2022-10-16,-85.68940734863281
Bravo,water,TimesFM,2022-11-16,-84.88345336914062
Bravo,water,TimesFM,2022-12-16,-85.55062866210938
Bravo,water,TimesFM,2023-01-16,-86.54283142089844
Bravo,water,TimesFM,2023-02-16,-86.73363494873047
Bravo,water,TimesFM,2023-03-16,-86.8460464477539
Bravo,water,TimesFM,2023-04-16,-85.91455841064453
Bravo,water,TimesFM,2023-05-16,-85.16715240478516
Bravo,water,TimesFM,2023-06-16,-85.51470184326172
Bravo,water,TimesFM,2023-07-16,-85.12362670898438
Bravo,water,TimesFM,2023-08-16,-84.86698913574219
Bravo,water,TimesFM,2023-09-16,-84.3842544555664
Brazos River,water,TimesFM,2022-10-16,-143.18914794921875
Brazos River,water,TimesFM,2022-11-16,-133.40811157226562
Brazos River,water,TimesFM,2022-12-16,-122.67936706542969
Brazos River,water,TimesFM,2023-01-16,-109.2120361328125
Brazos River,water,TimesFM,2023-02-16,-96.82215118408203
Brazos River,water,TimesFM,2023-03-16,-88.18822479248047
Brazos River,water,TimesFM,2023-04-16,-80.27316284179688
Brazos River,water,TimesFM,2023-05-16,-74.24879455566406
Brazos River,water,TimesFM,2023-06-16,-71.31976318359375
Brazos River,water,TimesFM,2023-07-16,-68.52250671386719
Brazos River,water,TimesFM,2023-08-16,-67.36295318603516
Brazos River,water,TimesFM,2023-09-16,-65.35551452636719
Colorado River (Pacific Ocean),water,TimesFM,2022-10-16,-92.93904876708984
Colorado River (Pacific Ocean),water,TimesFM,2022-11-16,-79.98046112060547
Colorado River (Pacific Ocean),water,TimesFM,2022-12-16,-65.68507385253906
Colorado River (Pacific Ocean),water,TimesFM,2023-01-16,-56.328460693359375
Colorado River (Pacific Ocean),water,TimesFM,2023-02-16,-54.57707977294922
Colorado River (Pacific Ocean),water,TimesFM,2023-03-16,-56.576942443847656
Colorado River (Pacific Ocean),water,TimesFM,2023-04-16,-61.94098663330078
Colorado River (Pacific Ocean),water,TimesFM,2023-05-16,-67.61088562011719
Colorado River (Pacific Ocean),water,TimesFM,2023-06-16,-74.4404296875
Colorado River (Pacific Ocean),water,TimesFM,2023-07-16,-78.0804443359375
Colorado River (Pacific Ocean),water,TimesFM,2023-08-16,-80.28617858886719
Colorado River (Pacific Ocean),water,TimesFM,2023-09-16,-78.84831237792969
Columbia River,water,TimesFM,2022-10-16,-156.39402770996094
Columbia River,water,TimesFM,2022-11-16,-117.15813446044922
Columbia River,water,TimesFM,2022-12-16,-48.638702392578125
Columbia River,water,TimesFM,2023-01-16,29.52470588684082
Columbia River,water,TimesFM,2023-02-16,87.5988540649414
Columbia River,water,TimesFM,2023-03-16,103.63306427001953
Columbia River,water,TimesFM,2023-04-16,74.21086883544922
Columbia River,water,TimesFM,2023-05-16,19.938814163208008
Columbia River,water,TimesFM,2023-06-16,-49.60344314575195
Columbia River,water,TimesFM,2023-07-16,-104.4842529296875
Columbia River,water,TimesFM,2023-08-16,-125.26329803466797
Columbia River,water,TimesFM,2023-09-16,-104.33226776123047
Danube,water,TimesFM,2022-10-16,-150.44503784179688
Danube,water,TimesFM,2022-11-16,-110.83696746826172
Danube,water,TimesFM,2022-12-16,-71.01708221435547
Danube,water,TimesFM,2023-01-16,-45.29695129394531
Danube,water,TimesFM,2023-02-16,-42.18826675415039
Danube,water,TimesFM,2023-03-16,-51.268741607666016
Danube,water,TimesFM,2023-04-16,-72.40501403808594
Danube,water,TimesFM,2023-05-16,-92.19656372070312
Danube,water,TimesFM,2023-06-16,-107.40476989746094
Danube,water,TimesFM,2023-07-16,-116.41963958740234
Danube,water,TimesFM,2023-08-16,-119.10174560546875
Danube,water,TimesFM,2023-09-16,-111.99837493896484
Dniepr,water,TimesFM,2022-10-16,-173.5142822265625
Dniepr,water,TimesFM,2022-11-16,-152.31907653808594
Dniepr,water,TimesFM,2022-12-16,-119.25151824951172
Dniepr,water,TimesFM,2023-01-16,-84.44642639160156
Dniepr,water,TimesFM,2023-02-16,-65.72882843017578
Dniepr,water,TimesFM,2023-03-16,-61.56495666503906
Dniepr,water,TimesFM,2023-04-16,-74.61151123046875
Dniepr,water,TimesFM,2023-05-16,-92.8325424194336
Dniepr,water,TimesFM,2023-06-16,-115.72299194335938
Dniepr,water,TimesFM,2023-07-16,-130.7736358642578
Dniepr,water,TimesFM,2023-08-16,-135.71070861816406
Dniepr,water,TimesFM,2023-09-16,-130.34715270996094
Elbe River,water,TimesFM,2022-10-16,-114.07013702392578
Elbe River,water,TimesFM,2022-11-16,-80.40153503417969
Elbe River,water,TimesFM,2022-12-16,-49.38376998901367
Elbe River,water,TimesFM,2023-01-16,-26.199108123779297
Elbe River,water,TimesFM,2023-02-16,-22.569503784179688
Elbe River,water,TimesFM,2023-03-16,-31.078502655029297
Elbe River,water,TimesFM,2023-04-16,-51.11838912963867
Elbe River,water,TimesFM,2023-05-16,-70.25350189208984
Elbe River,water,TimesFM,2023-06-16,-87.08367919921875
Elbe River,water,TimesFM,2023-07-16,-92.81059265136719
Elbe River,water,TimesFM,2023-08-16,-88.43115997314453
Elbe River,water,TimesFM,2023-09-16,-75.47183227539062
Ganges,water,TimesFM,2022-10-16,-2.3494787216186523
Ganges,water,TimesFM,2022-11-16,-49.57156753540039
Ganges,water,TimesFM,2022-12-16,-105.72591400146484
Ganges,water,TimesFM,2023-01-16,-146.99435424804688
Ganges,water,TimesFM,2023-02-16,-174.55862426757812
Ganges,water,TimesFM,2023-03-16,-183.9358673095703
Ganges,water,TimesFM,2023-04-16,-181.97225952148438
Ganges,water,TimesFM,2023-05-16,-166.94891357421875
Ganges,water,TimesFM,2023-06-16,-134.62332153320312
Ganges,water,TimesFM,2023-07-16,-95.36809539794922
Ganges,water,TimesFM,2023-08-16,-67.62405395507812
Ganges,water,TimesFM,2023-09-16,-59.108943939208984
Godavari,water,TimesFM,2022-10-16,276.296630859375
Godavari,water,TimesFM,2022-11-16,197.40859985351562
Godavari,water,TimesFM,2022-12-16,102.41716766357422
Godavari,water,TimesFM,2023-01-16,21.06917953491211
Godavari,water,TimesFM,2023-02-16,-41.94816589355469
Godavari,water,TimesFM,2023-03-16,-65.14930725097656
Godavari,water,TimesFM,2023-04-16,-59.7686882019043
Godavari,water,TimesFM,2023-05-16,-14.332395553588867
Godavari,water,TimesFM,2023-06-16,65.08935546875
Godavari,water,TimesFM,2023-07-16,146.13284301757812
Godavari,water,TimesFM,2023-08-16,192.8931884765625
Godavari,water,TimesFM,2023-09-16,188.7213592529297
Grisalva,water,TimesFM,2022-10-16,115.02630615234375
Grisalva,water,TimesFM,2022-11-16,109.17720031738281
Grisalva,water,TimesFM,2022-12-16,65.50977325439453
Grisalva,water,TimesFM,2023-01-16,-1.0499088764190674
Grisalva,water,TimesFM,2023-02-16,-59.23259353637695
Grisalva,water,TimesFM,2023-03-16,-85.64207458496094
Grisalva,water,TimesFM,2023-04-16,-78.52667999267578
Grisalva,water,TimesFM,2023-05-16,-50.468719482421875
Grisalva,water,TimesFM,2023-06-16,-10.78056526184082
Grisalva,water,TimesFM,2023-07-16,30.69287872314453
Grisalva,water,TimesFM,2023-08-16,54.435394287109375
Grisalva,water,TimesFM,2023-09-16,58.88629913330078
Indus,water,TimesFM,2022-10-16,-129.98680114746094
Indus,water,TimesFM,2022-11-16,-136.2093048095703
Indus,water,TimesFM,2022-12-16,-145.85842895507812
Indus,water,TimesFM,2023-01-16,-151.4069366455078
Indus,water,TimesFM,2023-02-16,-153.7203369140625
Indus,water,TimesFM,2023-03-16,-154.48220825195312
Indus,water,TimesFM,2023-04-16,-155.2664337158203
Indus,water,TimesFM,2023-05-16,-153.41917419433594
Indus,water,TimesFM,2023-06-16,-152.6294708251953
Indus,water,TimesFM,2023-07-16,-148.21682739257812
Indus,water,TimesFM,2023-08-16,-143.3208770751953
Indus,water,TimesFM,2023-09-16,-139.4744110107422
Krishna,water,TimesFM,2022-10-16,245.61578369140625
Krishna,water,TimesFM,2022-11-16,200.144287109375
Krishna,water,TimesFM,2022-12-16,134.1051483154297
Krishna,water,TimesFM,2023-01-16,65.24592590332031
Krishna,water,TimesFM,2023-02-16,15.56625747680664
Krishna,water,TimesFM,2023-03-16,1.951035737991333
Krishna,water,TimesFM,2023-04-16,15.738761901855469
Krishna,water,TimesFM,2023-05-16,49.58641815185547
Krishna,water,TimesFM,2023-06-16,106.23529052734375
Krishna,water,TimesFM,2023-07-16,164.34243774414062
Krishna,water,TimesFM,2023-08-16,196.7234344482422
Krishna,water,TimesFM,2023-09-16,190.34738159179688
Loire,water,TimesFM,2022-10-16,-134.31985473632812
Loire,water,TimesFM,2022-11-16,-79.33003234863281
Loire,water,TimesFM,2022-12-16,-25.451229095458984
Loire,water,TimesFM,2023-01-16,8.62360668182373
Loire,water,TimesFM,2023-02-16,17.377059936523438
Loire,water,TimesFM,2023-03-16,4.186428546905518
Loire,water,TimesFM,2023-04-16,-26.011690139770508
Loire,water,TimesFM,2023-05-16,-66.69628143310547
Loire,water,TimesFM,2023-06-16,-106.19965362548828
Loire,water,TimesFM,2023-07-16,-124.37845611572266
Loire,water,TimesFM,2023-08-16,-121.28504180908203
Loire,water,TimesFM,2023-09-16,-100.90262603759766
Mahanadi River (Mahahadi),water,TimesFM,2022-10-16,246.80624389648438
Mahanadi River (Mahahadi),water,TimesFM,2022-11-16,173.7047882080078
Mahanadi River (Mahahadi),water,TimesFM,2022-12-16,68.1620864868164
Mahanadi River (Mahahadi),water,TimesFM,2023-01-16,-26.24465560913086
Mahanadi River (Mahahadi),water,TimesFM,2023-02-16,-95.70967102050781
Mahanadi River (Mahahadi),water,TimesFM,2023-03-16,-137.86419677734375
Mahanadi River (Mahahadi),water,TimesFM,2023-04-16,-138.35726928710938
Mahanadi River (Mahahadi),water,TimesFM,2023-05-16,-90.82965850830078
Mahanadi River (Mahahadi),water,TimesFM,2023-06-16,-0.18371707201004028
Mahanadi River (Mahahadi),water,TimesFM,2023-07-16,98.4318618774414
Mahanadi River (Mahahadi),water,TimesFM,2023-08-16,161.5943145751953
Mahanadi River (Mahahadi),water,TimesFM,2023-09-16,171.84555053710938
Mississippi River,water,TimesFM,2022-10-16,-100.63002014160156
Mississippi River,water,TimesFM,2022-11-16,-78.94829559326172
Mississippi River,water,TimesFM,2022-12-16,-46.332618713378906
Mississippi River,water,TimesFM,2023-01-16,-10.589092254638672
Mississippi River,water,TimesFM,2023-02-16,17.494626998901367
Mississippi River,water,TimesFM,2023-03-16,29.68840789794922
Mississippi River,water,TimesFM,2023-04-16,23.580020904541016
Mississippi River,water,TimesFM,2023-05-16,6.7132344245910645
Mississippi River,water,TimesFM,2023-06-16,-17.872953414916992
Mississippi River,water,TimesFM,2023-07-16,-43.47473907470703
Mississippi River,water,TimesFM,2023-08-16,-59.529972076416016
Mississippi River,water,TimesFM,2023-09-16,-61.59321594238281
Nelson River,water,TimesFM,2022-10-16,-98.58677673339844
Nelson River,water,TimesFM,2022-11-16,-91.48316192626953
Nelson River,water,TimesFM,2022-12-16,-78.32974243164062
Nelson River,water,TimesFM,2023-01-16,-64.509033203125
Nelson River,water,TimesFM,2023-02-16,-51.67485809326172
Nelson River,water,TimesFM,2023-03-16,-43.519405364990234
Nelson River,water,TimesFM,2023-04-16,-37.822509765625
Nelson River,water,TimesFM,2023-05-16,-34.089439392089844
Nelson River,water,TimesFM,2023-06-16,-33.62113952636719
Nelson River,water,TimesFM,2023-07-16,-34.37554168701172
Nelson River,water,TimesFM,2023-08-16,-36.84489059448242
Nelson River,water,TimesFM,2023-09-16,-38.421600341796875
Neva,water,TimesFM,2022-10-16,-74.26644897460938
Neva,water,TimesFM,2022-11-16,-44.783294677734375
Neva,water,TimesFM,2022-12-16,-7.897244453430176
Neva,water,TimesFM,2023-01-16,26.70362091064453
Neva,water,TimesFM,2023-02-16,45.904388427734375
Neva,water,TimesFM,2023-03-16,45.34202575683594
Neva,water,TimesFM,2023-04-16,27.09548568725586
Neva,water,TimesFM,2023-05-16,1.242442011833191
Neva,water,TimesFM,2023-06-16,-26.319860458374023
Neva,water,TimesFM,2023-07-16,-41.66315460205078
Neva,water,TimesFM,2023-08-16,-39.76854705810547
Neva,water,TimesFM,2023-09-16,-25.14794921875
Oder River,water,TimesFM,2022-10-16,-114.14408111572266
Oder River,water,TimesFM,2022-11-16,-82.640625
Oder River,water,TimesFM,2022-12-16,-49.90699005126953
Oder River,water,TimesFM,2023-01-16,-23.16948699951172
Oder River,water,TimesFM,2023-02-16,-17.485429763793945
Oder River,water,TimesFM,2023-03-16,-25.343976974487305
Oder River,water,TimesFM,2023-04-16,-43.6649055480957
Oder River,water,TimesFM,2023-05-16,-61.384517669677734
Oder River,water,TimesFM,2023-06-16,-79.96212005615234
Oder River,water,TimesFM,2023-07-16,-88.9548110961914
Oder River,water,TimesFM,2023-08-16,-87.96025085449219
Oder River,water,TimesFM,2023-09-16,-76.32608032226562
Rhine,water,TimesFM,2022-10-16,-152.08692932128906
Rhine,water,TimesFM,2022-11-16,-110.92472839355469
Rhine,water,TimesFM,2022-12-16,-64.18608093261719
Rhine,water,TimesFM,2023-01-16,-19.426225662231445
Rhine,water,TimesFM,2023-02-16,0.9707672595977783
Rhine,water,TimesFM,2023-03-16,-1.7003532648086548
Rhine,water,TimesFM,2023-04-16,-29.87474822998047
Rhine,water,TimesFM,2023-05-16,-70.5278091430664
Rhine,water,TimesFM,2023-06-16,-110.98184967041016
Rhine,water,TimesFM,2023-07-16,-131.8436279296875
Rhine,water,TimesFM,2023-08-16,-132.8197784423828
Rhine,water,TimesFM,2023-09-16,-113.65911865234375
Senegal,water,TimesFM,2022-10-16,161.52203369140625
Senegal,water,TimesFM,2022-11-16,111.49900817871094
Senegal,water,TimesFM,2022-12-16,52.83447265625
Senegal,water,TimesFM,2023-01-16,13.179829597473145
Senegal,water,TimesFM,2023-02-16,-8.582615852355957
Senegal,water,TimesFM,2023-03-16,-21.3210506439209
Senegal,water,TimesFM,2023-04-16,-29.25952911376953
Senegal,water,TimesFM,2023-05-16,-26.640512466430664
Senegal,water,TimesFM,2023-06-16,2.218928337097168
Senegal,water,TimesFM,2023-07-16,40.36175537109375
Senegal,water,TimesFM,2023-08-16,77.17911529541016
Senegal,water,TimesFM,2023-09-16,89.97441864013672
St.Lawrence,water,TimesFM,2022-10-16,-5.26632022857666
St.Lawrence,water,TimesFM,2022-11-16,5.533105850219727
St.Lawrence,water,TimesFM,2022-12-16,22.938732147216797
St.Lawrence,water,TimesFM,2023-01-16,40.306583404541016
St.Lawrence,water,TimesFM,2023-02-16,54.71025085449219
St.Lawrence,water,TimesFM,2023-03-16,57.293739318847656
St.Lawrence,water,TimesFM,2023-04-16,54.87663269042969
St.Lawrence,water,TimesFM,2023-05-16,45.74161148071289
St.Lawrence,water,TimesFM,2023-06-16,34.17275619506836
St.Lawrence,water,TimesFM,2023-07-16,22.61918067932129
St.Lawrence,water,TimesFM,2023-08-16,16.43842124938965
St.Lawrence,water,TimesFM,2023-09-16,14.22432804107666
Tigris & Euphrates,water,TimesFM,2022-10-16,-160.62564086914062
Tigris & Euphrates,water,TimesFM,2022-11-16,-139.32833862304688
Tigris & Euphrates,water,TimesFM,2022-12-16,-111.84798431396484
Tigris & Euphrates,water,TimesFM,2023-01-16,-79.32182312011719
Tigris & Euphrates,water,TimesFM,2023-02-16,-55.74365234375
Tigris & Euphrates,water,TimesFM,2023-03-16,-49.850921630859375
Tigris & Euphrates,water,TimesFM,2023-04-16,-58.579620361328125
Tigris & Euphrates,water,TimesFM,2023-05-16,-74.45130920410156
Tigris & Euphrates,water,TimesFM,2023-06-16,-97.33187866210938
Tigris & Euphrates,water,TimesFM,2023-07-16,-115.63189697265625
Tigris & Euphrates,water,TimesFM,2023-08-16,-122.61278533935547
Tigris & Euphrates,water,TimesFM,2023-09-16,-115.13935089111328
Wisla,water,TimesFM,2022-10-16,-108.96411895751953
Wisla,water,TimesFM,2022-11-16,-79.74633026123047
Wisla,water,TimesFM,2022-12-16,-48.5823860168457
Wisla,water,TimesFM,2023-01-16,-21.062137603759766
Wisla,water,TimesFM,2023-02-16,-6.986220359802246
Wisla,water,TimesFM,2023-03-16,-7.552056312561035
Wisla,water,TimesFM,2023-04-16,-21.9739933013916
Wisla,water,TimesFM,2023-05-16,-39.00712966918945
Wisla,water,TimesFM,2023-06-16,-59.36063003540039
Wisla,water,TimesFM,2023-07-16,-72.8566665649414
Wisla,water,TimesFM,2023-08-16,-78.54469299316406
Wisla,water,TimesFM,2023-09-16,-71.69851684570312
AUT,electricity,Nexus,2025-05-01,5735.58251953125
AUT,electricity,Nexus,2025-06-01,5649.8623046875
AUT,electricity,Nexus,2025-07-01,5589.6962890625
AUT,electricity,Nexus,2025-08-01,5489.533203125
AUT,electricity,Nexus,2025-09-01,5461.51318359375
AUT,electricity,Nexus,2025-10-01,5481.69775390625
AUT,electricity,Nexus,2025-11-01,5506.7548828125
AUT,electricity,Nexus,2025-12-01,5524.50634765625
AUT,electricity,Nexus,2026-01-01,5533.2373046875
AUT,electricity,Nexus,2026-02-01,5496.75537109375
AUT,electricity,Nexus,2026-03-01,5504.24951171875
AUT,electricity,Nexus,2026-04-01,5510.2529296875
BEL,electricity,Nexus,2025-05-01,5389.03125
BEL,electricity,Nexus,2025-06-01,5387.82421875
BEL,electricity,Nexus,2025-07-01,5584.9892578125
BEL,electricity,Nexus,2025-08-01,5480.87109375
BEL,electricity,Nexus,2025-09-01,5250.24853515625
BEL,electricity,Nexus,2025-10-01,5587.0625
BEL,electricity,Nexus,2025-11-01,5963.921875
BEL,electricity,Nexus,2025-12-01,6451.00048828125
BEL,electricity,Nexus,2026-01-01,6868.34130859375
BEL,electricity,Nexus,2026-02-01,6292.55615234375
BEL,electricity,Nexus,2026-03-01,6189.40283203125
BEL,electricity,Nexus,2026-04-01,5782.703125
BGR,electricity,Nexus,2025-05-01,2627.508544921875
BGR,electricity,Nexus,2025-06-01,2859.046875
BGR,electricity,Nexus,2025-07-01,3229.26806640625
BGR,electricity,Nexus,2025-08-01,3210.87255859375
BGR,electricity,Nexus,2025-09-01,3006.34521484375
BGR,electricity,Nexus,2025-10-01,2864.5029296875
BGR,electricity,Nexus,2025-11-01,3277.2841796875
BGR,electricity,Nexus,2025-12-01,3761.962890625
BGR,electricity,Nexus,2026-01-01,3837.4423828125
BGR,electricity,Nexus,2026-02-01,3479.705322265625
BGR,electricity,Nexus,2026-03-01,3401.922607421875
BGR,electricity,Nexus,2026-04-01,2970.33984375
BIH,electricity,Nexus,2025-05-01,946.2886352539062
BIH,electricity,Nexus,2025-06-01,955.061767578125
BIH,electricity,Nexus,2025-07-01,965.7058715820312
BIH,electricity,Nexus,2025-08-01,966.5242919921875
BIH,electricity,Nexus,2025-09-01,925.8873291015625
BIH,electricity,Nexus,2025-10-01,957.7800903320312
BIH,electricity,Nexus,2025-11-01,1095.74853515625
BIH,electricity,Nexus,2025-12-01,1193.87548828125
BIH,electricity,Nexus,2026-01-01,1190.0758056640625
BIH,electricity,Nexus,2026-02-01,1092.7440185546875
BIH,electricity,Nexus,2026-03-01,1034.969970703125
BIH,electricity,Nexus,2026-04-01,918.54345703125
CHE,electricity,Nexus,2025-05-01,5921.0048828125
CHE,electricity,Nexus,2025-06-01,6314.39892578125
CHE,electricity,Nexus,2025-07-01,6926.35888671875
CHE,electricity,Nexus,2025-08-01,6534.2216796875
CHE,electricity,Nexus,2025-09-01,5721.06005859375
CHE,electricity,Nexus,2025-10-01,5443.291015625
CHE,electricity,Nexus,2025-11-01,5347.83154296875
CHE,electricity,Nexus,2025-12-01,5316.99169921875
CHE,electricity,Nexus,2026-01-01,5476.75
CHE,electricity,Nexus,2026-02-01,5027.53564453125
CHE,electricity,Nexus,2026-03-01,5125.28662109375
CHE,electricity,Nexus,2026-04-01,5177.70068359375
CYP,electricity,Nexus,2025-03-01,497.6088562011719
CYP,electricity,Nexus,2025-04-01,449.29412841796875
CYP,electricity,Nexus,2025-05-01,491.88177490234375
CYP,electricity,Nexus,2025-06-01,567.901611328125
CYP,electricity,Nexus,2025-07-01,718.8880615234375
CYP,electricity,Nexus,2025-08-01,714.07861328125
CYP,electricity,Nexus,2025-09-01,621.22119140625
CYP,electricity,Nexus,2025-10-01,521.6087036132812
CYP,electricity,Nexus,2025-11-01,481.99237060546875
CYP,electricity,Nexus,2025-12-01,527.715576171875
CYP,electricity,Nexus,2026-01-01,568.548095703125
CYP,electricity,Nexus,2026-02-01,522.9632568359375
CZE,electricity,Nexus,2025-05-01,5343.94091796875
CZE,electricity,Nexus,2025-06-01,5175.923828125
CZE,electricity,Nexus,2025-07-01,5157.86181640625
CZE,electricity,Nexus,2025-08-01,5441.9462890625
CZE,electricity,Nexus,2025-09-01,5718.4384765625
CZE,electricity,Nexus,2025-10-01,6343.36572265625
CZE,electricity,Nexus,2025-11-01,6615.6435546875
CZE,electricity,Nexus,2025-12-01,6811.61474609375
CZE,electricity,Nexus,2026-01-01,7040.25244140625
CZE,electricity,Nexus,2026-02-01,6481.42529296875
CZE,electricity,Nexus,2026-03-01,6661.8125
CZE,electricity,Nexus,2026-04-01,5787.90771484375
DEU,electricity,Nexus,2025-05-01,34372.8359375
DEU,electricity,Nexus,2025-06-01,33542.99609375
DEU,electricity,Nexus,2025-07-01,34471.6640625
DEU,electricity,Nexus,2025-08-01,33946.87109375
DEU,electricity,Nexus,2025-09-01,34853.21875
DEU,electricity,Nexus,2025-10-01,38964.71875
DEU,electricity,Nexus,2025-11-01,41147.03515625
DEU,electricity,Nexus,2025-12-01,42582.96484375
DEU,electricity,Nexus,2026-01-01,44634.25390625
DEU,electricity,Nexus,2026-02-01,40835.8203125
DEU,electricity,Nexus,2026-03-01,41050.609375
DEU,electricity,Nexus,2026-04-01,36075.7265625
DNK,electricity,Nexus,2025-05-01,2232.43310546875
DNK,electricity,Nexus,2025-06-01,1877.439208984375
DNK,electricity,Nexus,2025-07-01,1829.91162109375
DNK,electricity,Nexus,2025-08-01,1848.180419921875
DNK,electricity,Nexus,2025-09-01,2057.2587890625
DNK,electricity,Nexus,2025-10-01,2451.03759765625
DNK,electricity,Nexus,2025-11-01,2809.26513671875
DNK,electricity,Nexus,2025-12-01,3201.63671875
DNK,electricity,Nexus,2026-01-01,3434.4072265625
DNK,electricity,Nexus,2026-02-01,3339.29296875
DNK,electricity,Nexus,2026-03-01,3149.614990234375
DNK,electricity,Nexus,2026-04-01,2749.947021484375
ESP,electricity,Nexus,2025-05-01,19888.6171875
ESP,electricity,Nexus,2025-06-01,20123.748046875
ESP,electricity,Nexus,2025-07-01,22665.435546875
ESP,electricity,Nexus,2025-08-01,21514.23046875
ESP,electricity,Nexus,2025-09-01,19954.837890625
ESP,electricity,Nexus,2025-10-01,19904.83203125
ESP,electricity,Nexus,2025-11-01,20297.3203125
ESP,electricity,Nexus,2025-12-01,21118.490234375
ESP,electricity,Nexus,2026-01-01,22427.546875
ESP,electricity,Nexus,2026-02-01,20410.166015625
ESP,electricity,Nexus,2026-03-01,21453.9453125
ESP,electricity,Nexus,2026-04-01,19780.46875
EST,electricity,Nexus,2025-05-01,489.2725830078125
EST,electricity,Nexus,2025-06-01,488.5596923828125
EST,electricity,Nexus,2025-07-01,492.3105163574219
EST,electricity,Nexus,2025-08-01,499.6966857910156
EST,electricity,Nexus,2025-09-01,514.8216552734375
EST,electricity,Nexus,2025-10-01,534.3646240234375
EST,electricity,Nexus,2025-11-01,553.158203125
EST,electricity,Nexus,2025-12-01,572.6774291992188
EST,electricity,Nexus,2026-01-01,579.19775390625
EST,electricity,Nexus,2026-02-01,575.801513671875
EST,electricity,Nexus,2026-03-01,571.5263671875
EST,electricity,Nexus,2026-04-01,562.6195068359375
FIN,electricity,Nexus,2025-05-01,5791.39697265625
FIN,electricity,Nexus,2025-06-01,5434.73291015625
FIN,electricity,Nexus,2025-07-01,5427.29833984375
FIN,electricity,Nexus,2025-08-01,5592.44189453125
FIN,electricity,Nexus,2025-09-01,5971.36572265625
FIN,electricity,Nexus,2025-10-01,6783.2861328125
FIN,electricity,Nexus,2025-11-01,7296.2646484375
FIN,electricity,Nexus,2025-12-01,7854.2724609375
FIN,electricity,Nexus,2026-01-01,7932.19970703125
FIN,electricity,Nexus,2026-02-01,7494.029296875
FIN,electricity,Nexus,2026-03-01,7186.1630859375
FIN,electricity,Nexus,2026-04-01,6377.3203125
FRA,electricity,Nexus,2025-05-01,38487.3359375
FRA,electricity,Nexus,2025-06-01,36217.51953125
FRA,electricity,Nexus,2025-07-01,37041.765625
FRA,electricity,Nexus,2025-08-01,35058.09375
FRA,electricity,Nexus,2025-09-01,35327.3515625
FRA,electricity,Nexus,2025-10-01,38721.3828125
FRA,electricity,Nexus,2025-11-01,43018.8359375
FRA,electricity,Nexus,2025-12-01,48712.4921875
FRA,electricity,Nexus,2026-01-01,53252.265625
FRA,electricity,Nexus,2026-02-01,47019.30078125
FRA,electricity,Nexus,2026-03-01,46260.421875
FRA,electricity,Nexus,2026-04-01,38345.234375
GBR,electricity,Nexus,2025-05-01,17242.94140625
GBR,electricity,Nexus,2025-06-01,16598.955078125
GBR,electricity,Nexus,2025-07-01,16811.4921875
GBR,electricity,Nexus,2025-08-01,16660.32421875
GBR,electricity,Nexus,2025-09-01,17363.521484375
GBR,electricity,Nexus,2025-10-01,19761.8671875
GBR,electricity,Nexus,2025-11-01,21361.8828125
GBR,electricity,Nexus,2025-12-01,22234.8984375
GBR,electricity,Nexus,2026-01-01,23061.451171875
GBR,electricity,Nexus,2026-02-01,20177.484375
GBR,electricity,Nexus,2026-03-01,20559.107421875
GBR,electricity,Nexus,2026-04-01,17864.7890625
GRC,electricity,Nexus,2025-05-01,3266.74560546875
GRC,electricity,Nexus,2025-06-01,3917.6357421875
GRC,electricity,Nexus,2025-07-01,4840.8818359375
GRC,electricity,Nexus,2025-08-01,4716.0390625
GRC,electricity,Nexus,2025-09-01,3952.670654296875
GRC,electricity,Nexus,2025-10-01,3721.517578125
GRC,electricity,Nexus,2025-11-01,3779.703857421875
GRC,electricity,Nexus,2025-12-01,4248.49072265625
GRC,electricity,Nexus,2026-01-01,4366.85546875
GRC,electricity,Nexus,2026-02-01,3806.71435546875
GRC,electricity,Nexus,2026-03-01,3592.658935546875
GRC,electricity,Nexus,2026-04-01,3131.633056640625
HRV,electricity,Nexus,2025-05-01,1172.0966796875
HRV,electricity,Nexus,2025-06-01,1114.049072265625
HRV,electricity,Nexus,2025-07-01,1116.8345947265625
HRV,electricity,Nexus,2025-08-01,1105.884033203125
HRV,electricity,Nexus,2025-09-01,1042.1343994140625
HRV,electricity,Nexus,2025-10-01,1103.8428955078125
HRV,electricity,Nexus,2025-11-01,1284.54296875
HRV,electricity,Nexus,2025-12-01,1347.4112548828125
HRV,electricity,Nexus,2026-01-01,1308.031494140625
HRV,electricity,Nexus,2026-02-01,1176.6751708984375
HRV,electricity,Nexus,2026-03-01,1147.9473876953125
HRV,electricity,Nexus,2026-04-01,1007.62255859375
HUN,electricity,Nexus,2025-05-01,3160.471923828125
HUN,electricity,Nexus,2025-06-01,3144.641845703125
HUN,electricity,Nexus,2025-07-01,3364.072265625
HUN,electricity,Nexus,2025-08-01,3147.342529296875
HUN,electricity,Nexus,2025-09-01,3078.931640625
HUN,electricity,Nexus,2025-10-01,3148.45361328125
HUN,electricity,Nexus,2025-11-01,3056.168212890625
HUN,electricity,Nexus,2025-12-01,3047.578857421875
HUN,electricity,Nexus,2026-01-01,3252.99462890625
HUN,electricity,Nexus,2026-02-01,3112.782470703125
HUN,electricity,Nexus,2026-03-01,3170.37109375
HUN,electricity,Nexus,2026-04-01,3259.8447265625
IND|delhi,electricity,Nexus,2024-12-01,234.06101989746094
IND|delhi,electricity,Nexus,2025-01-01,268.927001953125
IND|delhi,electricity,Nexus,2025-02-01,286.07666015625
IND|delhi,electricity,Nexus,2025-03-01,305.29119873046875
IND|delhi,electricity,Nexus,2025-04-01,323.5747375488281
IND|delhi,electricity,Nexus,2025-05-01,339.9743347167969
IND|delhi,electricity,Nexus,2025-06-01,354.0152893066406
IND|delhi,electricity,Nexus,2025-07-01,359.339111328125
IND|delhi,electricity,Nexus,2025-08-01,365.8949279785156
IND|delhi,electricity,Nexus,2025-09-01,370.1245422363281
IND|delhi,electricity,Nexus,2025-10-01,364.940673828125
IND|delhi,electricity,Nexus,2025-11-01,356.307861328125
IND|gujarat,electricity,Nexus,2024-12-01,10831.74609375
IND|gujarat,electricity,Nexus,2025-01-01,10954.2294921875
IND|gujarat,electricity,Nexus,2025-02-01,10960.4951171875
IND|gujarat,electricity,Nexus,2025-03-01,11007.58984375
IND|gujarat,electricity,Nexus,2025-04-01,11090.203125
IND|gujarat,electricity,Nexus,2025-05-01,11090.9306640625
IND|gujarat,electricity,Nexus,2025-06-01,10964.4677734375
IND|gujarat,electricity,Nexus,2025-07-01,10856.646484375
IND|gujarat,electricity,Nexus,2025-08-01,10797.6689453125
IND|gujarat,electricity,Nexus,2025-09-01,10668.2841796875
IND|gujarat,electricity,Nexus,2025-10-01,10494.390625
IND|gujarat,electricity,Nexus,2025-11-01,10287.4228515625
IND|karnataka,electricity,Nexus,2024-12-01,7802.46728515625
IND|karnataka,electricity,Nexus,2025-01-01,8065.78125
IND|karnataka,electricity,Nexus,2025-02-01,8101.0380859375
IND|karnataka,electricity,Nexus,2025-03-01,8420.8271484375
IND|karnataka,electricity,Nexus,2025-04-01,8366.4453125
IND|karnataka,electricity,Nexus,2025-05-01,8299.6865234375
IND|karnataka,electricity,Nexus,2025-06-01,8230.599609375
IND|karnataka,electricity,Nexus,2025-07-01,8400.591796875
IND|karnataka,electricity,Nexus,2025-08-01,8467.07421875
IND|karnataka,electricity,Nexus,2025-09-01,8260.173828125
IND|karnataka,electricity,Nexus,2025-10-01,7993.9580078125
IND|karnataka,electricity,Nexus,2025-11-01,7908.384765625
IND|kerala,electricity,Nexus,2024-12-01,710.151123046875
IND|kerala,electricity,Nexus,2025-01-01,725.7437133789062
IND|kerala,electricity,Nexus,2025-02-01,745.4373168945312
IND|kerala,electricity,Nexus,2025-03-01,770.081787109375
IND|kerala,electricity,Nexus,2025-04-01,791.90625
IND|kerala,electricity,Nexus,2025-05-01,801.961181640625
IND|kerala,electricity,Nexus,2025-06-01,800.0750732421875
IND|kerala,electricity,Nexus,2025-07-01,805.2378540039062
IND|kerala,electricity,Nexus,2025-08-01,808.329345703125
IND|kerala,electricity,Nexus,2025-09-01,802.389892578125
IND|kerala,electricity,Nexus,2025-10-01,789.86279296875
IND|kerala,electricity,Nexus,2025-11-01,768.7077026367188
IND|maharashtra,electricity,Nexus,2024-12-01,13828.1025390625
IND|maharashtra,electricity,Nexus,2025-01-01,14432.2587890625
IND|maharashtra,electricity,Nexus,2025-02-01,14842.1953125
IND|maharashtra,electricity,Nexus,2025-03-01,15272.365234375
IND|maharashtra,electricity,Nexus,2025-04-01,15066.052734375
IND|maharashtra,electricity,Nexus,2025-05-01,15017.4267578125
IND|maharashtra,electricity,Nexus,2025-06-01,14633.0029296875
IND|maharashtra,electricity,Nexus,2025-07-01,14305.9560546875
IND|maharashtra,electricity,Nexus,2025-08-01,14149.328125
IND|maharashtra,electricity,Nexus,2025-09-01,14032.2392578125
IND|maharashtra,electricity,Nexus,2025-10-01,14189.1845703125
IND|maharashtra,electricity,Nexus,2025-11-01,14320.833984375
IND|odisha,electricity,Nexus,2024-12-01,6514.21875
IND|odisha,electricity,Nexus,2025-01-01,6400.5537109375
IND|odisha,electricity,Nexus,2025-02-01,6331.71484375
IND|odisha,electricity,Nexus,2025-03-01,6646.86279296875
IND|odisha,electricity,Nexus,2025-04-01,6643.27001953125
IND|odisha,electricity,Nexus,2025-05-01,6650.37109375
IND|odisha,electricity,Nexus,2025-06-01,6418.474609375
IND|odisha,electricity,Nexus,2025-07-01,6415.5537109375
IND|odisha,electricity,Nexus,2025-08-01,6527.294921875
IND|odisha,electricity,Nexus,2025-09-01,6693.685546875
IND|odisha,electricity,Nexus,2025-10-01,6823.53173828125
IND|odisha,electricity,Nexus,2025-11-01,6737.9033203125
IND|rajasthan,electricity,Nexus,2024-12-01,10365.26171875
IND|rajasthan,electricity,Nexus,2025-01-01,10454.4267578125
IND|rajasthan,electricity,Nexus,2025-02-01,10539.685546875
IND|rajasthan,electricity,Nexus,2025-03-01,10687.1728515625
IND|rajasthan,electricity,Nexus,2025-04-01,10869.48046875
IND|rajasthan,electricity,Nexus,2025-05-01,10980.69140625
IND|rajasthan,electricity,Nexus,2025-06-01,10997.541015625
IND|rajasthan,electricity,Nexus,2025-07-01,10941.150390625
IND|rajasthan,electricity,Nexus,2025-08-01,10862.6083984375
IND|rajasthan,electricity,Nexus,2025-09-01,10799.1630859375
IND|rajasthan,electricity,Nexus,2025-10-01,10805.5556640625
IND|rajasthan,electricity,Nexus,2025-11-01,10870.546875
IND|tamil nadu,electricity,Nexus,2024-12-01,9796.5205078125
IND|tamil nadu,electricity,Nexus,2025-01-01,9984.228515625
IND|tamil nadu,electricity,Nexus,2025-02-01,10104.7333984375
IND|tamil nadu,electricity,Nexus,2025-03-01,10744.912109375
IND|tamil nadu,electricity,Nexus,2025-04-01,10834.5302734375
IND|tamil nadu,electricity,Nexus,2025-05-01,11325.498046875
IND|tamil nadu,electricity,Nexus,2025-06-01,12261.216796875
IND|tamil nadu,electricity,Nexus,2025-07-01,12566.76953125
IND|tamil nadu,electricity,Nexus,2025-08-01,12309.27734375
IND|tamil nadu,electricity,Nexus,2025-09-01,12014.076171875
IND|tamil nadu,electricity,Nexus,2025-10-01,11054.591796875
IND|tamil nadu,electricity,Nexus,2025-11-01,10082.3330078125
IND|telangana,electricity,Nexus,2024-12-01,5339.2802734375
IND|telangana,electricity,Nexus,2025-01-01,5732.94140625
IND|telangana,electricity,Nexus,2025-02-01,5713.08740234375
IND|telangana,electricity,Nexus,2025-03-01,6367.0888671875
IND|telangana,electricity,Nexus,2025-04-01,6038.88720703125
IND|telangana,electricity,Nexus,2025-05-01,5804.90771484375
IND|telangana,electricity,Nexus,2025-06-01,5152.2568359375
IND|telangana,electricity,Nexus,2025-07-01,5143.63671875
IND|telangana,electricity,Nexus,2025-08-01,5953.1728515625
IND|telangana,electricity,Nexus,2025-09-01,6001.076171875
IND|telangana,electricity,Nexus,2025-10-01,6408.98779296875
IND|telangana,electricity,Nexus,2025-11-01,5653.3876953125
IND|uttar pradesh,electricity,Nexus,2024-12-01,13564.1748046875
IND|uttar pradesh,electricity,Nexus,2025-01-01,14650.509765625
IND|uttar pradesh,electricity,Nexus,2025-02-01,13623.6015625
IND|uttar pradesh,electricity,Nexus,2025-03-01,14269.34765625
IND|uttar pradesh,electricity,Nexus,2025-04-01,14896.5166015625
IND|uttar pradesh,electricity,Nexus,2025-05-01,15212.390625
IND|uttar pradesh,electricity,Nexus,2025-06-01,15519.1689453125
IND|uttar pradesh,electricity,Nexus,2025-07-01,16073.6669921875
IND|uttar pradesh,electricity,Nexus,2025-08-01,15675.568359375
IND|uttar pradesh,electricity,Nexus,2025-09-01,15285.6630859375
IND|uttar pradesh,electricity,Nexus,2025-10-01,14847.169921875
IND|uttar pradesh,electricity,Nexus,2025-11-01,13292.1279296875
IND|west bengal,electricity,Nexus,2024-12-01,8025.978515625
IND|west bengal,electricity,Nexus,2025-01-01,8355.693359375
IND|west bengal,electricity,Nexus,2025-02-01,8144.6630859375
IND|west bengal,electricity,Nexus,2025-03-01,8626.7392578125
IND|west bengal,electricity,Nexus,2025-04-01,8566.078125
IND|west bengal,electricity,Nexus,2025-05-01,8436.4873046875
IND|west bengal,electricity,Nexus,2025-06-01,8335.640625
IND|west bengal,electricity,Nexus,2025-07-01,8209.8037109375
IND|west bengal,electricity,Nexus,2025-08-01,8107.97802734375
IND|west bengal,electricity,Nexus,2025-09-01,8036.08984375
IND|west bengal,electricity,Nexus,2025-10-01,8138.04736328125
IND|west bengal,electricity,Nexus,2025-11-01,8008.4755859375
IRL,electricity,Nexus,2025-04-01,2247.41845703125
IRL,electricity,Nexus,2025-05-01,2168.144775390625
IRL,electricity,Nexus,2025-06-01,2069.034912109375
IRL,electricity,Nexus,2025-07-01,2111.971923828125
IRL,electricity,Nexus,2025-08-01,2139.72119140625
IRL,electricity,Nexus,2025-09-01,2194.55322265625
IRL,electricity,Nexus,2025-10-01,2386.837890625
IRL,electricity,Nexus,2025-11-01,2555.49462890625
IRL,electricity,Nexus,2025-12-01,2715.37255859375
IRL,electricity,Nexus,2026-01-01,2726.986572265625
IRL,electricity,Nexus,2026-02-01,2521.45361328125
IRL,electricity,Nexus,2026-03-01,2512.91796875
ITA,electricity,Nexus,2025-05-01,19805.865234375
ITA,electricity,Nexus,2025-06-01,21677.7890625
ITA,electricity,Nexus,2025-07-01,24404.955078125
ITA,electricity,Nexus,2025-08-01,21894.134765625
ITA,electricity,Nexus,2025-09-01,21335.859375
ITA,electricity,Nexus,2025-10-01,20150.697265625
ITA,electricity,Nexus,2025-11-01,20404.63671875
ITA,electricity,Nexus,2025-12-01,20892.34765625
ITA,electricity,Nexus,2026-01-01,21441.990234375
ITA,electricity,Nexus,2026-02-01,19254.6953125
ITA,electricity,Nexus,2026-03-01,20190.69140625
ITA,electricity,Nexus,2026-04-01,18805.583984375
LTU,electricity,Nexus,2025-05-01,767.5770263671875
LTU,electricity,Nexus,2025-06-01,756.8759765625
LTU,electricity,Nexus,2025-07-01,754.6726684570312
LTU,electricity,Nexus,2025-08-01,758.4005126953125
LTU,electricity,Nexus,2025-09-01,767.9366455078125
LTU,electricity,Nexus,2025-10-01,771.5382690429688
LTU,electricity,Nexus,2025-11-01,778.9686889648438
LTU,electricity,Nexus,2025-12-01,791.6273193359375
LTU,electricity,Nexus,2026-01-01,805.2650146484375
LTU,electricity,Nexus,2026-02-01,795.7023315429688
LTU,electricity,Nexus,2026-03-01,791.0531005859375
LTU,electricity,Nexus,2026-04-01,780.5074462890625
LUX,electricity,Nexus,2025-05-01,121.51045989990234
LUX,electricity,Nexus,2025-06-01,112.62500762939453
LUX,electricity,Nexus,2025-07-01,109.70024108886719
LUX,electricity,Nexus,2025-08-01,107.83914184570312
LUX,electricity,Nexus,2025-09-01,103.27916717529297
LUX,electricity,Nexus,2025-10-01,108.33841705322266
LUX,electricity,Nexus,2025-11-01,109.25748443603516
LUX,electricity,Nexus,2025-12-01,111.94000244140625
LUX,electricity,Nexus,2026-01-01,115.18330383300781
LUX,electricity,Nexus,2026-02-01,117.32757568359375
LUX,electricity,Nexus,2026-03-01,119.6410903930664
LUX,electricity,Nexus,2026-04-01,119.18563079833984
LVA,electricity,Nexus,2025-05-01,349.0330810546875
LVA,electricity,Nexus,2025-06-01,244.60643005371094
LVA,electricity,Nexus,2025-07-01,233.40255737304688
LVA,electricity,Nexus,2025-08-01,258.9108581542969
LVA,electricity,Nexus,2025-09-01,283.76971435546875
LVA,electricity,Nexus,2025-10-01,324.82574462890625
LVA,electricity,Nexus,2025-11-01,448.0552673339844
LVA,electricity,Nexus,2025-12-01,521.7402954101562
LVA,electricity,Nexus,2026-01-01,587.1489868164062
LVA,electricity,Nexus,2026-02-01,567.6187133789062
LVA,electricity,Nexus,2026-03-01,608.6678466796875
LVA,electricity,Nexus,2026-04-01,554.71142578125
MDA,electricity,Nexus,2023-09-01,450.106689453125
MDA,electricity,Nexus,2023-10-01,452.45513916015625
MDA,electricity,Nexus,2023-11-01,452.32696533203125
MDA,electricity,Nexus,2023-12-01,452.638427734375
MDA,electricity,Nexus,2024-01-01,450.17218017578125
MDA,electricity,Nexus,2024-02-01,447.77276611328125
MDA,electricity,Nexus,2024-03-01,445.1446228027344
MDA,electricity,Nexus,2024-04-01,440.7539978027344
MDA,electricity,Nexus,2024-05-01,436.8876037597656
MDA,electricity,Nexus,2024-06-01,434.87054443359375
MDA,electricity,Nexus,2024-07-01,432.57379150390625
MDA,electricity,Nexus,2024-08-01,430.5791931152344
MKD,electricity,Nexus,2024-03-01,650.963623046875
MKD,electricity,Nexus,2024-04-01,553.4511108398438
MKD,electricity,Nexus,2024-05-01,508.4413146972656
MKD,electricity,Nexus,2024-06-01,519.5180053710938
MKD,electricity,Nexus,2024-07-01,554.6934814453125
MKD,electricity,Nexus,2024-08-01,571.6282348632812
MKD,electricity,Nexus,2024-09-01,563.4979858398438
MKD,electricity,Nexus,2024-10-01,556.98388671875
MKD,electricity,Nexus,2024-11-01,588.7674560546875
MKD,electricity,Nexus,2024-12-01,667.4398193359375
MKD,electricity,Nexus,2025-01-01,703.73291015625
MKD,electricity,Nexus,2025-02-01,677.9243774414062
MLT,electricity,Nexus,2025-04-01,249.56436157226562
MLT,electricity,Nexus,2025-05-01,254.2834930419922
MLT,electricity,Nexus,2025-06-01,275.5838928222656
MLT,electricity,Nexus,2025-07-01,304.2803649902344
MLT,electricity,Nexus,2025-08-01,315.92791748046875
MLT,electricity,Nexus,2025-09-01,270.12249755859375
MLT,electricity,Nexus,2025-10-01,260.0946960449219
MLT,electricity,Nexus,2025-11-01,250.7473907470703
MLT,electricity,Nexus,2025-12-01,251.9083709716797
MLT,electricity,Nexus,2026-01-01,266.7650146484375
MLT,electricity,Nexus,2026-02-01,258.6734313964844
MLT,electricity,Nexus,2026-03-01,258.7310485839844
NLD,electricity,Nexus,2025-05-01,10142.83984375
NLD,electricity,Nexus,2025-06-01,10017.154296875
NLD,electricity,Nexus,2025-07-01,10351.8994140625
NLD,electricity,Nexus,2025-08-01,10187.068359375
NLD,electricity,Nexus,2025-09-01,10156.2607421875
NLD,electricity,Nexus,2025-10-01,10446.744140625
NLD,electricity,Nexus,2025-11-01,11051.552734375
NLD,electricity,Nexus,2025-12-01,11560.142578125
NLD,electricity,Nexus,2026-01-01,11765.642578125
NLD,electricity,Nexus,2026-02-01,11184.99609375
NLD,electricity,Nexus,2026-03-01,11250.220703125
NLD,electricity,Nexus,2026-04-01,10231.337890625
NOR,electricity,Nexus,2025-05-01,11899.8955078125
NOR,electricity,Nexus,2025-06-01,11404.9599609375
NOR,electricity,Nexus,2025-07-01,11057.38671875
NOR,electricity,Nexus,2025-08-01,11371.17578125
NOR,electricity,Nexus,2025-09-01,11739.0263671875
NOR,electricity,Nexus,2025-10-01,13003.1953125
NOR,electricity,Nexus,2025-11-01,14287.5302734375
NOR,electricity,Nexus,2025-12-01,15068.322265625
NOR,electricity,Nexus,2026-01-01,15911.6298828125
NOR,electricity,Nexus,2026-02-01,14571.4296875
NOR,electricity,Nexus,2026-03-01,14262.68359375
NOR,electricity,Nexus,2026-04-01,12353.650390625
POL,electricity,Nexus,2025-05-01,12388.1162109375
POL,electricity,Nexus,2025-06-01,12289.6826171875
POL,electricity,Nexus,2025-07-01,12747.9697265625
POL,electricity,Nexus,2025-08-01,12791.39453125
POL,electricity,Nexus,2025-09-01,12750.408203125
POL,electricity,Nexus,2025-10-01,13666.8427734375
POL,electricity,Nexus,2025-11-01,13910.90625
POL,electricity,Nexus,2025-12-01,14534.0029296875
POL,electricity,Nexus,2026-01-01,14864.58203125
POL,electricity,Nexus,2026-02-01,13347.9794921875
POL,electricity,Nexus,2026-03-01,13879.560546875
POL,electricity,Nexus,2026-04-01,12348.4111328125
PRT,electricity,Nexus,2025-05-01,3662.51220703125
PRT,electricity,Nexus,2025-06-01,3426.828125
PRT,electricity,Nexus,2025-07-01,3408.675048828125
PRT,electricity,Nexus,2025-08-01,3263.839111328125
PRT,electricity,Nexus,2025-09-01,3307.97021484375
PRT,electricity,Nexus,2025-10-01,3382.475341796875
PRT,electricity,Nexus,2025-11-01,3695.737548828125
PRT,electricity,Nexus,2025-12-01,3796.409423828125
PRT,electricity,Nexus,2026-01-01,4119.05615234375
PRT,electricity,Nexus,2026-02-01,3931.833251953125
PRT,electricity,Nexus,2026-03-01,4024.451904296875
PRT,electricity,Nexus,2026-04-01,3535.5205078125
ROU,electricity,Nexus,2025-05-01,3750.46923828125
ROU,electricity,Nexus,2025-06-01,3835.04052734375
ROU,electricity,Nexus,2025-07-01,3973.63330078125
ROU,electricity,Nexus,2025-08-01,3842.90771484375
ROU,electricity,Nexus,2025-09-01,3758.089111328125
ROU,electricity,Nexus,2025-10-01,3921.636962890625
ROU,electricity,Nexus,2025-11-01,4134.83837890625
ROU,electricity,Nexus,2025-12-01,4494.40380859375
ROU,electricity,Nexus,2026-01-01,4653.1064453125
ROU,electricity,Nexus,2026-02-01,4239.39111328125
ROU,electricity,Nexus,2026-03-01,4289.8203125
ROU,electricity,Nexus,2026-04-01,3760.56494140625
SRB,electricity,Nexus,2025-05-01,2530.018310546875
SRB,electricity,Nexus,2025-06-01,2488.245849609375
SRB,electricity,Nexus,2025-07-01,2561.928466796875
SRB,electricity,Nexus,2025-08-01,2538.82763671875
SRB,electricity,Nexus,2025-09-01,2509.551025390625
SRB,electricity,Nexus,2025-10-01,2719.610107421875
SRB,electricity,Nexus,2025-11-01,2992.345703125
SRB,electricity,Nexus,2025-12-01,3257.03515625
SRB,electricity,Nexus,2026-01-01,3296.89990234375
SRB,electricity,Nexus,2026-02-01,3118.941162109375
SRB,electricity,Nexus,2026-03-01,3230.023193359375
SRB,electricity,Nexus,2026-04-01,2773.90234375
SVK,electricity,Nexus,2025-05-01,2163.76123046875
SVK,electricity,Nexus,2025-06-01,2038.90673828125
SVK,electricity,Nexus,2025-07-01,2182.71484375
SVK,electricity,Nexus,2025-08-01,2289.684814453125
SVK,electricity,Nexus,2025-09-01,2144.92822265625
SVK,electricity,Nexus,2025-10-01,2243.343017578125
SVK,electricity,Nexus,2025-11-01,2416.009765625
SVK,electricity,Nexus,2025-12-01,2542.822265625
SVK,electricity,Nexus,2026-01-01,2653.7138671875
SVK,electricity,Nexus,2026-02-01,2484.435302734375
SVK,electricity,Nexus,2026-03-01,2510.098388671875
SVK,electricity,Nexus,2026-04-01,2151.77587890625
SVN,electricity,Nexus,2025-05-01,1221.2650146484375
SVN,electricity,Nexus,2025-06-01,1047.4842529296875
SVN,electricity,Nexus,2025-07-01,1210.85302734375
SVN,electricity,Nexus,2025-08-01,1224.3687744140625
SVN,electricity,Nexus,2025-09-01,1227.1207275390625
SVN,electricity,Nexus,2025-10-01,1203.9373779296875
SVN,electricity,Nexus,2025-11-01,1221.7958984375
SVN,electricity,Nexus,2025-12-01,1223.1326904296875
SVN,electricity,Nexus,2026-01-01,1209.1634521484375
SVN,electricity,Nexus,2026-02-01,1196.966552734375
SVN,electricity,Nexus,2026-03-01,1221.3187255859375
SVN,electricity,Nexus,2026-04-01,1244.869140625
SWE,electricity,Nexus,2025-05-01,12646.8125
SWE,electricity,Nexus,2025-06-01,11127.912109375
SWE,electricity,Nexus,2025-07-01,10971.6435546875
SWE,electricity,Nexus,2025-08-01,11163.41015625
SWE,electricity,Nexus,2025-09-01,11533.630859375
SWE,electricity,Nexus,2025-10-01,13405.458984375
SWE,electricity,Nexus,2025-11-01,14642.306640625
SWE,electricity,Nexus,2025-12-01,15981.810546875
SWE,electricity,Nexus,2026-01-01,16803.365234375
SWE,electricity,Nexus,2026-02-01,15770.2724609375
SWE,electricity,Nexus,2026-03-01,15780.42578125
SWE,electricity,Nexus,2026-04-01,13896.84375
TUR,electricity,Nexus,2025-04-01,26553.99609375
TUR,electricity,Nexus,2025-05-01,27212.7265625
TUR,electricity,Nexus,2025-06-01,28319.9375
TUR,electricity,Nexus,2025-07-01,33450.984375
TUR,electricity,Nexus,2025-08-01,33841.296875
TUR,electricity,Nexus,2025-09-01,29262.1015625
TUR,electricity,Nexus,2025-10-01,27321.044921875
TUR,electricity,Nexus,2025-11-01,27464.302734375
TUR,electricity,Nexus,2025-12-01,29257.56640625
TUR,electricity,Nexus,2026-01-01,29611.107421875
TUR,electricity,Nexus,2026-02-01,27446.669921875
TUR,electricity,Nexus,2026-03-01,28386.52734375
USA|alabama,electricity,Nexus,2025-01-01,12503.92578125
USA|alabama,electricity,Nexus,2025-02-01,11003.9169921875
USA|alabama,electricity,Nexus,2025-03-01,10880.916015625
USA|alabama,electricity,Nexus,2025-04-01,9869.0849609375
USA|alabama,electricity,Nexus,2025-05-01,11566.673828125
USA|alabama,electricity,Nexus,2025-06-01,12796.8544921875
USA|alabama,electricity,Nexus,2025-07-01,13880.8681640625
USA|alabama,electricity,Nexus,2025-08-01,13761.05078125
USA|alabama,electricity,Nexus,2025-09-01,12090.9541015625
USA|alabama,electricity,Nexus,2025-10-01,10995.74609375
USA|alabama,electricity,Nexus,2025-11-01,11046.541015625
USA|alabama,electricity,Nexus,2025-12-01,12140.9755859375
USA|arizona,electricity,Nexus,2025-01-01,9679.7431640625
USA|arizona,electricity,Nexus,2025-02-01,8456.0302734375
USA|arizona,electricity,Nexus,2025-03-01,8783.3349609375
USA|arizona,electricity,Nexus,2025-04-01,8395.6123046875
USA|arizona,electricity,Nexus,2025-05-01,9632.078125
USA|arizona,electricity,Nexus,2025-06-01,11333.6640625
USA|arizona,electricity,Nexus,2025-07-01,12985.5361328125
USA|arizona,electricity,Nexus,2025-08-01,13139.9365234375
USA|arizona,electricity,Nexus,2025-09-01,11802.4912109375
USA|arizona,electricity,Nexus,2025-10-01,10126.587890625
USA|arizona,electricity,Nexus,2025-11-01,8822.771484375
USA|arizona,electricity,Nexus,2025-12-01,9766.0517578125
USA|arkansas,electricity,Nexus,2025-01-01,5281.263671875
USA|arkansas,electricity,Nexus,2025-02-01,4525.0498046875
USA|arkansas,electricity,Nexus,2025-03-01,4287.6708984375
USA|arkansas,electricity,Nexus,2025-04-01,3842.102783203125
USA|arkansas,electricity,Nexus,2025-05-01,4554.02099609375
USA|arkansas,electricity,Nexus,2025-06-01,5844.421875
USA|arkansas,electricity,Nexus,2025-07-01,6612.72265625
USA|arkansas,electricity,Nexus,2025-08-01,6596.4208984375
USA|arkansas,electricity,Nexus,2025-09-01,5279.4560546875
USA|arkansas,electricity,Nexus,2025-10-01,4393.07666015625
USA|arkansas,electricity,Nexus,2025-11-01,4131.4326171875
USA|arkansas,electricity,Nexus,2025-12-01,4855.7080078125
USA|california,electricity,Nexus,2025-01-01,17574.240234375
USA|california,electricity,Nexus,2025-02-01,16450.396484375
USA|california,electricity,Nexus,2025-03-01,18049.212890625
USA|california,electricity,Nexus,2025-04-01,18226.916015625
USA|california,electricity,Nexus,2025-05-01,19256.63671875
USA|california,electricity,Nexus,2025-06-01,20994.33203125
USA|california,electricity,Nexus,2025-07-01,24898.193359375
USA|california,electricity,Nexus,2025-08-01,24938.734375
USA|california,electricity,Nexus,2025-09-01,21945.439453125
USA|california,electricity,Nexus,2025-10-01,19824.154296875
USA|california,electricity,Nexus,2025-11-01,17490.1875
USA|california,electricity,Nexus,2025-12-01,18115.8359375
USA|colorado,electricity,Nexus,2025-01-01,5320.1123046875
USA|colorado,electricity,Nexus,2025-02-01,4829.68017578125
USA|colorado,electricity,Nexus,2025-03-01,4904.66162109375
USA|colorado,electricity,Nexus,2025-04-01,4447.52734375
USA|colorado,electricity,Nexus,2025-05-01,4552.0390625
USA|colorado,electricity,Nexus,2025-06-01,5116.9716796875
USA|colorado,electricity,Nexus,2025-07-01,5755.66845703125
USA|colorado,electricity,Nexus,2025-08-01,5644.91796875
USA|colorado,electricity,Nexus,2025-09-01,4924.86865234375
USA|colorado,electricity,Nexus,2025-10-01,4628.7412109375
USA|colorado,electricity,Nexus,2025-11-01,4748.52587890625
USA|colorado,electricity,Nexus,2025-12-01,5341.41357421875
USA|connecticut,electricity,Nexus,2025-01-01,3996.894775390625
USA|connecticut,electricity,Nexus,2025-02-01,3811.729248046875
USA|connecticut,electricity,Nexus,2025-03-01,3957.13671875
USA|connecticut,electricity,Nexus,2025-04-01,3191.92578125
USA|connecticut,electricity,Nexus,2025-05-01,3249.377197265625
USA|connecticut,electricity,Nexus,2025-06-01,3870.43994140625
USA|connecticut,electricity,Nexus,2025-07-01,4539.3076171875
USA|connecticut,electricity,Nexus,2025-08-01,4407.9267578125
USA|connecticut,electricity,Nexus,2025-09-01,3969.55810546875
USA|connecticut,electricity,Nexus,2025-10-01,3657.9267578125
USA|connecticut,electricity,Nexus,2025-11-01,3957.68115234375
USA|connecticut,electricity,Nexus,2025-12-01,4166.111328125
USA|delaware,electricity,Nexus,2025-01-01,355.05224609375
USA|delaware,electricity,Nexus,2025-02-01,335.658203125
USA|delaware,electricity,Nexus,2025-03-01,362.2017822265625
USA|delaware,electricity,Nexus,2025-04-01,378.2547607421875
USA|delaware,electricity,Nexus,2025-05-01,382.618896484375
USA|delaware,electricity,Nexus,2025-06-01,516.5360717773438
USA|delaware,electricity,Nexus,2025-07-01,781.2039184570312
USA|delaware,electricity,Nexus,2025-08-01,683.9287109375
USA|delaware,electricity,Nexus,2025-09-01,464.62255859375
USA|delaware,electricity,Nexus,2025-10-01,400.84228515625
USA|delaware,electricity,Nexus,2025-11-01,336.102294921875
USA|delaware,electricity,Nexus,2025-12-01,344.2659912109375
USA|florida,electricity,Nexus,2025-01-01,20190.208984375
USA|florida,electricity,Nexus,2025-02-01,18410.76953125
USA|florida,electricity,Nexus,2025-03-01,20047.453125
USA|florida,electricity,Nexus,2025-04-01,20583.326171875
USA|florida,electricity,Nexus,2025-05-01,23679.03515625
USA|florida,electricity,Nexus,2025-06-01,25331.46484375
USA|florida,electricity,Nexus,2025-07-01,26909.873046875
USA|florida,electricity,Nexus,2025-08-01,27527.34375
USA|florida,electricity,Nexus,2025-09-01,24982.2265625
USA|florida,electricity,Nexus,2025-10-01,22839.169921875
USA|florida,electricity,Nexus,2025-11-01,19611.6484375
USA|florida,electricity,Nexus,2025-12-01,19869.5546875
USA|georgia,electricity,Nexus,2025-01-01,11723.1357421875
USA|georgia,electricity,Nexus,2025-02-01,9947.70703125
USA|georgia,electricity,Nexus,2025-03-01,9944.19140625
USA|georgia,electricity,Nexus,2025-04-01,10055.7822265625
USA|georgia,electricity,Nexus,2025-05-01,11731.732421875
USA|georgia,electricity,Nexus,2025-06-01,12958.1904296875
USA|georgia,electricity,Nexus,2025-07-01,13859.443359375
USA|georgia,electricity,Nexus,2025-08-01,13979.259765625
USA|georgia,electricity,Nexus,2025-09-01,11698.2119140625
USA|georgia,electricity,Nexus,2025-10-01,10456.041015625
USA|georgia,electricity,Nexus,2025-11-01,10092.9716796875
USA|georgia,electricity,Nexus,2025-12-01,11287.4189453125
USA|idaho,electricity,Nexus,2025-01-01,1641.3662109375
USA|idaho,electricity,Nexus,2025-02-01,1575.208740234375
USA|idaho,electricity,Nexus,2025-03-01,1611.7734375
USA|idaho,electricity,Nexus,2025-04-01,1552.72412109375
USA|idaho,electricity,Nexus,2025-05-01,1571.7518310546875
USA|idaho,electricity,Nexus,2025-06-01,1648.533447265625
USA|idaho,electricity,Nexus,2025-07-01,1817.49560546875
USA|idaho,electricity,Nexus,2025-08-01,1755.915283203125
USA|idaho,electricity,Nexus,2025-09-01,1485.30029296875
USA|idaho,electricity,Nexus,2025-10-01,1306.3060302734375
USA|idaho,electricity,Nexus,2025-11-01,1464.637451171875
USA|idaho,electricity,Nexus,2025-12-01,1539.864990234375
USA|illinois,electricity,Nexus,2025-01-01,16858.966796875
USA|illinois,electricity,Nexus,2025-02-01,14819.5673828125
USA|illinois,electricity,Nexus,2025-03-01,15156.2529296875
USA|illinois,electricity,Nexus,2025-04-01,13784.2529296875
USA|illinois,electricity,Nexus,2025-05-01,14304.0458984375
USA|illinois,electricity,Nexus,2025-06-01,15992.798828125
USA|illinois,electricity,Nexus,2025-07-01,17313.447265625
USA|illinois,electricity,Nexus,2025-08-01,17032.19921875
USA|illinois,electricity,Nexus,2025-09-01,15073.0361328125
USA|illinois,electricity,Nexus,2025-10-01,14844.2099609375
USA|illinois,electricity,Nexus,2025-11-01,15042.87109375
USA|illinois,electricity,Nexus,2025-12-01,16469.052734375
USA|indiana,electricity,Nexus,2025-01-01,9207.404296875
USA|indiana,electricity,Nexus,2025-02-01,7869.173828125
USA|indiana,electricity,Nexus,2025-03-01,7486.330078125
USA|indiana,electricity,Nexus,2025-04-01,6803.939453125
USA|indiana,electricity,Nexus,2025-05-01,7150.30859375
USA|indiana,electricity,Nexus,2025-06-01,8465.193359375
USA|indiana,electricity,Nexus,2025-07-01,9486.1005859375
USA|indiana,electricity,Nexus,2025-08-01,9241.2705078125
USA|indiana,electricity,Nexus,2025-09-01,7563.208984375
USA|indiana,electricity,Nexus,2025-10-01,7511.3935546875
USA|indiana,electricity,Nexus,2025-11-01,7600.05078125
USA|indiana,electricity,Nexus,2025-12-01,8948.078125
USA|iowa,electricity,Nexus,2025-01-01,6432.486328125
USA|iowa,electricity,Nexus,2025-02-01,6018.92138671875
USA|iowa,electricity,Nexus,2025-03-01,6093.642578125
USA|iowa,electricity,Nexus,2025-04-01,5791.85205078125
USA|iowa,electricity,Nexus,2025-05-01,5795.935546875
USA|iowa,electricity,Nexus,2025-06-01,6088.02734375
USA|iowa,electricity,Nexus,2025-07-01,6313.248046875
USA|iowa,electricity,Nexus,2025-08-01,6242.5
USA|iowa,electricity,Nexus,2025-09-01,5923.19091796875
USA|iowa,electricity,Nexus,2025-10-01,5938.6923828125
USA|iowa,electricity,Nexus,2025-11-01,6108.1611328125
USA|iowa,electricity,Nexus,2025-12-01,6438.109375
USA|kansas,electricity,Nexus,2025-01-01,5199.9091796875
USA|kansas,electricity,Nexus,2025-02-01,4815.564453125
USA|kansas,electricity,Nexus,2025-03-01,4697.2158203125
USA|kansas,electricity,Nexus,2025-04-01,4346.2060546875
USA|kansas,electricity,Nexus,2025-05-01,4645.88232421875
USA|kansas,electricity,Nexus,2025-06-01,5267.66796875
USA|kansas,electricity,Nexus,2025-07-01,5608.7236328125
USA|kansas,electricity,Nexus,2025-08-01,5479.09912109375
USA|kansas,electricity,Nexus,2025-09-01,5022.80419921875
USA|kansas,electricity,Nexus,2025-10-01,4616.185546875
USA|kansas,electricity,Nexus,2025-11-01,4698.57861328125
USA|kansas,electricity,Nexus,2025-12-01,5223.5439453125
USA|kentucky,electricity,Nexus,2025-01-01,6538.55615234375
USA|kentucky,electricity,Nexus,2025-02-01,5705.02880859375
USA|kentucky,electricity,Nexus,2025-03-01,5201.33837890625
USA|kentucky,electricity,Nexus,2025-04-01,4474.32080078125
USA|kentucky,electricity,Nexus,2025-05-01,5045.900390625
USA|kentucky,electricity,Nexus,2025-06-01,6054.41845703125
USA|kentucky,electricity,Nexus,2025-07-01,6791.55517578125
USA|kentucky,electricity,Nexus,2025-08-01,6486.3447265625
USA|kentucky,electricity,Nexus,2025-09-01,5287.58984375
USA|kentucky,electricity,Nexus,2025-10-01,4725.67578125
USA|kentucky,electricity,Nexus,2025-11-01,4908.62890625
USA|kentucky,electricity,Nexus,2025-12-01,6068.5673828125
USA|louisiana,electricity,Nexus,2025-01-01,8058.97705078125
USA|louisiana,electricity,Nexus,2025-02-01,7189.2587890625
USA|louisiana,electricity,Nexus,2025-03-01,7226.2265625
USA|louisiana,electricity,Nexus,2025-04-01,7186.6875
USA|louisiana,electricity,Nexus,2025-05-01,8095.814453125
USA|louisiana,electricity,Nexus,2025-06-01,8903.3388671875
USA|louisiana,electricity,Nexus,2025-07-01,9734.2763671875
USA|louisiana,electricity,Nexus,2025-08-01,9718.8701171875
USA|louisiana,electricity,Nexus,2025-09-01,8390.263671875
USA|louisiana,electricity,Nexus,2025-10-01,7699.2216796875
USA|louisiana,electricity,Nexus,2025-11-01,7391.30712890625
USA|louisiana,electricity,Nexus,2025-12-01,8013.94140625
USA|maine,electricity,Nexus,2025-01-01,1216.6319580078125
USA|maine,electricity,Nexus,2025-02-01,1121.4600830078125
USA|maine,electricity,Nexus,2025-03-01,1144.2403564453125
USA|maine,electricity,Nexus,2025-04-01,1082.7083740234375
USA|maine,electricity,Nexus,2025-05-01,1098.772705078125
USA|maine,electricity,Nexus,2025-06-01,1116.7974853515625
USA|maine,electricity,Nexus,2025-07-01,1229.523681640625
USA|maine,electricity,Nexus,2025-08-01,1196.90771484375
USA|maine,electricity,Nexus,2025-09-01,1116.04541015625
USA|maine,electricity,Nexus,2025-10-01,1113.994873046875
USA|maine,electricity,Nexus,2025-11-01,1161.3155517578125
USA|maine,electricity,Nexus,2025-12-01,1219.14697265625
USA|maryland,electricity,Nexus,2025-01-01,3100.137451171875
USA|maryland,electricity,Nexus,2025-02-01,2620.523193359375
USA|maryland,electricity,Nexus,2025-03-01,2898.23681640625
USA|maryland,electricity,Nexus,2025-04-01,3055.502197265625
USA|maryland,electricity,Nexus,2025-05-01,2996.6484375
USA|maryland,electricity,Nexus,2025-06-01,3283.765625
USA|maryland,electricity,Nexus,2025-07-01,3896.22119140625
USA|maryland,electricity,Nexus,2025-08-01,3535.25439453125
USA|maryland,electricity,Nexus,2025-09-01,3104.497314453125
USA|maryland,electricity,Nexus,2025-10-01,3079.4345703125
USA|maryland,electricity,Nexus,2025-11-01,2782.38623046875
USA|maryland,electricity,Nexus,2025-12-01,2988.95166015625
USA|massachusetts,electricity,Nexus,2025-01-01,2145.462890625
USA|massachusetts,electricity,Nexus,2025-02-01,1921.15576171875
USA|massachusetts,electricity,Nexus,2025-03-01,1912.5712890625
USA|massachusetts,electricity,Nexus,2025-04-01,1867.479736328125
USA|massachusetts,electricity,Nexus,2025-05-01,1833.270263671875
USA|massachusetts,electricity,Nexus,2025-06-01,2137.714599609375
USA|massachusetts,electricity,Nexus,2025-07-01,2978.56787109375
USA|massachusetts,electricity,Nexus,2025-08-01,2806.5068359375
USA|massachusetts,electricity,Nexus,2025-09-01,2082.925537109375
USA|massachusetts,electricity,Nexus,2025-10-01,1999.8531494140625
USA|massachusetts,electricity,Nexus,2025-11-01,1830.89306640625
USA|massachusetts,electricity,Nexus,2025-12-01,2001.464599609375
USA|michigan,electricity,Nexus,2025-01-01,10897.1337890625
USA|michigan,electricity,Nexus,2025-02-01,9968.95703125
USA|michigan,electricity,Nexus,2025-03-01,9886.76171875
USA|michigan,electricity,Nexus,2025-04-01,8966.3134765625
USA|michigan,electricity,Nexus,2025-05-01,9506.919921875
USA|michigan,electricity,Nexus,2025-06-01,10506.9833984375
USA|michigan,electricity,Nexus,2025-07-01,11423.228515625
USA|michigan,electricity,Nexus,2025-08-01,11231.720703125
USA|michigan,electricity,Nexus,2025-09-01,9882.611328125
USA|michigan,electricity,Nexus,2025-10-01,9492.2470703125
USA|michigan,electricity,Nexus,2025-11-01,9478.4755859375
USA|michigan,electricity,Nexus,2025-12-01,10388.48828125
USA|minnesota,electricity,Nexus,2025-01-01,5451.8212890625
USA|minnesota,electricity,Nexus,2025-02-01,4886.0673828125
USA|minnesota,electricity,Nexus,2025-03-01,4822.38671875
USA|minnesota,electricity,Nexus,2025-04-01,4288.4306640625
USA|minnesota,electricity,Nexus,2025-05-01,4349.146484375
USA|minnesota,electricity,Nexus,2025-06-01,4930.64990234375
USA|minnesota,electricity,Nexus,2025-07-01,5659.16650390625
USA|minnesota,electricity,Nexus,2025-08-01,5359.328125
USA|minnesota,electricity,Nexus,2025-09-01,4572.84521484375
USA|minnesota,electricity,Nexus,2025-10-01,4441.8076171875
USA|minnesota,electricity,Nexus,2025-11-01,4708.19287109375
USA|minnesota,electricity,Nexus,2025-12-01,5309.6435546875
USA|mississippi,electricity,Nexus,2025-01-01,6325.85986328125
USA|mississippi,electricity,Nexus,2025-02-01,5581.572265625
USA|mississippi,electricity,Nexus,2025-03-01,5337.7890625
USA|mississippi,electricity,Nexus,2025-04-01,5341.73095703125
USA|mississippi,electricity,Nexus,2025-05-01,6076.58251953125
USA|mississippi,electricity,Nexus,2025-06-01,6944.77294921875
USA|mississippi,electricity,Nexus,2025-07-01,7503.8427734375
USA|mississippi,electricity,Nexus,2025-08-01,7503.9365234375
USA|mississippi,electricity,Nexus,2025-09-01,6246.2158203125
USA|mississippi,electricity,Nexus,2025-10-01,5555.234375
USA|mississippi,electricity,Nexus,2025-11-01,5353.97705078125
USA|mississippi,electricity,Nexus,2025-12-01,6015.63818359375
USA|missouri,electricity,Nexus,2025-01-01,6577.1572265625
USA|missouri,electricity,Nexus,2025-02-01,5720.482421875
USA|missouri,electricity,Nexus,2025-03-01,5291.04150390625
USA|missouri,electricity,Nexus,2025-04-01,4556.1357421875
USA|missouri,electricity,Nexus,2025-05-01,5119.57568359375
USA|missouri,electricity,Nexus,2025-06-01,6347.861328125
USA|missouri,electricity,Nexus,2025-07-01,7250.919921875
USA|missouri,electricity,Nexus,2025-08-01,7001.2705078125
USA|missouri,electricity,Nexus,2025-09-01,5604.060546875
USA|missouri,electricity,Nexus,2025-10-01,4974.42578125
USA|missouri,electricity,Nexus,2025-11-01,5063.451171875
USA|missouri,electricity,Nexus,2025-12-01,6089.44140625
USA|montana,electricity,Nexus,2025-01-01,2509.879638671875
USA|montana,electricity,Nexus,2025-02-01,2217.76025390625
USA|montana,electricity,Nexus,2025-03-01,2183.857177734375
USA|montana,electricity,Nexus,2025-04-01,1977.0833740234375
USA|montana,electricity,Nexus,2025-05-01,1948.94482421875
USA|montana,electricity,Nexus,2025-06-01,2010.34423828125
USA|montana,electricity,Nexus,2025-07-01,2258.72900390625
USA|montana,electricity,Nexus,2025-08-01,2236.692138671875
USA|montana,electricity,Nexus,2025-09-01,2035.0267333984375
USA|montana,electricity,Nexus,2025-10-01,2021.724853515625
USA|montana,electricity,Nexus,2025-11-01,2227.3876953125
USA|montana,electricity,Nexus,2025-12-01,2339.31005859375
USA|nebraska,electricity,Nexus,2025-01-01,3452.30029296875
USA|nebraska,electricity,Nexus,2025-02-01,3121.320068359375
USA|nebraska,electricity,Nexus,2025-03-01,3017.125
USA|nebraska,electricity,Nexus,2025-04-01,2729.57080078125
USA|nebraska,electricity,Nexus,2025-05-01,2831.6953125
USA|nebraska,electricity,Nexus,2025-06-01,3255.454833984375
USA|nebraska,electricity,Nexus,2025-07-01,3653.56396484375
USA|nebraska,electricity,Nexus,2025-08-01,3589.99609375
USA|nebraska,electricity,Nexus,2025-09-01,3237.546142578125
USA|nebraska,electricity,Nexus,2025-10-01,3062.328369140625
USA|nebraska,electricity,Nexus,2025-11-01,3112.774169921875
USA|nebraska,electricity,Nexus,2025-12-01,3464.258056640625
USA|nevada,electricity,Nexus,2025-01-01,3458.87109375
USA|nevada,electricity,Nexus,2025-02-01,3254.1689453125
USA|nevada,electricity,Nexus,2025-03-01,3366.89599609375
USA|nevada,electricity,Nexus,2025-04-01,3358.29931640625
USA|nevada,electricity,Nexus,2025-05-01,3650.67138671875
USA|nevada,electricity,Nexus,2025-06-01,4255.79931640625
USA|nevada,electricity,Nexus,2025-07-01,4924.23828125
USA|nevada,electricity,Nexus,2025-08-01,4866.712890625
USA|nevada,electricity,Nexus,2025-09-01,4277.5517578125
USA|nevada,electricity,Nexus,2025-10-01,3843.037109375
USA|nevada,electricity,Nexus,2025-11-01,3402.732666015625
USA|nevada,electricity,Nexus,2025-12-01,3504.14892578125
USA|new hampshire,electricity,Nexus,2025-01-01,1584.1181640625
USA|new hampshire,electricity,Nexus,2025-02-01,1366.0072021484375
USA|new hampshire,electricity,Nexus,2025-03-01,1380.04638671875
USA|new hampshire,electricity,Nexus,2025-04-01,1357.43603515625
USA|new hampshire,electricity,Nexus,2025-05-01,1376.4224853515625
USA|new hampshire,electricity,Nexus,2025-06-01,1488.280517578125
USA|new hampshire,electricity,Nexus,2025-07-01,1615.9666748046875
USA|new hampshire,electricity,Nexus,2025-08-01,1590.4013671875
USA|new hampshire,electricity,Nexus,2025-09-01,1447.091552734375
USA|new hampshire,electricity,Nexus,2025-10-01,1373.649658203125
USA|new hampshire,electricity,Nexus,2025-11-01,1388.1669921875
USA|new hampshire,electricity,Nexus,2025-12-01,1504.8016357421875
USA|new jersey,electricity,Nexus,2025-01-01,5223.88330078125
USA|new jersey,electricity,Nexus,2025-02-01,4879.5244140625
USA|new jersey,electricity,Nexus,2025-03-01,5006.73291015625
USA|new jersey,electricity,Nexus,2025-04-01,4589.92333984375
USA|new jersey,electricity,Nexus,2025-05-01,4817.60302734375
USA|new jersey,electricity,Nexus,2025-06-01,5800.38232421875
USA|new jersey,electricity,Nexus,2025-07-01,6830.20166015625
USA|new jersey,electricity,Nexus,2025-08-01,6651.48779296875
USA|new jersey,electricity,Nexus,2025-09-01,5525.5947265625
USA|new jersey,electricity,Nexus,2025-10-01,4955.80615234375
USA|new jersey,electricity,Nexus,2025-11-01,4830.826171875
USA|new jersey,electricity,Nexus,2025-12-01,5154.29541015625
USA|new mexico,electricity,Nexus,2025-01-01,3322.759033203125
USA|new mexico,electricity,Nexus,2025-02-01,3035.0771484375
USA|new mexico,electricity,Nexus,2025-03-01,3066.88037109375
USA|new mexico,electricity,Nexus,2025-04-01,2925.647705078125
USA|new mexico,electricity,Nexus,2025-05-01,3110.563720703125
USA|new mexico,electricity,Nexus,2025-06-01,3421.904296875
USA|new mexico,electricity,Nexus,2025-07-01,3580.96630859375
USA|new mexico,electricity,Nexus,2025-08-01,3552.70849609375
USA|new mexico,electricity,Nexus,2025-09-01,3239.6435546875
USA|new mexico,electricity,Nexus,2025-10-01,3075.004638671875
USA|new mexico,electricity,Nexus,2025-11-01,3022.740966796875
USA|new mexico,electricity,Nexus,2025-12-01,3264.4306640625
USA|new york,electricity,Nexus,2025-01-01,11596.517578125
USA|new york,electricity,Nexus,2025-02-01,10525.91796875
USA|new york,electricity,Nexus,2025-03-01,10540.638671875
USA|new york,electricity,Nexus,2025-04-01,9651.2255859375
USA|new york,electricity,Nexus,2025-05-01,10467.6455078125
USA|new york,electricity,Nexus,2025-06-01,11558.484375
USA|new york,electricity,Nexus,2025-07-01,13523.8828125
USA|new york,electricity,Nexus,2025-08-01,12858.865234375
USA|new york,electricity,Nexus,2025-09-01,10989.19921875
USA|new york,electricity,Nexus,2025-10-01,10592.9345703125
USA|new york,electricity,Nexus,2025-11-01,10554.7294921875
USA|new york,electricity,Nexus,2025-12-01,11254.7216796875
USA|north carolina,electricity,Nexus,2025-01-01,12603.2705078125
USA|north carolina,electricity,Nexus,2025-02-01,10862.470703125
USA|north carolina,electricity,Nexus,2025-03-01,9925.03125
USA|north carolina,electricity,Nexus,2025-04-01,8839.0419921875
USA|north carolina,electricity,Nexus,2025-05-01,10432.6728515625
USA|north carolina,electricity,Nexus,2025-06-01,12332.876953125
USA|north carolina,electricity,Nexus,2025-07-01,13641.421875
USA|north carolina,electricity,Nexus,2025-08-01,13178.33984375
USA|north carolina,electricity,Nexus,2025-09-01,10636.9189453125
USA|north carolina,electricity,Nexus,2025-10-01,9602.8046875
USA|north carolina,electricity,Nexus,2025-11-01,10087.041015625
USA|north carolina,electricity,Nexus,2025-12-01,11632.22265625
USA|north dakota,electricity,Nexus,2025-01-01,4103.599609375
USA|north dakota,electricity,Nexus,2025-02-01,3770.68359375
USA|north dakota,electricity,Nexus,2025-03-01,3834.030517578125
USA|north dakota,electricity,Nexus,2025-04-01,3325.626220703125
USA|north dakota,electricity,Nexus,2025-05-01,3319.168212890625
USA|north dakota,electricity,Nexus,2025-06-01,3433.3154296875
USA|north dakota,electricity,Nexus,2025-07-01,3790.794677734375
USA|north dakota,electricity,Nexus,2025-08-01,3797.77197265625
USA|north dakota,electricity,Nexus,2025-09-01,3468.6279296875
USA|north dakota,electricity,Nexus,2025-10-01,3596.67236328125
USA|north dakota,electricity,Nexus,2025-11-01,3773.83984375
USA|north dakota,electricity,Nexus,2025-12-01,4011.539306640625
USA|ohio,electricity,Nexus,2025-01-01,13273.4990234375
USA|ohio,electricity,Nexus,2025-02-01,11955.1318359375
USA|ohio,electricity,Nexus,2025-03-01,11508.9375
USA|ohio,electricity,Nexus,2025-04-01,10009.1865234375
USA|ohio,electricity,Nexus,2025-05-01,10665.5068359375
USA|ohio,electricity,Nexus,2025-06-01,12122.0927734375
USA|ohio,electricity,Nexus,2025-07-01,13566.115234375
USA|ohio,electricity,Nexus,2025-08-01,13509.9345703125
USA|ohio,electricity,Nexus,2025-09-01,11744.328125
USA|ohio,electricity,Nexus,2025-10-01,11127.6630859375
USA|ohio,electricity,Nexus,2025-11-01,11390.1865234375
USA|ohio,electricity,Nexus,2025-12-01,12516.4326171875
USA|oklahoma,electricity,Nexus,2025-01-01,7933.3037109375
USA|oklahoma,electricity,Nexus,2025-02-01,7261.56689453125
USA|oklahoma,electricity,Nexus,2025-03-01,7170.7509765625
USA|oklahoma,electricity,Nexus,2025-04-01,7113.43212890625
USA|oklahoma,electricity,Nexus,2025-05-01,7629.927734375
USA|oklahoma,electricity,Nexus,2025-06-01,8785.431640625
USA|oklahoma,electricity,Nexus,2025-07-01,9821.64453125
USA|oklahoma,electricity,Nexus,2025-08-01,9727.376953125
USA|oklahoma,electricity,Nexus,2025-09-01,8061.9521484375
USA|oklahoma,electricity,Nexus,2025-10-01,7163.9580078125
USA|oklahoma,electricity,Nexus,2025-11-01,6877.40625
USA|oklahoma,electricity,Nexus,2025-12-01,7680.30908203125
USA|oregon,electricity,Nexus,2025-01-01,5898.35107421875
USA|oregon,electricity,Nexus,2025-02-01,5615.10107421875
USA|oregon,electricity,Nexus,2025-03-01,5731.4052734375
USA|oregon,electricity,Nexus,2025-04-01,4915.4619140625
USA|oregon,electricity,Nexus,2025-05-01,4783.41162109375
USA|oregon,electricity,Nexus,2025-06-01,5040.63818359375
USA|oregon,electricity,Nexus,2025-07-01,5483.69921875
USA|oregon,electricity,Nexus,2025-08-01,5424.35888671875
USA|oregon,electricity,Nexus,2025-09-01,5059.37890625
USA|oregon,electricity,Nexus,2025-10-01,4662.177734375
USA|oregon,electricity,Nexus,2025-11-01,5026.7021484375
USA|oregon,electricity,Nexus,2025-12-01,5640.435546875
USA|pennsylvania,electricity,Nexus,2025-01-01,22241.96875
USA|pennsylvania,electricity,Nexus,2025-02-01,19939.826171875
USA|pennsylvania,electricity,Nexus,2025-03-01,19863.37890625
USA|pennsylvania,electricity,Nexus,2025-04-01,16931.107421875
USA|pennsylvania,electricity,Nexus,2025-05-01,18171.025390625
USA|pennsylvania,electricity,Nexus,2025-06-01,21029.443359375
USA|pennsylvania,electricity,Nexus,2025-07-01,23663.98828125
USA|pennsylvania,electricity,Nexus,2025-08-01,23170.09765625
USA|pennsylvania,electricity,Nexus,2025-09-01,19658.9453125
USA|pennsylvania,electricity,Nexus,2025-10-01,17998.611328125
USA|pennsylvania,electricity,Nexus,2025-11-01,18516.134765625
USA|pennsylvania,electricity,Nexus,2025-12-01,21537.666015625
USA|rhode island,electricity,Nexus,2025-01-01,590.4134521484375
USA|rhode island,electricity,Nexus,2025-02-01,562.2398681640625
USA|rhode island,electricity,Nexus,2025-03-01,591.8893432617188
USA|rhode island,electricity,Nexus,2025-04-01,632.5050048828125
USA|rhode island,electricity,Nexus,2025-05-01,758.81005859375
USA|rhode island,electricity,Nexus,2025-06-01,866.6032104492188
USA|rhode island,electricity,Nexus,2025-07-01,984.505615234375
USA|rhode island,electricity,Nexus,2025-08-01,993.819580078125
USA|rhode island,electricity,Nexus,2025-09-01,897.3372802734375
USA|rhode island,electricity,Nexus,2025-10-01,796.8025512695312
USA|rhode island,electricity,Nexus,2025-11-01,687.719482421875
USA|rhode island,electricity,Nexus,2025-12-01,598.772216796875
USA|south carolina,electricity,Nexus,2025-01-01,9025.8408203125
USA|south carolina,electricity,Nexus,2025-02-01,8112.01025390625
USA|south carolina,electricity,Nexus,2025-03-01,7968.533203125
USA|south carolina,electricity,Nexus,2025-04-01,7330.1279296875
USA|south carolina,electricity,Nexus,2025-05-01,7676.19970703125
USA|south carolina,electricity,Nexus,2025-06-01,8628.498046875
USA|south carolina,electricity,Nexus,2025-07-01,9361.5810546875
USA|south carolina,electricity,Nexus,2025-08-01,8957.431640625
USA|south carolina,electricity,Nexus,2025-09-01,7845.6064453125
USA|south carolina,electricity,Nexus,2025-10-01,7159.95556640625
USA|south carolina,electricity,Nexus,2025-11-01,7150.798828125
USA|south carolina,electricity,Nexus,2025-12-01,8253.6005859375
USA|south dakota,electricity,Nexus,2025-01-01,1785.82958984375
USA|south dakota,electricity,Nexus,2025-02-01,1738.2373046875
USA|south dakota,electricity,Nexus,2025-03-01,1790.349609375
USA|south dakota,electricity,Nexus,2025-04-01,1745.154541015625
USA|south dakota,electricity,Nexus,2025-05-01,1682.480224609375
USA|south dakota,electricity,Nexus,2025-06-01,1686.9873046875
USA|south dakota,electricity,Nexus,2025-07-01,1711.980224609375
USA|south dakota,electricity,Nexus,2025-08-01,1685.495849609375
USA|south dakota,electricity,Nexus,2025-09-01,1545.56005859375
USA|south dakota,electricity,Nexus,2025-10-01,1554.3519287109375
USA|south dakota,electricity,Nexus,2025-11-01,1653.2525634765625
USA|south dakota,electricity,Nexus,2025-12-01,1708.992431640625
USA|tennessee,electricity,Nexus,2025-01-01,7001.11962890625
USA|tennessee,electricity,Nexus,2025-02-01,6168.642578125
USA|tennessee,electricity,Nexus,2025-03-01,5853.9638671875
USA|tennessee,electricity,Nexus,2025-04-01,5052.8642578125
USA|tennessee,electricity,Nexus,2025-05-01,5804.88037109375
USA|tennessee,electricity,Nexus,2025-06-01,6797.48095703125
USA|tennessee,electricity,Nexus,2025-07-01,7651.17041015625
USA|tennessee,electricity,Nexus,2025-08-01,7370.60302734375
USA|tennessee,electricity,Nexus,2025-09-01,6221.693359375
USA|tennessee,electricity,Nexus,2025-10-01,4976.728515625
USA|tennessee,electricity,Nexus,2025-11-01,5081.095703125
USA|tennessee,electricity,Nexus,2025-12-01,6222.07080078125
USA|texas,electricity,Nexus,2025-01-01,46460.0625
USA|texas,electricity,Nexus,2025-02-01,41916.703125
USA|texas,electricity,Nexus,2025-03-01,42437.015625
USA|texas,electricity,Nexus,2025-04-01,42055.1171875
USA|texas,electricity,Nexus,2025-05-01,48203.65625
USA|texas,electricity,Nexus,2025-06-01,53839.11328125
USA|texas,electricity,Nexus,2025-07-01,57995.93359375
USA|texas,electricity,Nexus,2025-08-01,59467.41796875
USA|texas,electricity,Nexus,2025-09-01,51600.03125
USA|texas,electricity,Nexus,2025-10-01,46341.359375
USA|texas,electricity,Nexus,2025-11-01,43207.46484375
USA|texas,electricity,Nexus,2025-12-01,46287.08984375
USA|utah,electricity,Nexus,2025-01-01,3317.48388671875
USA|utah,electricity,Nexus,2025-02-01,2769.8505859375
USA|utah,electricity,Nexus,2025-03-01,2562.79931640625
USA|utah,electricity,Nexus,2025-04-01,2315.4765625
USA|utah,electricity,Nexus,2025-05-01,2703.46923828125
USA|utah,electricity,Nexus,2025-06-01,3061.9375
USA|utah,electricity,Nexus,2025-07-01,3773.6884765625
USA|utah,electricity,Nexus,2025-08-01,3786.803466796875
USA|utah,electricity,Nexus,2025-09-01,3426.363037109375
USA|utah,electricity,Nexus,2025-10-01,3208.858154296875
USA|utah,electricity,Nexus,2025-11-01,2986.30517578125
USA|utah,electricity,Nexus,2025-12-01,3282.74755859375
USA|vermont,electricity,Nexus,2025-01-01,225.3270721435547
USA|vermont,electricity,Nexus,2025-02-01,221.7535858154297
USA|vermont,electricity,Nexus,2025-03-01,239.8301544189453
USA|vermont,electricity,Nexus,2025-04-01,238.4085235595703
USA|vermont,electricity,Nexus,2025-05-01,222.26856994628906
USA|vermont,electricity,Nexus,2025-06-01,208.7104034423828
USA|vermont,electricity,Nexus,2025-07-01,206.63865661621094
USA|vermont,electricity,Nexus,2025-08-01,200.186279296875
USA|vermont,electricity,Nexus,2025-09-01,184.84339904785156
USA|vermont,electricity,Nexus,2025-10-01,187.97763061523438
USA|vermont,electricity,Nexus,2025-11-01,207.90081787109375
USA|vermont,electricity,Nexus,2025-12-01,225.87574768066406
USA|virginia,electricity,Nexus,2025-01-01,9642.5625
USA|virginia,electricity,Nexus,2025-02-01,8834.9599609375
USA|virginia,electricity,Nexus,2025-03-01,8266.28515625
USA|virginia,electricity,Nexus,2025-04-01,7045.34033203125
USA|virginia,electricity,Nexus,2025-05-01,7359.1962890625
USA|virginia,electricity,Nexus,2025-06-01,9159.431640625
USA|virginia,electricity,Nexus,2025-07-01,10521.0380859375
USA|virginia,electricity,Nexus,2025-08-01,10346.82421875
USA|virginia,electricity,Nexus,2025-09-01,8370.2724609375
USA|virginia,electricity,Nexus,2025-10-01,7175.24169921875
USA|virginia,electricity,Nexus,2025-11-01,7302.71826171875
USA|virginia,electricity,Nexus,2025-12-01,9082.39453125
USA|washington,electricity,Nexus,2025-01-01,9387.68359375
USA|washington,electricity,Nexus,2025-02-01,8257.1005859375
USA|washington,electricity,Nexus,2025-03-01,8438.1162109375
USA|washington,electricity,Nexus,2025-04-01,7982.0107421875
USA|washington,electricity,Nexus,2025-05-01,8827.78515625
USA|washington,electricity,Nexus,2025-06-01,9086.8212890625
USA|washington,electricity,Nexus,2025-07-01,9434.185546875
USA|washington,electricity,Nexus,2025-08-01,8774.720703125
USA|washington,electricity,Nexus,2025-09-01,7242.8466796875
USA|washington,electricity,Nexus,2025-10-01,7377.5283203125
USA|washington,electricity,Nexus,2025-11-01,8069.50439453125
USA|washington,electricity,Nexus,2025-12-01,9060.5732421875
USA|washington dc,electricity,Nexus,2025-01-01,37.7562255859375
USA|washington dc,electricity,Nexus,2025-02-01,37.901206970214844
USA|washington dc,electricity,Nexus,2025-03-01,39.411651611328125
USA|washington dc,electricity,Nexus,2025-04-01,38.47322463989258
USA|washington dc,electricity,Nexus,2025-05-01,41.37541198730469
USA|washington dc,electricity,Nexus,2025-06-01,47.007041931152344
USA|washington dc,electricity,Nexus,2025-07-01,49.356136322021484
USA|washington dc,electricity,Nexus,2025-08-01,48.86256790161133
USA|washington dc,electricity,Nexus,2025-09-01,41.81993865966797
USA|washington dc,electricity,Nexus,2025-10-01,38.62199783325195
USA|washington dc,electricity,Nexus,2025-11-01,37.20751190185547
USA|washington dc,electricity,Nexus,2025-12-01,37.690670013427734
USA|west virginia,electricity,Nexus,2025-01-01,5016.02587890625
USA|west virginia,electricity,Nexus,2025-02-01,4242.048828125
USA|west virginia,electricity,Nexus,2025-03-01,3621.572509765625
USA|west virginia,electricity,Nexus,2025-04-01,3047.234375
USA|west virginia,electricity,Nexus,2025-05-01,3561.203857421875
USA|west virginia,electricity,Nexus,2025-06-01,4529.4091796875
USA|west virginia,electricity,Nexus,2025-07-01,5251.7939453125
USA|west virginia,electricity,Nexus,2025-08-01,4861.3876953125
USA|west virginia,electricity,Nexus,2025-09-01,3597.125732421875
USA|west virginia,electricity,Nexus,2025-10-01,3092.161376953125
USA|west virginia,electricity,Nexus,2025-11-01,3459.21337890625
USA|west virginia,electricity,Nexus,2025-12-01,4421.6044921875
USA|wisconsin,electricity,Nexus,2025-01-01,6173.4189453125
USA|wisconsin,electricity,Nexus,2025-02-01,5381.638671875
USA|wisconsin,electricity,Nexus,2025-03-01,4995.888671875
USA|wisconsin,electricity,Nexus,2025-04-01,4433.19384765625
USA|wisconsin,electricity,Nexus,2025-05-01,4791.810546875
USA|wisconsin,electricity,Nexus,2025-06-01,5750.3349609375
USA|wisconsin,electricity,Nexus,2025-07-01,6743.3740234375
USA|wisconsin,electricity,Nexus,2025-08-01,6534.12353515625
USA|wisconsin,electricity,Nexus,2025-09-01,5280.6142578125
USA|wisconsin,electricity,Nexus,2025-10-01,4891.685546875
USA|wisconsin,electricity,Nexus,2025-11-01,4942.7138671875
USA|wisconsin,electricity,Nexus,2025-12-01,5774.271484375
USA|wyoming,electricity,Nexus,2025-01-01,4086.201416015625
USA|wyoming,electricity,Nexus,2025-02-01,3547.238525390625
USA|wyoming,electricity,Nexus,2025-03-01,3510.107666015625
USA|wyoming,electricity,Nexus,2025-04-01,2887.190185546875
USA|wyoming,electricity,Nexus,2025-05-01,2899.91357421875
USA|wyoming,electricity,Nexus,2025-06-01,3279.202880859375
USA|wyoming,electricity,Nexus,2025-07-01,3884.870849609375
USA|wyoming,electricity,Nexus,2025-08-01,3934.14208984375
USA|wyoming,electricity,Nexus,2025-09-01,3560.269775390625
USA|wyoming,electricity,Nexus,2025-10-01,3660.226806640625
USA|wyoming,electricity,Nexus,2025-11-01,3772.833984375
USA|wyoming,electricity,Nexus,2025-12-01,4100.92041015625
AUT,carbon,Nexus,2025-01-01,146.28646850585938
AUT,carbon,Nexus,2025-02-01,133.99249267578125
AUT,carbon,Nexus,2025-03-01,108.23114776611328
AUT,carbon,Nexus,2025-04-01,77.32856750488281
AUT,carbon,Nexus,2025-05-01,54.237823486328125
AUT,carbon,Nexus,2025-06-01,50.754981994628906
AUT,carbon,Nexus,2025-07-01,51.81524658203125
AUT,carbon,Nexus,2025-08-01,53.90895080566406
AUT,carbon,Nexus,2025-09-01,65.37632751464844
AUT,carbon,Nexus,2025-10-01,94.9416275024414
AUT,carbon,Nexus,2025-11-01,115.67005920410156
AUT,carbon,Nexus,2025-12-01,122.16239166259766
BEL,carbon,Nexus,2025-01-01,166.96307373046875
BEL,carbon,Nexus,2025-02-01,164.6519012451172
BEL,carbon,Nexus,2025-03-01,162.58285522460938
BEL,carbon,Nexus,2025-04-01,160.1892547607422
BEL,carbon,Nexus,2025-05-01,156.94874572753906
BEL,carbon,Nexus,2025-06-01,154.77685546875
BEL,carbon,Nexus,2025-07-01,153.52587890625
BEL,carbon,Nexus,2025-08-01,155.86892700195312
BEL,carbon,Nexus,2025-09-01,160.53099060058594
BEL,carbon,Nexus,2025-10-01,164.17257690429688
BEL,carbon,Nexus,2025-11-01,164.6503448486328
BEL,carbon,Nexus,2025-12-01,161.29238891601562
BGR,carbon,Nexus,2025-01-01,395.9786682128906
BGR,carbon,Nexus,2025-02-01,361.728271484375
BGR,carbon,Nexus,2025-03-01,328.5631408691406
BGR,carbon,Nexus,2025-04-01,303.16363525390625
BGR,carbon,Nexus,2025-05-01,312.4909973144531
BGR,carbon,Nexus,2025-06-01,245.80551147460938
BGR,carbon,Nexus,2025-07-01,317.917724609375
BGR,carbon,Nexus,2025-08-01,315.8873291015625
BGR,carbon,Nexus,2025-09-01,344.59405517578125
BGR,carbon,Nexus,2025-10-01,412.4405212402344
BGR,carbon,Nexus,2025-11-01,452.46514892578125
BGR,carbon,Nexus,2025-12-01,434.83935546875
BIH,carbon,Nexus,2025-01-01,619.579345703125
BIH,carbon,Nexus,2025-02-01,556.608642578125
BIH,carbon,Nexus,2025-03-01,545.693115234375
BIH,carbon,Nexus,2025-04-01,550.7955322265625
BIH,carbon,Nexus,2025-05-01,534.4327392578125
BIH,carbon,Nexus,2025-06-01,596.5109252929688
BIH,carbon,Nexus,2025-07-01,718.9647216796875
BIH,carbon,Nexus,2025-08-01,775.0746459960938
BIH,carbon,Nexus,2025-09-01,781.4835815429688
BIH,carbon,Nexus,2025-10-01,738.5643310546875
BIH,carbon,Nexus,2025-11-01,637.921142578125
BIH,carbon,Nexus,2025-12-01,591.021240234375
CHE,carbon,Nexus,2025-01-01,54.89397048950195
CHE,carbon,Nexus,2025-02-01,55.93836975097656
CHE,carbon,Nexus,2025-03-01,53.31488037109375
CHE,carbon,Nexus,2025-04-01,50.595523834228516
CHE,carbon,Nexus,2025-05-01,49.62828063964844
CHE,carbon,Nexus,2025-06-01,48.882659912109375
CHE,carbon,Nexus,2025-07-01,47.17167663574219
CHE,carbon,Nexus,2025-08-01,47.252220153808594
CHE,carbon,Nexus,2025-09-01,49.01490783691406
CHE,carbon,Nexus,2025-10-01,51.491363525390625
CHE,carbon,Nexus,2025-11-01,52.890846252441406
CHE,carbon,Nexus,2025-12-01,53.78800582885742
CYP,carbon,Nexus,2025-01-01,582.8080444335938
CYP,carbon,Nexus,2025-02-01,567.1403198242188
CYP,carbon,Nexus,2025-03-01,531.635009765625
CYP,carbon,Nexus,2025-04-01,506.30181884765625
CYP,carbon,Nexus,2025-05-01,508.7533264160156
CYP,carbon,Nexus,2025-06-01,537.3651733398438
CYP,carbon,Nexus,2025-07-01,557.7159423828125
CYP,carbon,Nexus,2025-08-01,556.8579711914062
CYP,carbon,Nexus,2025-09-01,540.953369140625
CYP,carbon,Nexus,2025-10-01,529.8475952148438
CYP,carbon,Nexus,2025-11-01,536.8556518554688
CYP,carbon,Nexus,2025-12-01,558.511474609375
CZE,carbon,Nexus,2025-01-01,461.27215576171875
CZE,carbon,Nexus,2025-02-01,449.0368957519531
CZE,carbon,Nexus,2025-03-01,426.5059814453125
CZE,carbon,Nexus,2025-04-01,392.2515869140625
CZE,carbon,Nexus,2025-05-01,356.7977600097656
CZE,carbon,Nexus,2025-06-01,352.45831298828125
CZE,carbon,Nexus,2025-07-01,371.177001953125
CZE,carbon,Nexus,2025-08-01,387.04925537109375
CZE,carbon,Nexus,2025-09-01,408.5227355957031
CZE,carbon,Nexus,2025-10-01,436.21380615234375
CZE,carbon,Nexus,2025-11-01,463.0683288574219
CZE,carbon,Nexus,2025-12-01,466.220458984375
DEU,carbon,Nexus,2025-01-01,386.1360168457031
DEU,carbon,Nexus,2025-02-01,369.4029846191406
DEU,carbon,Nexus,2025-03-01,347.62298583984375
DEU,carbon,Nexus,2025-04-01,329.8179931640625
DEU,carbon,Nexus,2025-05-01,320.7032470703125
DEU,carbon,Nexus,2025-06-01,322.08544921875
DEU,carbon,Nexus,2025-07-01,331.2983703613281
DEU,carbon,Nexus,2025-08-01,347.27655029296875
DEU,carbon,Nexus,2025-09-01,363.22479248046875
DEU,carbon,Nexus,2025-10-01,372.4119567871094
DEU,carbon,Nexus,2025-11-01,380.4232177734375
DEU,carbon,Nexus,2025-12-01,375.896728515625
DNK,carbon,Nexus,2025-01-01,185.72311401367188
DNK,carbon,Nexus,2025-02-01,178.9673309326172
DNK,carbon,Nexus,2025-03-01,173.97821044921875
DNK,carbon,Nexus,2025-04-01,154.25469970703125
DNK,carbon,Nexus,2025-05-01,133.5987548828125
DNK,carbon,Nexus,2025-06-01,127.56343078613281
DNK,carbon,Nexus,2025-07-01,131.9590606689453
DNK,carbon,Nexus,2025-08-01,136.80882263183594
DNK,carbon,Nexus,2025-09-01,136.34803771972656
DNK,carbon,Nexus,2025-10-01,141.66748046875
DNK,carbon,Nexus,2025-11-01,165.100830078125
DNK,carbon,Nexus,2025-12-01,169.48065185546875
ESP,carbon,Nexus,2025-01-01,153.9666748046875
ESP,carbon,Nexus,2025-02-01,140.51869201660156
ESP,carbon,Nexus,2025-03-01,128.27212524414062
ESP,carbon,Nexus,2025-04-01,127.22699737548828
ESP,carbon,Nexus,2025-05-01,135.32070922851562
ESP,carbon,Nexus,2025-06-01,149.5933837890625
ESP,carbon,Nexus,2025-07-01,156.23944091796875
ESP,carbon,Nexus,2025-08-01,157.12661743164062
ESP,carbon,Nexus,2025-09-01,159.90090942382812
ESP,carbon,Nexus,2025-10-01,159.723388671875
ESP,carbon,Nexus,2025-11-01,154.3352508544922
ESP,carbon,Nexus,2025-12-01,143.0421142578125
EST,carbon,Nexus,2025-01-01,353.25244140625
EST,carbon,Nexus,2025-02-01,351.57476806640625
EST,carbon,Nexus,2025-03-01,348.17645263671875
EST,carbon,Nexus,2025-04-01,340.8455810546875
EST,carbon,Nexus,2025-05-01,335.111572265625
EST,carbon,Nexus,2025-06-01,331.53228759765625
EST,carbon,Nexus,2025-07-01,331.38812255859375
EST,carbon,Nexus,2025-08-01,328.16754150390625
EST,carbon,Nexus,2025-09-01,334.39044189453125
EST,carbon,Nexus,2025-10-01,346.31951904296875
EST,carbon,Nexus,2025-11-01,359.4873046875
EST,carbon,Nexus,2025-12-01,370.6069030761719
FIN,carbon,Nexus,2025-01-01,93.02372741699219
FIN,carbon,Nexus,2025-02-01,90.61885070800781
FIN,carbon,Nexus,2025-03-01,81.1844711303711
FIN,carbon,Nexus,2025-04-01,66.0280532836914
FIN,carbon,Nexus,2025-05-01,52.03733825683594
FIN,carbon,Nexus,2025-06-01,42.803489685058594
FIN,carbon,Nexus,2025-07-01,38.83331298828125
FIN,carbon,Nexus,2025-08-01,42.22431945800781
FIN,carbon,Nexus,2025-09-01,48.21845245361328
FIN,carbon,Nexus,2025-10-01,57.42127227783203
FIN,carbon,Nexus,2025-11-01,67.80778503417969
FIN,carbon,Nexus,2025-12-01,75.46961975097656
FRA,carbon,Nexus,2025-01-01,37.232765197753906
FRA,carbon,Nexus,2025-02-01,35.79039764404297
FRA,carbon,Nexus,2025-03-01,31.966644287109375
FRA,carbon,Nexus,2025-04-01,25.027875900268555
FRA,carbon,Nexus,2025-05-01,22.909467697143555
FRA,carbon,Nexus,2025-06-01,23.31986427307129
FRA,carbon,Nexus,2025-07-01,25.267099380493164
FRA,carbon,Nexus,2025-08-01,24.50567054748535
FRA,carbon,Nexus,2025-09-01,26.57042121887207
FRA,carbon,Nexus,2025-10-01,30.594770431518555
FRA,carbon,Nexus,2025-11-01,39.465023040771484
FRA,carbon,Nexus,2025-12-01,36.46278381347656
GBR,carbon,Nexus,2025-01-01,211.02642822265625
GBR,carbon,Nexus,2025-02-01,205.63278198242188
GBR,carbon,Nexus,2025-03-01,208.58193969726562
GBR,carbon,Nexus,2025-04-01,202.13255310058594
GBR,carbon,Nexus,2025-05-01,204.80291748046875
GBR,carbon,Nexus,2025-06-01,201.27349853515625
GBR,carbon,Nexus,2025-07-01,205.67623901367188
GBR,carbon,Nexus,2025-08-01,200.1619110107422
GBR,carbon,Nexus,2025-09-01,206.53265380859375
GBR,carbon,Nexus,2025-10-01,201.91351318359375
GBR,carbon,Nexus,2025-11-01,207.24305725097656
GBR,carbon,Nexus,2025-12-01,200.68856811523438
GRC,carbon,Nexus,2025-01-01,351.5856018066406
GRC,carbon,Nexus,2025-02-01,333.4171142578125
GRC,carbon,Nexus,2025-03-01,315.6174621582031
GRC,carbon,Nexus,2025-04-01,301.963134765625
GRC,carbon,Nexus,2025-05-01,301.4104919433594
GRC,carbon,Nexus,2025-06-01,310.6516418457031
GRC,carbon,Nexus,2025-07-01,315.81402587890625
GRC,carbon,Nexus,2025-08-01,309.61572265625
GRC,carbon,Nexus,2025-09-01,302.82098388671875
GRC,carbon,Nexus,2025-10-01,302.3374328613281
GRC,carbon,Nexus,2025-11-01,314.137451171875
GRC,carbon,Nexus,2025-12-01,317.34942626953125
HRV,carbon,Nexus,2025-01-01,213.90464782714844
HRV,carbon,Nexus,2025-02-01,205.93414306640625
HRV,carbon,Nexus,2025-03-01,194.21286010742188
HRV,carbon,Nexus,2025-04-01,152.06124877929688
HRV,carbon,Nexus,2025-05-01,134.9339599609375
HRV,carbon,Nexus,2025-06-01,185.7941131591797
HRV,carbon,Nexus,2025-07-01,220.64442443847656
HRV,carbon,Nexus,2025-08-01,231.9937744140625
HRV,carbon,Nexus,2025-09-01,236.9956817626953
HRV,carbon,Nexus,2025-10-01,230.81512451171875
HRV,carbon,Nexus,2025-11-01,189.6189422607422
HRV,carbon,Nexus,2025-12-01,158.70816040039062
HUN,carbon,Nexus,2025-01-01,221.5724639892578
HUN,carbon,Nexus,2025-02-01,220.8399658203125
HUN,carbon,Nexus,2025-03-01,206.419677734375
HUN,carbon,Nexus,2025-04-01,173.2275390625
HUN,carbon,Nexus,2025-05-01,167.86410522460938
HUN,carbon,Nexus,2025-06-01,163.05819702148438
HUN,carbon,Nexus,2025-07-01,160.5777587890625
HUN,carbon,Nexus,2025-08-01,163.03919982910156
HUN,carbon,Nexus,2025-09-01,171.66883850097656
HUN,carbon,Nexus,2025-10-01,183.57144165039062
HUN,carbon,Nexus,2025-11-01,217.46463012695312
HUN,carbon,Nexus,2025-12-01,222.3934326171875
IND|delhi,carbon,Nexus,2024-12-01,357.291259765625
IND|delhi,carbon,Nexus,2025-01-01,377.7248229980469
IND|delhi,carbon,Nexus,2025-02-01,384.2896423339844
IND|delhi,carbon,Nexus,2025-03-01,386.93603515625
IND|delhi,carbon,Nexus,2025-04-01,388.7834167480469
IND|delhi,carbon,Nexus,2025-05-01,390.470458984375
IND|delhi,carbon,Nexus,2025-06-01,391.1186218261719
IND|delhi,carbon,Nexus,2025-07-01,391.1178894042969
IND|delhi,carbon,Nexus,2025-08-01,391.4957580566406
IND|delhi,carbon,Nexus,2025-09-01,390.859375
IND|delhi,carbon,Nexus,2025-10-01,390.58331298828125
IND|delhi,carbon,Nexus,2025-11-01,390.4083557128906
IND|gujarat,carbon,Nexus,2024-12-01,518.1325073242188
IND|gujarat,carbon,Nexus,2025-01-01,521.6152954101562
IND|gujarat,carbon,Nexus,2025-02-01,516.8951416015625
IND|gujarat,carbon,Nexus,2025-03-01,506.4167785644531
IND|gujarat,carbon,Nexus,2025-04-01,505.1395263671875
IND|gujarat,carbon,Nexus,2025-05-01,474.0578308105469
IND|gujarat,carbon,Nexus,2025-06-01,474.0924072265625
IND|gujarat,carbon,Nexus,2025-07-01,464.5960388183594
IND|gujarat,carbon,Nexus,2025-08-01,448.7877197265625
IND|gujarat,carbon,Nexus,2025-09-01,471.4782409667969
IND|gujarat,carbon,Nexus,2025-10-01,510.24432373046875
IND|gujarat,carbon,Nexus,2025-11-01,518.3845825195312
IND|karnataka,carbon,Nexus,2024-12-01,396.3343811035156
IND|karnataka,carbon,Nexus,2025-01-01,427.8222961425781
IND|karnataka,carbon,Nexus,2025-02-01,448.7358093261719
IND|karnataka,carbon,Nexus,2025-03-01,457.0428466796875
IND|karnataka,carbon,Nexus,2025-04-01,449.916015625
IND|karnataka,carbon,Nexus,2025-05-01,424.767333984375
IND|karnataka,carbon,Nexus,2025-06-01,385.9892578125
IND|karnataka,carbon,Nexus,2025-07-01,357.9921875
IND|karnataka,carbon,Nexus,2025-08-01,348.36444091796875
IND|karnataka,carbon,Nexus,2025-09-01,361.16009521484375
IND|karnataka,carbon,Nexus,2025-10-01,385.9187316894531
IND|karnataka,carbon,Nexus,2025-11-01,406.8642272949219
IND|kerala,carbon,Nexus,2024-12-01,29.27214813232422
IND|kerala,carbon,Nexus,2025-01-01,29.424240112304688
IND|kerala,carbon,Nexus,2025-02-01,29.420730590820312
IND|kerala,carbon,Nexus,2025-03-01,29.483264923095703
IND|kerala,carbon,Nexus,2025-04-01,29.312023162841797
IND|kerala,carbon,Nexus,2025-05-01,29.078636169433594
IND|kerala,carbon,Nexus,2025-06-01,28.837215423583984
IND|kerala,carbon,Nexus,2025-07-01,28.725313186645508
IND|kerala,carbon,Nexus,2025-08-01,28.69721031188965
IND|kerala,carbon,Nexus,2025-09-01,28.855995178222656
IND|kerala,carbon,Nexus,2025-10-01,28.850770950317383
IND|kerala,carbon,Nexus,2025-11-01,28.987932205200195
IND|maharashtra,carbon,Nexus,2024-12-01,677.1360473632812
IND|maharashtra,carbon,Nexus,2025-01-01,679.07470703125
IND|maharashtra,carbon,Nexus,2025-02-01,679.1812744140625
IND|maharashtra,carbon,Nexus,2025-03-01,674.0827026367188
IND|maharashtra,carbon,Nexus,2025-04-01,667.635009765625
IND|maharashtra,carbon,Nexus,2025-05-01,651.3153076171875
IND|maharashtra,carbon,Nexus,2025-06-01,645.1082153320312
IND|maharashtra,carbon,Nexus,2025-07-01,632.1486206054688
IND|maharashtra,carbon,Nexus,2025-08-01,630.4992065429688
IND|maharashtra,carbon,Nexus,2025-09-01,653.3936157226562
IND|maharashtra,carbon,Nexus,2025-10-01,672.10546875
IND|maharashtra,carbon,Nexus,2025-11-01,675.232421875
IND|odisha,carbon,Nexus,2024-12-01,772.1693725585938
IND|odisha,carbon,Nexus,2025-01-01,765.4119262695312
IND|odisha,carbon,Nexus,2025-02-01,762.4688720703125
IND|odisha,carbon,Nexus,2025-03-01,760.6319580078125
IND|odisha,carbon,Nexus,2025-04-01,749.5325317382812
IND|odisha,carbon,Nexus,2025-05-01,755.6655883789062
IND|odisha,carbon,Nexus,2025-06-01,756.3084716796875
IND|odisha,carbon,Nexus,2025-07-01,726.48486328125
IND|odisha,carbon,Nexus,2025-08-01,701.8345336914062
IND|odisha,carbon,Nexus,2025-09-01,704.3064575195312
IND|odisha,carbon,Nexus,2025-10-01,704.7345581054688
IND|odisha,carbon,Nexus,2025-11-01,748.1266479492188
IND|rajasthan,carbon,Nexus,2024-12-01,448.4945068359375
IND|rajasthan,carbon,Nexus,2025-01-01,448.41729736328125
IND|rajasthan,carbon,Nexus,2025-02-01,440.9208068847656
IND|rajasthan,carbon,Nexus,2025-03-01,428.09814453125
IND|rajasthan,carbon,Nexus,2025-04-01,421.4021301269531
IND|rajasthan,carbon,Nexus,2025-05-01,418.9566345214844
IND|rajasthan,carbon,Nexus,2025-06-01,419.1783752441406
IND|rajasthan,carbon,Nexus,2025-07-01,418.93902587890625
IND|rajasthan,carbon,Nexus,2025-08-01,421.05206298828125
IND|rajasthan,carbon,Nexus,2025-09-01,428.9985046386719
IND|rajasthan,carbon,Nexus,2025-10-01,435.9704284667969
IND|rajasthan,carbon,Nexus,2025-11-01,445.47125244140625
IND|tamil nadu,carbon,Nexus,2024-12-01,513.0606079101562
IND|tamil nadu,carbon,Nexus,2025-01-01,539.576416015625
IND|tamil nadu,carbon,Nexus,2025-02-01,568.012939453125
IND|tamil nadu,carbon,Nexus,2025-03-01,586.6553955078125
IND|tamil nadu,carbon,Nexus,2025-04-01,586.4635620117188
IND|tamil nadu,carbon,Nexus,2025-05-01,533.4153442382812
IND|tamil nadu,carbon,Nexus,2025-06-01,461.9580993652344
IND|tamil nadu,carbon,Nexus,2025-07-01,425.4958801269531
IND|tamil nadu,carbon,Nexus,2025-08-01,421.4600830078125
IND|tamil nadu,carbon,Nexus,2025-09-01,431.18585205078125
IND|tamil nadu,carbon,Nexus,2025-10-01,488.5663757324219
IND|tamil nadu,carbon,Nexus,2025-11-01,516.94287109375
IND|telangana,carbon,Nexus,2024-12-01,718.56298828125
IND|telangana,carbon,Nexus,2025-01-01,717.1449584960938
IND|telangana,carbon,Nexus,2025-02-01,710.6981201171875
IND|telangana,carbon,Nexus,2025-03-01,714.6968994140625
IND|telangana,carbon,Nexus,2025-04-01,716.9208984375
IND|telangana,carbon,Nexus,2025-05-01,717.852783203125
IND|telangana,carbon,Nexus,2025-06-01,715.0973510742188
IND|telangana,carbon,Nexus,2025-07-01,688.7603149414062
IND|telangana,carbon,Nexus,2025-08-01,628.0562133789062
IND|telangana,carbon,Nexus,2025-09-01,627.7210693359375
IND|telangana,carbon,Nexus,2025-10-01,625.3359375
IND|telangana,carbon,Nexus,2025-11-01,680.72265625
IND|uttar pradesh,carbon,Nexus,2024-12-01,749.1127319335938
IND|uttar pradesh,carbon,Nexus,2025-01-01,754.1541748046875
IND|uttar pradesh,carbon,Nexus,2025-02-01,757.9323120117188
IND|uttar pradesh,carbon,Nexus,2025-03-01,763.7883911132812
IND|uttar pradesh,carbon,Nexus,2025-04-01,771.8139038085938
IND|uttar pradesh,carbon,Nexus,2025-05-01,778.7401733398438
IND|uttar pradesh,carbon,Nexus,2025-06-01,782.3170166015625
IND|uttar pradesh,carbon,Nexus,2025-07-01,782.9384765625
IND|uttar pradesh,carbon,Nexus,2025-08-01,780.3009033203125
IND|uttar pradesh,carbon,Nexus,2025-09-01,774.1671752929688
IND|uttar pradesh,carbon,Nexus,2025-10-01,766.9381713867188
IND|uttar pradesh,carbon,Nexus,2025-11-01,759.3043212890625
IND|west bengal,carbon,Nexus,2024-12-01,787.61376953125
IND|west bengal,carbon,Nexus,2025-01-01,790.0634155273438
IND|west bengal,carbon,Nexus,2025-02-01,792.0305786132812
IND|west bengal,carbon,Nexus,2025-03-01,794.1361694335938
IND|west bengal,carbon,Nexus,2025-04-01,792.5691528320312
IND|west bengal,carbon,Nexus,2025-05-01,788.1082153320312
IND|west bengal,carbon,Nexus,2025-06-01,782.56689453125
IND|west bengal,carbon,Nexus,2025-07-01,777.7028198242188
IND|west bengal,carbon,Nexus,2025-08-01,774.3110961914062
IND|west bengal,carbon,Nexus,2025-09-01,775.1162109375
IND|west bengal,carbon,Nexus,2025-10-01,779.4331665039062
IND|west bengal,carbon,Nexus,2025-11-01,786.8943481445312
IRL,carbon,Nexus,2025-01-01,271.23297119140625
IRL,carbon,Nexus,2025-02-01,253.79336547851562
IRL,carbon,Nexus,2025-03-01,284.7015380859375
IRL,carbon,Nexus,2025-04-01,306.2383117675781
IRL,carbon,Nexus,2025-05-01,320.294921875
IRL,carbon,Nexus,2025-06-01,333.4426574707031
IRL,carbon,Nexus,2025-07-01,355.00537109375
IRL,carbon,Nexus,2025-08-01,318.7107849121094
IRL,carbon,Nexus,2025-09-01,323.05511474609375
IRL,carbon,Nexus,2025-10-01,284.25140380859375
IRL,carbon,Nexus,2025-11-01,281.3405456542969
IRL,carbon,Nexus,2025-12-01,249.10275268554688
ITA,carbon,Nexus,2025-01-01,338.9873046875
ITA,carbon,Nexus,2025-02-01,327.7099914550781
ITA,carbon,Nexus,2025-03-01,302.3468017578125
ITA,carbon,Nexus,2025-04-01,275.7269592285156
ITA,carbon,Nexus,2025-05-01,254.7612762451172
ITA,carbon,Nexus,2025-06-01,265.6800231933594
ITA,carbon,Nexus,2025-07-01,292.5769958496094
ITA,carbon,Nexus,2025-08-01,305.88739013671875
ITA,carbon,Nexus,2025-09-01,330.9928283691406
ITA,carbon,Nexus,2025-10-01,343.8685607910156
ITA,carbon,Nexus,2025-11-01,349.63287353515625
ITA,carbon,Nexus,2025-12-01,354.7548828125
LTU,carbon,Nexus,2025-01-01,177.37014770507812
LTU,carbon,Nexus,2025-02-01,172.73851013183594
LTU,carbon,Nexus,2025-03-01,170.12181091308594
LTU,carbon,Nexus,2025-04-01,171.4462890625
LTU,carbon,Nexus,2025-05-01,174.96424865722656
LTU,carbon,Nexus,2025-06-01,180.93141174316406
LTU,carbon,Nexus,2025-07-01,183.92491149902344
LTU,carbon,Nexus,2025-08-01,186.4453887939453
LTU,carbon,Nexus,2025-09-01,185.24761962890625
LTU,carbon,Nexus,2025-10-01,180.16317749023438
LTU,carbon,Nexus,2025-11-01,172.38092041015625
LTU,carbon,Nexus,2025-12-01,166.12030029296875
LUX,carbon,Nexus,2025-01-01,45.08738708496094
LUX,carbon,Nexus,2025-02-01,74.97721862792969
LUX,carbon,Nexus,2025-03-01,128.9571990966797
LUX,carbon,Nexus,2025-04-01,130.6682586669922
LUX,carbon,Nexus,2025-05-01,130.3701934814453
LUX,carbon,Nexus,2025-06-01,125.26408386230469
LUX,carbon,Nexus,2025-07-01,130.2169952392578
LUX,carbon,Nexus,2025-08-01,147.86380004882812
LUX,carbon,Nexus,2025-09-01,143.0603485107422
LUX,carbon,Nexus,2025-10-01,135.69998168945312
LUX,carbon,Nexus,2025-11-01,119.34310913085938
LUX,carbon,Nexus,2025-12-01,91.65768432617188
LVA,carbon,Nexus,2025-01-01,144.16531372070312
LVA,carbon,Nexus,2025-02-01,123.57598876953125
LVA,carbon,Nexus,2025-03-01,76.61415100097656
LVA,carbon,Nexus,2025-04-01,46.84423828125
LVA,carbon,Nexus,2025-05-01,66.56953430175781
LVA,carbon,Nexus,2025-06-01,106.45018005371094
LVA,carbon,Nexus,2025-07-01,130.44717407226562
LVA,carbon,Nexus,2025-08-01,173.5801544189453
LVA,carbon,Nexus,2025-09-01,180.34027099609375
LVA,carbon,Nexus,2025-10-01,171.46597290039062
LVA,carbon,Nexus,2025-11-01,173.4599609375
LVA,carbon,Nexus,2025-12-01,169.60064697265625
MDA,carbon,Nexus,2023-09-01,716.3538208007812
MDA,carbon,Nexus,2023-10-01,717.8338623046875
MDA,carbon,Nexus,2023-11-01,719.6231689453125
MDA,carbon,Nexus,2023-12-01,718.8259887695312
MDA,carbon,Nexus,2024-01-01,717.844482421875
MDA,carbon,Nexus,2024-02-01,718.1939086914062
MDA,carbon,Nexus,2024-03-01,715.35888671875
MDA,carbon,Nexus,2024-04-01,708.6932983398438
MDA,carbon,Nexus,2024-05-01,705.4920654296875
MDA,carbon,Nexus,2024-06-01,705.25927734375
MDA,carbon,Nexus,2024-07-01,706.37890625
MDA,carbon,Nexus,2024-08-01,708.8025512695312
MKD,carbon,Nexus,2024-03-01,649.4115600585938
MKD,carbon,Nexus,2024-04-01,636.9498291015625
MKD,carbon,Nexus,2024-05-01,630.9063720703125
MKD,carbon,Nexus,2024-06-01,631.6152954101562
MKD,carbon,Nexus,2024-07-01,626.6880493164062
MKD,carbon,Nexus,2024-08-01,624.958251953125
MKD,carbon,Nexus,2024-09-01,623.8060302734375
MKD,carbon,Nexus,2024-10-01,625.6301879882812
MKD,carbon,Nexus,2024-11-01,623.38525390625
MKD,carbon,Nexus,2024-12-01,622.4799194335938
MKD,carbon,Nexus,2025-01-01,620.4644165039062
MKD,carbon,Nexus,2025-02-01,621.878173828125
MLT,carbon,Nexus,2025-01-01,529.5803833007812
MLT,carbon,Nexus,2025-02-01,522.1911010742188
MLT,carbon,Nexus,2025-03-01,515.0565795898438
MLT,carbon,Nexus,2025-04-01,507.00567626953125
MLT,carbon,Nexus,2025-05-01,508.72381591796875
MLT,carbon,Nexus,2025-06-01,510.4908142089844
MLT,carbon,Nexus,2025-07-01,513.1614990234375
MLT,carbon,Nexus,2025-08-01,514.359619140625
MLT,carbon,Nexus,2025-09-01,515.6535034179688
MLT,carbon,Nexus,2025-10-01,517.5167846679688
MLT,carbon,Nexus,2025-11-01,521.1864013671875
MLT,carbon,Nexus,2025-12-01,526.48095703125
NLD,carbon,Nexus,2025-01-01,281.2228088378906
NLD,carbon,Nexus,2025-02-01,264.18524169921875
NLD,carbon,Nexus,2025-03-01,251.39462280273438
NLD,carbon,Nexus,2025-04-01,239.2707977294922
NLD,carbon,Nexus,2025-05-01,233.50244140625
NLD,carbon,Nexus,2025-06-01,230.77450561523438
NLD,carbon,Nexus,2025-07-01,231.7423095703125
NLD,carbon,Nexus,2025-08-01,234.45138549804688
NLD,carbon,Nexus,2025-09-01,240.3951416015625
NLD,carbon,Nexus,2025-10-01,243.9878387451172
NLD,carbon,Nexus,2025-11-01,247.27479553222656
NLD,carbon,Nexus,2025-12-01,247.40538024902344
NOR,carbon,Nexus,2025-01-01,26.585674285888672
NOR,carbon,Nexus,2025-02-01,26.555660247802734
NOR,carbon,Nexus,2025-03-01,26.77276611328125
NOR,carbon,Nexus,2025-04-01,27.206649780273438
NOR,carbon,Nexus,2025-05-01,27.399669647216797
NOR,carbon,Nexus,2025-06-01,27.664779663085938
NOR,carbon,Nexus,2025-07-01,28.026771545410156
NOR,carbon,Nexus,2025-08-01,27.9295654296875
NOR,carbon,Nexus,2025-09-01,27.76581573486328
NOR,carbon,Nexus,2025-10-01,27.373210906982422
NOR,carbon,Nexus,2025-11-01,26.975507736206055
NOR,carbon,Nexus,2025-12-01,26.838857650756836
POL,carbon,Nexus,2025-01-01,695.8411254882812
POL,carbon,Nexus,2025-02-01,680.283935546875
POL,carbon,Nexus,2025-03-01,670.3077392578125
POL,carbon,Nexus,2025-04-01,656.1837158203125
POL,carbon,Nexus,2025-05-01,653.1822509765625
POL,carbon,Nexus,2025-06-01,650.8557739257812
POL,carbon,Nexus,2025-07-01,651.8032836914062
POL,carbon,Nexus,2025-08-01,653.374267578125
POL,carbon,Nexus,2025-09-01,656.927978515625
POL,carbon,Nexus,2025-10-01,662.1433715820312
POL,carbon,Nexus,2025-11-01,669.1970825195312
POL,carbon,Nexus,2025-12-01,669.8968505859375
PRT,carbon,Nexus,2025-01-01,124.56410217285156
PRT,carbon,Nexus,2025-02-01,117.12368774414062
PRT,carbon,Nexus,2025-03-01,113.14337158203125
PRT,carbon,Nexus,2025-04-01,114.27693176269531
PRT,carbon,Nexus,2025-05-01,119.37820434570312
PRT,carbon,Nexus,2025-06-01,127.32342529296875
PRT,carbon,Nexus,2025-07-01,129.8389892578125
PRT,carbon,Nexus,2025-08-01,128.98199462890625
PRT,carbon,Nexus,2025-09-01,124.71839904785156
PRT,carbon,Nexus,2025-10-01,112.39088439941406
PRT,carbon,Nexus,2025-11-01,100.13043212890625
PRT,carbon,Nexus,2025-12-01,91.30274963378906
ROU,carbon,Nexus,2025-01-01,273.9628601074219
ROU,carbon,Nexus,2025-02-01,260.0683288574219
ROU,carbon,Nexus,2025-03-01,239.49737548828125
ROU,carbon,Nexus,2025-04-01,214.3149871826172
ROU,carbon,Nexus,2025-05-01,216.862548828125
ROU,carbon,Nexus,2025-06-01,223.00411987304688
ROU,carbon,Nexus,2025-07-01,255.3203887939453
ROU,carbon,Nexus,2025-08-01,266.51904296875
ROU,carbon,Nexus,2025-09-01,266.4796142578125
ROU,carbon,Nexus,2025-10-01,266.9773864746094
ROU,carbon,Nexus,2025-11-01,272.19097900390625
ROU,carbon,Nexus,2025-12-01,266.27593994140625
SRB,carbon,Nexus,2025-01-01,697.4486694335938
SRB,carbon,Nexus,2025-02-01,670.110107421875
SRB,carbon,Nexus,2025-03-01,649.8642578125
SRB,carbon,Nexus,2025-04-01,619.780029296875
SRB,carbon,Nexus,2025-05-01,582.8753662109375
SRB,carbon,Nexus,2025-06-01,611.506591796875
SRB,carbon,Nexus,2025-07-01,695.716796875
SRB,carbon,Nexus,2025-08-01,738.6499633789062
SRB,carbon,Nexus,2025-09-01,774.6536254882812
SRB,carbon,Nexus,2025-10-01,775.0812377929688
SRB,carbon,Nexus,2025-11-01,690.2927856445312
SRB,carbon,Nexus,2025-12-01,643.436767578125
SVK,carbon,Nexus,2025-01-01,108.61778259277344
SVK,carbon,Nexus,2025-02-01,103.24817657470703
SVK,carbon,Nexus,2025-03-01,98.56436157226562
SVK,carbon,Nexus,2025-04-01,91.81200408935547
SVK,carbon,Nexus,2025-05-01,81.97020721435547
SVK,carbon,Nexus,2025-06-01,85.7005844116211
SVK,carbon,Nexus,2025-07-01,84.73054504394531
SVK,carbon,Nexus,2025-08-01,79.82579040527344
SVK,carbon,Nexus,2025-09-01,88.69666290283203
SVK,carbon,Nexus,2025-10-01,99.12106323242188
SVK,carbon,Nexus,2025-11-01,100.44058227539062
SVK,carbon,Nexus,2025-12-01,101.22615814208984
SVN,carbon,Nexus,2025-01-01,285.8734436035156
SVN,carbon,Nexus,2025-02-01,279.9936218261719
SVN,carbon,Nexus,2025-03-01,265.2045593261719
SVN,carbon,Nexus,2025-04-01,234.9849853515625
SVN,carbon,Nexus,2025-05-01,180.21475219726562
SVN,carbon,Nexus,2025-06-01,196.691650390625
SVN,carbon,Nexus,2025-07-01,228.6546630859375
SVN,carbon,Nexus,2025-08-01,239.33282470703125
SVN,carbon,Nexus,2025-09-01,229.76638793945312
SVN,carbon,Nexus,2025-10-01,306.0072937011719
SVN,carbon,Nexus,2025-11-01,238.84280395507812
SVN,carbon,Nexus,2025-12-01,244.38645935058594
SWE,carbon,Nexus,2025-01-01,23.15712547302246
SWE,carbon,Nexus,2025-02-01,24.315792083740234
SWE,carbon,Nexus,2025-03-01,25.70429229736328
SWE,carbon,Nexus,2025-04-01,25.733434677124023
SWE,carbon,Nexus,2025-05-01,25.387239456176758
SWE,carbon,Nexus,2025-06-01,24.18095588684082
SWE,carbon,Nexus,2025-07-01,22.7961368560791
SWE,carbon,Nexus,2025-08-01,21.371898651123047
SWE,carbon,Nexus,2025-09-01,21.102069854736328
SWE,carbon,Nexus,2025-10-01,21.40734100341797
SWE,carbon,Nexus,2025-11-01,22.388301849365234
SWE,carbon,Nexus,2025-12-01,23.322721481323242
TUR,carbon,Nexus,2025-01-01,507.4212341308594
TUR,carbon,Nexus,2025-02-01,494.2120666503906
TUR,carbon,Nexus,2025-03-01,444.5650634765625
TUR,carbon,Nexus,2025-04-01,387.77227783203125
TUR,carbon,Nexus,2025-05-01,394.706298828125
TUR,carbon,Nexus,2025-06-01,437.30010986328125
TUR,carbon,Nexus,2025-07-01,462.34014892578125
TUR,carbon,Nexus,2025-08-01,482.2448425292969
TUR,carbon,Nexus,2025-09-01,506.60546875
TUR,carbon,Nexus,2025-10-01,526.11474609375
TUR,carbon,Nexus,2025-11-01,531.6917114257812
TUR,carbon,Nexus,2025-12-01,520.2173461914062
USA|alabama,carbon,Nexus,2025-01-01,327.02484130859375
USA|alabama,carbon,Nexus,2025-02-01,325.5204162597656
USA|alabama,carbon,Nexus,2025-03-01,323.9784240722656
USA|alabama,carbon,Nexus,2025-04-01,320.6641845703125
USA|alabama,carbon,Nexus,2025-05-01,331.4117431640625
USA|alabama,carbon,Nexus,2025-06-01,345.49737548828125
USA|alabama,carbon,Nexus,2025-07-01,350.8183288574219
USA|alabama,carbon,Nexus,2025-08-01,347.847412109375
USA|alabama,carbon,Nexus,2025-09-01,336.58795166015625
USA|alabama,carbon,Nexus,2025-10-01,328.8829650878906
USA|alabama,carbon,Nexus,2025-11-01,318.91900634765625
USA|alabama,carbon,Nexus,2025-12-01,307.67791748046875
USA|arizona,carbon,Nexus,2025-01-01,280.5950012207031
USA|arizona,carbon,Nexus,2025-02-01,272.5506896972656
USA|arizona,carbon,Nexus,2025-03-01,229.84881591796875
USA|arizona,carbon,Nexus,2025-04-01,259.34246826171875
USA|arizona,carbon,Nexus,2025-05-01,263.2984924316406
USA|arizona,carbon,Nexus,2025-06-01,280.44500732421875
USA|arizona,carbon,Nexus,2025-07-01,316.0656433105469
USA|arizona,carbon,Nexus,2025-08-01,323.2140808105469
USA|arizona,carbon,Nexus,2025-09-01,310.15625
USA|arizona,carbon,Nexus,2025-10-01,326.9828796386719
USA|arizona,carbon,Nexus,2025-11-01,301.04736328125
USA|arizona,carbon,Nexus,2025-12-01,286.91754150390625
USA|arkansas,carbon,Nexus,2025-01-01,417.7656555175781
USA|arkansas,carbon,Nexus,2025-02-01,405.5334167480469
USA|arkansas,carbon,Nexus,2025-03-01,389.39288330078125
USA|arkansas,carbon,Nexus,2025-04-01,382.51800537109375
USA|arkansas,carbon,Nexus,2025-05-01,402.6949157714844
USA|arkansas,carbon,Nexus,2025-06-01,432.3526306152344
USA|arkansas,carbon,Nexus,2025-07-01,448.7644958496094
USA|arkansas,carbon,Nexus,2025-08-01,452.0997009277344
USA|arkansas,carbon,Nexus,2025-09-01,448.4823303222656
USA|arkansas,carbon,Nexus,2025-10-01,441.9903869628906
USA|arkansas,carbon,Nexus,2025-11-01,437.470458984375
USA|arkansas,carbon,Nexus,2025-12-01,434.88055419921875
USA|california,carbon,Nexus,2025-01-01,216.66995239257812
USA|california,carbon,Nexus,2025-02-01,196.73037719726562
USA|california,carbon,Nexus,2025-03-01,161.07810974121094
USA|california,carbon,Nexus,2025-04-01,127.61863708496094
USA|california,carbon,Nexus,2025-05-01,113.578369140625
USA|california,carbon,Nexus,2025-06-01,136.081298828125
USA|california,carbon,Nexus,2025-07-01,186.817626953125
USA|california,carbon,Nexus,2025-08-01,201.89810180664062
USA|california,carbon,Nexus,2025-09-01,206.6329803466797
USA|california,carbon,Nexus,2025-10-01,221.43832397460938
USA|california,carbon,Nexus,2025-11-01,230.35084533691406
USA|california,carbon,Nexus,2025-12-01,237.19920349121094
USA|colorado,carbon,Nexus,2025-01-01,384.03216552734375
USA|colorado,carbon,Nexus,2025-02-01,367.86456298828125
USA|colorado,carbon,Nexus,2025-03-01,333.783447265625
USA|colorado,carbon,Nexus,2025-04-01,297.113037109375
USA|colorado,carbon,Nexus,2025-05-01,308.76715087890625
USA|colorado,carbon,Nexus,2025-06-01,351.82666015625
USA|colorado,carbon,Nexus,2025-07-01,391.75653076171875
USA|colorado,carbon,Nexus,2025-08-01,397.4189758300781
USA|colorado,carbon,Nexus,2025-09-01,373.10198974609375
USA|colorado,carbon,Nexus,2025-10-01,359.3147277832031
USA|colorado,carbon,Nexus,2025-11-01,363.26141357421875
USA|colorado,carbon,Nexus,2025-12-01,367.0319519042969
USA|connecticut,carbon,Nexus,2025-01-01,298.3143310546875
USA|connecticut,carbon,Nexus,2025-02-01,289.4299011230469
USA|connecticut,carbon,Nexus,2025-03-01,272.9426574707031
USA|connecticut,carbon,Nexus,2025-04-01,317.67401123046875
USA|connecticut,carbon,Nexus,2025-05-01,318.16802978515625
USA|connecticut,carbon,Nexus,2025-06-01,287.560791015625
USA|connecticut,carbon,Nexus,2025-07-01,303.7798767089844
USA|connecticut,carbon,Nexus,2025-08-01,304.2055358886719
USA|connecticut,carbon,Nexus,2025-09-01,284.5333251953125
USA|connecticut,carbon,Nexus,2025-10-01,267.1122131347656
USA|connecticut,carbon,Nexus,2025-11-01,275.4092102050781
USA|connecticut,carbon,Nexus,2025-12-01,288.939208984375
USA|delaware,carbon,Nexus,2025-01-01,500.1171569824219
USA|delaware,carbon,Nexus,2025-02-01,478.5390930175781
USA|delaware,carbon,Nexus,2025-03-01,469.92742919921875
USA|delaware,carbon,Nexus,2025-04-01,469.6174011230469
USA|delaware,carbon,Nexus,2025-05-01,466.6024475097656
USA|delaware,carbon,Nexus,2025-06-01,475.64666748046875
USA|delaware,carbon,Nexus,2025-07-01,490.8994140625
USA|delaware,carbon,Nexus,2025-08-01,479.56884765625
USA|delaware,carbon,Nexus,2025-09-01,472.12103271484375
USA|delaware,carbon,Nexus,2025-10-01,472.55865478515625
USA|delaware,carbon,Nexus,2025-11-01,476.5377197265625
USA|delaware,carbon,Nexus,2025-12-01,483.12823486328125
USA|florida,carbon,Nexus,2025-01-01,389.4008483886719
USA|florida,carbon,Nexus,2025-02-01,386.5782775878906
USA|florida,carbon,Nexus,2025-03-01,388.05010986328125
USA|florida,carbon,Nexus,2025-04-01,391.7940673828125
USA|florida,carbon,Nexus,2025-05-01,398.1556091308594
USA|florida,carbon,Nexus,2025-06-01,402.85333251953125
USA|florida,carbon,Nexus,2025-07-01,406.4200439453125
USA|florida,carbon,Nexus,2025-08-01,408.0221862792969
USA|florida,carbon,Nexus,2025-09-01,406.71173095703125
USA|florida,carbon,Nexus,2025-10-01,403.2099609375
USA|florida,carbon,Nexus,2025-11-01,395.7681884765625
USA|florida,carbon,Nexus,2025-12-01,389.5260009765625
USA|georgia,carbon,Nexus,2025-01-01,319.8006591796875
USA|georgia,carbon,Nexus,2025-02-01,325.0740966796875
USA|georgia,carbon,Nexus,2025-03-01,324.76409912109375
USA|georgia,carbon,Nexus,2025-04-01,313.32391357421875
USA|georgia,carbon,Nexus,2025-05-01,327.48992919921875
USA|georgia,carbon,Nexus,2025-06-01,349.3746337890625
USA|georgia,carbon,Nexus,2025-07-01,357.361328125
USA|georgia,carbon,Nexus,2025-08-01,357.6291809082031
USA|georgia,carbon,Nexus,2025-09-01,350.7484130859375
USA|georgia,carbon,Nexus,2025-10-01,321.2352294921875
USA|georgia,carbon,Nexus,2025-11-01,313.7292785644531
USA|georgia,carbon,Nexus,2025-12-01,324.9913330078125
USA|idaho,carbon,Nexus,2025-01-01,178.89083862304688
USA|idaho,carbon,Nexus,2025-02-01,162.91455078125
USA|idaho,carbon,Nexus,2025-03-01,144.56590270996094
USA|idaho,carbon,Nexus,2025-04-01,116.59395599365234
USA|idaho,carbon,Nexus,2025-05-01,106.71566772460938
USA|idaho,carbon,Nexus,2025-06-01,140.1842041015625
USA|idaho,carbon,Nexus,2025-07-01,180.367919921875
USA|idaho,carbon,Nexus,2025-08-01,196.66091918945312
USA|idaho,carbon,Nexus,2025-09-01,197.03515625
USA|idaho,carbon,Nexus,2025-10-01,191.49380493164062
USA|idaho,carbon,Nexus,2025-11-01,197.7841033935547
USA|idaho,carbon,Nexus,2025-12-01,201.33587646484375
USA|illinois,carbon,Nexus,2025-01-01,211.8368377685547
USA|illinois,carbon,Nexus,2025-02-01,207.05764770507812
USA|illinois,carbon,Nexus,2025-03-01,186.16567993164062
USA|illinois,carbon,Nexus,2025-04-01,167.7064971923828
USA|illinois,carbon,Nexus,2025-05-01,176.03567504882812
USA|illinois,carbon,Nexus,2025-06-01,215.07032775878906
USA|illinois,carbon,Nexus,2025-07-01,250.68931579589844
USA|illinois,carbon,Nexus,2025-08-01,248.25869750976562
USA|illinois,carbon,Nexus,2025-09-01,219.3055419921875
USA|illinois,carbon,Nexus,2025-10-01,190.92445373535156
USA|illinois,carbon,Nexus,2025-11-01,187.12977600097656
USA|illinois,carbon,Nexus,2025-12-01,194.22962951660156
USA|indiana,carbon,Nexus,2025-01-01,574.168701171875
USA|indiana,carbon,Nexus,2025-02-01,560.275390625
USA|indiana,carbon,Nexus,2025-03-01,537.8900146484375
USA|indiana,carbon,Nexus,2025-04-01,537.6595458984375
USA|indiana,carbon,Nexus,2025-05-01,562.9995727539062
USA|indiana,carbon,Nexus,2025-06-01,601.3246459960938
USA|indiana,carbon,Nexus,2025-07-01,623.9315185546875
USA|indiana,carbon,Nexus,2025-08-01,624.82373046875
USA|indiana,carbon,Nexus,2025-09-01,598.9542236328125
USA|indiana,carbon,Nexus,2025-10-01,561.4112548828125
USA|indiana,carbon,Nexus,2025-11-01,549.6107788085938
USA|indiana,carbon,Nexus,2025-12-01,559.3569946289062
USA|iowa,carbon,Nexus,2025-01-01,269.8885192871094
USA|iowa,carbon,Nexus,2025-02-01,225.58221435546875
USA|iowa,carbon,Nexus,2025-03-01,168.46087646484375
USA|iowa,carbon,Nexus,2025-04-01,129.13232421875
USA|iowa,carbon,Nexus,2025-05-01,195.43655395507812
USA|iowa,carbon,Nexus,2025-06-01,334.86761474609375
USA|iowa,carbon,Nexus,2025-07-01,427.9319763183594
USA|iowa,carbon,Nexus,2025-08-01,414.13299560546875
USA|iowa,carbon,Nexus,2025-09-01,306.4707946777344
USA|iowa,carbon,Nexus,2025-10-01,184.97042846679688
USA|iowa,carbon,Nexus,2025-11-01,159.48440551757812
USA|iowa,carbon,Nexus,2025-12-01,206.847412109375
USA|kansas,carbon,Nexus,2025-01-01,276.8710021972656
USA|kansas,carbon,Nexus,2025-02-01,241.02085876464844
USA|kansas,carbon,Nexus,2025-03-01,172.44668579101562
USA|kansas,carbon,Nexus,2025-04-01,146.42819213867188
USA|kansas,carbon,Nexus,2025-05-01,206.93865966796875
USA|kansas,carbon,Nexus,2025-06-01,277.9842224121094
USA|kansas,carbon,Nexus,2025-07-01,351.56927490234375
USA|kansas,carbon,Nexus,2025-08-01,338.4656982421875
USA|kansas,carbon,Nexus,2025-09-01,265.8589782714844
USA|kansas,carbon,Nexus,2025-10-01,203.0806884765625
USA|kansas,carbon,Nexus,2025-11-01,199.920654296875
USA|kansas,carbon,Nexus,2025-12-01,242.05760192871094
USA|kentucky,carbon,Nexus,2025-01-01,683.3613891601562
USA|kentucky,carbon,Nexus,2025-02-01,682.9127807617188
USA|kentucky,carbon,Nexus,2025-03-01,682.3826904296875
USA|kentucky,carbon,Nexus,2025-04-01,681.3071899414062
USA|kentucky,carbon,Nexus,2025-05-01,681.665283203125
USA|kentucky,carbon,Nexus,2025-06-01,682.6476440429688
USA|kentucky,carbon,Nexus,2025-07-01,683.1433715820312
USA|kentucky,carbon,Nexus,2025-08-01,683.5740966796875
USA|kentucky,carbon,Nexus,2025-09-01,684.3801879882812
USA|kentucky,carbon,Nexus,2025-10-01,684.8165283203125
USA|kentucky,carbon,Nexus,2025-11-01,684.8893432617188
USA|kentucky,carbon,Nexus,2025-12-01,684.9977416992188
USA|louisiana,carbon,Nexus,2025-01-01,411.6536865234375
USA|louisiana,carbon,Nexus,2025-02-01,418.26556396484375
USA|louisiana,carbon,Nexus,2025-03-01,412.77825927734375
USA|louisiana,carbon,Nexus,2025-04-01,415.5716247558594
USA|louisiana,carbon,Nexus,2025-05-01,428.80474853515625
USA|louisiana,carbon,Nexus,2025-06-01,433.454345703125
USA|louisiana,carbon,Nexus,2025-07-01,435.2195739746094
USA|louisiana,carbon,Nexus,2025-08-01,436.4571533203125
USA|louisiana,carbon,Nexus,2025-09-01,433.9019775390625
USA|louisiana,carbon,Nexus,2025-10-01,428.8140869140625
USA|louisiana,carbon,Nexus,2025-11-01,431.3147277832031
USA|louisiana,carbon,Nexus,2025-12-01,432.6772155761719
USA|maine,carbon,Nexus,2025-01-01,188.38006591796875
USA|maine,carbon,Nexus,2025-02-01,178.14984130859375
USA|maine,carbon,Nexus,2025-03-01,160.504150390625
USA|maine,carbon,Nexus,2025-04-01,143.04605102539062
USA|maine,carbon,Nexus,2025-05-01,151.47039794921875
USA|maine,carbon,Nexus,2025-06-01,180.40316772460938
USA|maine,carbon,Nexus,2025-07-01,216.58660888671875
USA|maine,carbon,Nexus,2025-08-01,216.977294921875
USA|maine,carbon,Nexus,2025-09-01,201.2568359375
USA|maine,carbon,Nexus,2025-10-01,186.1317138671875
USA|maine,carbon,Nexus,2025-11-01,173.90689086914062
USA|maine,carbon,Nexus,2025-12-01,174.70068359375
USA|maryland,carbon,Nexus,2025-01-01,273.154541015625
USA|maryland,carbon,Nexus,2025-02-01,285.3927001953125
USA|maryland,carbon,Nexus,2025-03-01,269.40423583984375
USA|maryland,carbon,Nexus,2025-04-01,224.79315185546875
USA|maryland,carbon,Nexus,2025-05-01,229.0845489501953
USA|maryland,carbon,Nexus,2025-06-01,268.64093017578125
USA|maryland,carbon,Nexus,2025-07-01,298.2594299316406
USA|maryland,carbon,Nexus,2025-08-01,288.47247314453125
USA|maryland,carbon,Nexus,2025-09-01,264.7906494140625
USA|maryland,carbon,Nexus,2025-10-01,240.99920654296875
USA|maryland,carbon,Nexus,2025-11-01,238.13848876953125
USA|maryland,carbon,Nexus,2025-12-01,248.4718017578125
USA|massachusetts,carbon,Nexus,2025-01-01,411.4036865234375
USA|massachusetts,carbon,Nexus,2025-02-01,403.00250244140625
USA|massachusetts,carbon,Nexus,2025-03-01,369.3028564453125
USA|massachusetts,carbon,Nexus,2025-04-01,363.9460754394531
USA|massachusetts,carbon,Nexus,2025-05-01,361.9978942871094
USA|massachusetts,carbon,Nexus,2025-06-01,363.58099365234375
USA|massachusetts,carbon,Nexus,2025-07-01,385.5527648925781
USA|massachusetts,carbon,Nexus,2025-08-01,380.9043273925781
USA|massachusetts,carbon,Nexus,2025-09-01,364.1237487792969
USA|massachusetts,carbon,Nexus,2025-10-01,370.19525146484375
USA|massachusetts,carbon,Nexus,2025-11-01,371.6296081542969
USA|massachusetts,carbon,Nexus,2025-12-01,389.8040771484375
USA|michigan,carbon,Nexus,2025-01-01,407.6640625
USA|michigan,carbon,Nexus,2025-02-01,401.90972900390625
USA|michigan,carbon,Nexus,2025-03-01,397.0617980957031
USA|michigan,carbon,Nexus,2025-04-01,400.7394714355469
USA|michigan,carbon,Nexus,2025-05-01,407.52740478515625
USA|michigan,carbon,Nexus,2025-06-01,422.9351806640625
USA|michigan,carbon,Nexus,2025-07-01,436.24029541015625
USA|michigan,carbon,Nexus,2025-08-01,437.8905029296875
USA|michigan,carbon,Nexus,2025-09-01,434.8684997558594
USA|michigan,carbon,Nexus,2025-10-01,428.6105651855469
USA|michigan,carbon,Nexus,2025-11-01,418.8971862792969
USA|michigan,carbon,Nexus,2025-12-01,412.6380920410156
USA|minnesota,carbon,Nexus,2025-01-01,338.339111328125
USA|minnesota,carbon,Nexus,2025-02-01,297.6313781738281
USA|minnesota,carbon,Nexus,2025-03-01,260.68865966796875
USA|minnesota,carbon,Nexus,2025-04-01,224.8985137939453
USA|minnesota,carbon,Nexus,2025-05-01,257.42437744140625
USA|minnesota,carbon,Nexus,2025-06-01,314.46868896484375
USA|minnesota,carbon,Nexus,2025-07-01,360.5992736816406
USA|minnesota,carbon,Nexus,2025-08-01,345.6518859863281
USA|minnesota,carbon,Nexus,2025-09-01,287.9697265625
USA|minnesota,carbon,Nexus,2025-10-01,269.6324462890625
USA|minnesota,carbon,Nexus,2025-11-01,285.66583251953125
USA|minnesota,carbon,Nexus,2025-12-01,312.09796142578125
USA|mississippi,carbon,Nexus,2025-01-01,409.5314636230469
USA|mississippi,carbon,Nexus,2025-02-01,400.8645935058594
USA|mississippi,carbon,Nexus,2025-03-01,396.7287292480469
USA|mississippi,carbon,Nexus,2025-04-01,402.0479736328125
USA|mississippi,carbon,Nexus,2025-05-01,404.8408508300781
USA|mississippi,carbon,Nexus,2025-06-01,416.9390869140625
USA|mississippi,carbon,Nexus,2025-07-01,423.1678161621094
USA|mississippi,carbon,Nexus,2025-08-01,420.568115234375
USA|mississippi,carbon,Nexus,2025-09-01,410.93701171875
USA|mississippi,carbon,Nexus,2025-10-01,401.7574462890625
USA|mississippi,carbon,Nexus,2025-11-01,399.14215087890625
USA|mississippi,carbon,Nexus,2025-12-01,403.21734619140625
USA|missouri,carbon,Nexus,2025-01-01,576.3775634765625
USA|missouri,carbon,Nexus,2025-02-01,552.8082275390625
USA|missouri,carbon,Nexus,2025-03-01,515.16943359375
USA|missouri,carbon,Nexus,2025-04-01,635.5070190429688
USA|missouri,carbon,Nexus,2025-05-01,620.9720458984375
USA|missouri,carbon,Nexus,2025-06-01,543.7584228515625
USA|missouri,carbon,Nexus,2025-07-01,567.4990234375
USA|missouri,carbon,Nexus,2025-08-01,579.8433227539062
USA|missouri,carbon,Nexus,2025-09-01,547.370361328125
USA|missouri,carbon,Nexus,2025-10-01,538.4769287109375
USA|missouri,carbon,Nexus,2025-11-01,545.9168701171875
USA|missouri,carbon,Nexus,2025-12-01,551.5419311523438
USA|montana,carbon,Nexus,2025-01-01,391.0506591796875
USA|montana,carbon,Nexus,2025-02-01,389.0701599121094
USA|montana,carbon,Nexus,2025-03-01,383.9085693359375
USA|montana,carbon,Nexus,2025-04-01,315.2981262207031
USA|montana,carbon,Nexus,2025-05-01,235.0581512451172
USA|montana,carbon,Nexus,2025-06-01,276.759521484375
USA|montana,carbon,Nexus,2025-07-01,366.0630798339844
USA|montana,carbon,Nexus,2025-08-01,397.7180480957031
USA|montana,carbon,Nexus,2025-09-01,416.6076354980469
USA|montana,carbon,Nexus,2025-10-01,408.55987548828125
USA|montana,carbon,Nexus,2025-11-01,384.6908874511719
USA|montana,carbon,Nexus,2025-12-01,379.38153076171875
USA|nebraska,carbon,Nexus,2025-01-01,420.4132080078125
USA|nebraska,carbon,Nexus,2025-02-01,383.00244140625
USA|nebraska,carbon,Nexus,2025-03-01,329.13250732421875
USA|nebraska,carbon,Nexus,2025-04-01,267.0976867675781
USA|nebraska,carbon,Nexus,2025-05-01,334.022705078125
USA|nebraska,carbon,Nexus,2025-06-01,431.2098083496094
USA|nebraska,carbon,Nexus,2025-07-01,483.6932373046875
USA|nebraska,carbon,Nexus,2025-08-01,482.46624755859375
USA|nebraska,carbon,Nexus,2025-09-01,432.71923828125
USA|nebraska,carbon,Nexus,2025-10-01,408.88055419921875
USA|nebraska,carbon,Nexus,2025-11-01,383.44683837890625
USA|nebraska,carbon,Nexus,2025-12-01,401.1138610839844
USA|nevada,carbon,Nexus,2025-01-01,330.68304443359375
USA|nevada,carbon,Nexus,2025-02-01,310.0965576171875
USA|nevada,carbon,Nexus,2025-03-01,285.846923828125
USA|nevada,carbon,Nexus,2025-04-01,257.46429443359375
USA|nevada,carbon,Nexus,2025-05-01,264.6050109863281
USA|nevada,carbon,Nexus,2025-06-01,292.9747314453125
USA|nevada,carbon,Nexus,2025-07-01,323.4880065917969
USA|nevada,carbon,Nexus,2025-08-01,327.20245361328125
USA|nevada,carbon,Nexus,2025-09-01,317.8863525390625
USA|nevada,carbon,Nexus,2025-10-01,314.3492431640625
USA|nevada,carbon,Nexus,2025-11-01,311.62945556640625
USA|nevada,carbon,Nexus,2025-12-01,324.09832763671875
USA|new hampshire,carbon,Nexus,2025-01-01,173.83792114257812
USA|new hampshire,carbon,Nexus,2025-02-01,142.9365692138672
USA|new hampshire,carbon,Nexus,2025-03-01,130.27342224121094
USA|new hampshire,carbon,Nexus,2025-04-01,136.80604553222656
USA|new hampshire,carbon,Nexus,2025-05-01,126.76414489746094
USA|new hampshire,carbon,Nexus,2025-06-01,156.08489990234375
USA|new hampshire,carbon,Nexus,2025-07-01,208.2230987548828
USA|new hampshire,carbon,Nexus,2025-08-01,182.6483154296875
USA|new hampshire,carbon,Nexus,2025-09-01,159.268798828125
USA|new hampshire,carbon,Nexus,2025-10-01,153.88592529296875
USA|new hampshire,carbon,Nexus,2025-11-01,140.5853271484375
USA|new hampshire,carbon,Nexus,2025-12-01,162.19866943359375
USA|new jersey,carbon,Nexus,2025-01-01,232.0345916748047
USA|new jersey,carbon,Nexus,2025-02-01,230.77789306640625
USA|new jersey,carbon,Nexus,2025-03-01,225.69593811035156
USA|new jersey,carbon,Nexus,2025-04-01,249.67457580566406
USA|new jersey,carbon,Nexus,2025-05-01,246.05421447753906
USA|new jersey,carbon,Nexus,2025-06-01,260.3021240234375
USA|new jersey,carbon,Nexus,2025-07-01,290.70965576171875
USA|new jersey,carbon,Nexus,2025-08-01,281.2983703613281
USA|new jersey,carbon,Nexus,2025-09-01,255.80667114257812
USA|new jersey,carbon,Nexus,2025-10-01,271.41754150390625
USA|new jersey,carbon,Nexus,2025-11-01,259.45513916015625
USA|new jersey,carbon,Nexus,2025-12-01,238.38743591308594
USA|new mexico,carbon,Nexus,2025-01-01,268.21075439453125
USA|new mexico,carbon,Nexus,2025-02-01,258.7113037109375
USA|new mexico,carbon,Nexus,2025-03-01,230.99368286132812
USA|new mexico,carbon,Nexus,2025-04-01,199.0626220703125
USA|new mexico,carbon,Nexus,2025-05-01,232.06430053710938
USA|new mexico,carbon,Nexus,2025-06-01,289.12249755859375
USA|new mexico,carbon,Nexus,2025-07-01,309.5755615234375
USA|new mexico,carbon,Nexus,2025-08-01,307.7978210449219
USA|new mexico,carbon,Nexus,2025-09-01,292.257568359375
USA|new mexico,carbon,Nexus,2025-10-01,251.29879760742188
USA|new mexico,carbon,Nexus,2025-11-01,236.49325561523438
USA|new mexico,carbon,Nexus,2025-12-01,241.99468994140625
USA|new york,carbon,Nexus,2025-01-01,257.6457214355469
USA|new york,carbon,Nexus,2025-02-01,253.86190795898438
USA|new york,carbon,Nexus,2025-03-01,246.4246826171875
USA|new york,carbon,Nexus,2025-04-01,231.06336975097656
USA|new york,carbon,Nexus,2025-05-01,231.70018005371094
USA|new york,carbon,Nexus,2025-06-01,259.8489074707031
USA|new york,carbon,Nexus,2025-07-01,286.6498107910156
USA|new york,carbon,Nexus,2025-08-01,283.2792053222656
USA|new york,carbon,Nexus,2025-09-01,261.2484130859375
USA|new york,carbon,Nexus,2025-10-01,238.48683166503906
USA|new york,carbon,Nexus,2025-11-01,232.417236328125
USA|new york,carbon,Nexus,2025-12-01,242.79290771484375
USA|north carolina,carbon,Nexus,2025-01-01,332.35003662109375
USA|north carolina,carbon,Nexus,2025-02-01,317.78863525390625
USA|north carolina,carbon,Nexus,2025-03-01,326.04827880859375
USA|north carolina,carbon,Nexus,2025-04-01,301.11041259765625
USA|north carolina,carbon,Nexus,2025-05-01,305.5955810546875
USA|north carolina,carbon,Nexus,2025-06-01,327.66046142578125
USA|north carolina,carbon,Nexus,2025-07-01,345.02874755859375
USA|north carolina,carbon,Nexus,2025-08-01,337.6134338378906
USA|north carolina,carbon,Nexus,2025-09-01,324.92010498046875
USA|north carolina,carbon,Nexus,2025-10-01,302.5717468261719
USA|north carolina,carbon,Nexus,2025-11-01,309.50799560546875
USA|north carolina,carbon,Nexus,2025-12-01,314.529541015625
USA|north dakota,carbon,Nexus,2025-01-01,492.0133056640625
USA|north dakota,carbon,Nexus,2025-02-01,485.1275939941406
USA|north dakota,carbon,Nexus,2025-03-01,455.78326416015625
USA|north dakota,carbon,Nexus,2025-04-01,404.05279541015625
USA|north dakota,carbon,Nexus,2025-05-01,415.86993408203125
USA|north dakota,carbon,Nexus,2025-06-01,485.7823181152344
USA|north dakota,carbon,Nexus,2025-07-01,552.9130859375
USA|north dakota,carbon,Nexus,2025-08-01,543.1049194335938
USA|north dakota,carbon,Nexus,2025-09-01,483.4132080078125
USA|north dakota,carbon,Nexus,2025-10-01,447.3684997558594
USA|north dakota,carbon,Nexus,2025-11-01,460.3194274902344
USA|north dakota,carbon,Nexus,2025-12-01,483.369873046875
USA|ohio,carbon,Nexus,2025-01-01,488.6234436035156
USA|ohio,carbon,Nexus,2025-02-01,484.6114196777344
USA|ohio,carbon,Nexus,2025-03-01,484.1282958984375
USA|ohio,carbon,Nexus,2025-04-01,477.3803405761719
USA|ohio,carbon,Nexus,2025-05-01,473.9862365722656
USA|ohio,carbon,Nexus,2025-06-01,475.7554931640625
USA|ohio,carbon,Nexus,2025-07-01,477.850341796875
USA|ohio,carbon,Nexus,2025-08-01,476.958984375
USA|ohio,carbon,Nexus,2025-09-01,474.8741455078125
USA|ohio,carbon,Nexus,2025-10-01,472.3291320800781
USA|ohio,carbon,Nexus,2025-11-01,472.0362548828125
USA|ohio,carbon,Nexus,2025-12-01,472.7132568359375
USA|oklahoma,carbon,Nexus,2025-01-01,287.1794128417969
USA|oklahoma,carbon,Nexus,2025-02-01,265.33380126953125
USA|oklahoma,carbon,Nexus,2025-03-01,238.95016479492188
USA|oklahoma,carbon,Nexus,2025-04-01,221.76626586914062
USA|oklahoma,carbon,Nexus,2025-05-01,260.39654541015625
USA|oklahoma,carbon,Nexus,2025-06-01,315.0123291015625
USA|oklahoma,carbon,Nexus,2025-07-01,348.62115478515625
USA|oklahoma,carbon,Nexus,2025-08-01,354.583984375
USA|oklahoma,carbon,Nexus,2025-09-01,317.1962890625
USA|oklahoma,carbon,Nexus,2025-10-01,266.1901550292969
USA|oklahoma,carbon,Nexus,2025-11-01,256.2733154296875
USA|oklahoma,carbon,Nexus,2025-12-01,264.130859375
USA|oregon,carbon,Nexus,2025-01-01,206.32838439941406
USA|oregon,carbon,Nexus,2025-02-01,201.74932861328125
USA|oregon,carbon,Nexus,2025-03-01,198.31680297851562
USA|oregon,carbon,Nexus,2025-04-01,182.62435913085938
USA|oregon,carbon,Nexus,2025-05-01,106.74822235107422
USA|oregon,carbon,Nexus,2025-06-01,159.75489807128906
USA|oregon,carbon,Nexus,2025-07-01,213.5978546142578
USA|oregon,carbon,Nexus,2025-08-01,231.72564697265625
USA|oregon,carbon,Nexus,2025-09-01,234.36248779296875
USA|oregon,carbon,Nexus,2025-10-01,227.67385864257812
USA|oregon,carbon,Nexus,2025-11-01,214.75393676757812
USA|oregon,carbon,Nexus,2025-12-01,211.32968139648438
USA|pennsylvania,carbon,Nexus,2025-01-01,360.9901428222656
USA|pennsylvania,carbon,Nexus,2025-02-01,352.25
USA|pennsylvania,carbon,Nexus,2025-03-01,343.4090270996094
USA|pennsylvania,carbon,Nexus,2025-04-01,334.7016296386719
USA|pennsylvania,carbon,Nexus,2025-05-01,330.96673583984375
USA|pennsylvania,carbon,Nexus,2025-06-01,349.2952575683594
USA|pennsylvania,carbon,Nexus,2025-07-01,368.5150451660156
USA|pennsylvania,carbon,Nexus,2025-08-01,358.1285095214844
USA|pennsylvania,carbon,Nexus,2025-09-01,340.4058837890625
USA|pennsylvania,carbon,Nexus,2025-10-01,333.1942443847656
USA|pennsylvania,carbon,Nexus,2025-11-01,337.3492736816406
USA|pennsylvania,carbon,Nexus,2025-12-01,351.6094665527344
USA|rhode island,carbon,Nexus,2025-01-01,433.31060791015625
USA|rhode island,carbon,Nexus,2025-02-01,418.2312927246094
USA|rhode island,carbon,Nexus,2025-03-01,407.9287109375
USA|rhode island,carbon,Nexus,2025-04-01,404.4624328613281
USA|rhode island,carbon,Nexus,2025-05-01,408.7149963378906
USA|rhode island,carbon,Nexus,2025-06-01,417.406982421875
USA|rhode island,carbon,Nexus,2025-07-01,426.9268493652344
USA|rhode island,carbon,Nexus,2025-08-01,431.5561828613281
USA|rhode island,carbon,Nexus,2025-09-01,433.1055908203125
USA|rhode island,carbon,Nexus,2025-10-01,432.7605285644531
USA|rhode island,carbon,Nexus,2025-11-01,432.841064453125
USA|rhode island,carbon,Nexus,2025-12-01,428.47076416015625
USA|south carolina,carbon,Nexus,2025-01-01,256.83087158203125
USA|south carolina,carbon,Nexus,2025-02-01,249.59341430664062
USA|south carolina,carbon,Nexus,2025-03-01,233.59103393554688
USA|south carolina,carbon,Nexus,2025-04-01,238.53680419921875
USA|south carolina,carbon,Nexus,2025-05-01,274.8154602050781
USA|south carolina,carbon,Nexus,2025-06-01,282.59808349609375
USA|south carolina,carbon,Nexus,2025-07-01,289.02239990234375
USA|south carolina,carbon,Nexus,2025-08-01,287.9305419921875
USA|south carolina,carbon,Nexus,2025-09-01,269.8011779785156
USA|south carolina,carbon,Nexus,2025-10-01,257.94232177734375
USA|south carolina,carbon,Nexus,2025-11-01,266.845947265625
USA|south carolina,carbon,Nexus,2025-12-01,259.04974365234375
USA|south dakota,carbon,Nexus,2025-01-01,156.36468505859375
USA|south dakota,carbon,Nexus,2025-02-01,155.31558227539062
USA|south dakota,carbon,Nexus,2025-03-01,129.91647338867188
USA|south dakota,carbon,Nexus,2025-04-01,98.38961791992188
USA|south dakota,carbon,Nexus,2025-05-01,106.33139038085938
USA|south dakota,carbon,Nexus,2025-06-01,142.2759246826172
USA|south dakota,carbon,Nexus,2025-07-01,177.91763305664062
USA|south dakota,carbon,Nexus,2025-08-01,177.6920623779297
USA|south dakota,carbon,Nexus,2025-09-01,136.0205841064453
USA|south dakota,carbon,Nexus,2025-10-01,90.76950073242188
USA|south dakota,carbon,Nexus,2025-11-01,110.89108276367188
USA|south dakota,carbon,Nexus,2025-12-01,133.1640625
USA|tennessee,carbon,Nexus,2025-01-01,326.31036376953125
USA|tennessee,carbon,Nexus,2025-02-01,315.85150146484375
USA|tennessee,carbon,Nexus,2025-03-01,313.37969970703125
USA|tennessee,carbon,Nexus,2025-04-01,319.96136474609375
USA|tennessee,carbon,Nexus,2025-05-01,335.02471923828125
USA|tennessee,carbon,Nexus,2025-06-01,344.76690673828125
USA|tennessee,carbon,Nexus,2025-07-01,348.22119140625
USA|tennessee,carbon,Nexus,2025-08-01,343.82659912109375
USA|tennessee,carbon,Nexus,2025-09-01,334.494384765625
USA|tennessee,carbon,Nexus,2025-10-01,319.5221252441406
USA|tennessee,carbon,Nexus,2025-11-01,312.1788330078125
USA|tennessee,carbon,Nexus,2025-12-01,311.298095703125
USA|texas,carbon,Nexus,2025-01-01,337.073974609375
USA|texas,carbon,Nexus,2025-02-01,310.9573974609375
USA|texas,carbon,Nexus,2025-03-01,286.1527404785156
USA|texas,carbon,Nexus,2025-04-01,294.427001953125
USA|texas,carbon,Nexus,2025-05-01,323.71734619140625
USA|texas,carbon,Nexus,2025-06-01,357.17523193359375
USA|texas,carbon,Nexus,2025-07-01,380.33935546875
USA|texas,carbon,Nexus,2025-08-01,385.4131164550781
USA|texas,carbon,Nexus,2025-09-01,376.5729064941406
USA|texas,carbon,Nexus,2025-10-01,349.993896484375
USA|texas,carbon,Nexus,2025-11-01,331.9161682128906
USA|texas,carbon,Nexus,2025-12-01,329.2391357421875
USA|utah,carbon,Nexus,2025-01-01,597.0201416015625
USA|utah,carbon,Nexus,2025-02-01,572.1700439453125
USA|utah,carbon,Nexus,2025-03-01,536.3599243164062
USA|utah,carbon,Nexus,2025-04-01,508.26416015625
USA|utah,carbon,Nexus,2025-05-01,510.94219970703125
USA|utah,carbon,Nexus,2025-06-01,528.5079345703125
USA|utah,carbon,Nexus,2025-07-01,555.9141235351562
USA|utah,carbon,Nexus,2025-08-01,571.2019653320312
USA|utah,carbon,Nexus,2025-09-01,582.19189453125
USA|utah,carbon,Nexus,2025-10-01,591.2235107421875
USA|utah,carbon,Nexus,2025-11-01,595.3602905273438
USA|utah,carbon,Nexus,2025-12-01,595.1260986328125
USA|vermont,carbon,Nexus,2025-01-01,67.91012573242188
USA|vermont,carbon,Nexus,2025-02-01,66.14737701416016
USA|vermont,carbon,Nexus,2025-03-01,56.724830627441406
USA|vermont,carbon,Nexus,2025-04-01,45.02313995361328
USA|vermont,carbon,Nexus,2025-05-01,48.22710037231445
USA|vermont,carbon,Nexus,2025-06-01,58.232574462890625
USA|vermont,carbon,Nexus,2025-07-01,66.35489654541016
USA|vermont,carbon,Nexus,2025-08-01,67.57350158691406
USA|vermont,carbon,Nexus,2025-09-01,59.59685516357422
USA|vermont,carbon,Nexus,2025-10-01,50.77180862426758
USA|vermont,carbon,Nexus,2025-11-01,51.91202163696289
USA|vermont,carbon,Nexus,2025-12-01,60.260498046875
USA|virginia,carbon,Nexus,2025-01-01,321.28192138671875
USA|virginia,carbon,Nexus,2025-02-01,312.109130859375
USA|virginia,carbon,Nexus,2025-03-01,297.992919921875
USA|virginia,carbon,Nexus,2025-04-01,269.0773010253906
USA|virginia,carbon,Nexus,2025-05-01,284.0609130859375
USA|virginia,carbon,Nexus,2025-06-01,309.94140625
USA|virginia,carbon,Nexus,2025-07-01,325.46319580078125
USA|virginia,carbon,Nexus,2025-08-01,319.0400390625
USA|virginia,carbon,Nexus,2025-09-01,308.0536804199219
USA|virginia,carbon,Nexus,2025-10-01,285.4930114746094
USA|virginia,carbon,Nexus,2025-11-01,295.37408447265625
USA|virginia,carbon,Nexus,2025-12-01,300.9591064453125
USA|washington,carbon,Nexus,2025-01-01,127.7542724609375
USA|washington,carbon,Nexus,2025-02-01,125.51923370361328
USA|washington,carbon,Nexus,2025-03-01,126.50981903076172
USA|washington,carbon,Nexus,2025-04-01,100.85536193847656
USA|washington,carbon,Nexus,2025-05-01,66.60414123535156
USA|washington,carbon,Nexus,2025-06-01,86.22672271728516
USA|washington,carbon,Nexus,2025-07-01,140.07888793945312
USA|washington,carbon,Nexus,2025-08-01,163.2428741455078
USA|washington,carbon,Nexus,2025-09-01,178.14324951171875
USA|washington,carbon,Nexus,2025-10-01,168.2784423828125
USA|washington,carbon,Nexus,2025-11-01,144.16441345214844
USA|washington,carbon,Nexus,2025-12-01,139.48947143554688
USA|washington dc,carbon,Nexus,2025-01-01,192.46031188964844
USA|washington dc,carbon,Nexus,2025-02-01,184.7084503173828
USA|washington dc,carbon,Nexus,2025-03-01,175.39524841308594
USA|washington dc,carbon,Nexus,2025-04-01,151.6759796142578
USA|washington dc,carbon,Nexus,2025-05-01,153.89273071289062
USA|washington dc,carbon,Nexus,2025-06-01,176.87112426757812
USA|washington dc,carbon,Nexus,2025-07-01,178.5675048828125
USA|washington dc,carbon,Nexus,2025-08-01,176.2605438232422
USA|washington dc,carbon,Nexus,2025-09-01,178.1001739501953
USA|washington dc,carbon,Nexus,2025-10-01,163.53732299804688
USA|washington dc,carbon,Nexus,2025-11-01,172.91639709472656
USA|washington dc,carbon,Nexus,2025-12-01,185.46548461914062
USA|west virginia,carbon,Nexus,2025-01-01,734.0482788085938
USA|west virginia,carbon,Nexus,2025-02-01,720.5651245117188
USA|west virginia,carbon,Nexus,2025-03-01,703.2903442382812
USA|west virginia,carbon,Nexus,2025-04-01,703.83544921875
USA|west virginia,carbon,Nexus,2025-05-01,720.4212036132812
USA|west virginia,carbon,Nexus,2025-06-01,744.6260375976562
USA|west virginia,carbon,Nexus,2025-07-01,760.4946899414062
USA|west virginia,carbon,Nexus,2025-08-01,761.2850341796875
USA|west virginia,carbon,Nexus,2025-09-01,743.2388916015625
USA|west virginia,carbon,Nexus,2025-10-01,714.5301513671875
USA|west virginia,carbon,Nexus,2025-11-01,709.9330444335938
USA|west virginia,carbon,Nexus,2025-12-01,724.331298828125
USA|wisconsin,carbon,Nexus,2025-01-01,505.1102600097656
USA|wisconsin,carbon,Nexus,2025-02-01,490.09051513671875
USA|wisconsin,carbon,Nexus,2025-03-01,478.8498840332031
USA|wisconsin,carbon,Nexus,2025-04-01,465.8084716796875
USA|wisconsin,carbon,Nexus,2025-05-01,461.7481689453125
USA|wisconsin,carbon,Nexus,2025-06-01,493.98663330078125
USA|wisconsin,carbon,Nexus,2025-07-01,514.5843505859375
USA|wisconsin,carbon,Nexus,2025-08-01,510.439453125
USA|wisconsin,carbon,Nexus,2025-09-01,491.99188232421875
USA|wisconsin,carbon,Nexus,2025-10-01,487.21710205078125
USA|wisconsin,carbon,Nexus,2025-11-01,470.1590881347656
USA|wisconsin,carbon,Nexus,2025-12-01,483.2491149902344
USA|wyoming,carbon,Nexus,2025-01-01,520.121826171875
USA|wyoming,carbon,Nexus,2025-02-01,515.421875
USA|wyoming,carbon,Nexus,2025-03-01,505.85565185546875
USA|wyoming,carbon,Nexus,2025-04-01,487.0976867675781
USA|wyoming,carbon,Nexus,2025-05-01,501.9986572265625
USA|wyoming,carbon,Nexus,2025-06-01,545.140869140625
USA|wyoming,carbon,Nexus,2025-07-01,618.3446044921875
USA|wyoming,carbon,Nexus,2025-08-01,629.5881958007812
USA|wyoming,carbon,Nexus,2025-09-01,617.7109985351562
USA|wyoming,carbon,Nexus,2025-10-01,574.8170166015625
USA|wyoming,carbon,Nexus,2025-11-01,524.59814453125
USA|wyoming,carbon,Nexus,2025-12-01,517.4957275390625
Albany River,water,Nexus,2022-10-16,-42.1487922668457
Albany River,water,Nexus,2022-11-16,-24.32142448425293
Albany River,water,Nexus,2022-12-16,-2.762416124343872
Albany River,water,Nexus,2023-01-16,18.0164852142334
Albany River,water,Nexus,2023-02-16,34.444637298583984
Albany River,water,Nexus,2023-03-16,44.054874420166016
Albany River,water,Nexus,2023-04-16,46.414730072021484
Albany River,water,Nexus,2023-05-16,33.09478759765625
Albany River,water,Nexus,2023-06-16,7.235151290893555
Albany River,water,Nexus,2023-07-16,-15.271984100341797
Albany River,water,Nexus,2023-08-16,-28.169918060302734
Albany River,water,Nexus,2023-09-16,-29.496681213378906
Bravo,water,Nexus,2022-10-16,-91.00495147705078
Bravo,water,Nexus,2022-11-16,-92.5086669921875
Bravo,water,Nexus,2022-12-16,-93.63470458984375
Bravo,water,Nexus,2023-01-16,-94.46251678466797
Bravo,water,Nexus,2023-02-16,-94.86146545410156
Bravo,water,Nexus,2023-03-16,-95.40438842773438
Bravo,water,Nexus,2023-04-16,-95.89669036865234
Bravo,water,Nexus,2023-05-16,-95.66899108886719
Bravo,water,Nexus,2023-06-16,-95.69344329833984
Bravo,water,Nexus,2023-07-16,-95.57813262939453
Bravo,water,Nexus,2023-08-16,-96.1075439453125
Bravo,water,Nexus,2023-09-16,-96.54576110839844
Brazos River,water,Nexus,2022-10-16,-150.5877685546875
Brazos River,water,Nexus,2022-11-16,-136.37042236328125
Brazos River,water,Nexus,2022-12-16,-121.65855407714844
Brazos River,water,Nexus,2023-01-16,-111.0813217163086
Brazos River,water,Nexus,2023-02-16,-99.2867202758789
Brazos River,water,Nexus,2023-03-16,-93.3198471069336
Brazos River,water,Nexus,2023-04-16,-87.5567855834961
Brazos River,water,Nexus,2023-05-16,-84.49038696289062
Brazos River,water,Nexus,2023-06-16,-84.605224609375
Brazos River,water,Nexus,2023-07-16,-85.27742004394531
Brazos River,water,Nexus,2023-08-16,-87.78839874267578
Brazos River,water,Nexus,2023-09-16,-88.59406280517578
Colorado River (Pacific Ocean),water,Nexus,2022-10-16,-109.41354370117188
Colorado River (Pacific Ocean),water,Nexus,2022-11-16,-100.75973510742188
Colorado River (Pacific Ocean),water,Nexus,2022-12-16,-87.9717025756836
Colorado River (Pacific Ocean),water,Nexus,2023-01-16,-76.11444091796875
Colorado River (Pacific Ocean),water,Nexus,2023-02-16,-68.08282470703125
Colorado River (Pacific Ocean),water,Nexus,2023-03-16,-66.343505859375
Colorado River (Pacific Ocean),water,Nexus,2023-04-16,-70.83212280273438
Colorado River (Pacific Ocean),water,Nexus,2023-05-16,-79.27847290039062
Colorado River (Pacific Ocean),water,Nexus,2023-06-16,-87.76988983154297
Colorado River (Pacific Ocean),water,Nexus,2023-07-16,-94.56118774414062
Colorado River (Pacific Ocean),water,Nexus,2023-08-16,-98.19476318359375
Colorado River (Pacific Ocean),water,Nexus,2023-09-16,-97.70686340332031
Columbia River,water,Nexus,2022-10-16,-155.90916442871094
Columbia River,water,Nexus,2022-11-16,-101.05522918701172
Columbia River,water,Nexus,2022-12-16,-22.48891258239746
Columbia River,water,Nexus,2023-01-16,49.18387985229492
Columbia River,water,Nexus,2023-02-16,94.88750457763672
Columbia River,water,Nexus,2023-03-16,104.90178680419922
Columbia River,water,Nexus,2023-04-16,91.16661834716797
Columbia River,water,Nexus,2023-05-16,45.166648864746094
Columbia River,water,Nexus,2023-06-16,-18.064434051513672
Columbia River,water,Nexus,2023-07-16,-77.52165985107422
Columbia River,water,Nexus,2023-08-16,-109.76085662841797
Columbia River,water,Nexus,2023-09-16,-115.1692886352539
Danube,water,Nexus,2022-10-16,-157.16477966308594
Danube,water,Nexus,2022-11-16,-126.4463119506836
Danube,water,Nexus,2022-12-16,-90.11293029785156
Danube,water,Nexus,2023-01-16,-65.8520736694336
Danube,water,Nexus,2023-02-16,-62.03366470336914
Danube,water,Nexus,2023-03-16,-72.28961181640625
Danube,water,Nexus,2023-04-16,-98.63191986083984
Danube,water,Nexus,2023-05-16,-130.58546447753906
Danube,water,Nexus,2023-06-16,-158.71925354003906
Danube,water,Nexus,2023-07-16,-175.30484008789062
Danube,water,Nexus,2023-08-16,-178.93350219726562
Danube,water,Nexus,2023-09-16,-167.624267578125
Dniepr,water,Nexus,2022-10-16,-179.95730590820312
Dniepr,water,Nexus,2022-11-16,-158.105712890625
Dniepr,water,Nexus,2022-12-16,-130.1930389404297
Dniepr,water,Nexus,2023-01-16,-102.73601531982422
Dniepr,water,Nexus,2023-02-16,-80.34559631347656
Dniepr,water,Nexus,2023-03-16,-75.13085174560547
Dniepr,water,Nexus,2023-04-16,-80.21349334716797
Dniepr,water,Nexus,2023-05-16,-100.34265899658203
Dniepr,water,Nexus,2023-06-16,-124.96570587158203
Dniepr,water,Nexus,2023-07-16,-151.80992126464844
Dniepr,water,Nexus,2023-08-16,-166.98374938964844
Dniepr,water,Nexus,2023-09-16,-171.49063110351562
Elbe River,water,Nexus,2022-10-16,-128.28945922851562
Elbe River,water,Nexus,2022-11-16,-97.56793212890625
Elbe River,water,Nexus,2022-12-16,-65.92185974121094
Elbe River,water,Nexus,2023-01-16,-37.94159698486328
Elbe River,water,Nexus,2023-02-16,-27.96552276611328
Elbe River,water,Nexus,2023-03-16,-37.33147048950195
Elbe River,water,Nexus,2023-04-16,-61.34721374511719
Elbe River,water,Nexus,2023-05-16,-80.90131378173828
Elbe River,water,Nexus,2023-06-16,-92.8367691040039
Elbe River,water,Nexus,2023-07-16,-93.58650207519531
Elbe River,water,Nexus,2023-08-16,-88.7725830078125
Elbe River,water,Nexus,2023-09-16,-75.9500503540039
Ganges,water,Nexus,2022-10-16,9.223129272460938
Ganges,water,Nexus,2022-11-16,-61.111328125
Ganges,water,Nexus,2022-12-16,-130.9889373779297
Ganges,water,Nexus,2023-01-16,-168.9038848876953
Ganges,water,Nexus,2023-02-16,-203.20895385742188
Ganges,water,Nexus,2023-03-16,-239.0667266845703
Ganges,water,Nexus,2023-04-16,-269.9867248535156
Ganges,water,Nexus,2023-05-16,-276.45721435546875
Ganges,water,Nexus,2023-06-16,-245.5605010986328
Ganges,water,Nexus,2023-07-16,-160.91641235351562
Ganges,water,Nexus,2023-08-16,-54.93611145019531
Ganges,water,Nexus,2023-09-16,-11.135002136230469
Godavari,water,Nexus,2022-10-16,292.32720947265625
Godavari,water,Nexus,2022-11-16,205.23416137695312
Godavari,water,Nexus,2022-12-16,104.96511840820312
Godavari,water,Nexus,2023-01-16,39.058353424072266
Godavari,water,Nexus,2023-02-16,-13.091529846191406
Godavari,water,Nexus,2023-03-16,-54.41756820678711
Godavari,water,Nexus,2023-04-16,-84.55194091796875
Godavari,water,Nexus,2023-05-16,-71.90328979492188
Godavari,water,Nexus,2023-06-16,-0.8883142471313477
Godavari,water,Nexus,2023-07-16,131.4845733642578
Godavari,water,Nexus,2023-08-16,207.64060974121094
Godavari,water,Nexus,2023-09-16,226.841552734375
Grisalva,water,Nexus,2022-10-16,131.30882263183594
Grisalva,water,Nexus,2022-11-16,90.31759643554688
Grisalva,water,Nexus,2022-12-16,25.644641876220703
Grisalva,water,Nexus,2023-01-16,-31.815025329589844
Grisalva,water,Nexus,2023-02-16,-75.47626495361328
Grisalva,water,Nexus,2023-03-16,-105.41573333740234
Grisalva,water,Nexus,2023-04-16,-103.41307067871094
Grisalva,water,Nexus,2023-05-16,-57.15578842163086
Grisalva,water,Nexus,2023-06-16,10.09781265258789
Grisalva,water,Nexus,2023-07-16,54.746360778808594
Grisalva,water,Nexus,2023-08-16,87.02800750732422
Grisalva,water,Nexus,2023-09-16,107.75241088867188
Indus,water,Nexus,2022-10-16,-154.41734313964844
Indus,water,Nexus,2022-11-16,-169.8170928955078
Indus,water,Nexus,2022-12-16,-174.32298278808594
Indus,water,Nexus,2023-01-16,-165.0512237548828
Indus,water,Nexus,2023-02-16,-156.38058471679688
Indus,water,Nexus,2023-03-16,-157.8456573486328
Indus,water,Nexus,2023-04-16,-172.5723114013672
Indus,water,Nexus,2023-05-16,-184.67880249023438
Indus,water,Nexus,2023-06-16,-183.1502685546875
Indus,water,Nexus,2023-07-16,-174.3448944091797
Indus,water,Nexus,2023-08-16,-163.37371826171875
Indus,water,Nexus,2023-09-16,-163.69244384765625
Krishna,water,Nexus,2022-10-16,267.9407653808594
Krishna,water,Nexus,2022-11-16,228.82362365722656
Krishna,water,Nexus,2022-12-16,169.03736877441406
Krishna,water,Nexus,2023-01-16,113.65663146972656
Krishna,water,Nexus,2023-02-16,58.112552642822266
Krishna,water,Nexus,2023-03-16,18.54589080810547
Krishna,water,Nexus,2023-04-16,-4.994112014770508
Krishna,water,Nexus,2023-05-16,10.426573753356934
Krishna,water,Nexus,2023-06-16,68.78995513916016
Krishna,water,Nexus,2023-07-16,164.53213500976562
Krishna,water,Nexus,2023-08-16,221.06454467773438
Krishna,water,Nexus,2023-09-16,240.9619140625
Loire,water,Nexus,2022-10-16,-153.17372131347656
Loire,water,Nexus,2022-11-16,-98.60814666748047
Loire,water,Nexus,2022-12-16,-45.38517761230469
Loire,water,Nexus,2023-01-16,-13.251754760742188
Loire,water,Nexus,2023-02-16,-5.906999588012695
Loire,water,Nexus,2023-03-16,-16.42129135131836
Loire,water,Nexus,2023-04-16,-33.49235534667969
Loire,water,Nexus,2023-05-16,-56.388694763183594
Loire,water,Nexus,2023-06-16,-83.55326843261719
Loire,water,Nexus,2023-07-16,-102.86430358886719
Loire,water,Nexus,2023-08-16,-114.63172149658203
Loire,water,Nexus,2023-09-16,-113.60398864746094
Mahanadi River (Mahahadi),water,Nexus,2022-10-16,243.42169189453125
Mahanadi River (Mahahadi),water,Nexus,2022-11-16,143.7411651611328
Mahanadi River (Mahahadi),water,Nexus,2022-12-16,54.30031204223633
Mahanadi River (Mahahadi),water,Nexus,2023-01-16,2.449446439743042
Mahanadi River (Mahahadi),water,Nexus,2023-02-16,-46.82510757446289
Mahanadi River (Mahahadi),water,Nexus,2023-03-16,-98.89684295654297
Mahanadi River (Mahahadi),water,Nexus,2023-04-16,-151.40908813476562
Mahanadi River (Mahahadi),water,Nexus,2023-05-16,-160.40554809570312
Mahanadi River (Mahahadi),water,Nexus,2023-06-16,-104.17108917236328
Mahanadi River (Mahahadi),water,Nexus,2023-07-16,48.46001052856445
Mahanadi River (Mahahadi),water,Nexus,2023-08-16,168.3433380126953
Mahanadi River (Mahahadi),water,Nexus,2023-09-16,212.8427276611328
Mississippi River,water,Nexus,2022-10-16,-111.99052429199219
Mississippi River,water,Nexus,2022-11-16,-90.06035614013672
Mississippi River,water,Nexus,2022-12-16,-57.791587829589844
Mississippi River,water,Nexus,2023-01-16,-24.108694076538086
Mississippi River,water,Nexus,2023-02-16,-2.87174391746521
Mississippi River,water,Nexus,2023-03-16,10.594170570373535
Mississippi River,water,Nexus,2023-04-16,14.3019437789917
Mississippi River,water,Nexus,2023-05-16,5.089966297149658
Mississippi River,water,Nexus,2023-06-16,-21.204580307006836
Mississippi River,water,Nexus,2023-07-16,-56.92098617553711
Mississippi River,water,Nexus,2023-08-16,-80.95639038085938
Mississippi River,water,Nexus,2023-09-16,-88.33537292480469
Nelson River,water,Nexus,2022-10-16,-107.23040008544922
Nelson River,water,Nexus,2022-11-16,-96.97248077392578
Nelson River,water,Nexus,2022-12-16,-79.64785766601562
Nelson River,water,Nexus,2023-01-16,-61.29931640625
Nelson River,water,Nexus,2023-02-16,-46.68307876586914
Nelson River,water,Nexus,2023-03-16,-33.47529602050781
Nelson River,water,Nexus,2023-04-16,-26.115081787109375
Nelson River,water,Nexus,2023-05-16,-22.26030731201172
Nelson River,water,Nexus,2023-06-16,-28.59905242919922
Nelson River,water,Nexus,2023-07-16,-49.908653259277344
Nelson River,water,Nexus,2023-08-16,-72.89183044433594
Nelson River,water,Nexus,2023-09-16,-88.9124755859375
Neva,water,Nexus,2022-10-16,-94.13507843017578
Neva,water,Nexus,2022-11-16,-57.550933837890625
Neva,water,Nexus,2022-12-16,-15.615777015686035
Neva,water,Nexus,2023-01-16,18.716354370117188
Neva,water,Nexus,2023-02-16,40.70559310913086
Neva,water,Nexus,2023-03-16,46.13190460205078
Neva,water,Nexus,2023-04-16,37.92146682739258
Neva,water,Nexus,2023-05-16,17.515043258666992
Neva,water,Nexus,2023-06-16,-10.129963874816895
Neva,water,Nexus,2023-07-16,-33.8426399230957
Neva,water,Nexus,2023-08-16,-45.572513580322266
Neva,water,Nexus,2023-09-16,-44.98115158081055
Oder River,water,Nexus,2022-10-16,-124.17720031738281
Oder River,water,Nexus,2022-11-16,-94.80904388427734
Oder River,water,Nexus,2022-12-16,-60.96921157836914
Oder River,water,Nexus,2023-01-16,-23.591022491455078
Oder River,water,Nexus,2023-02-16,-5.080066680908203
Oder River,water,Nexus,2023-03-16,-16.942371368408203
Oder River,water,Nexus,2023-04-16,-44.645389556884766
Oder River,water,Nexus,2023-05-16,-70.04583740234375
Oder River,water,Nexus,2023-06-16,-80.63346099853516
Oder River,water,Nexus,2023-07-16,-79.12516021728516
Oder River,water,Nexus,2023-08-16,-75.9743881225586
Oder River,water,Nexus,2023-09-16,-68.20220947265625
Rhine,water,Nexus,2022-10-16,-169.7386016845703
Rhine,water,Nexus,2022-11-16,-134.59349060058594
Rhine,water,Nexus,2022-12-16,-93.69772338867188
Rhine,water,Nexus,2023-01-16,-62.150691986083984
Rhine,water,Nexus,2023-02-16,-45.34499740600586
Rhine,water,Nexus,2023-03-16,-44.499412536621094
Rhine,water,Nexus,2023-04-16,-53.96468734741211
Rhine,water,Nexus,2023-05-16,-75.5096206665039
Rhine,water,Nexus,2023-06-16,-97.60655975341797
Rhine,water,Nexus,2023-07-16,-115.90729522705078
Rhine,water,Nexus,2023-08-16,-122.86527252197266
Rhine,water,Nexus,2023-09-16,-118.56571960449219
Senegal,water,Nexus,2022-10-16,190.61660766601562
Senegal,water,Nexus,2022-11-16,122.4803466796875
Senegal,water,Nexus,2022-12-16,71.88107299804688
Senegal,water,Nexus,2023-01-16,38.80927276611328
Senegal,water,Nexus,2023-02-16,19.102291107177734
Senegal,water,Nexus,2023-03-16,5.083712577819824
Senegal,water,Nexus,2023-04-16,-8.053418159484863
Senegal,water,Nexus,2023-05-16,-12.287018775939941
Senegal,water,Nexus,2023-06-16,1.5733203887939453
Senegal,water,Nexus,2023-07-16,36.759925842285156
Senegal,water,Nexus,2023-08-16,80.05288696289062
Senegal,water,Nexus,2023-09-16,103.41736602783203
St.Lawrence,water,Nexus,2022-10-16,-6.716243267059326
St.Lawrence,water,Nexus,2022-11-16,8.48012924194336
St.Lawrence,water,Nexus,2022-12-16,31.425426483154297
St.Lawrence,water,Nexus,2023-01-16,51.15107345581055
St.Lawrence,water,Nexus,2023-02-16,62.41944122314453
St.Lawrence,water,Nexus,2023-03-16,67.41370391845703
St.Lawrence,water,Nexus,2023-04-16,65.59154510498047
St.Lawrence,water,Nexus,2023-05-16,54.0882453918457
St.Lawrence,water,Nexus,2023-06-16,36.0626106262207
St.Lawrence,water,Nexus,2023-07-16,17.40591049194336
St.Lawrence,water,Nexus,2023-08-16,4.910044193267822
St.Lawrence,water,Nexus,2023-09-16,3.095813274383545
Tigris & Euphrates,water,Nexus,2022-10-16,-176.4379119873047
Tigris & Euphrates,water,Nexus,2022-11-16,-163.0140838623047
Tigris & Euphrates,water,Nexus,2022-12-16,-139.08306884765625
Tigris & Euphrates,water,Nexus,2023-01-16,-111.74325561523438
Tigris & Euphrates,water,Nexus,2023-02-16,-85.95201110839844
Tigris & Euphrates,water,Nexus,2023-03-16,-76.36759948730469
Tigris & Euphrates,water,Nexus,2023-04-16,-82.51206970214844
Tigris & Euphrates,water,Nexus,2023-05-16,-104.71408081054688
Tigris & Euphrates,water,Nexus,2023-06-16,-128.67628479003906
Tigris & Euphrates,water,Nexus,2023-07-16,-152.4971923828125
Tigris & Euphrates,water,Nexus,2023-08-16,-165.85406494140625
Tigris & Euphrates,water,Nexus,2023-09-16,-170.8773956298828
Wisla,water,Nexus,2022-10-16,-119.97454071044922
Wisla,water,Nexus,2022-11-16,-96.73609924316406
Wisla,water,Nexus,2022-12-16,-64.4446029663086
Wisla,water,Nexus,2023-01-16,-28.44854736328125
Wisla,water,Nexus,2023-02-16,-8.58407974243164
Wisla,water,Nexus,2023-03-16,-8.752504348754883
Wisla,water,Nexus,2023-04-16,-24.025339126586914
Wisla,water,Nexus,2023-05-16,-43.30660629272461
Wisla,water,Nexus,2023-06-16,-64.01844787597656
Wisla,water,Nexus,2023-07-16,-78.13248443603516
Wisla,water,Nexus,2023-08-16,-84.51174926757812
Wisla,water,Nexus,2023-09-16,-80.27175903320312
