a,b,rho,connected,dist_km
AUT,BEL,0.07919430204058862,False,863.3638326955485
AUT,BGR,-0.012376556963153495,False,833.3598753443669
AUT,BIH,0.2540094785197995,False,442.17896544763624
AUT,CHE,0.4041370651167847,False,567.7250834292248
AUT,CYP,-0.27291789994499227,False,2060.029894490617
AUT,CZE,0.09368842034586104,False,219.72368780213966
AUT,DEU,0.04486365018659648,False,525.5756943310917
AUT,DNK,0.07893107218905913,False,951.4178149010254
AUT,ESP,0.1699279385362767,False,1600.9413226462875
AUT,EST,0.18544883282111901,False,1433.9590687950044
AUT,FIN,0.2536988929810497,False,1609.297636716906
AUT,FRA,0.3006625656694494,False,967.5071830369072
AUT,GBR,0.21554911723911543,False,1281.429366352711
AUT,GRC,0.0020689443894245396,False,1373.165739060867
AUT,HRV,0.35231244152919977,False,231.60795623830992
AUT,HUN,0.15296299595996873,False,303.19794227048607
AUT,IND|delhi,0.23345670585346734,False,5615.3952001585385
AUT,IND|gujarat,0.17103709189804284,False,5700.284057734716
AUT,IND|karnataka,0.045077915769322525,False,6873.156483204976
AUT,IND|kerala,-0.04416795784230204,False,7061.41467940818
AUT,IND|maharashtra,0.27491228910561216,False,6057.226944201494
AUT,IND|odisha,-0.07074922882584277,False,6896.987503251381
AUT,IND|rajasthan,0.13185640346344923,False,5645.574444671235
AUT,IND|tamil nadu,0.08159872718647164,False,7058.845038080361
AUT,IND|telangana,0.09864293912720151,False,6579.738987518098
AUT,IND|uttar pradesh,0.22286969535640205,False,5639.836528229118
AUT,IND|west bengal,0.05046766656782847,False,6910.19367663688
AUT,IRL,0.011771252705609598,False,1657.4387912909463
AUT,ITA,0.12242529337593772,False,555.9932539424454
AUT,LTU,0.09889228020149836,False,1007.5649068795849
AUT,LUX,0.17653178972875055,False,712.5368959568897
AUT,LVA,0.11699639816691061,False,1172.4311390696078
AUT,MDA,-0.27669497116075925,False,1007.9493522607316
AUT,MKD,-0.014781270402424435,False,801.9617466720708
AUT,MLT,-0.1768648820255162,False,1334.173536917243
AUT,NLD,0.06260592764196023,False,874.7772482214137
AUT,NOR,0.12225488520975197,False,1421.224978961512
AUT,POL,0.10967861598002956,False,560.6260353564127
AUT,PRT,0.15048828654286225,False,2168.2407180908617
AUT,ROU,0.16923823694682813,False,838.2141138302013
AUT,SRB,0.24346026811979105,False,548.4402347844509
AUT,SVK,0.3227697897601943,False,214.15724195133174
AUT,SVN,0.4258792825049967,False,220.228180611536
AUT,SWE,0.17365364173768552,False,1219.9543152091226
AUT,TUR,-0.2157745270056907,False,1374.2562152832886
AUT,USA|alabama,0.1419707510785457,False,8132.9059356215685
AUT,USA|arizona,0.08339003887488437,False,9575.948682596838
AUT,USA|arkansas,0.1373042886200432,False,8343.724314517334
AUT,USA|california,-0.006617540404179083,False,9704.624713139043
AUT,USA|colorado,0.13706241945322378,False,8652.40399191759
AUT,USA|connecticut,0.16005611491218913,False,6650.208719860761
AUT,USA|delaware,0.0356031413558173,False,6938.066908167136
AUT,USA|florida,-0.013683344997530142,False,8258.645717463867
AUT,USA|georgia,0.040901688570274514,False,7955.842944538859
AUT,USA|idaho,0.09233274820275406,False,8732.703370757547
AUT,USA|illinois,0.11572955893975174,False,7535.526344886856
AUT,USA|indiana,0.08579583085418145,False,7554.8362910818705
AUT,USA|iowa,0.1414934625893554,False,7858.810865247738
AUT,USA|kansas,0.20232839542777364,False,8164.914663856011
AUT,USA|kentucky,0.11071157995880503,False,7701.762922740333
AUT,USA|louisiana,0.04195301321538289,False,8602.459133888507
AUT,USA|maine,-0.008084880016216843,False,6181.614918006753
AUT,USA|maryland,0.03320057429874448,False,7056.251832878683
AUT,USA|massachusetts,0.053465985555986854,False,6462.034542544064
AUT,USA|michigan,0.13457600441832027,False,7243.226261774828
AUT,USA|minnesota,0.05705209906936265,False,7590.710798845857
AUT,USA|mississippi,0.05447538621217986,False,8380.465022688422
AUT,USA|missouri,0.19461438146734655,False,8040.69335762914
AUT,USA|montana,0.10538078352210521,False,8310.013742670697
AUT,USA|nebraska,0.12406920781168504,False,8066.307910938408
AUT,USA|nevada,0.07523743549195809,False,9430.739458832988
AUT,USA|new hampshire,0.07880742439421261,False,6432.6959850750945
AUT,USA|new jersey,0.061105826305255975,False,6784.797463031614
AUT,USA|new mexico,0.009971459517408247,False,9191.021967309634
AUT,USA|new york,0.03339084470997574,False,6757.8150298637065
AUT,USA|north carolina,0.15385781439716367,False,7553.711424306648
AUT,USA|north dakota,0.07000338672198604,False,7731.623311743512
AUT,USA|ohio,0.17065643426332783,False,7369.30915397414
AUT,USA|oklahoma,0.1018978675199057,False,8512.803926655686
AUT,USA|oregon,0.22403534691925972,False,8863.919516565415
AUT,USA|pennsylvania,0.14005514727733598,False,6975.662337312841
AUT,USA|rhode island,0.02172307610260736,False,6515.191685064496
AUT,USA|south carolina,0.09404195698161123,False,7714.734447553235
AUT,USA|south dakota,-0.018549752633936687,False,7923.113233030796
AUT,USA|tennessee,0.21895931933827634,False,7972.442049339311
AUT,USA|texas,0.08564425950964127,False,8955.076360410241
AUT,USA|utah,0.09402260744826568,False,8918.585066447462
AUT,USA|vermont,-0.09734427733925224,False,6437.885562440445
AUT,USA|virginia,0.1935146829888743,False,7138.959190030769
AUT,USA|washington,0.018046664766952315,False,8621.571095342348
AUT,USA|washington dc,0.05084283921477225,False,7087.066669327566
AUT,USA|west virginia,0.1271490085358522,False,7286.669962500056
AUT,USA|wisconsin,0.19493687368977244,False,7467.9755248890515
AUT,USA|wyoming,0.06769111748719248,False,8503.557771101905
BEL,BGR,0.4870284521567736,False,1686.006254084359
BEL,BIH,0.4277298347858176,False,1235.0733559138732
BEL,CHE,0.34937895915570566,False,494.17340440140447
BEL,CYP,-0.18577631729546418,False,2913.387305110294
BEL,CZE,0.33340643145587134,False,763.0012229325938
BEL,DEU,0.5623314085338037,False,357.38944280116834
BEL,DNK,0.45514957203069467,False,675.4749853741139
BEL,ESP,0.5966675163045885,False,1252.1631761052904
BEL,EST,0.253022949346875,False,1610.7846562503544
BEL,FIN,0.5144473275456014,False,1701.1065032058566
BEL,FRA,0.5424422137501073,True,452.5209371307528
BEL,GBR,0.5820649091765789,False,419.11505632453446
BEL,GRC,0.43913061711967216,False,2163.4999010779256
BEL,HRV,0.45486810131230604,False,1016.7899711408683
BEL,HUN,0.3983883424533048,False,1149.2117410950657
BEL,IND|delhi,-0.015747755983348877,False,6386.375773341955
BEL,IND|gujarat,-0.0676453607018075,False,6520.336495108388
BEL,IND|karnataka,0.02551136469302518,False,7709.481474879023
BEL,IND|kerala,0.26695945893105977,False,7909.0591057610045
BEL,IND|maharashtra,0.012948154919642409,False,6890.106727349929
BEL,IND|odisha,0.0695175939131612,False,7671.574165128612
BEL,IND|rajasthan,-0.023569141455078817,False,6432.17822031151
BEL,IND|tamil nadu,0.07522178108046314,False,7886.275943948732
BEL,IND|telangana,0.04155657828939287,False,7399.134226832479
BEL,IND|uttar pradesh,-0.058529159738113325,False,6410.021218719856
BEL,IND|west bengal,0.07128484208462592,False,7659.294601578934
BEL,IRL,0.028335909301415014,False,795.5222706625285
BEL,ITA,0.39867705172210416,False,892.9624764859082
BEL,LTU,0.11151924903034478,False,1421.723539415466
BEL,LUX,0.17029417527763469,False,183.74042813957928
BEL,LVA,0.2672961984190579,False,1448.646375260413
BEL,MDA,-0.1382455715169482,False,1821.0811160225999
BEL,MKD,-0.1856790779331961,False,1625.9433430397141
BEL,MLT,-0.25921367245935695,False,1849.879610057263
BEL,NLD,0.5592639297008689,True,147.8918830886939
BEL,NOR,0.44205466740706356,False,1105.7040810281858
BEL,POL,0.5602390308544983,False,1064.8244825080167
BEL,PRT,0.3251984539803741,False,1651.2994303904884
BEL,ROU,0.5283275957684338,False,1699.1372775806803
BEL,SRB,0.4732972511327248,False,1401.9661741476555
BEL,SVK,0.45153654199711263,False,1029.7300369804611
BEL,SVN,0.2213977315119395,False,902.3434581899868
BEL,SWE,0.48777239444597154,False,1158.3088403747265
BEL,TUR,-0.16425120832168846,False,2237.055140973175
BEL,USA|alabama,-0.002534621286622378,False,7272.115184832055
BEL,USA|arizona,0.06742544081677775,False,8771.92629488671
BEL,USA|arkansas,-0.016791059846619237,False,7490.997290600691
BEL,USA|california,0.11077520411965895,False,8948.165246077766
BEL,USA|colorado,0.06387503619009677,False,7843.286989027054
BEL,USA|connecticut,0.13653095503092222,False,5787.874661425827
BEL,USA|delaware,0.062075648559135846,False,6075.661548682765
BEL,USA|florida,0.06896685172645393,False,7397.241574612334
BEL,USA|georgia,0.006539709884567662,False,7093.8138212768035
BEL,USA|idaho,0.115041494147905,False,7986.289940228805
BEL,USA|illinois,-0.026607074091502852,False,6690.108698532046
BEL,USA|indiana,-0.0430434159463556,False,6703.734751212744
BEL,USA|iowa,-0.05499741226888633,False,7024.086448767
BEL,USA|kansas,-0.03717122082811215,False,7325.857767728761
BEL,USA|kentucky,-0.09550298221960349,False,6846.044175661258
BEL,USA|louisiana,-0.04380444727414552,False,7744.181967107739
BEL,USA|maine,-0.09621886762116859,False,5320.339818452017
BEL,USA|maryland,-0.009748295355546372,False,6194.0928308211005
BEL,USA|massachusetts,-0.05409449374438981,False,5599.6319817135
BEL,USA|michigan,-0.025604189587508496,False,6392.890150866679
BEL,USA|minnesota,0.02478833820644557,False,6766.63565649234
BEL,USA|mississippi,-0.018819401817720353,False,7522.00493614114
BEL,USA|missouri,-0.06538742471862845,False,7196.789044443275
BEL,USA|montana,0.04791917597863682,False,7549.39104214702
BEL,USA|nebraska,-0.024659349845803213,False,7236.787185948101
BEL,USA|nevada,0.06303016242788931,False,8658.341770732308
BEL,USA|new hampshire,0.07105646316886018,False,5571.004499930588
BEL,USA|new jersey,0.024472316722871788,False,5922.460805678272
BEL,USA|new mexico,0.05276913833878956,False,8371.273137385177
BEL,USA|new york,-0.05274011595764503,False,5896.415906075176
BEL,USA|north carolina,-0.02714237578816864,False,6690.937247682581
BEL,USA|north dakota,-0.0955900493630371,False,6928.642411275711
BEL,USA|ohio,0.04346262811844327,False,6513.29016826624
BEL,USA|oklahoma,-0.0018155111760412201,False,7670.235831905118
BEL,USA|oregon,0.07614182928718523,False,8154.254597842743
BEL,USA|pennsylvania,-0.015123885285316734,False,6114.614972456229
BEL,USA|rhode island,0.14426703196044777,False,5652.515640173266
BEL,USA|south carolina,-0.031289351582820535,False,6851.624440771821
BEL,USA|south dakota,0.03475591377508396,False,7105.116446563095
BEL,USA|tennessee,0.00801017719589057,False,7114.78416548497
BEL,USA|texas,0.03460112774231312,False,8105.525507545623
BEL,USA|utah,0.0005159534425694408,False,8138.891251829861
BEL,USA|vermont,-0.12969779662589317,False,5578.870608199418
BEL,USA|virginia,0.0261394912841743,False,6276.74515425662
BEL,USA|washington,-0.15599529865185438,False,7916.332439913316
BEL,USA|washington dc,-0.006773544971189808,False,6224.792288490492
BEL,USA|west virginia,-0.05495549105167757,False,6426.472088989631
BEL,USA|wisconsin,0.004995074265875399,False,6626.470454519393
BEL,USA|wyoming,-0.09517083719094942,False,7700.600128876497
BGR,BIH,0.3480280930277337,False,483.662565466342
BGR,CHE,0.22601746233292147,False,1294.5694905551827
BGR,CYP,-0.23751817367037767,False,1228.0141373458378
BGR,CZE,0.40108229786997796,False,1004.5577935434098
BGR,DEU,0.4639809750470419,False,1358.5238362550756
BGR,DNK,0.2660135780320093,False,1721.2145384636378
BGR,ESP,0.5440357705113129,False,2100.429864565031
BGR,EST,0.1969904927806163,False,1858.193819327576
BGR,FIN,0.36805856232018186,False,2064.413238799676
BGR,FRA,0.47352220933257894,False,1687.755632658031
BGR,GBR,0.47342155505430483,False,2105.01575343499
BGR,GRC,0.6118551007417393,False,626.6044759844606
BGR,HRV,0.36616588861162885,False,676.2741592373314
BGR,HUN,0.28879836672424597,False,611.9015206202697
BGR,IND|delhi,-0.026545575705889106,False,5007.723596374957
BGR,IND|gujarat,-0.22330131284301313,False,5007.497331131639
BGR,IND|karnataka,-0.0010324251592929844,False,6142.512539871283
BGR,IND|kerala,0.2594011959552407,False,6306.116337741481
BGR,IND|maharashtra,-0.22527866950403186,False,5337.294393381632
BGR,IND|odisha,-0.09038094826691973,False,6270.979558420302
BGR,IND|rajasthan,-0.11881638697626042,False,5012.095913685797
BGR,IND|tamil nadu,0.23667034371928158,False,6344.428980131955
BGR,IND|telangana,0.08266400766949251,False,5882.448241895736
BGR,IND|uttar pradesh,-0.13778501193682982,False,5033.146569853262
BGR,IND|west bengal,-0.07814933493902489,False,6321.954012346852
BGR,IRL,0.20923136504327955,False,2481.318023563193
BGR,ITA,0.4680269432459717,False,1021.5229573574028
BGR,LTU,0.11174701711678474,False,1349.7769299166268
BGR,LUX,-0.0058582179789158475,False,1521.1603485349199
BGR,LVA,0.3014098321480885,False,1583.803689759527
BGR,MDA,-0.03880870529995338,False,641.0073408487087
BGR,MKD,-0.22599445694663445,False,174.2583080776897
BGR,MLT,-0.06767224652702011,False,1077.313088788435
BGR,NLD,0.4800297993207509,False,1707.513728710703
BGR,NOR,0.4217072815749225,False,2136.7288494082036
BGR,POL,0.5201673111462775,False,1068.9369472927467
BGR,PRT,0.42389544634524673,False,2714.407192683785
BGR,ROU,0.5989105791995561,False,274.7518196570111
BGR,SRB,0.542843979920561,False,285.167758715693
BGR,SVK,0.4042152158812866,False,735.6935764178728
BGR,SVN,0.17243173846424353,False,801.1291509885924
BGR,SWE,0.4125536537415297,False,1849.3866463285617
BGR,TUR,0.048130360743766844,False,573.2052243905156
BGR,USA|alabama,-0.09991905890411755,False,8957.345543799875
BGR,USA|arizona,0.05909365029588363,False,10400.481747106176
BGR,USA|arkansas,-0.06961280376192304,False,9175.073058336116
BGR,USA|california,0.1531114060599484,False,10506.516952349215
BGR,USA|colorado,-0.08656212032155003,False,9479.310220637697
BGR,USA|connecticut,0.12119277301063568,False,7471.322789212101
BGR,USA|delaware,0.10833244682346053,False,7758.890779544246
BGR,USA|florida,0.03579156478221077,False,9058.205879646448
BGR,USA|georgia,-0.11573003666131905,False,8777.610306930348
BGR,USA|idaho,0.15691984267656167,False,9531.03467647741
BGR,USA|illinois,-0.09232798371740486,False,8368.60986852584
BGR,USA|indiana,-0.19003486013295617,False,8386.728493376948
BGR,USA|iowa,0.03821980591033084,False,8691.876864732878
BGR,USA|kansas,-0.09561723464792607,False,8998.248408516163
BGR,USA|kentucky,-0.17432707456181026,False,8531.52443067238
BGR,USA|louisiana,-0.10658462917214437,False,9430.1881996427
BGR,USA|maine,0.006933225000608447,False,7005.364833971706
BGR,USA|maryland,0.013602020024449503,False,7877.808883561342
BGR,USA|massachusetts,-0.11946752865001911,False,7282.972007950185
BGR,USA|michigan,-0.18929961580731028,False,8075.32962677276
BGR,USA|minnesota,-0.13292120990701375,False,8422.148494508741
BGR,USA|mississippi,-0.18060889888794293,False,9208.008392974687
BGR,USA|missouri,-0.16749704174725738,False,8873.939332115344
BGR,USA|montana,0.06006430179596881,False,9116.501146695735
BGR,USA|nebraska,-0.05792306393531578,False,8898.668861069835
BGR,USA|nevada,0.07883883014645364,False,10241.355221473825
BGR,USA|new hampshire,-0.043943747480600606,False,7255.545059760887
BGR,USA|new jersey,0.060141695935510484,False,7605.8750177808415
BGR,USA|new mexico,-0.10828085073043277,False,10020.95280544122
BGR,USA|new york,-0.08583977501916105,False,7581.246016446473
BGR,USA|north carolina,-0.11191192577726305,False,8372.976508233449
BGR,USA|north dakota,-0.04201211874787295,False,8557.002902651839
BGR,USA|ohio,-0.05937097929590797,False,8198.859296359531
BGR,USA|oklahoma,-0.11096384756787751,False,9346.133857118146
BGR,USA|oregon,-0.02501443085103243,False,9640.935285081985
BGR,USA|pennsylvania,-0.10782616016062542,False,7799.748342714162
BGR,USA|rhode island,0.23213727204362775,False,7335.137371268923
BGR,USA|south carolina,-0.18812902944674242,False,8532.052736975185
BGR,USA|south dakota,-0.005072540895793994,False,8753.01019927588
BGR,USA|tennessee,-0.11945462962676219,False,8800.749901707079
BGR,USA|texas,-0.04466609278298958,False,9787.501948147024
BGR,USA|utah,-0.05058029494629931,False,9733.36296844734
BGR,USA|vermont,-0.07468856941353127,False,7264.855542880245
BGR,USA|virginia,-0.09647824445032721,False,7960.340418919771
BGR,USA|washington,-0.22601023599657846,False,9396.680628108397
BGR,USA|washington dc,-0.009558237874989961,False,7908.276185272438
BGR,USA|west virginia,-0.1384935879540144,False,8112.116634568686
BGR,USA|wisconsin,-0.1185291247080763,False,8301.321363184335
BGR,USA|wyoming,-0.032192737293522844,False,9328.4028023126
BIH,CHE,0.19385206544449657,False,815.4320890147026
BIH,CYP,-0.34393623372016846,False,1689.55643395771
BIH,CZE,0.3277267909380935,False,656.0677796116646
BIH,DEU,0.321246408421754,False,934.9044882107172
BIH,DNK,0.3659713175915183,False,1393.0287316897413
BIH,ESP,0.47406802445730806,False,1650.5200697313303
BIH,EST,0.27135351438500777,False,1771.670104888039
BIH,FIN,0.5656281897509022,False,1963.282668352402
BIH,FRA,0.5856733441142227,False,1204.7126479777337
BIH,GBR,0.35413391662001314,False,1650.7807830906493
BIH,GRC,0.22882146141186996,False,940.7041275395094
BIH,HRV,0.6448334772946586,False,224.57343893649164
BIH,HUN,0.07650323774283072,False,404.6832585825241
BIH,IND|delhi,0.0017851205656196308,False,5461.529267692505
BIH,IND|gujarat,0.02233150825226126,False,5482.773885281227
BIH,IND|karnataka,0.04669315361836446,False,6624.238268922814
BIH,IND|kerala,0.06716953657694257,False,6789.658954413643
BIH,IND|maharashtra,-0.0389226288033143,False,5817.395871822901
BIH,IND|odisha,0.15999580598916335,False,6731.551619847189
BIH,IND|rajasthan,0.06072910159509919,False,5473.270287310721
BIH,IND|tamil nadu,0.3226167892807085,False,6824.1435507538745
BIH,IND|telangana,0.01144577303838469,False,6359.142265614042
BIH,IND|uttar pradesh,0.11610284149333952,False,5486.699204722569
BIH,IND|west bengal,0.10995992660576606,False,6771.709875341012
BIH,IRL,0.22731154820992863,False,2025.1057328789807
BIH,ITA,0.18251862624717974,False,547.5852451436832
BIH,LTU,0.08103134852100846,False,1292.545323495265
BIH,LUX,0.26216304234500865,False,1061.6194640437357
BIH,LVA,0.3104869552601451,False,1496.7407207612894
BIH,MDA,0.07423172333998965,False,925.1731396412079
BIH,MKD,-0.23357754512934342,False,392.1310479159575
BIH,MLT,-0.16405838319214694,False,960.3727613284628
BIH,NLD,0.41776060982810354,False,1276.2770127510878
BIH,NOR,0.5022375052647424,False,1856.8359435946263
BIH,POL,0.551205982101428,False,892.9023034013377
BIH,PRT,0.3763349107326543,False,2258.222683355446
BIH,ROU,0.5580190707167124,False,619.3771400935021
BIH,SRB,0.5933452879660452,False,246.5029774677806
BIH,SVK,0.6060722595428837,False,468.0957708111337
BIH,SVN,0.39409554851140394,False,333.0330332543993
BIH,SWE,0.5827855189493513,False,1630.8603049894339
BIH,TUR,-0.1711960438231635,False,1056.8629173399079
BIH,USA|alabama,0.008821541909003786,False,8493.58519178364
BIH,USA|arizona,0.12818269525518566,False,9994.662730450973
BIH,USA|arkansas,0.09974033674534925,False,8723.039827279612
BIH,USA|california,0.2339273718160181,False,10138.189593011197
BIH,USA|colorado,0.1404901690475861,False,9068.459283689677
BIH,USA|connecticut,0.12757087863891603,False,7004.973289826124
BIH,USA|delaware,0.20268203950606278,False,7292.1394464318655
BIH,USA|florida,0.13824209869013027,False,8579.903023533972
BIH,USA|georgia,-0.04265642361805379,False,8311.223843652842
BIH,USA|idaho,0.09727884198686916,False,9167.850270136416
BIH,USA|illinois,-0.012819692354858726,False,7924.908604768535
BIH,USA|indiana,0.004638423648927796,False,7936.8621687825835
BIH,USA|iowa,-0.050069364480297286,False,8258.550961034452
BIH,USA|kansas,0.0024614947584800885,False,8560.864577814333
BIH,USA|kentucky,-0.08213993780754653,False,8075.923782881709
BIH,USA|louisiana,-0.05718351118110679,False,8970.520194503268
BIH,USA|maine,-0.06970440937453153,False,6541.849330813962
BIH,USA|maryland,-0.004695336822534273,False,7411.651176522178
BIH,USA|massachusetts,-0.004396542661100274,False,6816.566588217151
BIH,USA|michigan,-0.0029025718539302777,False,7626.420209208148
BIH,USA|minnesota,0.019549675133824516,False,7998.137712984631
BIH,USA|mississippi,0.009461815112076642,False,8748.1600667411
BIH,USA|missouri,0.044050796371412446,False,8431.738737165302
BIH,USA|montana,0.18007328129089017,False,8742.161219556017
BIH,USA|nebraska,-0.041304735744899984,False,8470.110171895634
BIH,USA|nevada,0.15323871993543672,False,9860.432993803746
BIH,USA|new hampshire,-0.04773592436243177,False,6790.949560644742
BIH,USA|new jersey,0.09033543480687908,False,7139.423456840042
BIH,USA|new mexico,0.012506669900023108,False,9601.489739897237
BIH,USA|new york,0.02997901419721125,False,7117.06861275583
BIH,USA|north carolina,-0.017130865255549285,False,7904.648936345004
BIH,USA|north dakota,0.03057660252007925,False,8150.186263667101
BIH,USA|ohio,-0.062234555338681545,False,7743.00166402954
BIH,USA|oklahoma,0.09244122223031871,False,8905.266631170025
BIH,USA|oregon,0.06903567958465542,False,9303.89076958556
BIH,USA|pennsylvania,-0.005207555384992557,False,7336.157513496818
BIH,USA|rhode island,0.15982641978038634,False,6867.858928307353
BIH,USA|south carolina,-0.0349589168877779,False,8062.214046901238
BIH,USA|south dakota,-0.17256074237483532,False,8334.291090405359
BIH,USA|tennessee,-0.0012236332325392348,False,8342.313592083745
BIH,USA|texas,0.06880802689022952,False,9339.05402342874
BIH,USA|utah,0.12510938388043594,False,9346.018090686894
BIH,USA|vermont,-0.1421548793755755,False,6805.172718847081
BIH,USA|virginia,0.05614484576278861,False,7493.982901601812
BIH,USA|washington,-0.0908049684891325,False,9061.855295169875
BIH,USA|washington dc,0.07474993435123424,False,7441.790376937399
BIH,USA|west virginia,0.03150144159118449,False,7649.94597917375
BIH,USA|wisconsin,0.04861807855333215,False,7861.543801178
BIH,USA|wyoming,0.06873688542322143,False,8922.400214392552
CHE,CYP,-0.2668260533789713,False,2502.9411770550137
CHE,CZE,-0.0333868389202425,False,605.335308766886
CHE,DEU,0.0763119407286099,False,401.10872720376176
CHE,DNK,-0.1463662822341364,False,985.6560596786843
CHE,ESP,0.4756099474589948,False,1076.5429919005903
CHE,EST,0.07324662408811429,False,1774.5588762448915
CHE,FIN,0.05026396943108114,False,1911.1664233344454
CHE,FRA,0.1919067294423317,True,404.83966741148106
CHE,GBR,0.1378112753019788,False,874.327079195356
CHE,GRC,0.4281185540246084,False,1706.7159988874678
CHE,HRV,0.313689957015227,False,624.4412092933729
CHE,HUN,0.4977714133765093,False,867.6976604566294
CHE,IND|delhi,-0.048266992567440735,False,6181.236765843717
CHE,IND|gujarat,-0.02987373325330723,False,6252.682171751799
CHE,IND|karnataka,0.2064910244029127,False,7414.054308267203
CHE,IND|kerala,0.08827364412986623,False,7590.692905048939
CHE,IND|maharashtra,0.161969186443678,False,6601.6116242702365
CHE,IND|odisha,-0.054532251211075175,False,7461.855512532907
CHE,IND|rajasthan,0.09695400247411953,False,6208.925085359816
CHE,IND|tamil nadu,-0.07217297945907382,False,7605.886231175277
CHE,IND|telangana,0.15538891479561504,False,7131.657096397734
CHE,IND|uttar pradesh,-0.047951979563012184,False,6205.763323609014
CHE,IND|west bengal,0.02728362632800584,False,7477.527704341928
CHE,IRL,-0.24522442112171103,False,1236.8208997112488
CHE,ITA,0.5965646952088397,True,399.24403582929455
CHE,LTU,-0.029065011046312834,False,1448.3195564074065
CHE,LUX,-0.010101458734317878,False,312.8720554747386
CHE,LVA,0.015159017927449116,False,1552.6022174051664
CHE,MDA,-0.20620914603227183,False,1573.4568779786496
CHE,MKD,-0.337456893191139,False,1203.7311107860937
CHE,MLT,-0.10670087051595231,False,1356.793057160657
CHE,NLD,0.2211376380866869,False,597.0147096290558
CHE,NOR,0.02335254908564085,False,1474.3288203107209
CHE,POL,0.19033510176689822,False,1011.4041502051447
CHE,PRT,0.28610530397037165,False,1613.9362013199
CHE,ROU,0.26959300007037135,False,1368.968829071668
CHE,SRB,0.1543215610546773,False,1024.2712238606932
CHE,SVK,0.2575580905831058,False,779.3398931058391
CHE,SVN,0.30632802442703505,False,496.39579645591436
CHE,SWE,0.029383657720169484,False,1414.8058226809305
CHE,TUR,-0.0835039687937653,False,1865.1401325060995
CHE,USA|alabama,-0.07286683204115361,False,7684.013734709054
CHE,USA|arizona,-0.1391712577674219,False,9244.700867993268
CHE,USA|arkansas,-0.03861985393981522,False,7923.338975015609
CHE,USA|california,-0.12356621428725634,False,9435.545823376899
CHE,USA|colorado,-0.016433848801743922,False,8314.42630101244
CHE,USA|connecticut,0.16651564826516743,False,6193.9912887306045
CHE,USA|delaware,-0.06449218722460816,False,6480.801440575883
CHE,USA|florida,-0.1545103413309616,False,7764.680848128499
CHE,USA|georgia,-0.21203808980857553,False,7499.878712216848
CHE,USA|idaho,0.23096453968939465,False,8475.894382041146
CHE,USA|illinois,-0.06464062996877146,False,7134.364323704541
CHE,USA|indiana,-0.05259821234852477,False,7139.881339355173
CHE,USA|iowa,0.14272769851300066,False,7479.134113993923
CHE,USA|kansas,0.009030266936599972,False,7776.458322835572
CHE,USA|kentucky,-0.11112176423490076,False,7273.316861538289
CHE,USA|louisiana,-0.2631889854015082,False,8163.938942666349
CHE,USA|maine,0.14450282632862,False,5733.178987781371
CHE,USA|maryland,-0.08591742329884262,False,6600.686982511195
CHE,USA|massachusetts,0.008127240242939975,False,6005.6015516256275
CHE,USA|michigan,-0.05314250241045682,False,6830.6919656139235
CHE,USA|minnesota,-0.061931549887791454,False,7230.195744342722
CHE,USA|mississippi,-0.1128350409071187,False,7941.525231212717
CHE,USA|missouri,-0.025031157734534307,False,7642.24499040528
CHE,USA|montana,0.17650460792448863,False,8036.679966877049
CHE,USA|nebraska,-0.005263532303456559,False,7695.890743531704
CHE,USA|nevada,-0.08688848625024412,False,9142.259745203064
CHE,USA|new hampshire,0.09123662163136041,False,5981.325950316834
CHE,USA|new jersey,-0.025952739771214716,False,6328.331821470957
CHE,USA|new mexico,-0.062302656748199674,False,8835.98906046
CHE,USA|new york,-0.11530908664317346,False,6307.643423017974
CHE,USA|north carolina,-0.08850898620736,False,7092.172312774217
CHE,USA|north dakota,0.16091193467300335,False,7403.485363630532
CHE,USA|ohio,0.05086019521894628,False,6940.366044315934
CHE,USA|oklahoma,-0.1491911429984438,False,8116.677408544733
CHE,USA|oregon,0.2976400722760711,False,8647.61348005898
CHE,USA|pennsylvania,-0.00016081297284356117,False,6527.102504202278
CHE,USA|rhode island,-0.0685991031464591,False,6056.278175980304
CHE,USA|south carolina,-0.06621783412550637,False,7248.864074809348
CHE,USA|south dakota,0.17582424534707358,False,7572.146788957821
CHE,USA|tennessee,0.06903824626460883,False,7537.0432262677305
CHE,USA|texas,-0.22408050742882218,False,8542.341182270136
CHE,USA|utah,-0.1951156169739608,False,8621.128042925431
CHE,USA|vermont,0.0944652513169119,False,5999.631525040937
CHE,USA|virginia,0.052338437546239014,False,6682.859094249375
CHE,USA|washington,-0.06409015479249926,False,8409.964933526087
CHE,USA|washington dc,0.15476536669687138,False,6630.592986101604
CHE,USA|west virginia,-0.08414229548322331,False,6841.886596741822
CHE,USA|wisconsin,-0.03634373186264482,False,7075.374151953799
CHE,USA|wyoming,-0.1059943044469272,False,8174.760091678917
CYP,CZE,0.04821269208439009,False,2218.5249043005915
CYP,DEU,-0.052662999564806176,False,2585.5971968329545
CYP,DNK,-0.07261940091071946,False,2901.7507680188032
CYP,ESP,-0.2593941529453621,False,3142.946872804461
CYP,EST,0.05111628182066436,False,2782.7373684163913
CYP,FIN,-0.04550592334177628,False,2987.510691757112
CYP,FRA,-0.37024017757576294,False,2880.1968906269467
CYP,GBR,-0.09253172015601421,False,3332.1576282492288
CYP,GRC,-0.25718045337101064,False,892.183942262423
CYP,HRV,-0.32432517482950934,False,1899.055027737544
CYP,HUN,-0.05749712522053333,False,1812.6617141062752
CYP,IND|delhi,0.016381682241774255,False,4150.104841322476
CYP,IND|gujarat,0.18244113067764206,False,4001.7113762220574
CYP,IND|karnataka,-0.19197229125467435,False,5055.294798040351
CYP,IND|kerala,0.02037635983655985,False,5178.938470857768
CYP,IND|maharashtra,0.12427301833251848,False,4278.426828530969
CYP,IND|odisha,0.09790464210378026,False,5348.740710217375
CYP,IND|rajasthan,0.002803282522656557,False,4109.582148389056
CYP,IND|tamil nadu,-0.06375715687467007,False,5280.420164076151
CYP,IND|telangana,0.050248839218618786,False,4852.311231431474
CYP,IND|uttar pradesh,0.030433135886590246,False,4176.344068910292
CYP,IND|west bengal,0.05697671727299452,False,5458.9151495328
CYP,IRL,-0.37628052657184524,False,3708.238182891831
CYP,ITA,-0.2611630019446957,False,2178.5209844884007
CYP,LTU,-0.012294975562546454,False,2309.0831390106127
CYP,LUX,-0.0052476952638935434,False,2746.1860989792435
CYP,LVA,-0.12862117520916488,False,2543.1005512504134
CYP,MDA,0.24133660528022824,False,1388.1306041265518
CYP,MKD,0.3873231114799871,False,1299.2222052774557
CYP,MLT,0.31825103514963693,False,1717.1245697758318
CYP,NLD,-0.1210966921192528,False,2934.7776068704147
CYP,NOR,-0.12733523603465596,False,3264.167706152003
CYP,POL,-0.11899419439933405,False,2186.5669370668447
CYP,PRT,-0.18121762171806463,False,3752.4114376283947
CYP,ROU,-0.31597051647835844,False,1277.534801275352
CYP,SRB,-0.18053314814684665,False,1513.0016840966914
CYP,SVK,-0.14838987756073335,False,1940.347795185317
CYP,SVN,-0.11475665388319843,False,2019.8715481607087
CYP,SWE,-0.14869191390352454,False,2930.91412989581
CYP,TUR,0.07600950267653683,False,721.1273006736486
CYP,USA|alabama,0.10732769353667675,False,10182.312440771004
CYP,USA|arizona,-0.10408810916734884,False,11598.416398003023
CYP,USA|arkansas,-0.11001417813563161,False,10403.07441429493
CYP,USA|california,-0.0417985397896211,False,11658.265124506677
CYP,USA|colorado,-0.11763905354148875,False,10683.714721009384
CYP,USA|connecticut,-0.16610112865989002,False,8694.35953625883
CYP,USA|delaware,0.004582826668805338,False,8981.599027553711
CYP,USA|florida,0.13397525033072158,False,10259.948894680876
CYP,USA|georgia,0.17019011624800512,False,10000.657999965006
CYP,USA|idaho,-0.014420101156154727,False,10679.658594395773
CYP,USA|illinois,0.06730697443754047,False,9595.259021332296
CYP,USA|indiana,-0.013774818090719494,False,9614.607498800808
CYP,USA|iowa,0.057963539030881306,False,9913.99486885919
CYP,USA|kansas,-0.12158318166593472,False,10222.299848728144
CYP,USA|kentucky,0.07485283559048718,False,9759.346633715211
CYP,USA|louisiana,0.11082407422796356,False,10657.124396101208
CYP,USA|maine,0.10761741246401502,False,8230.35365723014
CYP,USA|maryland,0.1600565383122416,False,9101.016592727303
CYP,USA|massachusetts,-0.03161228568525062,False,8505.955947283805
CYP,USA|michigan,-0.01515098299557627,False,9303.117418238124
CYP,USA|minnesota,-0.03697208584100858,False,9638.591068577201
CYP,USA|mississippi,0.0784874912243673,False,10434.868044928488
CYP,USA|missouri,-0.02349357119870323,False,10100.003189688183
CYP,USA|montana,-0.10668899499231738,False,10281.221467133373
CYP,USA|nebraska,-0.13494975944995027,False,10117.814604711086
CYP,USA|nevada,-0.021834271887584054,False,11410.737272321965
CYP,USA|new hampshire,0.08847620969646168,False,8479.87340911813
CYP,USA|new jersey,-0.04381340323883724,False,8828.832256766973
CYP,USA|new mexico,0.031065770435953426,False,11232.324105308206
CYP,USA|new york,0.09722703820629257,False,8805.86847462344
CYP,USA|north carolina,0.13289538887427893,False,9594.19933946233
CYP,USA|north dakota,-0.1268507985266305,False,9759.058530685
CYP,USA|ohio,-0.07438533459410043,False,9426.632035374418
CYP,USA|oklahoma,-0.02733893150701116,False,10571.583585034849
CYP,USA|oregon,-0.1955471069111795,False,10751.562360026304
CYP,USA|pennsylvania,-0.11166030840459902,False,9024.747969073085
CYP,USA|rhode island,0.046730346075447536,False,8557.369929002789
CYP,USA|south carolina,-0.016230844452018906,False,9751.56696805605
CYP,USA|south dakota,0.16161706980722274,False,9965.15671685627
CYP,USA|tennessee,-0.10354159391805164,False,10028.022277157024
CYP,USA|texas,0.044741820710534876,False,11015.093282485805
CYP,USA|utah,-0.1419359363114481,False,10912.124744119103
CYP,USA|vermont,0.12408529967476523,False,8491.635927396235
CYP,USA|virginia,-0.13905191608021714,False,9183.387480873718
CYP,USA|washington,0.1662591571657109,False,10505.357246612171
CYP,USA|washington dc,0.022153839646267885,False,9131.214627757694
CYP,USA|west virginia,0.02109022100601077,False,9337.91592832347
CYP,USA|wisconsin,-0.12220212664706648,False,9526.639923237646
CYP,USA|wyoming,-0.2581263952162455,False,10528.393261177212
CZE,DEU,0.566739116776938,False,405.68676862040985
CZE,DNK,0.4073461310685322,False,738.5935788858305
CZE,ESP,0.3024355245975006,False,1679.46767806944
CZE,EST,0.32529166960988515,False,1246.9963684141271
CZE,FIN,0.5354229163547602,False,1413.1988592786868
CZE,FRA,0.5289783226252869,False,969.7919295571945
CZE,GBR,0.6104235970277254,False,1167.550794902409
CZE,GRC,0.24368994504592703,False,1573.379514034799
CZE,HRV,0.4640038938430603,False,451.2521765634083
CZE,HUN,0.2317840758545225,False,407.70253449892414
CZE,IND|delhi,0.2494925475425265,False,5640.512274134078
CZE,IND|gujarat,0.18142367323053127,False,5758.919586413264
CZE,IND|karnataka,-0.040508854507010014,False,6946.481390801374
CZE,IND|kerala,0.4036011789218946,False,7147.310390170198
CZE,IND|maharashtra,-0.01693847566427028,False,6127.185567443824
CZE,IND|odisha,-0.003604675606239336,False,6924.9910433197065
CZE,IND|rajasthan,-0.004007139387518485,False,5680.256548184717
CZE,IND|tamil nadu,0.2220375182891793,False,7123.909311363532
CZE,IND|telangana,0.0679988806109032,False,6638.008524981417
CZE,IND|uttar pradesh,0.19386505359963885,False,5664.504196812744
CZE,IND|west bengal,0.03704416630295473,False,6924.065557872791
CZE,IRL,0.05155776620248405,False,1537.843062830699
CZE,ITA,0.20593158822787896,False,718.8588794155552
CZE,LTU,0.16798235529525524,False,858.8936555287582
CZE,LUX,0.04392452741858366,False,646.382531391473
CZE,LVA,0.43408299634839487,False,996.4712502342959
CZE,MDA,0.07307227502667883,False,1058.1558309053803
CZE,MKD,0.009004430168190448,False,996.3335041580892
CZE,MLT,-0.16449818675121658,False,1550.613178893492
CZE,NLD,0.5430481090598216,False,740.4180448357278
CZE,NOR,0.6014382807390247,False,1202.4405695727528
CZE,POL,0.6337347299441441,True,411.491352278736
CZE,PRT,0.38398428807970497,False,2216.089550933878
CZE,ROU,0.45146834984517276,False,960.2180580032193
CZE,SRB,0.4662159072451096,False,726.1420408736179
CZE,SVK,0.38857420781362983,True,280.5277089675806
CZE,SVN,0.19203073729161163,False,424.21587404173187
CZE,SWE,0.6008091047272444,False,1003.5294372313964
CZE,TUR,-0.20929947370926963,False,1515.0535230739622
CZE,USA|alabama,0.1755572327774706,False,7997.870289611496
CZE,USA|arizona,0.15158785471250233,False,9395.938256639847
CZE,USA|arkansas,0.056987333400258265,False,8195.40981896297
CZE,USA|california,0.12095297086786368,False,9509.782170504592
CZE,USA|colorado,0.06390436769991614,False,8475.14594226592
CZE,USA|connecticut,0.12934692904129466,False,6520.905556813855
CZE,USA|delaware,0.15259074406783732,False,6808.875165562915
CZE,USA|florida,0.2054665535836836,False,8149.3744314498745
CZE,USA|georgia,0.12300067099853165,False,7824.601544819889
CZE,USA|idaho,0.07091169428880033,False,8536.161793201964
CZE,USA|illinois,0.06838995963969428,False,7380.45271215198
CZE,USA|indiana,-0.041392565161029606,False,7405.225267301812
CZE,USA|iowa,0.04142158768256663,False,7695.502917631334
CZE,USA|kansas,0.07509093739013209,False,8004.352710036062
CZE,USA|kentucky,0.08218210681901211,False,7557.715375203025
CZE,USA|louisiana,0.14150414084069338,False,8461.882753415606
CZE,USA|maine,-0.12564816990763147,False,6049.135352703978
CZE,USA|maryland,0.04704228268690401,False,6926.007972471494
CZE,USA|massachusetts,-0.0712019195041706,False,6333.139382087499
CZE,USA|michigan,0.006668730504285543,False,7093.0339317173775
CZE,USA|minnesota,0.0576967728156078,False,7421.3649559305895
CZE,USA|mississippi,0.020464102408218596,False,8240.346113333673
CZE,USA|missouri,0.09229806793697332,False,7883.966604981251
CZE,USA|montana,0.05321763032506011,False,8117.16225245789
CZE,USA|nebraska,0.08196927499440726,False,7899.625810446814
CZE,USA|nevada,0.11280731648980506,False,9240.254952163401
CZE,USA|new hampshire,0.03675218643972066,False,6301.263270574069
CZE,USA|new jersey,0.05122475051285098,False,6655.417634787055
CZE,USA|new mexico,0.0025862291414105436,False,9018.259253498327
CZE,USA|new york,0.0939297785922772,False,6625.274423691878
CZE,USA|north carolina,0.14363245908674196,False,7425.917957606339
CZE,USA|north dakota,-0.10243337740262586,False,7552.566512854418
CZE,USA|ohio,0.1138166552943705,False,7225.916417065584
CZE,USA|oklahoma,0.10527113506402395,False,8354.660940144036
CZE,USA|oregon,0.037935660373508276,False,8660.191311296729
CZE,USA|pennsylvania,0.05009287217290697,False,6841.998655185905
CZE,USA|rhode island,0.18665673490307547,False,6387.506897455334
CZE,USA|south carolina,0.042779196745576405,False,7589.0772612956935
CZE,USA|south dakota,-0.02592356118179472,False,7750.427194529647
CZE,USA|tennessee,0.01861955992830983,False,7831.181012391567
CZE,USA|texas,0.15176198984172445,False,8802.899994585325
CZE,USA|utah,0.08356551367894369,False,8730.591778477094
CZE,USA|vermont,-0.1622391201165909,False,6300.0893418893265
CZE,USA|virginia,0.09531318545220879,False,7008.873955498936
CZE,USA|washington,-0.06775791361511016,False,8417.268149716554
CZE,USA|washington dc,0.087047165272956,False,6957.248445934773
CZE,USA|west virginia,0.09689007578905387,False,7150.720867521716
CZE,USA|wisconsin,0.05899633683554351,False,7309.763638171181
CZE,USA|wyoming,-0.016101050003819013,False,8323.8917639993
DEU,DNK,0.6544179578397047,True,589.2505724887427
DEU,ESP,0.4897740043625129,False,1422.6226524382328
DEU,EST,0.26735512228112784,False,1396.997519702615
DEU,FIN,0.711159766443279,False,1521.9364288136837
DEU,FRA,0.6911597551291303,True,639.816284530914
DEU,GBR,0.802685146223897,False,765.1622133883211
DEU,GRC,0.24441671205374432,False,1875.368125193257
DEU,HRV,0.4246311422031369,False,710.4961585941315
DEU,HUN,0.4589778839424567,False,798.0009691869116
DEU,IND|delhi,0.1187122736418511,False,6035.568217738144
DEU,IND|gujarat,-0.0023270055113288426,False,6163.355168414352
DEU,IND|karnataka,-0.22431983203569242,False,7352.124210766421
DEU,IND|kerala,0.38902983116087825,False,7552.586971660425
DEU,IND|maharashtra,-0.2118974717872452,False,6532.717458825998
DEU,IND|odisha,-0.11377832210655235,False,7320.597078961274
DEU,IND|rajasthan,-0.18183885924241097,False,6078.882561252805
DEU,IND|tamil nadu,0.12686554107252207,False,7528.999428622979
DEU,IND|telangana,0.03654973318169889,False,7042.26278037053
DEU,IND|uttar pradesh,0.029551220365672298,False,6059.360358784106
DEU,IND|west bengal,-0.2626016971393579,False,7313.160572922544
DEU,IRL,0.09333598229932383,False,1138.64153725593
DEU,ITA,0.27892038467228236,False,727.3099018947808
DEU,LTU,0.2988533649777393,False,1126.0855634943339
DEU,LUX,0.3092697913233951,True,264.7794543101456
DEU,LVA,0.4019991191966283,False,1194.51866515244
DEU,MDA,-0.06358512960106953,False,1463.6954587436067
DEU,MKD,0.04733122505306626,False,1316.696548537414
DEU,MLT,-0.21250330224275854,False,1679.1617230119525
DEU,NLD,0.6291557649301012,True,349.2092803736448
DEU,NOR,0.6059578574406762,False,1082.6219532654593
DEU,POL,0.7489850160622687,False,730.6330814388104
DEU,PRT,0.4246360883640501,False,1902.7402060192524
DEU,ROU,0.6061303816974596,False,1351.046238976601
DEU,SRB,0.6302187707036752,False,1073.3925137336353
DEU,SVK,0.4862105494152946,False,675.8333366692877
DEU,SVN,0.0910048639032238,False,613.9788197868427
DEU,SWE,0.7024120086274209,False,1015.1950018186271
DEU,TUR,-0.18878427081618337,False,1896.7057450289303
DEU,USA|alabama,0.19969818426986055,False,7609.946271006537
DEU,USA|arizona,0.2740138590186532,False,9060.552277813757
DEU,USA|arkansas,0.1474511726000256,False,7818.256774912305
DEU,USA|california,0.23623530018857317,False,9206.93542741983
DEU,USA|colorado,0.15761488183802597,False,8135.148288674293
DEU,USA|connecticut,0.2217120303890955,False,6129.096133149819
DEU,USA|delaware,0.0699496651332303,False,6417.033460973391
DEU,USA|florida,0.2558887925126887,False,7748.4845493334715
DEU,USA|georgia,0.12019102098262233,False,7434.1406745796385
DEU,USA|idaho,0.08175788316291219,False,8238.571090971787
DEU,USA|illinois,0.10303331258941167,False,7010.108906283915
DEU,USA|indiana,0.012972272292029017,False,7029.289439535569
DEU,USA|iowa,0.039858378772500785,False,7334.865248798908
DEU,USA|kansas,0.16747871006107262,False,7640.262984884524
DEU,USA|kentucky,0.08426334067494463,False,7176.726005935152
DEU,USA|louisiana,0.14895057767479403,False,8078.095577926513
DEU,USA|maine,-0.1356494036244287,False,5659.278984013784
DEU,USA|maryland,0.039590743027972226,False,6534.825197083827
DEU,USA|massachusetts,-0.03593735388880522,False,5941.059075524077
DEU,USA|michigan,0.055764970673216466,False,6717.660266248004
DEU,USA|minnesota,0.1173727843474661,False,7069.048453463655
DEU,USA|mississippi,0.027992119256053667,False,7856.186392258163
DEU,USA|missouri,0.046036572585955324,False,7515.423547860958
DEU,USA|montana,0.12006848895500685,False,7809.923190881971
DEU,USA|nebraska,0.21316380919939407,False,7543.449255191514
DEU,USA|nevada,0.17423409421513694,False,8926.620455155642
DEU,USA|new hampshire,0.061314381713381,False,5910.756993886582
DEU,USA|new jersey,0.16397042463881867,False,6263.6715078996685
DEU,USA|new mexico,0.0795426330847059,False,8670.782966676634
DEU,USA|new york,0.1288230798754291,False,6235.527134911202
DEU,USA|north carolina,0.15626380500721307,False,7033.317494414246
DEU,USA|north dakota,-0.07009476885014337,False,7216.0222097588185
DEU,USA|ohio,0.17188018947410258,False,6844.353695325758
DEU,USA|oklahoma,0.10243032603246179,False,7987.699246112761
DEU,USA|oregon,0.04822280192077901,False,8385.56504970456
DEU,USA|pennsylvania,0.11800801617484115,False,6453.0246743439975
DEU,USA|rhode island,0.3558555798846707,False,5994.716649093542
DEU,USA|south carolina,0.022749038284927844,False,7195.285467388873
DEU,USA|south dakota,-0.09805786736281442,False,7403.099239476483
DEU,USA|tennessee,0.11446103642807706,False,7447.89878991415
DEU,USA|texas,0.19159172328498336,False,8429.502642788446
DEU,USA|utah,0.17257023826120033,False,8411.489981764043
DEU,USA|vermont,-0.26609442060224175,False,5914.002990092524
DEU,USA|virginia,0.12131315639341678,False,6617.602297319652
DEU,USA|washington,-0.13863854019283806,False,8144.980530195556
DEU,USA|washington dc,0.11081158644586682,False,6565.8062510605105
DEU,USA|west virginia,-0.009283413355394367,False,6763.364616797582
DEU,USA|wisconsin,0.1252470793852824,False,6942.940384017248
DEU,USA|wyoming,0.10549040219580644,False,7988.202883398303
DNK,ESP,0.32108816698374526,False,1923.6430994738787
DNK,EST,0.22703256220882378,False,962.6959259595316
DNK,FIN,0.6219590650913551,False,1031.7208945772802
DNK,FRA,0.6426997022878576,False,1118.0286222072157
DNK,GBR,0.6042598912347955,False,852.2114637731281
DNK,GRC,0.10963686596699884,False,2308.9223669255803
DNK,HRV,0.4446321222421971,False,1179.8927597031918
DNK,HUN,0.2069924253541373,False,1109.3187307110495
DNK,IND|delhi,0.13261708387821422,False,5965.52115490705
DNK,IND|gujarat,0.0750487759273863,False,6179.052751522102
DNK,IND|karnataka,-0.2516382482191053,False,7397.671984714271
DNK,IND|kerala,0.14752535086122498,False,7631.497420950166
DNK,IND|maharashtra,-0.14742036306557,False,6575.329308917356
DNK,IND|odisha,-0.1480502898395,False,7245.565101817629
DNK,IND|rajasthan,-0.1421534753168772,False,6032.943676625452
DNK,IND|tamil nadu,0.03629078136474684,False,7550.784720887241
DNK,IND|telangana,-0.07968573690214904,False,7049.418594379879
DNK,IND|uttar pradesh,0.07375392644764124,False,5987.901426547837
DNK,IND|west bengal,-0.2547353881909279,False,7201.655110544936
DNK,IRL,0.22598715517992155,False,1126.9470521044966
DNK,ITA,0.042936507193064674,False,1307.8136081399982
DNK,LTU,0.34422554871279015,False,908.0046103986726
DNK,LUX,0.3201265779937207,False,748.892754761095
DNK,LVA,0.28355708736423996,False,853.5288418563877
DNK,MDA,-0.32944466363181635,False,1602.2886441776802
DNK,MKD,0.10748511067686138,False,1730.409895131891
DNK,MLT,-0.21961472111596833,False,2239.1924057410115
DNK,NLD,0.3790554456298704,False,533.3052892577706
DNK,NOR,0.47395239709794684,False,495.30350125399565
DNK,POL,0.5406620490447003,False,739.5016355256732
DNK,PRT,0.3026216917949949,False,2317.465398750646
DNK,ROU,0.4833435465712568,False,1624.217977512587
DNK,SRB,0.4804680637853329,False,1453.4406742908316
DNK,SVK,0.42230083859073214,False,986.7241996235375
DNK,SVN,0.029381423919063763,False,1121.6232385834114
DNK,SWE,0.6442063364757454,False,484.49237771162393
DNK,TUR,-0.16556897652398095,False,2182.9434601538846
DNK,USA|alabama,0.19258404195727838,False,7405.468754725131
DNK,USA|arizona,0.28963391232571556,False,8696.793498873769
DNK,USA|arkansas,0.22012783616266224,False,7568.762232627699
DNK,USA|california,0.25137058036846477,False,8785.42289483227
DNK,USA|colorado,0.19721821035361797,False,7782.499561586242
DNK,USA|connecticut,0.14014086418325275,False,5950.405450219565
DNK,USA|delaware,-0.015560099173513316,False,6237.1771398356
DNK,USA|florida,0.30614535435025203,False,7625.579827886971
DNK,USA|georgia,0.13907020036447423,False,7242.809599972491
DNK,USA|idaho,0.07566884290307077,False,7809.820489995707
DNK,USA|illinois,0.1174408562905356,False,6739.687487409922
DNK,USA|indiana,0.02635058452782949,False,6777.822513380271
DNK,USA|iowa,0.002873377899191785,False,7034.430978871694
DNK,USA|kansas,0.13165617590853496,False,7348.910965194701
DNK,USA|kentucky,0.09671770659333427,False,6943.786143523305
DNK,USA|louisiana,0.21561943851611895,False,7853.666766871313
DNK,USA|maine,-0.0839890617357473,False,5472.57046123552
DNK,USA|maryland,0.06322721334630095,False,6350.881424592743
DNK,USA|massachusetts,-0.018146461771887962,False,5764.793670036002
DNK,USA|michigan,0.10515079661172543,False,6465.221351078825
DNK,USA|minnesota,0.12467106195831115,False,6747.224695220456
DNK,USA|mississippi,0.07039937097570895,False,7634.028184082743
DNK,USA|missouri,0.07331789734918658,False,7237.836151084309
DNK,USA|montana,0.09844624818027793,False,7396.511780829515
DNK,USA|nebraska,0.17950065908744553,False,7230.4565765020325
DNK,USA|nevada,0.2346366208635195,False,8522.692383610121
DNK,USA|new hampshire,0.12251360986565198,False,5726.139163546776
DNK,USA|new jersey,0.10923350864357367,False,6083.995996364556
DNK,USA|new mexico,0.13305255372037564,False,8334.040465508066
DNK,USA|new york,0.08646577803942777,False,6045.434756563141
DNK,USA|north carolina,0.12993730899465253,False,6855.031185837306
DNK,USA|north dakota,-0.01078726046329576,False,6857.54723192116
DNK,USA|ohio,0.1853441616164416,False,6614.8649007168615
DNK,USA|oklahoma,0.20074301623893404,False,7704.023499310727
DNK,USA|oregon,-0.01635664725555638,False,7925.362227974025
DNK,USA|pennsylvania,0.14749684060082455,False,6258.083110548933
DNK,USA|rhode island,0.2785918854718069,False,5822.184642644999
DNK,USA|south carolina,0.13932174186406676,False,7023.1888028586
DNK,USA|south dakota,-0.06390766535160898,False,7068.380276565687
DNK,USA|tennessee,0.12953097272607997,False,7223.376367260827
DNK,USA|texas,0.29407136236980974,False,8165.227320233393
DNK,USA|utah,0.21734153032102174,False,8017.5425695234235
DNK,USA|vermont,-0.21315884666754054,False,5707.743936017349
DNK,USA|virginia,0.13325572185466192,False,6433.7748198088475
DNK,USA|washington,-0.04497433017073921,False,7681.957354897553
DNK,USA|washington dc,0.03549499192534533,False,6383.118808604428
DNK,USA|west virginia,0.03747000876622823,False,6559.341709452853
DNK,USA|wisconsin,0.11981437608156273,False,6661.630908621146
DNK,USA|wyoming,0.1216396643991189,False,7626.647311959995
ESP,EST,0.2794622750436727,False,2818.075519946068
ESP,FIN,0.33679894155672924,False,2932.2511346272668
ESP,FRA,0.49814585516412896,False,806.1872601062096
ESP,GBR,0.5363099307589048,False,1305.9798096317102
ESP,GRC,0.5831296325363639,False,2253.201217653615
ESP,HRV,0.6204418735561215,False,1555.8575851225971
ESP,HUN,0.43334946375330885,False,1872.5206763314256
ESP,IND|delhi,-0.0023271073028693794,False,7107.244958945373
ESP,IND|gujarat,-0.04447749446536814,False,7092.2188198824815
ESP,IND|karnataka,0.004881676221808698,False,8192.145865469482
ESP,IND|kerala,0.07964655971925876,False,8321.79286344719
ESP,IND|maharashtra,0.0273653821179527,False,7402.1158433598075
ESP,IND|odisha,0.12046717128011786,False,8371.215738828865
ESP,IND|rajasthan,-0.008118629988957834,False,7112.33639269126
ESP,IND|tamil nadu,0.005914002017818423,False,8408.727014339602
ESP,IND|telangana,0.31989851743128467,False,7961.359240499781
ESP,IND|uttar pradesh,0.0025020777767693326,False,7132.584877219082
ESP,IND|west bengal,-0.04937666773456683,False,8419.88073581642
ESP,IRL,-0.16074672015933622,False,1455.79079855509
ESP,ITA,0.7020345839854509,False,1112.0160612361951
ESP,LTU,0.17840160307789457,False,2523.527814922697
ESP,LUX,0.22246127434977345,False,1188.225247943517
ESP,LVA,0.13941575999471637,False,2614.903922305598
ESP,MDA,-0.05025044622573282,False,2551.2455566734247
ESP,MKD,-0.21915527309008953,False,1951.3922191519666
ESP,MLT,-0.14980895291142757,False,1517.6640144535306
ESP,NLD,0.5791638595558866,False,1399.2139174583779
ESP,NOR,0.3820193740701525,False,2351.073175360545
ESP,POL,0.5760704300076059,False,2087.7702006464174
ESP,PRT,0.43203164223543933,False,616.30892780607
ESP,ROU,0.5899732188279067,False,2269.8423584076604
ESP,SRB,0.49067955069953356,False,1896.8680663465839
ESP,SVK,0.4734600501561598,False,1813.2757507220495
ESP,SVN,0.42251004814955656,False,1444.304811010638
ESP,SWE,0.4090281013689805,False,2400.6206114734546
ESP,TUR,-0.15187210178721453,False,2649.538870762594
ESP,USA|alabama,-0.10594049032130272,False,7277.498811426935
ESP,USA|arizona,-0.09568308788287623,False,9110.088907722926
ESP,USA|arkansas,-0.07006699075277248,False,7592.620492083373
ESP,USA|california,-0.011057099327684514,False,9435.555084761003
ESP,USA|colorado,-0.017977057087151114,False,8183.522774679086
ESP,USA|connecticut,0.11743935768861767,False,5797.800555692773
ESP,USA|delaware,-0.08524833331175137,False,6074.474627754565
ESP,USA|florida,-0.04758196491085235,False,7215.229129840113
ESP,USA|georgia,-0.2537715543859561,False,7075.958503662519
ESP,USA|idaho,0.18095399328424377,False,8522.720278747825
ESP,USA|illinois,-0.14301675980795087,False,6872.320408074851
ESP,USA|indiana,-0.16046820966546868,False,6840.6124733026045
ESP,USA|iowa,0.022530170021152436,False,7264.876545602612
ESP,USA|kansas,-0.08151104018816248,False,7533.22027364071
ESP,USA|kentucky,-0.23601376902650475,False,6933.774317188255
ESP,USA|louisiana,-0.24697735541149382,False,7778.2078928404835
ESP,USA|maine,-0.039401194717112,False,5373.147676142907
ESP,USA|maryland,-0.14034680406478295,False,6196.80552959987
ESP,USA|massachusetts,-0.2115133780402852,False,5613.551309308348
ESP,USA|michigan,-0.19645456968207972,False,6545.235041111449
ESP,USA|minnesota,-0.12133465543951966,False,7069.631828355996
ESP,USA|mississippi,-0.19589349202590672,False,7558.798149777323
ESP,USA|missouri,-0.2056607576612396,False,7375.99304963751
ESP,USA|montana,0.15096213535283703,False,8057.918031120878
ESP,USA|nebraska,-0.0668811015326639,False,7500.024843804303
ESP,USA|nevada,-0.05687844124847685,False,9106.26974319495
ESP,USA|new hampshire,-0.046379194992734435,False,5605.492896859822
ESP,USA|new jersey,-0.0732593291413428,False,5928.07984446092
ESP,USA|new mexico,-0.11377945458656985,False,8653.589228374987
ESP,USA|new york,-0.1903826775753343,False,5927.088553651615
ESP,USA|north carolina,-0.16102606273741077,False,6659.418849777523
ESP,USA|north dakota,-0.02652865446744255,False,7316.368595022754
ESP,USA|ohio,-0.109774520971818,False,6606.800707719948
ESP,USA|oklahoma,-0.14258789010524395,False,7846.508449166907
ESP,USA|oregon,0.12712600871817856,False,8774.788064368293
ESP,USA|pennsylvania,-0.10871363275985876,False,6146.099335192745
ESP,USA|rhode island,0.09479955180361534,False,5655.205037278422
ESP,USA|south carolina,-0.19772828045327695,False,6799.611238368099
ESP,USA|south dakota,-0.05358936533298015,False,7426.800547042315
ESP,USA|tennessee,-0.05122574509174575,False,7172.35124111019
ESP,USA|texas,-0.16044241299162165,False,8220.165888485695
ESP,USA|utah,-0.1846687143182165,False,8576.372011671234
ESP,USA|vermont,-0.03604440253276684,False,5662.6231009490175
ESP,USA|virginia,-0.08963699244997787,False,6275.4886721790035
ESP,USA|washington,-0.18874458878604772,False,8551.883034884866
ESP,USA|washington dc,0.020626186052207732,False,6223.257419335268
ESP,USA|west virginia,-0.17026772114311034,False,6464.86716725735
ESP,USA|wisconsin,-0.0801018968792683,False,6837.237696042494
ESP,USA|wyoming,-0.10899417158794523,False,8068.392064949371
EST,FIN,0.3798300166380062,False,208.72573742493557
EST,FRA,0.18811274066103997,False,2020.8791544006654
EST,GBR,0.3577256277836113,False,1810.6785662561606
EST,GRC,0.16685171823982092,False,2480.477067550291
EST,HRV,0.293057998245279,False,1635.8615180446811
EST,HUN,0.10801967694052768,False,1370.0777692389215
EST,IND|delhi,0.19135206112450479,False,5165.539974551787
EST,IND|gujarat,0.21008938395514462,False,5466.774291097831
EST,IND|karnataka,0.09219674283364432,False,6702.823767284409
EST,IND|kerala,0.11179293266026301,False,6973.448459258238
EST,IND|maharashtra,0.024837031291877185,False,5888.377587769472
EST,IND|odisha,-0.16011734710747927,False,6427.780559125213
EST,IND|rajasthan,0.04515186493145775,False,5256.049354813891
EST,IND|tamil nadu,0.2568362875934202,False,6827.135996554094
EST,IND|telangana,0.04902553036230098,False,6315.66032409795
EST,IND|uttar pradesh,0.3401288583054882,False,5186.284261098971
EST,IND|west bengal,0.05871845788834762,False,6352.868015669938
EST,IRL,0.08226145028792198,False,2047.7430939342592
EST,ITA,0.17555467730762245,False,1965.652327543564
EST,LTU,0.09944645243354769,False,508.6302222449944
EST,LUX,-0.07315223924916338,False,1633.6935172509993
EST,LVA,0.2348029700371257,False,277.5572352708056
EST,MDA,-0.12459194094852567,False,1403.5984687771072
EST,MKD,0.10921547256910696,False,1954.7219131962186
EST,MLT,-0.09533191680528527,False,2731.019898122997
EST,NLD,0.3076124355162883,False,1480.211082851004
EST,NOR,0.3644076829432421,False,833.6711471083682
EST,POL,0.3338239101242428,False,884.5475108867245
EST,PRT,0.3896025913680693,False,3261.8501366709966
EST,ROU,0.21733571384305214,False,1636.8019132466125
EST,SRB,0.2932502301298199,False,1687.597626359372
EST,SVK,0.3013191002579506,False,1310.3386900085914
EST,SVN,0.18433435563855205,False,1654.1304815177807
EST,SWE,0.22688459990604393,False,510.4699796542888
EST,TUR,-0.0402125704052686,False,2098.278508587115
EST,USA|alabama,0.021371174176620728,False,7962.796142305191
EST,USA|arizona,0.08668184386328893,False,8967.00710315891
EST,USA|arkansas,0.03646942632404763,False,8057.370620251393
EST,USA|california,0.07182882940836137,False,8930.476330036543
EST,USA|colorado,0.021597050998659603,False,8089.791528458431
EST,USA|connecticut,0.03554333135368825,False,6565.63000993077
EST,USA|delaware,0.05109333714519291,False,6846.0372760339405
EST,USA|florida,0.10947926883049797,False,8285.782998154977
EST,USA|georgia,0.03214227177613152,False,7820.728669870532
EST,USA|idaho,0.2083391002134255,False,7954.55385679485
EST,USA|illinois,-0.02754083823002535,False,7209.4419373417595
EST,USA|indiana,-0.05480739746186064,False,7276.435021259359
EST,USA|iowa,-0.009435197537738036,False,7449.538982672138
EST,USA|kansas,-0.011032469350727202,False,7773.873033190664
EST,USA|kentucky,-0.07467487736605116,False,7467.397458879234
EST,USA|louisiana,0.08774346492687164,False,8375.671405666388
EST,USA|maine,-0.16198917633104895,False,6086.21128821464
EST,USA|maryland,-0.008415525026819696,False,6952.523595534422
EST,USA|massachusetts,0.015459655062689098,False,6386.390972600534
EST,USA|michigan,-0.15189570919765474,False,6967.895327274722
EST,USA|minnesota,-0.04719212174740724,False,7130.40269755871
EST,USA|mississippi,-0.10560064111491617,False,8162.631160710409
EST,USA|missouri,-0.07889232031469125,False,7687.402413261551
EST,USA|montana,0.11157346965197265,False,7584.164331645537
EST,USA|nebraska,-0.06691439512314419,False,7620.373412645437
EST,USA|nevada,0.061680506475329175,False,8711.768149257783
EST,USA|new hampshire,0.04618858329520596,False,6337.706848785082
EST,USA|new jersey,0.0454980455821157,False,6695.6573311710745
EST,USA|new mexico,-0.008350988791951449,False,8662.258258139542
EST,USA|new york,-0.04040290983926742,False,6644.130759797077
EST,USA|north carolina,-0.03750200608193962,False,7456.20345780175
EST,USA|north dakota,-0.008357442415438274,False,7170.430058302107
EST,USA|ohio,-0.011348696901581625,False,7149.047685455001
EST,USA|oklahoma,0.03051918546919505,False,8135.86230542941
EST,USA|oregon,-0.01007087945119029,False,7989.786216922311
EST,USA|pennsylvania,-0.011280933854969963,False,6846.656356680825
EST,USA|rhode island,0.13778163463196866,False,6447.507001900297
EST,USA|south carolina,-0.031474321745245136,False,7629.978042288779
EST,USA|south dakota,-0.07187400477276915,False,7422.19779383448
EST,USA|tennessee,0.060538215118161175,False,7754.8290912124185
EST,USA|texas,0.09804344801184421,False,8621.368370432314
EST,USA|utah,0.03261015947892633,False,8236.862159591665
EST,USA|vermont,-0.10632667375718399,False,6290.972629593934
EST,USA|virginia,-0.042803657776366286,False,7034.221205316211
EST,USA|washington,-0.11032146669552861,False,7743.214864007493
EST,USA|washington dc,0.10896368166422835,False,6985.886055182366
EST,USA|west virginia,-0.046937203619677646,False,7130.517461862563
EST,USA|wisconsin,0.05551406923366797,False,7115.307624098621
EST,USA|wyoming,-0.22455382922407316,False,7919.30069589006
FIN,FRA,0.7111610721090877,False,2128.344096257295
FIN,GBR,0.7169902935347215,False,1857.6005978444614
FIN,GRC,0.14673573527418463,False,2687.6097561219835
FIN,HRV,0.5376183973217817,False,1818.3488191981698
FIN,HUN,0.32226167604683803,False,1564.58352794489
FIN,IND|delhi,0.12214902518903036,False,5247.624506386891
FIN,IND|gujarat,0.19642529104312487,False,5576.553445529087
FIN,IND|karnataka,-0.15670629846625928,False,6814.170045001465
FIN,IND|kerala,0.3080759040973009,False,7093.7209927877975
FIN,IND|maharashtra,-0.10907850208113669,False,6003.919521857781
FIN,IND|odisha,-0.028765649249500917,False,6499.598275779556
FIN,IND|rajasthan,0.0886240957717288,False,5346.191885039176
FIN,IND|tamil nadu,0.25339667422826784,False,6930.060586522414
FIN,IND|telangana,-0.0663324673387214,False,6416.804067626515
FIN,IND|uttar pradesh,0.17059919719138322,False,5267.686398255814
FIN,IND|west bengal,-0.017234893254719226,False,6411.630435691216
FIN,IRL,0.2378912329784817,False,2061.747947855412
FIN,ITA,0.073294430246436,False,2128.27147732727
FIN,LTU,0.28563782469696924,False,715.9355028153312
FIN,LUX,0.3353860687165643,False,1744.0265713513704
FIN,LVA,0.42524441009509745,False,480.8183283544906
FIN,MDA,-0.2638138690599798,False,1611.0044070702552
FIN,MKD,0.10002792339615024,False,2157.99034013246
FIN,MLT,-0.28602969685088153,False,2920.2527051723046
FIN,NLD,0.5279088760368502,False,1563.1057432651328
FIN,NOR,0.6477346180202312,False,796.1626603001674
FIN,POL,0.7128967014615851,False,1071.4133830431674
FIN,PRT,0.38559027187358696,False,3348.8288934382263
FIN,ROU,0.5210926101834825,False,1845.0883099917958
FIN,SRB,0.6679760668161409,False,1888.307220638154
FIN,SVK,0.600723221684457,False,1498.3305448971964
FIN,SVN,0.18057377921105158,False,1828.5621910102798
FIN,SWE,0.8132248072616612,False,549.0874544033973
FIN,TUR,-0.2801766231880351,False,2305.948914205931
FIN,USA|alabama,0.17923408094486482,False,7830.02135393706
FIN,USA|arizona,0.30678838340887077,False,8787.567614656971
FIN,USA|arkansas,0.17747761169060874,False,7911.305669003229
FIN,USA|california,0.23806343146065345,False,8738.464573501238
FIN,USA|colorado,0.19412077634977476,False,7916.173614111072
FIN,USA|connecticut,0.25478081313056267,False,6448.676769253524
FIN,USA|delaware,0.1368932763158605,False,6726.8964858394775
FIN,USA|florida,0.24022809427399724,False,8175.488066473623
FIN,USA|georgia,0.2288357831249137,False,7692.528001026687
FIN,USA|idaho,0.08474345676696128,False,7763.625036143173
FIN,USA|illinois,0.15698753197458606,False,7061.850681453366
FIN,USA|indiana,0.06130943562479107,False,7133.843146385412
FIN,USA|iowa,0.05800059389582272,False,7292.3892479087
FIN,USA|kansas,0.14093810340136578,False,7617.631161212941
FIN,USA|kentucky,0.15176141746808464,False,7329.054562231028
FIN,USA|louisiana,0.1449643762341852,False,8235.115352119257
FIN,USA|maine,-0.150592499548879,False,5970.281315574703
FIN,USA|maryland,0.062354658526091344,False,6831.496896984198
FIN,USA|massachusetts,0.033026569780730784,False,6271.401208336096
FIN,USA|michigan,0.0989189058189154,False,6826.771114491199
FIN,USA|minnesota,0.13890950510771788,False,6969.025001382123
FIN,USA|mississippi,0.15531146448196848,False,8023.763460113847
FIN,USA|missouri,0.12132007356157587,False,7535.3474983329
FIN,USA|montana,0.08360546260223198,False,7397.775505413936
FIN,USA|nebraska,0.16711196919013965,False,7459.015957834441
FIN,USA|nevada,0.26157166961356687,False,8524.044475713677
FIN,USA|new hampshire,0.2137326214386694,False,6220.560951586032
FIN,USA|new jersey,0.15089555234274712,False,6577.543273017469
FIN,USA|new mexico,0.18936470291131371,False,8490.421847798636
FIN,USA|new york,0.17043936517179378,False,6523.253557945404
FIN,USA|north carolina,0.1825800311792048,False,7333.85541254966
FIN,USA|north dakota,-0.014076493037629825,False,6999.143932670994
FIN,USA|ohio,0.16290015383046222,False,7013.482200565932
FIN,USA|oklahoma,0.18308718075261676,False,7980.021660351528
FIN,USA|oregon,0.03656424729282405,False,7792.387129848282
FIN,USA|pennsylvania,0.135588293876959,False,6723.033104331831
FIN,USA|rhode island,0.3077037265413704,False,6333.2082567125
FIN,USA|south carolina,0.07003611913801412,False,7508.4830496547975
FIN,USA|south dakota,-0.1163722728453615,False,7255.983552412768
FIN,USA|tennessee,0.12818514705532327,False,7617.3655618939865
FIN,USA|texas,0.2828410279423933,False,8468.606024145065
FIN,USA|utah,0.29945945359797826,False,8052.814084570431
FIN,USA|vermont,-0.3197268822817713,False,6167.706608065669
FIN,USA|virginia,0.18682277029335861,False,6912.7246339245075
FIN,USA|washington,-0.1219880266582648,False,7545.830508106668
FIN,USA|washington dc,0.05332541689121007,False,6865.025424183048
FIN,USA|west virginia,0.07854633636990281,False,7002.481311603346
FIN,USA|wisconsin,0.15789050560529516,False,6965.1696399173325
FIN,USA|wyoming,0.09037158008165509,False,7744.125311139053
FRA,GBR,0.7068633049015679,False,647.2871217313246
FRA,GRC,0.2917665011099468,False,2053.973362640609
FRA,HRV,0.6270410261070251,False,1025.5934946921373
FRA,HUN,0.3498290755869903,False,1269.6761982127161
FRA,IND|delhi,0.1402876439309108,False,6582.900682844107
FRA,IND|gujarat,0.06499982504406755,False,6657.453023393941
FRA,IND|karnataka,-0.01891381180959274,False,7817.093359567775
FRA,IND|kerala,0.25130349585678124,False,7990.706105463166
FRA,IND|maharashtra,-0.12907233091523188,False,7005.411028198881
FRA,IND|odisha,-0.08186653603800595,False,7864.375094793503
FRA,IND|rajasthan,-0.009920565491247996,False,6612.310148633781
FRA,IND|tamil nadu,0.2166427546960012,False,8010.04104163785
FRA,IND|telangana,0.05367953249938069,False,7536.380564348688
FRA,IND|uttar pradesh,0.12840746056484842,False,6607.337004180936
FRA,IND|west bengal,-0.12571298598697858,False,7876.646199779128
FRA,IRL,0.2115150237874298,False,953.063209580063
FRA,ITA,0.2987793641921402,False,710.4442235331969
FRA,LTU,0.27516631045830964,False,1764.643121132288
FRA,LUX,0.28782721145161155,True,387.34265275597755
FRA,LVA,0.37810717464066773,False,1831.2824430443661
FRA,MDA,-0.3370239229272422,False,1975.3135503520482
FRA,MKD,-0.025313992018797266,False,1585.0171800783783
FRA,MLT,-0.3467619114746281,False,1576.5899162409803
FRA,NLD,0.5880420921024483,False,600.3810170671939
FRA,NOR,0.654649464564465,False,1558.1902919182708
FRA,POL,0.6967792919583242,False,1353.2203400784213
FRA,PRT,0.4767922770200211,False,1263.5048497188195
FRA,ROU,0.6408514202143102,False,1772.943045898574
FRA,SRB,0.6228400491937559,False,1423.5629505862423
FRA,SVK,0.5943613367305101,False,1175.4181521386918
FRA,SVN,0.28629275194138937,False,897.2619164556686
FRA,SWE,0.7635599111038461,False,1594.5109535654135
FRA,TUR,-0.25786608549621204,False,2260.4432274026026
FRA,USA|alabama,0.1774234375146712,False,7322.6253138767015
FRA,USA|arizona,0.2714282259461491,False,8947.8437768723
FRA,USA|arkansas,0.1806447452237593,False,7577.277011910929
FRA,USA|california,0.23510064571533132,False,9176.271686370103
FRA,USA|colorado,0.09865133939123368,False,8015.908417455691
FRA,USA|connecticut,0.18299865375992982,False,5830.858507953926
FRA,USA|delaware,0.04441470709207206,False,6116.625934654698
FRA,USA|florida,0.26616578932829943,False,7380.391462769377
FRA,USA|georgia,0.07596353054123955,False,7134.952982265834
FRA,USA|idaho,0.001683205829973981,False,8227.519258643812
FRA,USA|illinois,0.02463865085599845,False,6800.901933880032
FRA,USA|indiana,-0.00022571725689306263,False,6798.369182926935
FRA,USA|iowa,-0.028608050045075016,False,7157.600774744048
FRA,USA|kansas,0.10855065337211514,False,7449.047428653938
FRA,USA|kentucky,0.04980290046733359,False,6923.8480203830395
FRA,USA|louisiana,0.09461744955733052,False,7807.480200425674
FRA,USA|maine,-0.09694878636781172,False,5375.286227215753
FRA,USA|maryland,0.03305790453810969,False,6237.254838433049
FRA,USA|massachusetts,0.008377334762973952,False,5642.674886920697
FRA,USA|michigan,0.0725551999621543,False,6491.232985867517
FRA,USA|minnesota,0.04472103765499836,False,6920.872186015308
FRA,USA|mississippi,0.09808059718451835,False,7585.16018978033
FRA,USA|missouri,0.09542035808542156,False,7309.276809204728
FRA,USA|montana,0.14627445606342857,False,7779.290837562345
FRA,USA|nebraska,0.12388330417963676,False,7379.3679500948665
FRA,USA|nevada,0.2117421341591407,False,8871.809200018146
FRA,USA|new hampshire,0.06024716039699974,False,5621.278769162002
FRA,USA|new jersey,0.14469765979741847,False,5964.8388083374975
FRA,USA|new mexico,0.030323501197462296,False,8525.923326880365
FRA,USA|new york,0.12348023764947055,False,5947.675750715383
FRA,USA|north carolina,0.12345766592378125,False,6724.816760030212
FRA,USA|north dakota,-0.005546195455086681,False,7113.634076981009
FRA,USA|ohio,0.17706551443588364,False,6591.22166269239
FRA,USA|oklahoma,0.1315286701238289,False,7784.08864978879
FRA,USA|oregon,0.10982111907519894,False,8424.685449533814
FRA,USA|pennsylvania,0.12349313577843588,False,6167.654256841487
FRA,USA|rhode island,0.3047795629182198,False,5691.887722884464
FRA,USA|south carolina,0.05715483397756478,False,6879.026598456008
FRA,USA|south dakota,-0.08333481124491872,False,7267.712959044665
FRA,USA|tennessee,0.1393191400188809,False,7183.242401742985
FRA,USA|texas,0.21075865182553524,False,8199.514839683025
FRA,USA|utah,0.19075687833256855,False,8346.667154334387
FRA,USA|vermont,-0.3629340018905967,False,5647.025120719768
FRA,USA|virginia,0.11797273658127981,False,6319.008717619187
FRA,USA|washington,-0.19334940225459746,False,8191.006028491791
FRA,USA|washington dc,0.07969160374767911,False,6266.618494095598
FRA,USA|west virginia,-0.008648195471245627,False,6484.009800009595
FRA,USA|wisconsin,0.16251642496300509,False,6747.107603375331
FRA,USA|wyoming,0.1174213415680125,False,7882.231002483974
GBR,GRC,0.26789555351385463,False,2572.367794364303
GBR,HRV,0.48176362005396844,False,1434.417071925671
GBR,HUN,0.4521418340465261,False,1562.8799403035098
GBR,IND|delhi,0.10664730302056821,False,6749.729167580919
GBR,IND|gujarat,0.11642840923689271,False,6909.098780138668
GBR,IND|karnataka,-0.1877657438414631,False,8106.502984184907
GBR,IND|kerala,0.23542895195106572,False,8313.054880916432
GBR,IND|maharashtra,-0.07117985704473692,False,7285.694311385695
GBR,IND|odisha,-0.14167731133019537,False,8034.299308454594
GBR,IND|rajasthan,0.016237686169497507,False,6803.413691863884
GBR,IND|tamil nadu,0.17529002160132115,False,8277.895520072187
GBR,IND|telangana,0.08944725398542161,False,7786.593793972999
GBR,IND|uttar pradesh,0.08281569896576692,False,6772.919956199122
GBR,IND|west bengal,-0.02745358793097154,False,8008.648755360018
GBR,IRL,0.1415947951216019,True,376.4105523897197
GBR,ITA,0.3267524182451202,False,1267.7683318226332
GBR,LTU,0.30256217328379886,False,1722.5881548450438
GBR,LUX,0.24924167353305024,False,589.516070449855
GBR,LVA,0.42093211420272836,False,1701.1043117143615
GBR,MDA,-0.1128508135416698,False,2220.5997170092155
GBR,MKD,0.018981159800210246,False,2042.4437269033185
GBR,MLT,-0.33380209865050026,False,2198.8920635533696
GBR,NLD,0.6684795938943439,False,433.3043504997508
GBR,NOR,0.7118215560784347,False,1134.932304006551
GBR,POL,0.7724612985309935,False,1422.8255062651353
GBR,PRT,0.44565429489825575,False,1550.8489423781398
GBR,ROU,0.571553422401229,False,2114.977285086993
GBR,SRB,0.6349096986708783,False,1821.0698856952195
GBR,SVK,0.49695577136169355,False,1440.965544274382
GBR,SVN,0.18075415820815063,False,1317.74801979543
GBR,SWE,0.7505953599899486,False,1312.120486501582
GBR,TUR,-0.21504387214954315,False,2655.5810769278537
GBR,USA|alabama,0.2975288161091908,False,6853.010078715626
GBR,USA|arizona,0.31884352407383454,False,8370.630743318881
GBR,USA|arkansas,0.20352805183122855,False,7073.0921733342475
GBR,USA|california,0.28586538211401435,False,8566.07807853394
GBR,USA|colorado,0.2245364213304198,False,7440.605417224289
GBR,USA|connecticut,0.2571501817471228,False,5369.02924726392
GBR,USA|delaware,0.09592908430260022,False,5656.84676200648
GBR,USA|florida,0.29443963453125904,False,6983.323882767762
GBR,USA|georgia,0.20028408871285766,False,6674.879437487834
GBR,USA|idaho,0.18269703618045718,False,7609.862811421183
GBR,USA|illinois,0.16775416829722584,False,6274.410875764864
GBR,USA|indiana,0.074482167105498,False,6286.32600773734
GBR,USA|iowa,0.11302277067485085,False,6611.986917564909
GBR,USA|kansas,0.235574279932988,False,6912.133976616646
GBR,USA|kentucky,0.1507765680803046,False,6427.504815092179
GBR,USA|louisiana,0.22265324592174326,False,7325.19963574736
GBR,USA|maine,-0.09610643815102009,False,4901.260300693391
GBR,USA|maryland,0.07672972405729174,False,5775.189811227035
GBR,USA|massachusetts,-0.006336369311728442,False,5180.812602160418
GBR,USA|michigan,0.09149846270752904,False,5975.7348231132055
GBR,USA|minnesota,0.15748699278142766,False,6358.686253118619
GBR,USA|mississippi,0.12184854309530924,False,7103.005054696037
GBR,USA|missouri,0.1497317926823402,False,6781.477482631894
GBR,USA|montana,0.2666015295601895,False,7167.409496976924
GBR,USA|nebraska,0.2683395972747044,False,6826.523785794678
GBR,USA|nevada,0.27076773269034377,False,8269.941324804213
GBR,USA|new hampshire,0.13140630321742786,False,5151.983983620578
GBR,USA|new jersey,0.17797297458163674,False,5503.6173950292605
GBR,USA|new mexico,0.16170156514296918,False,7964.165735169139
GBR,USA|new york,0.1689988698515908,False,5477.3538866953
GBR,USA|north carolina,0.23743488303368382,False,6272.32192844404
GBR,USA|north dakota,0.037815065098544244,False,6529.174628630061
GBR,USA|ohio,0.251468409366835,False,6094.706454516909
GBR,USA|oklahoma,0.21208295655591838,False,7255.259620584262
GBR,USA|oregon,0.14794213112101232,False,7793.7467746505645
GBR,USA|pennsylvania,0.1712109560337006,False,5695.520537638848
GBR,USA|rhode island,0.2792774927990722,False,5233.833468273564
GBR,USA|south carolina,0.1153928630128256,False,6433.321047932071
GBR,USA|south dakota,-0.02395566799838707,False,6699.374029173901
GBR,USA|tennessee,0.1891269193395343,False,6695.895245661997
GBR,USA|texas,0.29435901914561363,False,7688.388516744132
GBR,USA|utah,0.25196177552698484,False,7748.0092760927055
GBR,USA|vermont,-0.2877421082918392,False,5159.840014083422
GBR,USA|virginia,0.21619756583925961,False,5857.860461558823
GBR,USA|washington,-0.10019847512638061,False,7558.302370658949
GBR,USA|washington dc,0.07249304689934977,False,5805.927996973823
GBR,USA|west virginia,0.08397865953452613,False,6007.358820338255
GBR,USA|wisconsin,0.20782968880926708,False,6212.091821207272
GBR,USA|wyoming,0.13597235866038332,False,7300.502348329554
GRC,HRV,0.22170482879546,False,1165.2773496808854
GRC,HUN,0.47825014400551763,False,1212.817005353875
GRC,IND|delhi,-0.05718085114260694,False,4991.156191690212
GRC,IND|gujarat,-0.14120240780931395,False,4883.323429321405
GRC,IND|karnataka,0.1964410696995251,False,5947.4356114204
GRC,IND|kerala,0.10953247495493251,False,6069.0492891497415
GRC,IND|maharashtra,-0.09784434503961383,False,5168.520839880168
GRC,IND|odisha,-0.15707236863744875,False,6213.964120907764
GRC,IND|rajasthan,0.04864221731225437,False,4965.017508151519
GRC,IND|tamil nadu,0.029045352783576353,False,6171.622663945894
GRC,IND|telangana,0.1578772398591623,False,5739.524880455551
GRC,IND|uttar pradesh,-0.13621570567478428,False,5017.247345000354
GRC,IND|west bengal,-0.020471724552279715,False,6306.9664293137
GRC,IRL,-0.10725046070926719,False,2941.5251008241326
GRC,ITA,0.7199584034325985,False,1343.5385026464728
GRC,LTU,0.07266523929209202,False,1971.8791108861215
GRC,LUX,-0.11081963251470874,False,1984.4598335835433
GRC,LVA,-0.04002652114524906,False,2207.6441203395448
GRC,MDA,-0.028193755968771772,False,1169.7022831375655
GRC,MKD,-0.41439083163921026,False,578.7684507112942
GRC,MLT,-0.08049533759909423,False,849.7716336404088
GRC,NLD,0.422484632720355,False,2214.268711475427
GRC,NOR,0.2417580115906534,False,2745.7760792592812
GRC,POL,0.48155720856200945,False,1690.9896957343697
GRC,PRT,0.3071728379434813,False,2860.937058253327
GRC,ROU,0.4526038265721055,False,851.9064074308163
GRC,SRB,0.3437085368103754,False,859.9046095629963
GRC,SVK,0.2625658765320699,False,1327.3783174434616
GRC,SVN,0.14843697596219732,False,1266.0446986593859
GRC,SWE,0.19493699484997395,False,2471.0350738318607
GRC,TUR,0.022814979862463874,False,646.0345135001838
GRC,USA|alabama,-0.20106707399387486,False,9376.396048221535
GRC,USA|arizona,-0.04417600113297447,False,10932.84564672965
GRC,USA|arkansas,-0.0952304175091517,False,9627.477222752948
GRC,USA|california,0.03142529608298681,False,11077.387656402845
GRC,USA|colorado,-0.14772630205865836,False,10005.456396841182
GRC,USA|connecticut,0.04090609346461648,False,7884.488620384354
GRC,USA|delaware,-0.003456943807179257,False,8169.967738195858
GRC,USA|florida,-0.059870912988889996,False,9409.343598534111
GRC,USA|georgia,-0.21889355288014997,False,9187.847070292317
GRC,USA|idaho,0.05529820187081147,False,10105.84534426898
GRC,USA|illinois,-0.19360820176812335,False,8841.074893512066
GRC,USA|indiana,-0.22120248176628837,False,8845.472342755844
GRC,USA|iowa,-0.01866814151097082,False,9184.032930248073
GRC,USA|kansas,-0.2068168228821217,False,9482.671933885571
GRC,USA|kentucky,-0.25289220825243625,False,8975.667788623436
GRC,USA|louisiana,-0.21360494481692796,False,9861.348067145653
GRC,USA|maine,-0.004127694098124485,False,7429.166000982044
GRC,USA|maryland,-0.05056102794101079,False,8290.761410756639
GRC,USA|massachusetts,-0.12975148416573187,False,7696.368376954035
GRC,USA|michigan,-0.15984172918885656,False,8536.723265230472
GRC,USA|minnesota,-0.20934503551722294,False,8929.948217363788
GRC,USA|mississippi,-0.21019637242496111,False,9639.006643541989
GRC,USA|missouri,-0.21270201173296327,False,9348.95983973837
GRC,USA|montana,-0.05504667051170701,False,9682.04489008624
GRC,USA|nebraska,-0.1378907809654711,False,9398.857290209808
GRC,USA|nevada,-0.04631079292434823,False,10801.013687203944
GRC,USA|new hampshire,-0.13098011811212673,False,7675.248586266429
GRC,USA|new jersey,-0.004911311024565306,False,8018.37412384358
GRC,USA|new mexico,-0.1401481136753829,False,10534.761597204739
GRC,USA|new york,-0.19117028244141857,False,8001.642441181599
GRC,USA|north carolina,-0.2249174064546004,False,8776.771126343478
GRC,USA|north dakota,-0.14316648998463646,False,9088.625369372376
GRC,USA|ohio,-0.15536898566221696,False,8642.842784505512
GRC,USA|oklahoma,-0.13093174669691435,False,9823.378058405477
GRC,USA|oregon,0.04972259007732926,False,10233.492304835918
GRC,USA|pennsylvania,-0.16137349067058243,False,8221.627206324178
GRC,USA|rhode island,0.10971604398475733,False,7745.254785870073
GRC,USA|south carolina,-0.19872912225860903,False,8929.42143834718
GRC,USA|south dakota,-0.09025783602531737,False,9268.555121593186
GRC,USA|tennessee,-0.1365525051445948,False,9236.589953758355
GRC,USA|texas,-0.17400165480203203,False,10247.74832446236
GRC,USA|utah,-0.22989966222147723,False,10286.715280404502
GRC,USA|vermont,0.020338567716305572,False,7699.825514757932
GRC,USA|virginia,-0.08053840632863986,False,8372.399646957572
GRC,USA|washington,-0.22415313809424456,False,9990.430468137414
GRC,USA|washington dc,-0.017328365061150926,False,8319.986256871262
GRC,USA|west virginia,-0.26745200423136756,False,8537.942337972327
GRC,USA|wisconsin,-0.18832604322692967,False,8781.808779061368
GRC,USA|wyoming,-0.1743080070983772,False,9860.830322121075
HRV,HUN,0.2142402840167467,False,336.04382414315404
HRV,IND|delhi,0.10235497600282673,False,5586.95687797794
HRV,IND|gujarat,0.06482948548469053,False,5636.208470339311
HRV,IND|karnataka,-0.008488742024858238,False,6791.581318057143
HRV,IND|kerala,0.11182386143674077,False,6966.343260424573
HRV,IND|maharashtra,0.035932757478420535,False,5980.504402969996
HRV,IND|odisha,0.2712546884561916,False,6863.135028335902
HRV,IND|rajasthan,0.20141947056096615,False,5606.961589535702
HRV,IND|tamil nadu,0.20288968567454982,False,6985.697643196154
HRV,IND|telangana,0.10604801634766196,False,6514.487588833308
HRV,IND|uttar pradesh,0.13112918608296475,False,5611.821009496019
HRV,IND|west bengal,0.08075681588184723,False,6891.215037716511
HRV,IRL,0.05944962452382136,False,1809.9421103477048
HRV,ITA,0.31321241034158687,False,449.53967849895105
HRV,LTU,0.1621050639041255,False,1183.0835359995558
HRV,LUX,0.4057685603773477,False,847.1557325668499
HRV,LVA,0.2325400081024018,False,1367.284190098639
HRV,MDA,-0.04882329440562748,False,996.4717991018637
HRV,MKD,-0.08412862775521106,False,609.9885356331309
HRV,MLT,-0.29726257027427644,False,1109.532443435511
HRV,NLD,0.5503569673355814,False,1053.0922988742968
HRV,NOR,0.552725528031134,False,1652.606434139559
HRV,POL,0.5778212508192565,False,751.8988771117442
HRV,PRT,0.47609052006851,False,2148.941903971516
HRV,ROU,0.4938555330658701,False,750.0778831410695
HRV,SRB,0.6365215614448345,False,400.22118974861974
HRV,SVK,0.6267750164756911,False,334.760487228803
HRV,SVN,0.4798415810723604,True,128.33655157964236
HRV,SWE,0.5738042509876708,False,1447.8635212876752
HRV,TUR,-0.29278717036195206,False,1242.7137575074196
HRV,USA|alabama,0.1384440835908978,False,8283.466811342518
HRV,USA|arizona,0.19166656218984826,False,9770.712863423865
HRV,USA|arkansas,0.11957280392323294,False,8507.485108296121
HRV,USA|california,0.21548813406019038,False,9913.952634301175
HRV,USA|colorado,0.1836941302722768,False,8844.820309220819
HRV,USA|connecticut,0.2752198366604513,False,6796.384897306718
HRV,USA|delaware,0.16461772799952862,False,7083.836092382166
HRV,USA|florida,0.1993791721409808,False,8382.955970210023
HRV,USA|georgia,0.015302146339215197,False,8102.726413059398
HRV,USA|idaho,0.23950115369527697,False,8943.908514415316
HRV,USA|illinois,-0.006755371127410461,False,7706.598475734486
HRV,USA|indiana,-0.03154785666181363,False,7720.462781503227
HRV,USA|iowa,0.09397350280883542,False,8037.838626102489
HRV,USA|kansas,0.07982004305808676,False,8341.033361557957
HRV,USA|kentucky,0.014932925650065229,False,7861.723198414606
HRV,USA|louisiana,0.04110657005869605,False,8758.241458057033
HRV,USA|maine,-0.07045277742594878,False,6331.460264994393
HRV,USA|maryland,-0.014509005599559716,False,7202.957797365243
HRV,USA|massachusetts,-0.007110916976221539,False,6608.0050801859115
HRV,USA|michigan,0.020936180558836875,False,7409.666803130011
HRV,USA|minnesota,0.03138375857774698,False,7775.849927896705
HRV,USA|mississippi,-0.00031452132779441423,False,8535.95447658697
HRV,USA|missouri,0.13540826903566475,False,8213.07118290004
HRV,USA|montana,0.23550810031632183,False,8517.775064731199
HRV,USA|nebraska,0.0844011145716141,False,8248.557372171697
HRV,USA|nevada,0.18640174865937653,False,9635.883595600748
HRV,USA|new hampshire,0.0013948337145665325,False,6581.226352159992
HRV,USA|new jersey,0.23213041475261656,False,6930.910431006841
HRV,USA|new mexico,-0.04752007017763432,False,9378.743181072856
HRV,USA|new york,0.08322507830246978,False,6907.112751886994
HRV,USA|north carolina,0.08158409746180326,False,7697.481172356747
HRV,USA|north dakota,0.18487016654142113,False,7926.204831878207
HRV,USA|ohio,0.09966223638981264,False,7528.881463125596
HRV,USA|oklahoma,0.1448439088694972,False,8686.29927213186
HRV,USA|oregon,0.18294201405363794,False,9081.950210936448
HRV,USA|pennsylvania,0.06104448727279413,False,7125.868256981588
HRV,USA|rhode island,0.34412735712810577,False,6659.896660527679
HRV,USA|south carolina,0.037537436730246385,False,7856.1997776125945
HRV,USA|south dakota,-0.041927060479029304,False,8111.362490891886
HRV,USA|tennessee,0.06077099046601638,False,8129.397150244383
HRV,USA|texas,0.11583957251071662,False,9122.308273502933
HRV,USA|utah,0.06401192762633273,False,9121.447941048851
HRV,USA|vermont,-0.14500800695356383,False,6592.734169160973
HRV,USA|virginia,0.09505381519560753,False,7285.425819180298
HRV,USA|washington,0.03673062115025202,False,8840.180921151004
HRV,USA|washington dc,0.20331485791700007,False,7233.31602011408
HRV,USA|west virginia,0.07399456107372067,False,7438.873686674518
HRV,USA|wisconsin,0.10654068108027309,False,7642.204698275784
HRV,USA|wyoming,-0.004963967043016189,False,8698.407838971205
HUN,IND|delhi,-0.038782279885760565,False,5313.660372822717
HUN,IND|gujarat,-0.08081975113377358,False,5397.655760674884
HUN,IND|karnataka,-0.03519456897575112,False,6572.784219802792
HUN,IND|kerala,0.14084828001832175,False,6764.2289835925485
HUN,IND|maharashtra,0.05231057517082055,False,5756.127790927892
HUN,IND|odisha,-0.16869241688576084,False,6594.736749759931
HUN,IND|rajasthan,0.01498088067789307,False,5342.805224434112
HUN,IND|tamil nadu,-0.15117388702761722,False,6757.069258863716
HUN,IND|telangana,0.08146728920045822,False,6277.136731437376
HUN,IND|uttar pradesh,-0.1990567019046212,False,5338.161097475273
HUN,IND|west bengal,-0.10355358758305291,False,6610.15804128707
HUN,IRL,-0.11005423039634994,False,1936.6060026251416
HUN,ITA,0.5239228937289184,False,780.0435629762909
HUN,LTU,0.21709203793430362,False,887.869218468259
HUN,LUX,0.07534592364997364,False,1008.5657538644319
HUN,LVA,0.033890376820405695,False,1094.0643351334913
HUN,MDA,-0.12563566658714223,False,705.8203849224068
HUN,MKD,-0.07440274648597227,False,637.3311899090313
HUN,MLT,-0.23709527901430033,False,1364.6686146309055
HUN,NLD,0.4693979922647388,False,1142.460383874472
HUN,NOR,0.3346158837227157,False,1533.0274788896525
HUN,POL,0.4841808564858661,False,501.29759000993675
HUN,PRT,0.3009300113418005,False,2453.369273451142
HUN,ROU,0.38777623261049177,False,554.0780739390532
HUN,SRB,0.3564810950972429,False,353.6301927498343
HUN,SVK,0.23147427065840676,False,127.73104619254273
HUN,SVN,0.03657064442154769,False,429.98737684711205
HUN,SWE,0.3733283704536282,False,1268.1622066568598
HUN,TUR,-0.1168196984719835,False,1107.3516557103335
HUN,USA|alabama,0.05179450620325546,False,8403.745478807192
HUN,USA|arizona,0.02832895034180548,False,9795.051759150669
HUN,USA|arkansas,-0.01905689521513303,False,8603.06244345943
HUN,USA|california,-0.010346000990040068,False,9894.686703910642
HUN,USA|colorado,0.015070717776327073,False,8876.131826009416
HUN,USA|connecticut,0.22651550047894464,False,6925.172073837682
HUN,USA|delaware,-0.04521860345428672,False,7213.139619767834
HUN,USA|florida,-0.1028923988735157,False,8545.874031728687
HUN,USA|georgia,-0.019911536818113276,False,8229.536076783574
HUN,USA|idaho,0.050462555327667385,False,8919.135682737218
HUN,USA|illinois,-0.015351298227116813,False,7788.029806062496
HUN,USA|indiana,-0.008578666656329982,False,7812.909898222352
HUN,USA|iowa,0.0348113262738443,False,8101.9149298937145
HUN,USA|kansas,0.07944941845063501,False,8411.273080604595
HUN,USA|kentucky,-0.030889650088093447,False,7965.044207222374
HUN,USA|louisiana,-0.08918265753665151,False,8868.81072395601
HUN,USA|maine,-0.11112275876334808,False,6454.2286873859475
HUN,USA|maryland,-0.0498433432983383,False,7330.587193802716
HUN,USA|massachusetts,-0.08672193473259897,False,6737.263946742999
HUN,USA|michigan,-0.02736465660863154,False,7500.727840884505
HUN,USA|minnesota,0.0014996541335313691,False,7826.103301308541
HUN,USA|mississippi,-0.1230845161424187,False,8647.194052070561
HUN,USA|missouri,-0.02182722403385012,False,8291.396281407136
HUN,USA|montana,0.07703062146106827,False,8505.097835734548
HUN,USA|nebraska,0.0975000941181083,False,8305.158732362415
HUN,USA|nevada,0.0093623568809496,False,9630.466158179845
HUN,USA|new hampshire,-0.015615753364642774,False,6706.106657508627
HUN,USA|new jersey,0.06323380343257969,False,7059.721115860414
HUN,USA|new mexico,0.023442980422880694,False,9421.420144490387
HUN,USA|new york,-0.03350840096213102,False,7030.442067371685
HUN,USA|north carolina,0.03754940446603383,False,7829.823857472419
HUN,USA|north dakota,-0.0841160841091724,False,7952.687466029798
HUN,USA|ohio,0.06883251219776347,False,7633.160372982769
HUN,USA|oklahoma,-0.08837639187346259,False,8761.916208355939
HUN,USA|oregon,0.14771109455886072,False,9030.809333948906
HUN,USA|pennsylvania,0.037662281658880276,False,7247.465835109769
HUN,USA|rhode island,0.03643030772552762,False,6791.2678446565515
HUN,USA|south carolina,-0.04040035985106981,False,7992.3167484951755
HUN,USA|south dakota,0.001080395988673137,False,8153.815744592552
HUN,USA|tennessee,0.06734898337749587,False,8238.178461844907
HUN,USA|texas,-0.08513842897009595,False,9210.583776619833
HUN,USA|utah,-0.046253848565821286,False,9123.494071170908
HUN,USA|vermont,-0.1586021311372165,False,6706.411186744844
HUN,USA|virginia,0.10581430563691231,False,7413.416500222749
HUN,USA|washington,-0.08524808110028964,False,8786.819313565195
HUN,USA|washington dc,-0.002588129469823325,False,7361.7098397865175
HUN,USA|west virginia,-0.07874635479233427,False,7556.73303377029
HUN,USA|wisconsin,-0.03769130722275508,False,7717.056310712777
HUN,USA|wyoming,-0.053426387905549814,False,8723.460924001662
IND|delhi,IND|gujarat,0.526585600559881,False,777.408280746965
IND|delhi,IND|karnataka,0.21882599947511155,False,1750.4963093481815
IND|delhi,IND|kerala,0.15685416848919606,False,2125.666750143136
IND|delhi,IND|maharashtra,0.4596448254745866,False,1157.5176697898635
IND|delhi,IND|odisha,-0.03994401189747179,False,1285.2131560840278
IND|delhi,IND|rajasthan,0.4414836847169976,False,219.67448278567838
IND|delhi,IND|tamil nadu,0.1153179949260782,False,1767.6514111470092
IND|delhi,IND|telangana,0.26270667483159826,False,1266.5306032844758
IND|delhi,IND|uttar pradesh,0.490788207505905,False,26.26424330550945
IND|delhi,IND|west bengal,0.2047589887148981,False,1317.7536030396734
IND|delhi,IRL,-0.0576394652739005,False,7080.291610517526
IND|delhi,ITA,-0.003954263519781554,False,6007.995021820359
IND|delhi,LTU,-0.06567153071402283,False,5057.540257946309
IND|delhi,LUX,-0.041521439186714346,False,6286.786471269665
IND|delhi,LVA,-0.1138490577814651,False,5147.192302323012
IND|delhi,MDA,-0.07896985106592902,False,4607.839987952003
IND|delhi,MKD,0.14287105907634862,False,5161.976233200022
IND|delhi,MLT,-0.042769051178774976,False,5840.739373905734
IND|delhi,NLD,0.09914694516461654,False,6322.529914292933
IND|delhi,NOR,0.06519342820641724,False,5996.515349152998
IND|delhi,POL,0.0327392672091499,False,5328.692391214356
IND|delhi,PRT,0.16687518096192053,False,7718.966006113628
IND|delhi,ROU,0.19149699769408166,False,4845.487771504928
IND|delhi,SRB,0.14980749553637135,False,5216.910792239968
IND|delhi,SVK,0.08773435681945115,False,5408.934489689397
IND|delhi,SVN,0.3077529383964028,False,5710.924144143039
IND|delhi,SWE,0.12691052611060186,False,5642.388579389641
IND|delhi,TUR,-0.083440499001522,False,4474.792678275105
IND|delhi,USA|alabama,0.11241361210742717,False,12903.02009716127
IND|delhi,USA|arizona,0.03245560318432333,False,13045.611225217704
IND|delhi,USA|arkansas,0.03969906394891085,False,12852.937326768777
IND|delhi,USA|california,0.04095879625579563,False,12577.243258532215
IND|delhi,USA|colorado,0.031825737030880936,False,12414.74041460551
IND|delhi,USA|connecticut,0.11955209517977429,False,11638.439833356564
IND|delhi,USA|delaware,0.04893710086606596,False,11904.326059481451
IND|delhi,USA|florida,0.06233925290875689,False,13376.147840010328
IND|delhi,USA|georgia,0.021187997550520515,False,12803.044398270415
IND|delhi,USA|idaho,0.10915930364797481,False,11794.094989451989
IND|delhi,USA|illinois,-0.010620243198320358,False,12022.789653065169
IND|delhi,USA|indiana,-0.030181086519114685,False,12142.175101920291
IND|delhi,USA|iowa,-0.1603184323331292,False,12126.26065164936
IND|delhi,USA|kansas,0.031125885749278277,False,12445.304702453717
IND|delhi,USA|kentucky,0.060344676756189305,False,12369.604012884645
IND|delhi,USA|louisiana,0.11447817338815501,False,13223.600973196293
IND|delhi,USA|maine,-0.029761175750153093,False,11168.503019417109
IND|delhi,USA|maryland,-0.16238299361385705,False,11998.750640870901
IND|delhi,USA|massachusetts,0.039594086256670456,False,11470.279917956392
IND|delhi,USA|michigan,0.07465663546496369,False,11858.822163737725
IND|delhi,USA|minnesota,-0.054850844195608435,False,11762.564662634813
IND|delhi,USA|mississippi,0.028536436007348436,False,13036.890366404843
IND|delhi,USA|missouri,-0.029551220365672298,False,12422.97955749193
IND|delhi,USA|montana,-0.013804566529612459,False,11627.495816968885
IND|delhi,USA|nebraska,-0.11633277928440207,False,12221.260544207955
IND|delhi,USA|nevada,0.11111888723646224,False,12559.089821733583
IND|delhi,USA|new hampshire,0.09957134109001838,False,11411.863724918358
IND|delhi,USA|new jersey,0.032595573440643864,False,11761.168373571625
IND|delhi,USA|new mexico,0.21924591024407314,False,12972.227825201286
IND|delhi,USA|new york,0.2499693815064299,False,11695.226438483016
IND|delhi,USA|north carolina,0.11643775697664246,False,12487.147807339716
IND|delhi,USA|north dakota,0.0053713585863004116,False,11626.912371779043
IND|delhi,USA|ohio,0.08854868340477648,False,12085.941067368542
IND|delhi,USA|oklahoma,0.054325955734406434,False,12791.996906667453
IND|delhi,USA|oregon,-0.10580001749628204,False,11546.106942276203
IND|delhi,USA|pennsylvania,0.11244860467150732,False,11878.646277290562
IND|delhi,USA|rhode island,0.1823987402676931,False,11534.013636083771
IND|delhi,USA|south carolina,0.061464438806753556,False,12663.85974275542
IND|delhi,USA|south dakota,-0.19685066923278802,False,11953.782802673746
IND|delhi,USA|tennessee,0.01996325780771586,False,12656.780567121335
IND|delhi,USA|texas,0.08183011110139095,False,13295.775334979671
IND|delhi,USA|utah,0.036269792669057825,False,12270.02374407579
IND|delhi,USA|vermont,-0.04200857317819963,False,11333.183765899934
IND|delhi,USA|virginia,0.09001837109614207,False,12076.551626279874
IND|delhi,USA|washington,-0.01194996063336541,False,11341.693050603639
IND|delhi,USA|washington dc,0.26409350180757896,False,12032.648801597963
IND|delhi,USA|west virginia,-0.022482722421485433,False,12127.942908625653
IND|delhi,USA|wisconsin,0.12704050389292273,False,11902.585541752609
IND|delhi,USA|wyoming,-0.02087306447379932,False,12224.88630916481
IND|gujarat,IND|karnataka,0.17025632053188697,False,1237.8716719001347
IND|gujarat,IND|kerala,0.26711573790569504,False,1545.2555827032756
IND|gujarat,IND|maharashtra,0.5895722159041203,False,454.98199122216715
IND|gujarat,IND|odisha,0.1577989677193596,False,1403.0455679159793
IND|gujarat,IND|rajasthan,0.5979354387192721,False,558.3601442653822
IND|gujarat,IND|tamil nadu,0.06041466188434957,False,1371.808916123537
IND|gujarat,IND|telangana,0.43616481497681736,False,879.4982034294356
IND|gujarat,IND|uttar pradesh,0.6359023707462164,False,785.956098817406
IND|gujarat,IND|west bengal,0.45691540547633624,False,1618.8555906737163
IND|gujarat,IRL,-0.26752553514919386,False,7260.716911112134
IND|gujarat,ITA,-0.14896725490008916,False,6028.056069527806
IND|gujarat,LTU,0.02361578422150006,False,5282.544671821608
IND|gujarat,LUX,0.14094351281981365,False,6399.78329357408
IND|gujarat,LVA,-0.058613969775848866,False,5406.118896529997
IND|gujarat,MDA,-0.06540401292696425,False,4702.22989548185
IND|gujarat,MKD,0.2923302366482463,False,5145.7449036495145
IND|gujarat,MLT,-0.19182554637608976,False,5718.833845625222
IND|gujarat,NLD,0.07254910600997178,False,6475.979512438733
IND|gujarat,NOR,0.14532920415526077,False,6279.375392392348
IND|gujarat,POL,0.14100107705576154,False,5492.864141280591
IND|gujarat,PRT,0.11182754341277493,False,7708.490916415339
IND|gujarat,ROU,0.026109249799832757,False,4886.215450063138
IND|gujarat,SRB,0.017238362512070768,False,5246.396876900693
IND|gujarat,SVK,0.11712501625677325,False,5505.377761904879
IND|gujarat,SVN,0.19055790270082706,False,5763.838054245187
IND|gujarat,SWE,0.1331571906385882,False,5911.384543443582
IND|gujarat,TUR,-0.1601273740536652,False,4445.308907263134
IND|gujarat,USA|alabama,0.043968156766687076,False,13368.48708889021
IND|gujarat,USA|arizona,-0.14618143644475548,False,13724.398635821875
IND|gujarat,USA|arkansas,0.034730119849531976,False,13374.342854407452
IND|gujarat,USA|california,-0.172110926428134,False,13298.311703421026
IND|gujarat,USA|colorado,-0.11262356749190795,False,13044.510176470738
IND|gujarat,USA|connecticut,-0.10174088006298661,False,12024.284643424124
IND|gujarat,USA|delaware,-0.039384130872189664,False,12300.760302822222
IND|gujarat,USA|florida,0.05513078470824949,False,13751.574610220569
IND|gujarat,USA|georgia,0.011600034992564082,False,13247.414381994078
IND|gujarat,USA|idaho,0.04746741317470038,False,12483.868629587823
IND|gujarat,USA|illinois,-0.08725395853381156,False,12529.63413137093
IND|gujarat,USA|indiana,0.005161403201819613,False,12631.880251994668
IND|gujarat,USA|iowa,-0.2862566704575278,False,12674.935313786795
IND|gujarat,USA|kansas,-0.05565567316945149,False,12999.330686808966
IND|gujarat,USA|kentucky,0.03745953984778235,False,12847.228065455773
IND|gujarat,USA|louisiana,0.07633627854081007,False,13730.180206937372
IND|gujarat,USA|maine,-0.23751202869390253,False,11546.470965132696
IND|gujarat,USA|maryland,-0.25476336278540807,False,12403.210191116485
IND|gujarat,USA|massachusetts,-0.03151080395415974,False,11847.786304128147
IND|gujarat,USA|michigan,0.05453591111888723,False,12336.571842088122
IND|gujarat,USA|minnesota,-0.002187035255008311,False,12318.235597558822
IND|gujarat,USA|mississippi,0.03801942087306447,False,13531.50586549489
IND|gujarat,USA|missouri,0.03235062549208293,False,12958.54507007002
IND|gujarat,USA|montana,-0.15041553669845156,False,12289.284166195912
IND|gujarat,USA|nebraska,-0.09313270929927392,False,12790.55638146641
IND|gujarat,USA|nevada,-0.06170938675531449,False,13259.452567718003
IND|gujarat,USA|new hampshire,0.04050389292275391,False,11796.16218198988
IND|gujarat,USA|new jersey,-0.03612982241273729,False,12152.357919170818
IND|gujarat,USA|new mexico,0.058385093167701865,False,13613.153327748061
IND|gujarat,USA|new york,0.1310296561980579,False,12095.527585263631
IND|gujarat,USA|north carolina,0.04995188522438982,False,12902.913365545446
IND|gujarat,USA|north dakota,-0.1067098241623655,False,12220.094543384728
IND|gujarat,USA|ohio,0.07532149418248622,False,12546.849312668563
IND|gujarat,USA|oklahoma,0.02867640626366897,False,13354.513167256642
IND|gujarat,USA|oregon,-0.08459452366372144,False,12260.869189083258
IND|gujarat,USA|pennsylvania,-0.05107164727495408,False,12291.15344528894
IND|gujarat,USA|rhode island,0.014014521914093256,False,11909.705820398072
IND|gujarat,USA|south carolina,-0.04204356574227976,False,13078.58682020155
IND|gujarat,USA|south dakota,-0.11045402851893973,False,12535.624841564555
IND|gujarat,USA|tennessee,0.043338290613244686,False,13136.903350955237
IND|gujarat,USA|texas,0.07637127110489021,False,13859.732864792812
IND|gujarat,USA|utah,-0.07938063161578164,False,12943.05214651519
IND|gujarat,USA|vermont,-0.1962907882075059,False,11737.419960215864
IND|gujarat,USA|virginia,-0.007855830635989852,False,12483.717387359357
IND|gujarat,USA|washington,-0.044038141894847345,False,12049.65998450706
IND|gujarat,USA|washington dc,0.22231164926242863,False,12436.902149704656
IND|gujarat,USA|west virginia,-0.01807365934738868,False,12560.58670030324
IND|gujarat,USA|wisconsin,0.10548508441956084,False,12416.597253838838
IND|gujarat,USA|wyoming,-0.20591374332954246,False,12855.247616311275
IND|karnataka,IND|kerala,0.18943224564779984,False,399.18259973908425
IND|karnataka,IND|maharashtra,0.5312046190184586,False,822.4707729148387
IND|karnataka,IND|odisha,0.1264806228676406,False,1196.2359450302706
IND|karnataka,IND|rajasthan,0.3688041291225615,False,1575.02757879816
IND|karnataka,IND|tamil nadu,0.36306534861341966,False,288.9666732735149
IND|karnataka,IND|telangana,0.31148630915930364,False,500.1039320297945
IND|karnataka,IND|uttar pradesh,0.3674394191234362,False,1741.509771375885
IND|karnataka,IND|west bengal,0.28769136558481323,False,1560.0705271128236
IND|karnataka,IRL,-0.15098634298592947,False,8464.481406028723
IND|karnataka,ITA,0.0810449054142839,False,7162.6432756576
IND|karnataka,LTU,-0.14597572416261553,False,6507.182527866829
IND|karnataka,LUX,-0.1211236113349168,False,7580.43920295819
IND|karnataka,LVA,-0.14242074197327675,False,6636.961113176253
IND|karnataka,MDA,0.04221325052180659,False,5888.488163554881
IND|karnataka,MKD,-0.14655059334247972,False,6269.092539886438
IND|karnataka,MLT,0.0818152187772193,False,6755.705514089829
IND|karnataka,NLD,0.053895621444938036,False,7673.334617612146
IND|karnataka,NOR,-0.07535912380167446,False,7512.236071037583
IND|karnataka,POL,-0.06092898365700692,False,6699.551060391162
IND|karnataka,PRT,-0.1590887223766155,False,8805.016367002743
IND|karnataka,ROU,-0.04612867457932919,False,6045.433683826591
IND|karnataka,SRB,-0.12961148503999606,False,6395.306119979788
IND|karnataka,SVK,0.07499081895740796,False,6685.288381397329
IND|karnataka,SVN,0.043272013179904874,False,6919.888970762155
IND|karnataka,SWE,-0.17025222929217648,False,7142.7825076285
IND|karnataka,TUR,0.2203326072397078,False,5571.555984443812
IND|karnataka,USA|alabama,-0.28237249584463303,False,14598.02603077663
IND|karnataka,USA|arizona,-0.22424984690753216,False,14762.519206150035
IND|karnataka,USA|arkansas,-0.27460414661884347,False,14582.932982695553
IND|karnataka,USA|california,-0.18957221590412038,False,14237.41984789475
IND|karnataka,USA|colorado,-0.39518852243898167,False,14161.501657335208
IND|karnataka,USA|connecticut,-0.26288163765199896,False,13262.149489493986
IND|karnataka,USA|delaware,-0.15345988977342315,False,13538.56136209927
IND|karnataka,USA|florida,-0.15356486746566356,False,14988.480203932724
IND|karnataka,USA|georgia,-0.14782608695652175,False,14481.263944066703
IND|karnataka,USA|idaho,-0.3135858630041116,False,13505.102688114244
IND|karnataka,USA|illinois,-0.37751727757851455,False,13744.007031855632
IND|karnataka,USA|indiana,-0.27631878225877,False,13853.159841863664
IND|karnataka,USA|iowa,-0.3206893535123786,False,13866.974456082535
IND|karnataka,USA|kansas,-0.4182836147318695,False,14188.12116474779
IND|karnataka,USA|kentucky,-0.17631003411774998,False,14072.770114956904
IND|karnataka,USA|louisiana,-0.11482809902895635,False,14946.23718709606
IND|karnataka,USA|maine,-0.14912081182748665,False,12784.267847784327
IND|karnataka,USA|maryland,-0.1087393928790132,False,13640.768806506983
IND|karnataka,USA|massachusetts,-0.14488671157379057,False,13085.52688825217
IND|karnataka,USA|michigan,-0.2600822325255883,False,13561.495448352403
IND|karnataka,USA|minnesota,-0.30585250634240224,False,13505.278363071977
IND|karnataka,USA|mississippi,-0.12630566004723998,False,14752.129909753588
IND|karnataka,USA|missouri,-0.20566879538098157,False,14158.932560379251
IND|karnataka,USA|montana,-0.2531187122736418,False,13361.937662505592
IND|karnataka,USA|nebraska,-0.3556469250284314,False,13968.046576082372
IND|karnataka,USA|nevada,-0.20227451666520863,False,14253.678221383141
IND|karnataka,USA|new hampshire,-0.07266205931239611,False,13034.025973021278
IND|karnataka,USA|new jersey,-0.1957658997463039,False,13390.22055254658
IND|karnataka,USA|new mexico,-0.15178024669757675,False,14714.46547778891
IND|karnataka,USA|new york,-0.28653661097016886,False,13333.182465570255
IND|karnataka,USA|north carolina,-0.2740092730294812,False,14139.981231452806
IND|karnataka,USA|north dakota,-0.25241886099203914,False,13377.039360202356
IND|karnataka,USA|ohio,-0.25609308022045313,False,13776.624385054709
IND|karnataka,USA|oklahoma,-0.022027819088443704,False,14537.584157432324
IND|karnataka,USA|oregon,-0.29927390429533723,False,13224.630678806952
IND|karnataka,USA|pennsylvania,-0.3222640188959846,False,13528.204184098606
IND|karnataka,USA|rhode island,-0.16357274079258158,False,13147.378042028291
IND|karnataka,USA|south carolina,-0.1696614469425247,False,14315.80091529634
IND|karnataka,USA|south dakota,-0.1186072959496107,False,13702.76167217466
IND|karnataka,USA|tennessee,-0.27250459277403555,False,14362.017752783422
IND|karnataka,USA|texas,-0.2070335053801067,False,15042.16924232709
IND|karnataka,USA|utah,-0.34815851631528294,False,13994.910552153267
IND|karnataka,USA|vermont,-0.06377394803604233,False,12974.803377651077
IND|karnataka,USA|virginia,-0.25203394278715774,False,13721.1682237213
IND|karnataka,USA|washington,-0.452366372145919,False,13031.90840704747
IND|karnataka,USA|washington dc,-0.11628232496443418,False,13674.478505856787
IND|karnataka,USA|west virginia,-0.2586125448342227,False,13795.688741341175
IND|karnataka,USA|wisconsin,-0.1748403464263844,False,13627.602912842442
IND|karnataka,USA|wyoming,-0.39980754089755927,False,13971.684045070226
IND|kerala,IND|maharashtra,0.1450266818301111,False,1097.6798770293622
IND|kerala,IND|odisha,0.1811390079608083,False,1565.7250721954613
IND|kerala,IND|rajasthan,0.04137870702475724,False,1939.9136516408564
IND|kerala,IND|tamil nadu,-0.0067360685854255965,False,577.7021857991007
IND|kerala,IND|telangana,0.28538185635552443,False,896.1505462466432
IND|kerala,IND|uttar pradesh,0.14422185285626804,False,2118.4444618007383
IND|kerala,IND|west bengal,0.08963345289126061,False,1929.3188960698342
IND|kerala,IRL,0.08039418888643335,False,8676.898592200743
IND|kerala,ITA,0.010498044742782887,False,7320.509198879622
IND|kerala,LTU,0.1339397449828614,False,6752.347058813048
IND|kerala,LUX,-0.05987187238792085,False,7772.622358798689
IND|kerala,LVA,0.25746028659606734,False,6893.200619103365
IND|kerala,MDA,-0.14876949869713885,False,6092.618754845723
IND|kerala,MKD,0.15753663136564267,False,6424.153299442481
IND|kerala,MLT,0.16283645764394156,False,6856.560971456883
IND|kerala,NLD,0.23185616368358083,False,7881.185921468629
IND|kerala,NOR,0.23472083719513884,False,7771.456948686385
IND|kerala,POL,0.3971057883722329,False,6920.586841094236
IND|kerala,PRT,0.16320067241604624,False,8929.561712941775
IND|kerala,ROU,0.11931157180647435,False,6226.856953503766
IND|kerala,SRB,0.23925447096702485,False,6567.258940145559
IND|kerala,SVK,0.1870569307607053,False,6880.318300921181
IND|kerala,SVN,-0.0131811593545584,False,7094.564840200079
IND|kerala,SWE,0.2634097697599614,False,7399.180892500679
IND|kerala,TUR,0.23655180257927813,False,5732.996414818611
IND|kerala,USA|alabama,-0.21287726358148892,False,14908.247541217888
IND|kerala,USA|arizona,-0.18029918642288514,False,15155.790102042763
IND|kerala,USA|arkansas,-0.28251246610095354,False,14919.2985767619
IND|kerala,USA|california,-0.17844458052663809,False,14636.374688802522
IND|kerala,USA|colorado,-0.35953109964132623,False,14540.252249260102
IND|kerala,USA|connecticut,-0.2648762138045665,False,13539.026231826047
IND|kerala,USA|delaware,-0.10548508441956084,False,13819.31296290098
IND|kerala,USA|florida,-0.0480272941999825,False,15250.508474297538
IND|kerala,USA|georgia,-0.11258857492782784,False,14781.579005633468
IND|kerala,USA|idaho,-0.3338815501705888,False,13899.165303753194
IND|kerala,USA|illinois,-0.3011984953197445,False,14074.889713929859
IND|kerala,USA|indiana,-0.25297874201732135,False,14176.336223771223
IND|kerala,USA|iowa,-0.2754789607208468,False,14215.411397204598
IND|kerala,USA|kansas,-0.19951010410287814,False,14538.705235078824
IND|kerala,USA|kentucky,-0.22351500306184935,False,14390.047816112537
IND|kerala,USA|louisiana,-0.14096754439681566,False,15275.311219256413
IND|kerala,USA|maine,-0.19842533461639403,False,13059.46346564689
IND|kerala,USA|maryland,-0.24300586125448342,False,13924.944917617722
IND|kerala,USA|massachusetts,-0.30126848044790483,False,13359.21902722828
IND|kerala,USA|michigan,-0.3081270230076109,False,13879.864080324434
IND|kerala,USA|minnesota,-0.286571603534249,False,13856.566466885468
IND|kerala,USA|mississippi,-0.21959583588487447,False,15075.917370012381
IND|kerala,USA|missouri,-0.22438981716385267,False,14501.802441765021
IND|kerala,USA|montana,-0.4171988452453854,False,13749.21358988065
IND|kerala,USA|nebraska,-0.2947948560930802,False,14324.75026755731
IND|kerala,USA|nevada,-0.20290438281865103,False,14650.403830777639
IND|kerala,USA|new hampshire,0.042253521126760556,False,13311.138357619566
IND|kerala,USA|new jersey,-0.15601434695127286,False,13669.093564803054
IND|kerala,USA|new mexico,-0.04407313445892748,False,15097.503005581728
IND|kerala,USA|new york,-0.22110051614032017,False,13616.61392503199
IND|kerala,USA|north carolina,-0.295004811477561,False,14427.576110881264
IND|kerala,USA|north dakota,-0.4068060537135858,False,13742.472799035479
IND|kerala,USA|ohio,-0.27061499431370833,False,14086.901279904221
IND|kerala,USA|oklahoma,-0.2734493920041991,False,14891.67032061107
IND|kerala,USA|oregon,-0.29447992301635906,False,13622.513812984798
IND|kerala,USA|pennsylvania,-0.3095267255708162,False,13816.655753267198
IND|kerala,USA|rhode island,-0.05859504855218265,False,13419.935008657363
IND|kerala,USA|south carolina,-0.3126060712098679,False,14602.118894314328
IND|kerala,USA|south dakota,-0.15769399002711923,False,14064.195095250398
IND|kerala,USA|tennessee,-0.31624529787420175,False,14679.819979950655
IND|kerala,USA|texas,-0.17840958796255796,False,15396.939235304899
IND|kerala,USA|utah,-0.14957571516052837,False,14385.825068412434
IND|kerala,USA|vermont,-0.1840783833435395,False,13261.41694591545
IND|kerala,USA|virginia,-0.29196045840258944,False,14006.316648697593
IND|kerala,USA|washington,-0.33720584375820134,False,13428.746397032139
IND|kerala,USA|washington dc,-0.053697029087548684,False,13958.417238586342
IND|kerala,USA|west virginia,-0.24220103228064035,False,14092.721888338196
IND|kerala,USA|wisconsin,-0.29185548071034906,False,13961.69638207077
IND|kerala,USA|wyoming,-0.2905607558393841,False,14350.401024248296
IND|maharashtra,IND|odisha,0.28205756276791183,False,1342.4071448285804
IND|maharashtra,IND|rajasthan,0.5816988889860905,False,943.2907516230837
IND|maharashtra,IND|tamil nadu,0.14912081182748665,False,1007.5100323211125
IND|maharashtra,IND|telangana,0.5246610095354737,False,596.2465877491856
IND|maharashtra,IND|uttar pradesh,0.5160878313358412,False,1159.131993857124
IND|maharashtra,IND|west bengal,0.5038054413437144,False,1636.9865627128306
IND|maharashtra,IRL,-0.3311162358294491,False,7642.807001610598
IND|maharashtra,ITA,-0.1699983378681309,False,6358.615040266452
IND|maharashtra,LTU,-0.12872883271407573,False,5685.770114836455
IND|maharashtra,LUX,0.09096367082941821,False,6762.904777766198
IND|maharashtra,LVA,-0.15896500763581473,False,5817.743366817745
IND|maharashtra,MDA,0.11928843145659528,False,5069.036731081841
IND|maharashtra,MKD,0.07387103079051824,False,5468.013661953081
IND|maharashtra,MLT,0.005981315325744522,False,5990.033236452735
IND|maharashtra,NLD,0.0015398748984268012,False,6852.447199386222
IND|maharashtra,NOR,-0.0895141113000619,False,6694.064628265118
IND|maharashtra,POL,-0.04684287456915782,False,5877.376684977527
IND|maharashtra,PRT,-0.173401808045783,False,8017.021320684051
IND|maharashtra,ROU,0.011654665125126418,False,5232.644098255524
IND|maharashtra,SRB,-0.10512776001016151,False,5585.879887541269
IND|maharashtra,SVK,0.07789662566770901,False,5867.548715136416
IND|maharashtra,SVN,0.1960019140677164,False,6108.7025392382175
IND|maharashtra,SWE,-0.09611464496422667,False,6323.744418986998
IND|maharashtra,TUR,0.09143636984314404,False,4768.533598501007
IND|maharashtra,USA|alabama,-0.16402764412562332,False,13810.987795925757
IND|maharashtra,USA|arizona,-0.2728545184148368,False,14169.969749780415
IND|maharashtra,USA|arkansas,-0.20237949435744904,False,13825.039158642598
IND|maharashtra,USA|california,-0.25430845945236635,False,13727.503316734064
IND|maharashtra,USA|colorado,-0.22627941562417989,False,13497.878000371133
IND|maharashtra,USA|connecticut,-0.13648849619455866,False,12452.348060373113
IND|maharashtra,USA|delaware,-0.06779809290525762,False,12730.788987496517
IND|maharashtra,USA|florida,-0.20283439769049078,False,14173.392481204131
IND|maharashtra,USA|georgia,-0.11486309159303648,False,13686.131270561002
IND|maharashtra,USA|idaho,-0.11969206543609483,False,12925.79788536858
IND|maharashtra,USA|illinois,-0.20062986615344236,False,12979.172817253335
IND|maharashtra,USA|indiana,-0.1338640538885487,False,13079.053056931736
IND|maharashtra,USA|iowa,-0.21378707024757235,False,13128.452411136304
IND|maharashtra,USA|kansas,-0.1712361123261307,False,13453.101471834208
IND|maharashtra,USA|kentucky,-0.11346338902983115,False,13292.370364651282
IND|maharashtra,USA|louisiana,-0.16294287463913917,False,14178.753494322194
IND|maharashtra,USA|maine,-0.2416411512553582,False,11973.518698193764
IND|maharashtra,USA|maryland,-0.15370483772198407,False,12834.874675353902
IND|maharashtra,USA|massachusetts,-0.15213017233837808,False,12274.194450575851
IND|maharashtra,USA|michigan,-0.07301198495319744,False,12782.225926374025
IND|maharashtra,USA|minnesota,-0.13512378619543347,False,12772.28438488865
IND|maharashtra,USA|mississippi,-0.09670195083544746,False,13978.570566978655
IND|maharashtra,USA|missouri,-0.07448167264456303,False,13410.911612504688
IND|maharashtra,USA|montana,-0.23754702125798272,False,12738.05685011149
IND|maharashtra,USA|nebraska,-0.2572828273991777,False,13245.144285353948
IND|maharashtra,USA|nevada,-0.19261656897909193,False,13698.051819689712
IND|maharashtra,USA|new hampshire,-0.052471349838159397,False,12224.26108386124
IND|maharashtra,USA|new jersey,-0.20076983640976295,False,12581.439360725206
IND|maharashtra,USA|new mexico,0.0738168139270405,False,14065.548734889488
IND|maharashtra,USA|new york,-0.10058612544834222,False,12526.772286324813
IND|maharashtra,USA|north carolina,-0.12235150030618491,False,13336.232386545074
IND|maharashtra,USA|north dakota,-0.21550170588749892,False,12675.051037911557
IND|maharashtra,USA|ohio,-0.18614294462426734,False,12989.533557781953
IND|maharashtra,USA|oklahoma,-0.07889073571865977,False,13808.681208727565
IND|maharashtra,USA|oregon,-0.2357624004898959,False,12692.963722622306
IND|maharashtra,USA|pennsylvania,-0.2059487358936226,False,12724.759126221554
IND|maharashtra,USA|rhode island,-0.25262881637652,False,12335.567363752585
IND|maharashtra,USA|south carolina,-0.10167089493482635,False,13511.372181391162
IND|maharashtra,USA|south dakota,-0.08809378007173475,False,12990.557615035392
IND|maharashtra,USA|tennessee,-0.13116962645437844,False,13582.144350504092
IND|maharashtra,USA|texas,-0.16357274079258158,False,14313.842876956434
IND|maharashtra,USA|utah,-0.24199107689615956,False,13389.701420760399
IND|maharashtra,USA|vermont,-0.1255008310733969,False,12170.09080834069
IND|maharashtra,USA|virginia,-0.13806316157816464,False,12915.848711450317
IND|maharashtra,USA|washington,-0.2460852068935351,False,12484.764258357847
IND|maharashtra,USA|washington dc,-0.027417153659233875,False,12868.464292930825
IND|maharashtra,USA|west virginia,-0.05544571778497069,False,12997.971836718729
IND|maharashtra,USA|wisconsin,-0.10254570903682968,False,12867.054182113252
IND|maharashtra,USA|wyoming,-0.29899396378269616,False,13308.51598282262
IND|odisha,IND|rajasthan,0.15881375207768347,False,1258.8860159731753
IND|odisha,IND|tamil nadu,0.024547283702213277,False,996.957698745554
IND|odisha,IND|telangana,0.4401189747178724,False,838.0445531860768
IND|odisha,IND|uttar pradesh,0.1283702213279678,False,1261.6847813897903
IND|odisha,IND|west bengal,0.32908756889161056,False,364.1704343949087
IND|odisha,IRL,-0.21776270497193934,False,8362.996116578934
IND|odisha,ITA,-0.16721635601129342,False,7278.928373624885
IND|odisha,LTU,0.046670123350066976,False,6337.660040096644
IND|odisha,LUX,0.26586623727841774,False,7571.337576948182
IND|odisha,LVA,-0.029306984887924433,False,6420.897086688479
IND|odisha,MDA,0.15293777298564756,False,5889.070945891477
IND|odisha,MKD,0.19326315693060156,False,6420.994367743598
IND|odisha,MLT,0.04156925931402387,False,7059.552431080269
IND|odisha,NLD,0.05587296080314518,False,7607.516310111718
IND|odisha,NOR,0.0516683289032609,False,7260.92887272313
IND|odisha,POL,0.04535552143565822,False,6613.700391168992
IND|odisha,PRT,-0.16505542434872564,False,8985.31211859296
IND|odisha,ROU,-0.10651943936433109,False,6118.350930508667
IND|odisha,SRB,0.11820091411830048,False,6488.252811595648
IND|odisha,SVK,0.17874212240291612,False,6691.529547603933
IND|odisha,SVN,0.20750260689101635,False,6987.983743757951
IND|odisha,SWE,0.025791550460089227,False,6912.002408812504
IND|odisha,TUR,0.031196143786897407,False,5727.142979961204
IND|odisha,USA|alabama,-0.4046715073046977,False,13994.139104164016
IND|odisha,USA|arizona,-0.3824512291138133,False,13755.761704001803
IND|odisha,USA|arkansas,-0.4470475024057387,False,13875.062825062807
IND|odisha,USA|california,-0.30599247659872275,False,13160.440205388475
IND|odisha,USA|colorado,-0.28310733969031576,False,13259.457085182714
IND|odisha,USA|connecticut,-0.33353162452978735,False,12818.590197502177
IND|odisha,USA|delaware,-0.026016971393578864,False,13073.742900909878
IND|odisha,USA|florida,-0.3711486309159304,False,14547.61930340665
IND|odisha,USA|georgia,-0.32772285889248537,False,13918.292939072364
IND|odisha,USA|idaho,-0.22354999562592948,False,12501.478324565856
IND|odisha,USA|illinois,-0.34511416324031147,False,13077.109639623704
IND|odisha,USA|indiana,-0.26435132534336453,False,13215.939705111297
IND|odisha,USA|iowa,-0.24213104715248007,False,13121.308326082622
IND|odisha,USA|kansas,-0.3506779809290526,False,13426.860028235982
IND|odisha,USA|kentucky,-0.43469512728545184,False,13454.431018465923
IND|odisha,USA|louisiana,-0.3956434257720235,False,14259.238093160158
IND|odisha,USA|maine,-0.3453941037529525,False,12358.270122133557
IND|odisha,USA|maryland,-0.26284664508791883,False,13160.5939836958
IND|odisha,USA|massachusetts,-0.24465051176624963,False,12658.080214876158
IND|odisha,USA|michigan,-0.33636602222027817,False,12950.136402446082
IND|odisha,USA|minnesota,-0.36030093605108915,False,12752.811585356527
IND|odisha,USA|mississippi,-0.346863791444318,False,14091.227619097674
IND|odisha,USA|missouri,-0.3220890560755839,False,13432.411388131835
IND|odisha,USA|montana,-0.19037704487796342,False,12414.397628415047
IND|odisha,USA|nebraska,-0.32201907094742366,False,13182.478122666691
IND|odisha,USA|nevada,-0.3740530137345814,False,13216.222435025013
IND|odisha,USA|new hampshire,-0.3969381506429883,False,12595.043810852321
IND|odisha,USA|new jersey,-0.17407051001662144,False,12936.088862990327
IND|odisha,USA|new mexico,-0.25871752252646313,False,13779.952440334186
IND|odisha,USA|new york,-0.2850319307147231,False,12863.3628372434
IND|odisha,USA|north carolina,-0.4267168226751816,False,13634.003876991015
IND|odisha,USA|north dakota,-0.2212054938325606,False,12557.653529517143
IND|odisha,USA|ohio,-0.3782871139882774,False,13192.935243311771
IND|odisha,USA|oklahoma,-0.3375207768349226,False,13753.824710176134
IND|odisha,USA|oregon,-0.23362785408100778,False,12176.766206946115
IND|odisha,USA|pennsylvania,-0.5075496457002887,False,13034.722968883949
IND|odisha,USA|rhode island,-0.00582626191934214,False,12722.652123493608
IND|odisha,USA|south carolina,-0.43077596010847696,False,13809.668213875726
IND|odisha,USA|south dakota,0.026891785495582184,False,12898.698385282625
IND|odisha,USA|tennessee,-0.5127285451841483,False,13734.663008344456
IND|odisha,USA|texas,-0.4042865890998163,False,14245.038213736285
IND|odisha,USA|utah,-0.3822062811652524,False,13014.469663537064
IND|odisha,USA|vermont,-0.10345551570291313,False,12501.26365914139
IND|odisha,USA|virginia,-0.3688391216866416,False,13235.32179847113
IND|odisha,USA|washington,-0.2538185635552445,False,12000.596534992284
IND|odisha,USA|washington dc,-0.1509780593015502,False,13194.34051210572
IND|odisha,USA|west virginia,-0.27813839559093695,False,13263.020073015152
IND|odisha,USA|wisconsin,-0.36362522963870175,False,12949.393493792135
IND|odisha,USA|wyoming,-0.2556381768874114,False,13072.224318236587
IND|rajasthan,IND|tamil nadu,0.3014784358323856,False,1617.667524455149
IND|rajasthan,IND|telangana,0.44074884087131483,False,1106.3683036271452
IND|rajasthan,IND|uttar pradesh,0.43413524626016975,False,227.63837937282995
IND|rajasthan,IND|west bengal,0.5330242323506256,False,1352.2857334464632
IND|rajasthan,IRL,-0.3103044155407556,False,7140.505213515841
IND|rajasthan,ITA,-0.05273517809124604,False,6020.745982732056
IND|rajasthan,LTU,-0.14787060135126487,False,5126.084070671727
IND|rajasthan,LUX,0.089547963580497,False,6326.4566563562
IND|rajasthan,LVA,-0.1302707733279843,False,5225.621986859307
IND|rajasthan,MDA,0.04221325052180659,False,4637.8191305486025
IND|rajasthan,MKD,0.03751372792279401,False,5162.267950611633
IND|rajasthan,MLT,-0.22196149497895598,False,5812.893650427327
IND|rajasthan,NLD,0.11333829223989081,False,6373.709202982453
IND|rajasthan,NOR,0.13908281288588586,False,6083.589859314587
IND|rajasthan,POL,0.022747753806464387,False,5380.643834213171
IND|rajasthan,PRT,-0.010883544359684869,False,7726.4441114793935
IND|rajasthan,ROU,0.017307002715840885,False,4860.979777221148
IND|rajasthan,SRB,0.04231711731389555,False,5230.321177085473
IND|rajasthan,SVK,0.16100969952619945,False,5441.865046648173
IND|rajasthan,SVN,0.1467257340105027,False,5732.275953757165
IND|rajasthan,SWE,0.1477852341831164,False,5724.819990034086
IND|rajasthan,TUR,-0.2339448337490775,False,4469.102796874862
IND|rajasthan,USA|alabama,0.010445280377919692,False,13048.672926577508
IND|rajasthan,USA|arizona,-0.028746391391829232,False,13245.076967988587
IND|rajasthan,USA|arkansas,0.032945499081445194,False,13013.0381448879
IND|rajasthan,USA|california,-0.03434520164465051,False,12786.406889551336
IND|rajasthan,USA|colorado,-0.0358148893360161,False,12601.951124752024
IND|rajasthan,USA|connecticut,0.10954422185285627,False,11761.490929907817
IND|rajasthan,USA|delaware,0.2664508791881725,False,12030.534406027682
IND|rajasthan,USA|florida,-0.029971131134633885,False,13498.756715321102
IND|rajasthan,USA|georgia,-0.015099291400577376,False,12943.052194218797
IND|rajasthan,USA|idaho,0.023217566267168227,False,11995.719993295752
IND|rajasthan,USA|illinois,0.06629341264981191,False,12178.31221132283
IND|rajasthan,USA|indiana,0.08354474674131747,False,12293.334964182375
IND|rajasthan,USA|iowa,-0.07108739392879013,False,12292.720915189615
IND|rajasthan,USA|kansas,-0.19489108564430058,False,12613.40565006892
IND|rajasthan,USA|kentucky,0.07364185110663983,False,12517.83641982715
IND|rajasthan,USA|louisiana,-0.006071209867903071,False,13380.27997106584
IND|rajasthan,USA|maine,-0.09978129647449918,False,11288.877390471569
IND|rajasthan,USA|maryland,0.07805091418073659,False,12127.216394376768
IND|rajasthan,USA|massachusetts,0.1711311346338903,False,11590.88748205161
IND|rajasthan,USA|michigan,0.05674044265593561,False,12006.560313659742
IND|rajasthan,USA|minnesota,0.09428746391391829,False,11930.538162004375
IND|rajasthan,USA|mississippi,0.036059837284577026,False,13190.273558500856
IND|rajasthan,USA|missouri,0.1849531974455428,False,12586.318395772945
IND|rajasthan,USA|montana,-0.015869127810340302,False,11822.244178365214
IND|rajasthan,USA|nebraska,-0.038579301898346595,False,12393.087653363455
IND|rajasthan,USA|nevada,0.06968769136558481,False,12763.470919296657
IND|rajasthan,USA|new hampshire,0.17053626104452804,False,11534.229907585855
IND|rajasthan,USA|new jersey,0.21760125973230687,False,11885.800409121553
IND|rajasthan,USA|new mexico,0.11237861954334702,False,13162.513356100586
IND|rajasthan,USA|new york,0.21802117050126846,False,11822.220843305757
IND|rajasthan,USA|north carolina,0.03714460677106115,False,12619.21688664117
IND|rajasthan,USA|north dakota,0.0839996500743592,False,11804.420195420496
IND|rajasthan,USA|ohio,0.01775872627066748,False,12229.478978168605
IND|rajasthan,USA|oklahoma,0.22431983203569242,False,12962.5590095932
IND|rajasthan,USA|oregon,0.05086169189047327,False,11753.587065049554
IND|rajasthan,USA|pennsylvania,-0.014329454990814451,False,12009.116810304784
IND|rajasthan,USA|rhode island,0.0999212667308197,False,11654.209492900101
IND|rajasthan,USA|south carolina,0.015624179861779372,False,12795.876691668076
IND|rajasthan,USA|south dakota,0.13253433645350363,False,12128.617139701086
IND|rajasthan,USA|tennessee,-0.025772023445017937,False,12805.97656360753
IND|rajasthan,USA|texas,0.03987402676931152,False,13467.151428069275
IND|rajasthan,USA|utah,-0.027766599597585512,False,12467.783511303873
IND|rajasthan,USA|vermont,-0.12368121774122999,False,11460.816062017811
IND|rajasthan,USA|virginia,0.039384130872189664,False,12205.832535720094
IND|rajasthan,USA|washington,-0.05747528650161841,False,11547.52813718964
IND|rajasthan,USA|washington dc,0.12716520280492138,False,12161.100284072445
IND|rajasthan,USA|west virginia,0.03417023882424984,False,12264.056283290769
IND|rajasthan,USA|wisconsin,0.09246785058175137,False,12059.866549958335
IND|rajasthan,USA|wyoming,-0.08469950135596187,False,12412.136032717135
IND|tamil nadu,IND|telangana,0.06328405213892047,False,515.2416343776233
IND|tamil nadu,IND|uttar pradesh,0.39973755576939896,False,1754.6913666210573
IND|tamil nadu,IND|west bengal,0.23978654535911115,False,1358.3607154263373
IND|tamil nadu,IRL,0.2041098708044196,False,8631.190184764198
IND|tamil nadu,ITA,-0.07854287141725397,False,7365.83617976893
IND|tamil nadu,LTU,-0.3570439887871666,False,6653.4151703856805
IND|tamil nadu,LUX,-0.023834058747660796,False,7762.290246833265
IND|tamil nadu,LVA,-0.022951886014378097,False,6773.863966576018
IND|tamil nadu,MDA,0.016748883959280533,False,6066.072242663208
IND|tamil nadu,MKD,0.014139924536989614,False,6475.51273577947
IND|tamil nadu,MLT,-0.012509594589831462,False,6988.0551491416045
IND|tamil nadu,NLD,0.17740058773012396,False,7844.630188732966
IND|tamil nadu,NOR,0.22597239003915154,False,7644.721514457409
IND|tamil nadu,POL,0.1347191973507456,False,6863.569958644239
IND|tamil nadu,PRT,0.0772346701023296,False,9023.300805232273
IND|tamil nadu,ROU,0.16017289773315632,False,6237.098004387014
IND|tamil nadu,SRB,0.18620931688165782,False,6591.876890802425
IND|tamil nadu,SVK,0.40324194806322355,False,6867.041691075908
IND|tamil nadu,SVN,0.13028867075163106,False,7113.810047740457
IND|tamil nadu,SWE,0.21411886226601887,False,7278.424066728205
IND|tamil nadu,TUR,-0.07929384388234383,False,5775.966257738372
IND|tamil nadu,USA|alabama,-0.01621905345114163,False,14666.148001940994
IND|tamil nadu,USA|arizona,0.16311783745953984,False,14688.685422322193
IND|tamil nadu,USA|arkansas,0.07038754264718747,False,14619.904672123503
IND|tamil nadu,USA|california,0.29640451404076634,False,14127.90027907689
IND|tamil nadu,USA|colorado,-0.07441168751640276,False,14130.048939115562
IND|tamil nadu,USA|connecticut,0.08753389904645262,False,13367.688123271328
IND|tamil nadu,USA|delaware,0.3540722596448254,False,13639.773234319635
IND|tamil nadu,USA|florida,0.23926165689790918,False,15102.174100452045
IND|tamil nadu,USA|georgia,0.1469512728545184,False,14560.35696676176
IND|tamil nadu,USA|idaho,-0.06030968419210917,False,13430.383582630295
IND|tamil nadu,USA|illinois,0.06296911906219928,False,13790.40356938853
IND|tamil nadu,USA|indiana,0.0031318344851719005,False,13908.697242944021
IND|tamil nadu,USA|iowa,0.0478173388155017,False,13889.393650019316
IND|tamil nadu,USA|kansas,-0.08959846032718047,False,14206.54430654314
IND|tamil nadu,USA|kentucky,0.041413699588837366,False,14134.59194483362
IND|tamil nadu,USA|louisiana,0.20846820050739218,False,14991.234572429697
IND|tamil nadu,USA|maine,-0.09862654185985478,False,12892.486179130005
IND|tamil nadu,USA|maryland,0.28447204968944095,False,13738.449730184657
IND|tamil nadu,USA|massachusetts,0.08553932289388504,False,13194.426409879732
IND|tamil nadu,USA|michigan,0.056040591374332954,False,13623.443723092701
IND|tamil nadu,USA|minnesota,-0.01006036217303823,False,13524.384954254207
IND|tamil nadu,USA|mississippi,0.05649549470737467,False,14804.21858444291
IND|tamil nadu,USA|missouri,0.03983903420523139,False,14188.44408795037
IND|tamil nadu,USA|montana,-0.013699588837372056,False,13310.759018232346
IND|tamil nadu,USA|nebraska,-0.03623480010497769,False,13977.705160428415
IND|tamil nadu,USA|nevada,0.25234887586387894,False,14164.414303157848
IND|tamil nadu,USA|new hampshire,0.029761175750153093,False,13139.894731713084
IND|tamil nadu,USA|new jersey,0.22921879100691103,False,13493.579220254107
IND|tamil nadu,USA|new mexico,-0.12259644825474585,False,14671.6559348203
IND|tamil nadu,USA|new york,0.08532936750940424,False,13432.367538910721
IND|tamil nadu,USA|north carolina,0.06237424547283702,False,14232.95146818042
IND|tamil nadu,USA|north dakota,-0.003446767561893098,False,13373.526265745606
IND|tamil nadu,USA|ohio,-0.05156154317207593,False,13847.13639311352
IND|tamil nadu,USA|oklahoma,0.29843408275741407,False,14549.747417559332
IND|tamil nadu,USA|oregon,-0.14719622080307934,False,13128.852246519447
IND|tamil nadu,USA|pennsylvania,-0.07637127110489021,False,13622.030313532083
IND|tamil nadu,USA|rhode island,0.29542472224652266,False,13257.165352442464
IND|tamil nadu,USA|south carolina,0.04337328317732481,False,14409.479667904661
IND|tamil nadu,USA|south dakota,-0.052471349838159397,False,13705.387243630335
IND|tamil nadu,USA|tennessee,0.011600034992564082,False,14422.377550172634
IND|tamil nadu,USA|texas,0.20230950922928875,False,15051.678329420669
IND|tamil nadu,USA|utah,0.10107602134546409,False,13931.238386432293
IND|tamil nadu,USA|vermont,-0.30536261044528035,False,13071.783618814448
IND|tamil nadu,USA|virginia,0.0027469162802904383,False,13817.698051113412
IND|tamil nadu,USA|washington,-0.21098766512116174,False,12943.820942646833
IND|tamil nadu,USA|washington dc,-0.03406585716306852,False,13772.297661174174
IND|tamil nadu,USA|west virginia,0.019788294987315193,False,13880.204652367303
IND|tamil nadu,USA|wisconsin,-0.02692677805966232,False,13670.212290203126
IND|tamil nadu,USA|wyoming,-0.013979529350013122,False,13940.737486650909
IND|telangana,IND|uttar pradesh,0.42167789344764234,False,1255.5288943961807
IND|telangana,IND|west bengal,0.4242323506254921,False,1181.8821002123348
IND|telangana,IRL,-0.21771019407129502,False,8136.600902346692
IND|telangana,ITA,0.12364947032874445,False,6903.611459618273
IND|telangana,LTU,0.1491864882878269,False,6149.433933843644
IND|telangana,LUX,0.11313113749923506,False,7279.180009461103
IND|telangana,LVA,-0.026996039842998497,False,6266.139291908084
IND|telangana,MDA,0.18545031243601567,False,5581.573950765469
IND|telangana,MKD,0.11180527691515581,False,6018.495619128651
IND|telangana,MLT,0.04416292702164759,False,6567.503462347153
IND|telangana,NLD,0.24945973354514175,False,7353.625657232337
IND|telangana,NOR,0.1469564153262744,False,7135.181858373042
IND|telangana,POL,0.14535814682330744,False,6368.733720862725
IND|telangana,PRT,-0.017182701866897975,False,8577.321354082918
IND|telangana,ROU,0.06214071450348936,False,5764.6280968310475
IND|telangana,SRB,0.06590829768574469,False,6123.732247345265
IND|telangana,SVK,0.19869766246161014,False,6384.852763429205
IND|telangana,SVN,0.23426753737324713,False,6642.228845715407
IND|telangana,SWE,0.04246682019446169,False,6770.0328128668325
IND|telangana,TUR,0.19242579325198972,False,5317.973713979684
IND|telangana,USA|alabama,-0.4865191146881288,False,14154.342885342709
IND|telangana,USA|arizona,-0.569731432070685,False,14262.415439385284
IND|telangana,USA|arkansas,-0.582083807190972,False,14117.296051477288
IND|telangana,USA|california,-0.5128335228763888,False,13741.617281907515
IND|telangana,USA|colorado,-0.568681655148281,False,13666.393505383163
IND|telangana,USA|connecticut,-0.4184585775522701,False,12852.586624796493
IND|telangana,USA|delaware,-0.20577377307322192,False,13124.541921852237
IND|telangana,USA|florida,-0.4303910419035955,False,14587.420604119208
IND|telangana,USA|georgia,-0.4645437844458053,False,14046.636272220232
IND|telangana,USA|idaho,-0.30004374070510015,False,13005.026953480974
IND|telangana,USA|illinois,-0.57631003411775,False,13284.13049486841
IND|telangana,USA|indiana,-0.39697314320706845,False,13399.70018121424
IND|telangana,USA|iowa,-0.237896946898784,False,13392.659993483663
IND|telangana,USA|kansas,-0.5292800279940513,False,13711.83331552528
IND|telangana,USA|kentucky,-0.4739917767474412,False,13624.039932981488
IND|telangana,USA|louisiana,-0.4514215729157554,False,14485.879984413277
IND|telangana,USA|maine,-0.29965882250021875,False,12377.56433303772
IND|telangana,USA|maryland,-0.3960633365409851,False,13223.220334922325
IND|telangana,USA|massachusetts,-0.41250984165864757,False,12679.526532632906
IND|telangana,USA|michigan,-0.5270055113288427,False,13112.727270202644
IND|telangana,USA|minnesota,-0.5396028343976905,False,13029.084801142957
IND|telangana,USA|mississippi,-0.43364535036304785,False,14296.515829383077
IND|telangana,USA|missouri,-0.4285014434432683,False,13688.675308055415
IND|telangana,USA|montana,-0.2510191584288339,False,12863.083801341798
IND|telangana,USA|nebraska,-0.5453066223427522,False,13487.375329020308
IND|telangana,USA|nevada,-0.5180474149243286,False,13754.418794308662
IND|telangana,USA|new hampshire,-0.3945936488496194,False,12624.82115121575
IND|telangana,USA|new jersey,-0.3361560668357974,False,12978.394017265706
IND|telangana,USA|new mexico,-0.31348088531187124,False,14217.139740770152
IND|telangana,USA|new york,-0.4427434170238824,False,12917.125906054147
IND|telangana,USA|north carolina,-0.4910331554544659,False,13717.886192946535
IND|telangana,USA|north dakota,-0.3681042778409588,False,12890.502439676127
IND|telangana,USA|ohio,-0.46184935701163504,False,13334.661275257184
IND|telangana,USA|oklahoma,-0.4323156329280028,False,14058.334355666886
IND|telangana,USA|oregon,-0.4099203919167177,False,12726.417132642682
IND|telangana,USA|pennsylvania,-0.6201907094742366,False,13106.894146224779
IND|telangana,USA|rhode island,-0.18544309334266468,False,12742.323777021089
IND|telangana,USA|south carolina,-0.5850231825737031,False,13894.393127074043
IND|telangana,USA|south dakota,-0.12077683492257894,False,13218.851498702783
IND|telangana,USA|tennessee,-0.5153179949260782,False,13912.268106199981
IND|telangana,USA|texas,-0.545796518239874,False,14561.906996383801
IND|telangana,USA|utah,-0.524486046715073,False,13495.036113400327
IND|telangana,USA|vermont,-0.13438894234975066,False,12556.55293714222
IND|telangana,USA|virginia,-0.5772198407838334,False,13302.489934223573
IND|telangana,USA|washington,-0.5034905082669933,False,12532.711926768101
IND|telangana,USA|washington dc,-0.19190257902646918,False,13257.067083590899
IND|telangana,USA|west virginia,-0.4530312308634415,False,13365.730066795171
IND|telangana,USA|wisconsin,-0.5399177674744117,False,13165.183925037376
IND|telangana,USA|wyoming,-0.5625579564342578,False,13476.643163469495
IND|uttar pradesh,IND|west bengal,0.5265156154317208,False,1291.8958785803197
IND|uttar pradesh,IRL,-0.012655127055277882,False,7103.076178447345
IND|uttar pradesh,ITA,-0.10309079937412798,False,6033.111133443069
IND|uttar pradesh,LTU,-0.08700644424548203,False,5079.9055529821635
IND|uttar pradesh,LUX,-0.019389813206743597,False,6310.752273272047
IND|uttar pradesh,LVA,-0.13401730544627333,False,5168.864768305987
IND|uttar pradesh,MDA,0.03402827555528036,False,4632.342308492359
IND|uttar pradesh,MKD,0.09759526601119226,False,5187.512022986833
IND|uttar pradesh,MLT,-0.04522156690231034,False,5866.841445974983
IND|uttar pradesh,NLD,0.0711667183170659,False,6345.883593882816
IND|uttar pradesh,NOR,0.08160551507104938,False,6017.4739609102335
IND|uttar pradesh,POL,0.021067919679217784,False,5352.055469860709
IND|uttar pradesh,PRT,0.09604465432525762,False,7744.2147925229365
IND|uttar pradesh,ROU,0.1287438007891217,False,4870.5517113250635
IND|uttar pradesh,SRB,-0.06583829418315759,False,5242.032408932071
IND|uttar pradesh,SVK,0.17410333458225477,False,5433.261940024995
IND|uttar pradesh,SVN,0.3159277078765871,False,5735.730719307156
IND|uttar pradesh,SWE,0.11460967131179403,False,5663.728893138201
IND|uttar pradesh,TUR,-0.021835551007317978,False,4500.507876139926
IND|uttar pradesh,USA|alabama,-0.050581751377832204,False,12917.56816353476
IND|uttar pradesh,USA|arizona,-0.05457090368296737,False,13050.20519004908
IND|uttar pradesh,USA|arkansas,-0.013699588837372056,False,12865.436046502919
IND|uttar pradesh,USA|california,-0.028711398827749104,False,12578.707851509667
IND|uttar pradesh,USA|colorado,-0.22963870177587264,False,12422.364274022673
IND|uttar pradesh,USA|connecticut,-0.1942612194908582,False,11655.76553568998
IND|uttar pradesh,USA|delaware,-0.040223952410112854,False,11921.291142301243
IND|uttar pradesh,USA|florida,0.0830548508441956,False,13393.41993133954
IND|uttar pradesh,USA|georgia,0.027101740880062983,False,12818.326384334052
IND|uttar pradesh,USA|idaho,0.02181786370396291,False,11798.122716180556
IND|uttar pradesh,USA|illinois,-0.21823112588574928,False,12036.01937470715
IND|uttar pradesh,USA|indiana,-0.07623130084856967,False,12156.020110987114
IND|uttar pradesh,USA|iowa,-0.27155979354387194,False,12137.795341473386
IND|uttar pradesh,USA|kansas,-0.17109614206981016,False,12456.550260958702
IND|uttar pradesh,USA|kentucky,-0.02517714985565567,False,12383.838642449642
IND|uttar pradesh,USA|louisiana,0.08487446417636252,False,13236.589533910032
IND|uttar pradesh,USA|maine,-0.31271104890210827,False,11186.139309085544
IND|uttar pradesh,USA|maryland,-0.13477386055463214,False,12015.45703174162
IND|uttar pradesh,USA|massachusetts,0.014854343452016446,False,11487.876124761837
IND|uttar pradesh,USA|michigan,-0.0415536698451579,False,11873.152378839988
IND|uttar pradesh,USA|minnesota,-0.20759338640538885,False,11773.86850952376
IND|uttar pradesh,USA|mississippi,0.06303910419035955,False,13050.368545622187
IND|uttar pradesh,USA|missouri,-0.08746391391829236,False,12435.00033765115
IND|uttar pradesh,USA|montana,-0.1566092205406351,False,11633.399409361546
IND|uttar pradesh,USA|nebraska,-0.20745341614906831,False,12231.882123348103
IND|uttar pradesh,USA|nevada,-0.013664596273291925,False,12562.237025312008
IND|uttar pradesh,USA|new hampshire,-0.06128947598635289,False,11429.275130363847
IND|uttar pradesh,USA|new jersey,-0.015449217041378709,False,11778.315288145453
IND|uttar pradesh,USA|new mexico,-0.11748753389904645,False,12979.136652701656
IND|uttar pradesh,USA|new york,-0.007051001662146794,False,11712.115026691306
IND|uttar pradesh,USA|north carolina,-0.02759163677718485,False,12503.411368096986
IND|uttar pradesh,USA|north dakota,-0.19678068410462776,False,11636.535136918108
IND|uttar pradesh,USA|ohio,-0.07675618930977167,False,12100.81446999804
IND|uttar pradesh,USA|oklahoma,0.04550782958621293,False,12802.80556985435
IND|uttar pradesh,USA|oregon,-0.1899221415449217,False,11548.236936028974
IND|uttar pradesh,USA|pennsylvania,-0.13078470824949698,False,11895.129887779634
IND|uttar pradesh,USA|rhode island,-0.023322543959408623,False,11551.650117666826
IND|uttar pradesh,USA|south carolina,-0.09012334878838248,False,12680.118944659913
IND|uttar pradesh,USA|south dakota,-0.282897384305835,False,11963.883075391583
IND|uttar pradesh,USA|tennessee,-0.02818651036654711,False,12670.866996329258
IND|uttar pradesh,USA|texas,0.06359898521564167,False,13306.41269919541
IND|uttar pradesh,USA|utah,-0.06625842008573178,False,12275.119275866808
IND|uttar pradesh,USA|vermont,-0.3199195171026157,False,11350.019728478748
IND|uttar pradesh,USA|virginia,-0.16129822412737294,False,12093.160945808699
IND|uttar pradesh,USA|washington,-0.23327792844020645,False,11344.40560172048
IND|uttar pradesh,USA|washington dc,0.13887042028930396,False,12049.354946192252
IND|uttar pradesh,USA|west virginia,-0.004461551920216953,False,12143.745195343585
IND|uttar pradesh,USA|wisconsin,-0.019228413962033068,False,11915.563305029364
IND|uttar pradesh,USA|wyoming,-0.27295949610707726,False,12232.511147686524
IND|west bengal,IRL,-0.19404528151426084,False,8325.882628125728
IND|west bengal,ITA,-0.07744057671926177,False,7317.0136856443
IND|west bengal,LTU,-0.007579508754597345,False,6296.547021330699
IND|west bengal,LUX,0.054083600977774655,False,7568.699167509529
IND|west bengal,LVA,0.04866990321889482,False,6364.487088170337
IND|west bengal,MDA,0.2766976259517341,False,5905.146388188862
IND|west bengal,MKD,-0.03821459159253327,False,6477.582404317072
IND|west bengal,MLT,-0.033594172213031175,False,7156.202220136413
IND|west bengal,NLD,0.15108272582973864,False,7587.188434190573
IND|west bengal,NOR,-0.023025912914558532,False,7186.2006139250525
IND|west bengal,POL,-0.01636088446849554,False,6595.840651222244
IND|west bengal,PRT,-0.1284503201679206,False,9029.926339296482
IND|west bengal,ROU,-0.01041220082500033,False,6154.037405299235
IND|west bengal,SRB,-0.13120406472385235,False,6526.330704729011
IND|west bengal,SVK,0.07054458459345332,False,6701.234216073422
IND|west bengal,SVN,0.15290494948481756,False,7013.895364421408
IND|west bengal,SWE,-0.07112798685228133,False,6846.565230193124
IND|west bengal,TUR,-0.07586454260234837,False,5792.035377840219
IND|west bengal,USA|alabama,-0.18470824949698186,False,13771.844927595035
IND|west bengal,USA|arizona,-0.2962995363485259,False,13431.990628735637
IND|west bengal,USA|arkansas,-0.20066485871752254,False,13626.032712541148
IND|west bengal,USA|california,-0.19226664333829063,False,12821.041049545716
IND|west bengal,USA|colorado,-0.19436619718309858,False,12963.122910732052
IND|west bengal,USA|connecticut,-0.16843670719972006,False,12649.05959456789
IND|west bengal,USA|delaware,0.05911993701338465,False,12896.37477186744
IND|west bengal,USA|florida,-0.1445017933689091,False,14364.670506082277
IND|west bengal,USA|georgia,-0.09635202519464613,False,13707.57110790015
IND|west bengal,USA|idaho,0.07556644213104716,False,12181.331145031007
IND|west bengal,USA|illinois,-0.17505030181086517,False,12843.697834714641
IND|west bengal,USA|indiana,-0.029551220365672298,False,12989.792414191126
IND|west bengal,USA|iowa,-0.17193596360773336,False,12866.432739575195
IND|west bengal,USA|kansas,-0.36936401014784354,False,13166.309771369495
IND|west bengal,USA|kentucky,-0.09190796955646927,False,13231.930912736163
IND|west bengal,USA|louisiana,-0.054710873939287905,False,14013.170793610885
IND|west bengal,USA|maine,-0.1787595136033593,False,12196.93235676521
IND|west bengal,USA|maryland,-0.03406526113200945,False,12978.278995409863
IND|west bengal,USA|massachusetts,0.0654185985478086,False,12494.275515597468
IND|west bengal,USA|michigan,-0.12102178287113988,False,12732.678495479306
IND|west bengal,USA|minnesota,-0.05054675881375208,False,12497.892282358533
IND|west bengal,USA|mississippi,-0.09330767211967457,False,13853.125749517621
IND|west bengal,USA|missouri,-0.07609133059224914,False,13181.009701706193
IND|west bengal,USA|montana,-0.04862216778934476,False,12108.913291227385
IND|west bengal,USA|nebraska,-0.17735981104015397,False,12916.71182789164
IND|west bengal,USA|nevada,-0.1874726620593124,False,12886.225497571275
IND|west bengal,USA|new hampshire,-0.16038841746128948,False,12428.369650372182
IND|west bengal,USA|new jersey,-0.06692327880325431,False,12762.724464825356
IND|west bengal,USA|new mexico,-0.16420260694602395,False,13473.674311954343
IND|west bengal,USA|new york,-0.0611844982941125,False,12686.057997170175
IND|west bengal,USA|north carolina,-0.11017408800629865,False,13441.019088300425
IND|west bengal,USA|north dakota,-0.1220015746653836,False,12285.58132826941
IND|west bengal,USA|ohio,-0.1269705187647625,False,12981.594899707992
IND|west bengal,USA|oklahoma,-0.11346338902983115,False,13485.734194071782
IND|west bengal,USA|oregon,0.05317120111976205,False,11845.977744164788
IND|west bengal,USA|pennsylvania,-0.23901670894934826,False,12849.552912687715
IND|west bengal,USA|rhode island,-0.17095617181348963,False,12559.174834340367
IND|west bengal,USA|south carolina,-0.16087831335841135,False,13615.289828201494
IND|west bengal,USA|south dakota,0.11510803954159739,False,12629.304283129284
IND|west bengal,USA|tennessee,-0.23908669407750852,False,13507.890186179133
IND|west bengal,USA|texas,-0.20629866153442392,False,13970.915055149873
IND|west bengal,USA|utah,-0.23271804741492433,False,12699.00893740435
IND|west bengal,USA|vermont,-0.08914355699413874,False,12325.338177752375
IND|west bengal,USA|virginia,-0.17410550258070157,False,13050.879187919476
IND|west bengal,USA|washington,-0.09799667570641239,False,11674.319569551662
IND|west bengal,USA|washington dc,-0.16382055501685183,False,13011.794007287886
IND|west bengal,USA|west virginia,0.0013822062811652523,False,13065.321320578925
IND|west bengal,USA|wisconsin,-0.12599072697051877,False,12713.61359101591
IND|west bengal,USA|wyoming,-0.23677718484821972,False,12777.199862559646
IRL,ITA,-0.2787045799482064,False,1622.1478511511566
IRL,LTU,-0.04894168433576507,False,2029.3356219541772
IRL,LUX,-0.0561932071956274,False,963.5309346102036
IRL,LVA,0.340509295126422,False,1977.109228921546
IRL,MDA,-0.1747100651518145,False,2585.0409690660285
IRL,MKD,-0.03284704378014426,False,2417.064579480181
IRL,MLT,0.042612625357605814,False,2528.9574644276763
IRL,NLD,0.004585410016663228,False,797.9735154043508
IRL,NOR,0.2120234250807751,False,1283.8045422804905
IRL,POL,-0.004159523228210541,False,1767.9059532644635
IRL,PRT,0.10926888250866704,False,1550.1979320621078
IRL,ROU,0.09249734477403529,False,2489.5590211919543
IRL,SRB,0.11277074329865922,False,2197.4568057371894
IRL,SVK,0.061306273283526266,False,1813.619378834347
IRL,SVN,-0.22594957109600142,False,1692.1782823133208
IRL,SWE,0.2358692251270942,False,1537.578916667465
IRL,TUR,0.32149212572871977,False,3031.6830044218227
IRL,USA|alabama,-0.024251725097722856,False,6476.59981071221
IRL,USA|arizona,0.2139203877949115,False,8011.392744853246
IRL,USA|arkansas,0.0034301101515644477,False,6698.017361243383
IRL,USA|california,0.22768862093738845,False,8224.760845241584
IRL,USA|colorado,0.02973890566238807,False,7080.374860536726
IRL,USA|connecticut,-0.0247724646069444,False,4992.810893053179
IRL,USA|delaware,0.08259844639864496,False,5280.652145761033
IRL,USA|florida,0.11491814901686903,False,6611.53419998955
IRL,USA|georgia,0.04255825782534664,False,6298.582146698707
IRL,USA|idaho,-0.08355628847870446,False,7274.614243365178
IRL,USA|illinois,-0.0007587065124795671,False,5901.634626570905
IRL,USA|indiana,0.0031722295915484265,False,5911.794719403386
IRL,USA|iowa,-0.029454141800748762,False,6242.7785629191485
IRL,USA|kansas,0.08528677656097412,False,6541.264435322513
IRL,USA|kentucky,-0.023903237854457964,False,6051.781222078971
IRL,USA|louisiana,0.09680378211195988,False,6948.978877701162
IRL,USA|maine,-0.028123916209314773,False,4524.861493577404
IRL,USA|maryland,0.055666356561296114,False,5398.921142377812
IRL,USA|massachusetts,0.03821112838507658,False,4804.617949885492
IRL,USA|michigan,-0.06828856451235053,False,5601.484321763909
IRL,USA|minnesota,-0.046750061522904354,False,5993.666008516167
IRL,USA|mississippi,-0.017732026615155657,False,6726.764523463819
IRL,USA|missouri,-0.026703083934631906,False,6409.040851029944
IRL,USA|montana,-0.028012400291470004,False,6827.235288559182
IRL,USA|nebraska,-0.014401484247381179,False,6459.089807974073
IRL,USA|nevada,0.1477068158967439,False,7922.898404551129
IRL,USA|new hampshire,-0.0329181049988018,False,4775.625090425198
IRL,USA|new jersey,0.04071724950307011,False,5127.399755463501
IRL,USA|new mexico,0.06132778074759378,False,7599.527227811147
IRL,USA|new york,-0.007844945684811692,False,5100.965406589641
IRL,USA|north carolina,-0.08648258564429166,False,5896.29206331595
IRL,USA|north dakota,-0.05572012316454271,False,6172.462762696525
IRL,USA|ohio,-0.0563852359602597,False,5718.940755592354
IRL,USA|oklahoma,0.07313154151589465,False,6883.109962757347
IRL,USA|oregon,-0.12418691400987729,False,7473.368095323401
IRL,USA|pennsylvania,-0.0036461722423886808,False,5319.113768880855
IRL,USA|rhode island,0.14407259178841,False,4857.757938559887
IRL,USA|south carolina,0.007494467085871,False,6057.56127787774
IRL,USA|south dakota,-0.14297435913320664,False,6336.425298288294
IRL,USA|tennessee,-0.013396845308940388,False,6319.784933754126
IRL,USA|texas,0.11583715966125047,False,7314.066215365604
IRL,USA|utah,0.22008761632286217,False,7398.9254700795545
IRL,USA|vermont,-0.11254744008482986,False,4783.569458786004
IRL,USA|virginia,-0.1134136798038026,False,5481.606329993969
IRL,USA|washington,-0.14911370868169613,False,7240.541978403925
IRL,USA|washington dc,-0.07629311812216051,False,5429.690951838533
IRL,USA|west virginia,-0.023846484217697684,False,5630.9634656282415
IRL,USA|wisconsin,-0.07080464240872307,False,5840.661889823961
IRL,USA|wyoming,0.04633884657585177,False,6942.8183573669285
ITA,LTU,0.10535658099233551,False,1561.1668543277513
ITA,LUX,-0.15713092221169353,False,710.3937434159359
ITA,LVA,-0.07505998272057707,False,1714.0505064332192
ITA,MDA,-0.027852702469149535,False,1440.1502119047418
ITA,MKD,-0.3929291183961367,False,896.4501031148599
ITA,MLT,-0.09914775353933969,True,963.1535841292067
ITA,NLD,0.48609008639925216,False,988.146764684094
ITA,NOR,0.16645129872839995,False,1803.1028291471453
ITA,POL,0.41344850179139675,False,1111.5400779935785
ITA,PRT,0.43913189480147785,False,1713.9210355977386
ITA,ROU,0.3868745430763795,False,1162.9773020543028
ITA,SRB,0.26298404541422865,False,791.0895727243797
ITA,SVK,0.20793357725959943,False,747.2983176939155
ITA,SVN,0.3420974328993737,True,354.16006404405556
ITA,SWE,0.10530172395792657,False,1682.6005122905083
ITA,TUR,-0.19444667216149583,False,1591.0882085973806
ITA,USA|alabama,-0.025939494993408294,False,8033.031236416727
ITA,USA|arizona,-0.09466248384350202,False,9633.53434842381
ITA,USA|arkansas,-0.054612465186561744,False,8286.161881007865
ITA,USA|california,-0.030287607229279,False,9832.759475270394
ITA,USA|colorado,-0.0585218173582679,False,8702.506274049003
ITA,USA|connecticut,0.17966785867474225,False,6541.21909536534
ITA,USA|delaware,-0.014009608848774134,False,6826.896944646157
ITA,USA|florida,-0.04673672203480804,False,8082.130290588389
ITA,USA|georgia,-0.20721760310363443,False,7845.089647539526
ITA,USA|idaho,0.2409801900410967,False,8874.159996578319
ITA,USA|illinois,-0.12245793390832636,False,7505.834391874127
ITA,USA|indiana,-0.10898799993847463,False,7505.993933979006
ITA,USA|iowa,-0.02973915714907331,False,7857.385073807264
ITA,USA|kansas,-0.03741307067131132,False,8151.6308365997775
ITA,USA|kentucky,-0.1301450102324893,False,7633.347619104651
ITA,USA|louisiana,-0.1982186341876195,False,8517.850172023773
ITA,USA|maine,0.06728824344027563,False,6085.658833575497
ITA,USA|maryland,-0.021788824786411636,False,6947.579312990536
ITA,USA|massachusetts,-0.10238466097279812,False,6353.053952275186
ITA,USA|michigan,-0.08452712636130087,False,7198.191100421275
ITA,USA|minnesota,-0.0793629204060841,False,7613.977161198093
ITA,USA|mississippi,-0.11732882875824276,False,8295.51913458639
ITA,USA|missouri,-0.1196761951015231,False,8014.116220073247
ITA,USA|montana,0.11323080975894585,False,8433.937251094098
ITA,USA|nebraska,-0.06916174891425828,False,8076.6299890899445
ITA,USA|nevada,-0.05618761381691248,False,9537.699168857
ITA,USA|new hampshire,-0.07228133297046824,False,6331.721529689096
ITA,USA|new jersey,0.007669525921596363,False,6675.170618325496
ITA,USA|new mexico,-0.14466358075569435,False,9219.831426234041
ITA,USA|new york,-0.1010903187835127,False,6658.1193461359935
ITA,USA|north carolina,-0.07605905712292503,False,7434.631400887054
ITA,USA|north dakota,-0.050036197717325474,False,7794.053464729941
ITA,USA|ohio,0.00433494943394577,False,7300.630210490061
ITA,USA|oklahoma,-0.1473312419458148,False,8488.866542336906
ITA,USA|oregon,0.2097667990764305,False,9046.847119308644
ITA,USA|pennsylvania,-0.028089419307814594,False,6878.094454818512
ITA,USA|rhode island,0.11090976901951537,False,6402.163196876418
ITA,USA|south carolina,-0.08577759254416985,False,7588.307953601021
ITA,USA|south dakota,0.023864159889909965,False,7957.939062495219
ITA,USA|tennessee,-0.0027773512061616116,False,7893.376074260339
ITA,USA|texas,-0.15827830554672037,False,8907.686318505735
ITA,USA|utah,-0.18638527525710155,False,9015.705459499402
ITA,USA|vermont,0.07768685696097552,False,6356.9029119211655
ITA,USA|virginia,0.03421012220291009,False,7029.297202172702
ITA,USA|washington,-0.08305289254570798,False,8809.146198248261
ITA,USA|washington dc,0.1272854115496403,False,6976.899148596177
ITA,USA|west virginia,-0.19402847557484804,False,7194.413799274402
ITA,USA|wisconsin,-0.04291512187593479,False,7449.9177895042285
ITA,USA|wyoming,-0.14433451070757092,False,8564.721504574747
LTU,LUX,0.12307537388628781,False,1388.1954275717474
LTU,LVA,0.2076114980495786,False,239.17779926988544
LTU,MDA,-0.08859952497983378,False,921.0337614251636
LTU,MKD,0.10275622063703062,False,1449.6364880886338
LTU,MLT,-0.22332090392727266,False,2252.0130666027303
LTU,NLD,0.19699313094388082,False,1321.0049757366723
LTU,NOR,0.2103517827650967,False,1045.3275385080103
LTU,POL,0.34624957535092366,False,450.48978075903324
LTU,PRT,0.1374787329833007,False,3028.146760395785
LTU,ROU,0.14575743291577625,False,1129.9510795628473
LTU,SRB,0.26757994190263873,False,1187.667945457701
LTU,SVK,0.2606167473053949,False,848.7462028640795
LTU,SVN,-0.02905249073723353,False,1223.8761904915912
LTU,SWE,0.2148657223007243,False,673.2052198605817
LTU,TUR,-0.04429169276037781,False,1609.2136480928111
LTU,USA|alabama,0.03344828709446084,False,8235.51729107709
LTU,USA|arizona,0.0007203948253877506,False,9365.793781203873
LTU,USA|arkansas,-0.02654477255700065,False,8365.134938182373
LTU,USA|california,-0.059036840511036505,False,9367.445778545878
LTU,USA|colorado,-0.024845545300704885,False,8473.356024645742
LTU,USA|connecticut,0.04124664184103497,False,6802.812807845294
LTU,USA|delaware,-0.15496241874002245,False,7087.5749513594865
LTU,USA|florida,0.04033241881150702,False,8498.632780798633
LTU,USA|georgia,0.04462894400328149,False,8081.928349153591
LTU,USA|idaho,-0.007937264959541269,False,8389.29153982824
LTU,USA|illinois,-0.09935956791233652,False,7523.921229458509
LTU,USA|indiana,-0.05944064926966193,False,7577.423292923381
LTU,USA|iowa,0.0036310483575597834,False,7788.970576393908
LTU,USA|kansas,-0.018239234009593,False,8109.943381314683
LTU,USA|kentucky,0.016811366239093514,False,7756.506108456398
LTU,USA|louisiana,0.08033532967597569,False,8667.704379986608
LTU,USA|maine,-0.047429761553107415,False,6323.103702818211
LTU,USA|maryland,-0.09947586483482064,False,7198.460020483932
LTU,USA|massachusetts,-0.16216959746396895,False,6619.405277949012
LTU,USA|michigan,-0.08410851871657163,False,7266.08169787166
LTU,USA|minnesota,-0.053680721136628924,False,7482.201896305601
LTU,USA|mississippi,-0.08552023413672609,False,8450.830454907782
LTU,USA|missouri,0.04143400910503717,False,8012.377793604405
LTU,USA|montana,0.05651707385721388,False,8005.677018934932
LTU,USA|nebraska,0.06200241203438159,False,7970.815922990681
LTU,USA|nevada,-0.13363808581453124,False,9135.711724623916
LTU,USA|new hampshire,0.002800817549825918,False,6576.4538584942675
LTU,USA|new jersey,-0.167977982648037,False,6935.22214676137
LTU,USA|new mexico,-0.07544439799150461,False,9039.604409134245
LTU,USA|new york,-0.06936465332164027,False,6891.015916622627
LTU,USA|north carolina,0.0218864347174978,False,7703.513387080279
LTU,USA|north dakota,-0.10492566784122932,False,7549.396685337142
LTU,USA|ohio,0.1159674145370828,False,7431.982645441707
LTU,USA|oklahoma,-0.08549439037617408,False,8469.863566405325
LTU,USA|oregon,-0.06611803090229187,False,8445.026144094953
LTU,USA|pennsylvania,-0.01787419089179562,False,7099.735626402272
LTU,USA|rhode island,0.06204763861534764,False,6678.466101996451
LTU,USA|south carolina,-0.02893855087813215,False,7874.398704805364
LTU,USA|south dakota,-0.03280865402079818,False,7786.4987779698195
LTU,USA|tennessee,-0.04466447917404053,False,8040.638159634711
LTU,USA|texas,0.021337254805767227,False,8945.666924049043
LTU,USA|utah,-0.009420050721213814,False,8650.428570289681
LTU,USA|vermont,-0.14797491198076818,False,6545.587176688788
LTU,USA|virginia,0.02264236471364459,False,7281.027499608185
LTU,USA|washington,-0.05436558079125763,False,8198.62965461109
LTU,USA|washington dc,-0.13267787661580493,False,7231.253850088853
LTU,USA|west virginia,-0.0021224188353352116,False,7393.8735045820185
LTU,USA|wisconsin,0.015470721160457118,False,7436.876558867125
LTU,USA|wyoming,-0.003482446734385628,False,8307.63889110086
LUX,LVA,0.14107022857368504,False,1445.5541741131992
LUX,MDA,0.10251922813998156,False,1697.676891159177
LUX,MKD,0.13461719786824092,False,1453.535832837864
LUX,MLT,-0.17158430830587618,False,1669.664894931215
LUX,NLD,0.18664433100100342,False,288.8449838300918
LUX,NOR,0.3037777089276043,False,1215.4327623770848
LUX,POL,0.2655161971606914,False,994.7656318706128
LUX,PRT,0.06952094945161785,False,1644.124572456952
LUX,ROU,0.16958075466496703,False,1550.6056972213398
LUX,SRB,0.3777907461682008,False,1239.053298594436
LUX,SVK,0.37362582972574754,False,895.373137152875
LUX,SVN,0.01558885728350256,False,728.6538857793415
LUX,SWE,0.4141950951277301,False,1215.7582423849894
LUX,TUR,-0.21556464333090808,False,2079.1227839100234
LUX,USA|alabama,0.000777271542160236,False,7436.573497760961
LUX,USA|arizona,-0.007529232769841324,False,8953.101093405294
LUX,USA|arkansas,0.06574968069285562,False,7661.545069556312
LUX,USA|california,0.01792406905656255,False,9131.77796297558
LUX,USA|colorado,0.13237028010162574,False,8024.061263510425
LUX,USA|connecticut,0.11670310793254049,False,5950.162441527494
LUX,USA|delaware,0.0011705896719280662,False,6237.736206338814
LUX,USA|florida,0.02823462288690496,False,7547.833859476239
LUX,USA|georgia,-0.054418372668591945,False,7256.4531369136575
LUX,USA|idaho,-0.058960260595672845,False,8170.024341322966
LUX,USA|illinois,0.03332902913913591,False,6863.908783932858
LUX,USA|indiana,-0.03910705975977284,False,6875.242971058015
LUX,USA|iowa,0.08200683005659261,False,7200.8553306857775
LUX,USA|kansas,0.04426701903363176,False,7501.478341685102
LUX,USA|kentucky,0.019768918379521185,False,7015.000875460592
LUX,USA|louisiana,0.03520197261422081,False,7911.094765534556
LUX,USA|maine,-0.12315539820420798,False,5484.555564670926
LUX,USA|maryland,0.03245811042322143,False,6356.65258983002
LUX,USA|massachusetts,0.0363819270035243,False,5761.812247155908
LUX,USA|michigan,0.16058617355377985,False,6564.8180767446665
LUX,USA|minnesota,0.1389911352860509,False,6945.554036979029
LUX,USA|mississippi,0.09831080300720671,False,7688.803636149126
LUX,USA|missouri,0.07212705322551974,False,7370.993029504268
LUX,USA|montana,0.1188008046246356,False,7732.986021411487
LUX,USA|nebraska,0.029077447450693166,False,7414.62780386028
LUX,USA|nevada,0.05530802081925728,False,8841.554466384094
LUX,USA|new hampshire,-0.02380511156832916,False,5734.5248961110665
LUX,USA|new jersey,0.04963300208975001,False,6084.714942206322
LUX,USA|new mexico,-0.03343204103026557,False,8550.592156948553
LUX,USA|new york,0.032430016271095145,False,6060.315730499556
LUX,USA|north carolina,0.04492254924991147,False,6851.981605622958
LUX,USA|north dakota,0.10367678606332498,False,7110.1725895239115
LUX,USA|ohio,0.09641913009737096,False,6682.121398011314
LUX,USA|oklahoma,0.1213948313376282,False,7844.770835817486
LUX,USA|oregon,0.037168563263059964,False,8337.52937164243
LUX,USA|pennsylvania,-0.005534547968875898,False,6278.963386738765
LUX,USA|rhode island,0.18433509681785645,False,5814.02602089081
LUX,USA|south carolina,-0.03524879620109793,False,7011.473604700944
LUX,USA|south dakota,0.038254870478609204,False,7284.901527189655
LUX,USA|tennessee,0.029929636731856796,False,7282.314185357932
LUX,USA|texas,0.028243987604280384,False,8277.443454230244
LUX,USA|utah,-0.039050871455520296,False,8321.843666185634
LUX,USA|vermont,-0.14129485576040532,False,5745.587783872596
LUX,USA|virginia,0.013691216802870665,False,6439.18061394473
LUX,USA|washington,-0.0668453526257803,False,8099.458701640678
LUX,USA|washington dc,-0.07927809861484186,False,6387.11590263124
LUX,USA|west virginia,0.05159022802121374,False,6591.7938347089375
LUX,USA|wisconsin,0.09552011722933021,False,6801.543987959031
LUX,USA|wyoming,0.030575802230761093,False,7882.021805602474
LVA,MDA,-0.07123936642616824,False,1156.1177612925949
LVA,MKD,-0.06453018373871527,False,1677.7937355716708
LVA,MLT,-0.12694653210324228,False,2456.78605207732
LVA,NLD,0.3150824542337438,False,1330.6598412584565
LVA,NOR,0.4314241654338729,False,878.8781380937729
LVA,POL,0.39071470020029475,False,615.6570620448766
LVA,PRT,0.19817113761205196,False,3088.212949807397
LVA,ROU,0.39135227105414694,False,1368.314007683575
LVA,SRB,0.3710644946929842,False,1410.0538033553346
LVA,SVK,0.3675670980007118,False,1038.395479485058
LVA,SVN,-0.018700720475558482,False,1392.446645607919
LVA,SWE,0.43083217095507526,False,506.0931085970932
LVA,TUR,0.08069214505654711,False,1846.72248119706
LVA,USA|alabama,0.12731256358681742,False,8070.16421206198
LVA,USA|arizona,0.1146606638658551,False,9153.237032939893
LVA,USA|arkansas,0.055769006215195344,False,8185.9701637558765
LVA,USA|california,0.059652965232033325,False,9142.293739832689
LVA,USA|colorado,0.17556849625532198,False,8265.865843613828
LVA,USA|connecticut,0.09066334565467753,False,6650.886229093732
LVA,USA|delaware,0.17304585842212653,False,6934.089120201887
LVA,USA|florida,0.0805953754789704,False,8358.022213159946
LVA,USA|georgia,0.1416806312454523,False,7921.127948398452
LVA,USA|idaho,0.14275484914628872,False,8164.644486557116
LVA,USA|illinois,0.14854207711656062,False,7341.697590610053
LVA,USA|indiana,0.023645697336729627,False,7400.472406611969
LVA,USA|iowa,0.1352256462016875,False,7597.369253325119
LVA,USA|kansas,0.16956513435304998,False,7919.763395984906
LVA,USA|kentucky,0.03069424422359924,False,7584.333635469037
LVA,USA|louisiana,0.11549616667761677,False,8494.889453053158
LVA,USA|maine,-0.01336159322902239,False,6170.892534320841
LVA,USA|maryland,0.04473327216486081,False,7043.26153721874
LVA,USA|massachusetts,-0.007706626321616246,False,6469.036100977976
LVA,USA|michigan,-0.04579781242695096,False,7090.04010978104
LVA,USA|minnesota,0.16098106878510485,False,7285.839925601115
LVA,USA|mississippi,-0.033810443899899484,False,8279.417914534682
LVA,USA|missouri,0.10739275716740329,False,7826.3760875108055
LVA,USA|montana,0.13182879500174527,False,7785.132959032162
LVA,USA|nebraska,0.11453808044173563,False,7775.178868224883
LVA,USA|nevada,0.060004586106481295,False,8914.642583750878
LVA,USA|new hampshire,0.0720532463455925,False,6423.702525743546
LVA,USA|new jersey,0.06278206842666195,False,6782.425793030698
LVA,USA|new mexico,0.12047047299320163,False,8834.530216935753
LVA,USA|new york,0.06509502408702145,False,6735.1997564332805
LVA,USA|north carolina,0.12222857736544143,False,7548.112001028969
LVA,USA|north dakota,0.04980112898832634,False,7343.205143526316
LVA,USA|ohio,0.09944096399754809,False,7262.056508382688
LVA,USA|oklahoma,0.08708261931855611,False,8280.636063419686
LVA,USA|oregon,0.14291936900497537,False,8214.34894842023
LVA,USA|pennsylvania,0.05460123780647826,False,6941.561037803583
LVA,USA|rhode island,0.056069013016329834,False,6528.989880229605
LVA,USA|south carolina,-0.013371270867768664,False,7720.294176791861
LVA,USA|south dakota,0.07887598166171571,False,7585.680909730158
LVA,USA|tennessee,0.036139528958169444,False,7869.941261749608
LVA,USA|texas,0.08038891918571654,False,8760.374277136207
LVA,USA|utah,0.16027137527704477,False,8432.65411290725
LVA,USA|vermont,-0.07606624054571413,False,6386.366504152765
LVA,USA|virginia,0.010993797615767336,False,7125.5347044912005
LVA,USA|washington,0.035994364376975334,False,7967.869850439722
LVA,USA|washington dc,-0.09597376238678426,False,7076.311283419662
LVA,USA|west virginia,0.14144514203595962,False,7231.75295230676
LVA,USA|wisconsin,0.09043753408393113,False,7251.87870991286
LVA,USA|wyoming,0.10584433496799943,False,8098.4071795694
MDA,MKD,-0.01617498659041906,False,806.1207834918074
MDA,MLT,0.3641138834647036,False,1715.424481655089
MDA,NLD,0.08421503895709563,False,1788.5774110322502
MDA,NOR,0.11133081690580589,False,1902.9809576500097
MDA,POL,-0.030776415121265038,False,862.8186234910157
MDA,PRT,-0.002880442376570327,False,3145.0224936902932
MDA,ROU,-0.32408766792174826,False,367.27213341941166
MDA,SRB,-0.09101298902788169,False,688.8351389974938
MDA,SVK,-0.0492265394277748,False,805.1325059255017
MDA,SVN,-0.008039169970159748,False,1114.0408098778823
MDA,SWE,-0.06972912598442563,False,1554.2575009534428
MDA,TUR,0.06942071360498175,False,695.1542638145073
MDA,USA|alabama,-0.0015157361049122655,False,9002.858343899485
MDA,USA|arizona,-0.12421457379756012,False,10254.281034397998
MDA,USA|arkansas,-0.2751818898468218,False,9171.043126171378
MDA,USA|california,0.04577523036835041,False,10280.065716891217
MDA,USA|colorado,-0.011292233981596378,False,9351.539830086696
MDA,USA|connecticut,0.049564570630631084,False,7538.912312594256
MDA,USA|delaware,0.3424047860996808,False,7826.458518586488
MDA,USA|florida,0.026146447809736576,False,9190.367121447769
MDA,USA|georgia,-0.11443807592087603,False,8836.765258430743
MDA,USA|idaho,-0.08958000380031489,False,9301.46129411208
MDA,USA|illinois,-0.1651394486301913,False,8341.016457894466
MDA,USA|indiana,-0.22266163381161178,False,8380.110872645579
MDA,USA|iowa,-0.20439701374741898,False,8629.764541878765
MDA,USA|kansas,-0.1936352874025419,False,8946.218111650982
MDA,USA|kentucky,-0.004244061093754343,False,8545.295970997759
MDA,USA|louisiana,-0.07843934342920973,False,9454.665187001596
MDA,USA|maine,-0.12626081753919172,False,7063.108713332845
MDA,USA|maryland,0.1508157424387704,False,7941.663399686985
MDA,USA|massachusetts,-0.021144518663526103,False,7352.179938924595
MDA,USA|michigan,0.04638152481031532,False,8067.509949735884
MDA,USA|minnesota,-0.05373284491913981,False,8335.693460077056
MDA,USA|mississippi,0.02788954433038568,False,9234.65120679419
MDA,USA|missouri,-0.05524858102405208,False,8837.94964261038
MDA,USA|montana,0.07063330248891157,False,8911.230458741564
MDA,USA|nebraska,-0.14020558970438454,False,8821.38062743865
MDA,USA|nevada,0.07533208441413958,False,10041.579556948976
MDA,USA|new hampshire,-0.3129237188591372,False,7316.3520118938895
MDA,USA|new jersey,0.08200132327575355,False,7673.020951290168
MDA,USA|new mexico,-0.14043295012012139,False,9911.290334188525
MDA,USA|new york,0.042213250521806585,False,7637.774338377277
MDA,USA|north carolina,-0.09071680587899908,False,8444.500892289596
MDA,USA|north dakota,-0.19219533810287526,False,8425.995596429673
MDA,USA|ohio,-0.16597310348789304,False,8215.891479939959
MDA,USA|oklahoma,-0.1061773141491042,False,9302.66945482453
MDA,USA|oregon,-0.19613625197564716,False,9364.5320914763
MDA,USA|pennsylvania,-0.15339249381712125,False,7852.064982037935
MDA,USA|rhode island,0.10390370999173579,False,7408.273059774072
MDA,USA|south carolina,0.007957614550789393,False,8610.636618790606
MDA,USA|south dakota,-0.08321391215968336,False,8650.159564601641
MDA,USA|tennessee,-0.15672711324792823,False,8824.10561478906
MDA,USA|texas,-0.24130518790203268,False,9766.548154057347
MDA,USA|utah,-0.14369178274568276,False,9550.40260127742
MDA,USA|vermont,0.12474508143427944,False,7304.023835964702
MDA,USA|virginia,-0.18514716521503322,False,8024.615974456608
MDA,USA|washington,0.021902386715982235,False,9118.221915633581
MDA,USA|washington dc,-0.09174685543929045,False,7973.528505155499
MDA,USA|west virginia,-0.07336162747775364,False,8155.9346110181195
MDA,USA|wisconsin,-0.14028137650963016,False,8261.591466624599
MDA,USA|wyoming,-0.07813619620822727,False,9189.987784473899
MKD,MLT,0.08576902579998008,False,909.3068418580847
MKD,NLD,-0.06526260739735602,False,1662.0393892466107
MKD,NOR,0.06357997210826075,False,2168.7443573314913
MKD,POL,-0.05649139610866007,False,1126.7626011341652
MKD,PRT,0.048955036597583095,False,2567.0355026956745
MKD,ROU,-0.24734289883012367,False,439.1308313735126
MKD,SRB,-0.022918395430190776,False,283.8090561095258
MKD,SVK,-0.0074312177423455006,False,749.1491695048304
MKD,SVN,-0.10843658557915557,False,724.887893728394
MKD,SWE,0.09161519194882807,False,1903.0136413894604
MKD,TUR,-0.0016236950058424833,False,700.5368482925762
MKD,USA|alabama,-0.07368177688050179,False,8885.189092179837
MKD,USA|arizona,-0.2528831354664135,False,10376.236935330595
MKD,USA|arkansas,-0.19497843360360048,False,9115.062311671654
MKD,USA|california,-0.28241257717652035,False,10504.886175886933
MKD,USA|colorado,-0.23759512043067418,False,9451.55228465518
MKD,USA|connecticut,-0.2867260862173144,False,7396.193026297871
MKD,USA|delaware,-0.12520913657869417,False,7683.254404206226
MKD,USA|florida,-0.1581522169628081,False,8964.898715263389
MKD,USA|georgia,-0.029343598916966064,False,8702.358572070802
MKD,USA|idaho,-0.21222268856713752,False,9531.936577836064
MKD,USA|illinois,-0.02636033302707451,False,8316.051975586623
MKD,USA|indiana,-0.055987586733571244,False,8328.715953136876
MKD,USA|iowa,-0.17032002931371001,False,8647.80331318018
MKD,USA|kansas,-0.13004104920035459,False,8950.984969400432
MKD,USA|kentucky,-0.057718859069672244,False,8468.052391471138
MKD,USA|louisiana,-0.02569521145162328,False,9362.534986373414
MKD,USA|maine,-0.17343045079890843,False,6933.570474148244
MKD,USA|maryland,-0.13857025528555272,False,7802.88615185892
MKD,USA|massachusetts,-0.17578771991190467,False,7207.786519368046
MKD,USA|michigan,-0.13447193263681648,False,8018.177631654244
MKD,USA|minnesota,-0.13269175430252053,False,8385.039871780362
MKD,USA|mississippi,-0.11987838277544534,False,9140.167548110718
MKD,USA|missouri,-0.13838441249241193,False,8822.688979742868
MKD,USA|montana,-0.0007433711725631403,False,9111.085891382472
MKD,USA|nebraska,-0.06849774107183779,False,8858.265534982875
MKD,USA|nevada,-0.24049035552381487,False,10232.466440145781
MKD,USA|new hampshire,-0.026761362212273047,False,7182.502845950278
MKD,USA|new jersey,-0.15793703057075031,False,7530.613313088035
MKD,USA|new mexico,-0.1643730599332049,False,9987.338000610775
MKD,USA|new york,-0.059704442596386936,False,7508.670422532669
MKD,USA|north carolina,-0.0676076519046898,False,8295.327939730389
MKD,USA|north dakota,-0.07859193909927409,False,8531.743628762615
MKD,USA|ohio,-0.04687150867003379,False,8135.131325088759
MKD,USA|oklahoma,-0.19947778543753528,False,9296.035240670531
MKD,USA|oregon,-0.3811733499313891,False,9655.49604236581
MKD,USA|pennsylvania,-0.1973748275151527,False,7727.8338024931645
MKD,USA|rhode island,0.08314019693140384,False,7258.880870449172
MKD,USA|south carolina,-0.13747476092598598,False,8452.415027223615
MKD,USA|south dakota,-0.20248061372670478,False,8719.72735919942
MKD,USA|tennessee,-0.1671411394310387,False,8734.400669311513
MKD,USA|texas,-0.12720450130504785,False,9730.829585256464
MKD,USA|utah,-0.1474124597591985,False,9720.543895161232
MKD,USA|vermont,-0.18301602644511733,False,7197.2273583639835
MKD,USA|virginia,-0.22800954478446528,False,7885.171222651427
MKD,USA|washington,-0.07673351116786625,False,9412.254037211122
MKD,USA|washington dc,-0.24713541237530048,False,7832.954355777579
MKD,USA|west virginia,-0.06115206014295727,False,8041.783240342444
MKD,USA|wisconsin,-0.16955709574186892,False,8252.049350434116
MKD,USA|wyoming,-0.06330392406353477,False,9303.830125784843
MLT,NLD,-0.20595394668653852,False,1950.8558410148742
MLT,NOR,-0.2765965419784432,False,2729.6394601165853
MLT,POL,-0.3210152287814669,False,1848.8573755715738
MLT,PRT,-0.22675205023572859,False,2095.0293061106577
MLT,ROU,-0.30996612155666664,False,1348.3207694449407
MLT,SRB,-0.3000661100656027,False,1094.0526268647775
MLT,SVK,-0.1432796196851123,False,1421.9320408937485
MLT,SVN,-0.19930092610536726,False,1129.7769278281876
MLT,SWE,-0.3349766792159077,False,2553.8530599648584
MLT,TUR,0.6405529707706945,False,1432.1010134495878
MLT,USA|alabama,-0.29918876369301184,False,8777.362092191683
MLT,USA|arizona,-0.1687425224441549,False,10510.21021838422
MLT,USA|arkansas,-0.34000826965322417,False,9072.592575984861
MLT,USA|california,-0.047433639515579565,False,10752.809138671477
MLT,USA|colorado,-0.3574916791189918,False,9578.226691396076
MLT,USA|connecticut,-0.36612140642148,False,7290.68554564526
MLT,USA|delaware,-0.09795785611007789,False,7570.865066329886
MLT,USA|florida,0.01543795507054116,False,8732.831340061752
MLT,USA|georgia,-0.2150265270076729,False,8579.094909093907
MLT,USA|idaho,-0.30747509354228686,False,9803.41832108674
MLT,USA|illinois,-0.2934256586086513,False,8324.58689446243
MLT,USA|indiana,-0.33067681712025687,False,8307.139139377405
MLT,USA|iowa,-0.2472461663135025,False,8698.032581851427
MLT,USA|kansas,-0.24845552256177508,False,8980.26325177012
MLT,USA|kentucky,-0.3504445661660949,False,8414.369690819542
MLT,USA|louisiana,-0.23043462143010857,False,9274.40911921894
MLT,USA|maine,-0.043790640446709106,False,6853.965959852159
MLT,USA|maryland,0.09854013874813505,False,7692.992875815032
MLT,USA|massachusetts,-0.12732580352183268,False,7104.648566363009
MLT,USA|michigan,-0.35141503722952344,False,8005.405475101139
MLT,USA|minnesota,-0.45367282666679276,False,8475.704092936407
MLT,USA|mississippi,-0.15844059884775896,False,9053.664531811075
MLT,USA|missouri,-0.4557481417101246,False,8831.937926338276
MLT,USA|montana,-0.2413636186367199,False,9355.871421661099
MLT,USA|nebraska,-0.3981320211905711,False,8925.499751846792
MLT,USA|nevada,-0.11578466302905868,False,10446.93168299776
MLT,USA|new hampshire,-0.17274384929029132,False,7092.050553471549
MLT,USA|new jersey,-0.268880205865934,False,7422.470346679344
MLT,USA|new mexico,-0.2527554558889664,False,10076.891867076394
MLT,USA|new york,-0.2584289790290106,False,7416.245870013401
MLT,USA|north carolina,-0.36186626406644684,False,8163.339886519786
MLT,USA|north dakota,-0.28909586463335446,False,8682.544484488384
MLT,USA|ohio,-0.5087955830695374,False,8084.302422619858
MLT,USA|oklahoma,-0.33545452081713617,False,9305.724720101414
MLT,USA|oregon,-0.465139315539303,False,9992.58465585484
MLT,USA|pennsylvania,-0.36464330434025793,False,7636.177182974823
MLT,USA|rhode island,-0.027098538155737144,False,7148.826265308143
MLT,USA|south carolina,-0.18879394764699514,False,8306.952861779759
MLT,USA|south dakota,-0.16036661065056343,False,8826.364620285489
MLT,USA|tennessee,-0.32997509188977775,False,8661.256575081376
MLT,USA|texas,-0.2860052875544356,False,9699.333397540313
MLT,USA|utah,-0.3775878952939903,False,9920.968748347923
MLT,USA|vermont,0.0425364932262783,False,7137.381953880406
MLT,USA|virginia,-0.47079790835529434,False,7772.766980819409
MLT,USA|washington,-0.25302420172191586,False,9756.809418994477
MLT,USA|washington dc,-0.11263686679649572,False,7720.36544532544
MLT,USA|west virginia,-0.24097543021134848,False,7954.947612879679
MLT,USA|wisconsin,-0.37911078834737055,False,8279.28797086153
MLT,USA|wyoming,-0.29777038290800084,False,9448.824744797646
NLD,NOR,0.6011703211951076,False,957.9389184931833
NLD,POL,0.7213873952452104,False,993.8413580572483
NLD,PRT,0.38700933485406874,False,1785.983982353557
NLD,ROU,0.4931555667416153,False,1696.4708545088845
NLD,SRB,0.5410729061783262,False,1422.3521650192206
NLD,SVK,0.4504159098932581,False,1017.9296390991867
NLD,SVN,0.15849681862272172,False,948.3034131880751
NLD,SWE,0.5631003317131046,False,1017.5910167547203
NLD,TUR,-0.1673672548491802,False,2244.853575647052
NLD,USA|alabama,0.059074968572435736,False,7262.272366528874
NLD,USA|arizona,0.13627971897325913,False,8718.8444908242
NLD,USA|arkansas,-0.0802747525887681,False,7469.073107983076
NLD,USA|california,0.1429066669734969,False,8877.533869238705
NLD,USA|colorado,0.006136779583675157,False,7792.250955185236
NLD,USA|connecticut,0.12823386239876122,False,5782.739585565987
NLD,USA|delaware,0.14841138728318345,False,6070.704564160407
NLD,USA|florida,0.1471569431118489,False,7409.295891731899
NLD,USA|georgia,-0.02250260007088032,False,7087.291035710635
NLD,USA|idaho,0.04367981054171309,False,7912.09385444122
NLD,USA|illinois,-0.008345762250421076,False,6661.102571571256
NLD,USA|indiana,-0.02916502078547458,False,6680.080955758159
NLD,USA|iowa,-0.030167931164099365,False,6987.064648663599
NLD,USA|kansas,-0.007052620572515802,False,7291.897771565445
NLD,USA|kentucky,-0.060890526589045896,False,6827.769577823582
NLD,USA|louisiana,-0.02089342875598074,False,7729.529412912541
NLD,USA|maine,-0.18892767666273924,False,5312.124935649991
NLD,USA|maryland,-0.023827989670927873,False,6188.2210936853
NLD,USA|massachusetts,-0.056898233827832094,False,5594.81470405765
NLD,USA|michigan,-0.05580180447499471,False,6368.451996278725
NLD,USA|minnesota,-0.010867549761947074,False,6723.013360359114
NLD,USA|mississippi,-0.010828852255376342,False,7507.675803302219
NLD,USA|missouri,-0.06045840443233939,False,7166.548440621634
NLD,USA|montana,0.2321463419178178,False,7479.422371390407
NLD,USA|nebraska,0.06506663250647066,False,7196.475241259227
NLD,USA|nevada,0.07358975832867425,False,8592.855012794178
NLD,USA|new hampshire,-0.03546303997986111,False,5563.855023234458
NLD,USA|new jersey,0.1011617317603204,False,5917.293539591968
NLD,USA|new mexico,-0.002347648731957706,False,8325.666730329682
NLD,USA|new york,0.06280282837208287,False,5888.365152992365
NLD,USA|north carolina,0.041773958343104566,False,6687.36375939325
NLD,USA|north dakota,-0.06580188513131455,False,6874.485330008148
NLD,USA|ohio,0.02037746200170432,False,6495.447627426624
NLD,USA|oklahoma,0.022825079292303083,False,7638.96075670663
NLD,USA|oregon,0.03305412019583309,False,8070.0623431712565
NLD,USA|pennsylvania,-0.008532800198846278,False,6105.615460723385
NLD,USA|rhode island,0.2510855465919766,False,5648.8110026428585
NLD,USA|south carolina,-0.07685002325725837,False,6849.947740353878
NLD,USA|south dakota,-0.00545634842647313,False,7058.2704569478565
NLD,USA|tennessee,-0.01062891513809423,False,7099.233314519911
NLD,USA|texas,0.017497722554399055,False,8080.316169190577
NLD,USA|utah,-0.013189400156190958,False,8075.793357885432
NLD,USA|vermont,-0.20028539484124894,False,5565.793016517411
NLD,USA|virginia,0.02632075405252582,False,6271.038555788791
NLD,USA|washington,-0.1900466795610762,False,7830.892568962422
NLD,USA|washington dc,0.08654914400165861,False,6219.311500363252
NLD,USA|west virginia,-0.1047477007025415,False,6415.500931714624
NLD,USA|wisconsin,-0.030348519528096113,False,6594.272268108899
NLD,USA|wyoming,-0.017323583774830766,False,7646.703622001559
NOR,POL,0.6580649324851872,False,1081.9732711417291
NOR,PRT,0.39960463301364624,False,2679.344171572585
NOR,ROU,0.41832629552151884,False,1999.4757013018152
NOR,SRB,0.6150810455783604,False,1885.9935303447428
NOR,SVK,0.456829429851948,False,1420.0825018665053
NOR,SVN,0.17445028600004472,False,1605.3048342931365
NOR,SWE,0.7233803444138598,False,374.9462697940198
NOR,TUR,-0.23108203100101585,False,2543.917070174484
NOR,USA|alabama,0.1942359628890056,False,7194.426468536793
NOR,USA|arizona,0.23025514949928522,False,8351.348221164346
NOR,USA|arkansas,0.11176589148722396,False,7319.819969163942
NOR,USA|california,0.21531218524216475,False,8395.567669361728
NOR,USA|colorado,0.08755209808914072,False,7449.436018455782
NOR,USA|connecticut,0.1565947842585854,False,5772.013049291512
NOR,USA|delaware,0.21929138634127712,False,6055.286340733785
NOR,USA|florida,0.24037083333065917,False,7480.396047727109
NOR,USA|georgia,0.13855294459121614,False,7043.702415990294
NOR,USA|idaho,-0.01307267524781321,False,7417.303392805485
NOR,USA|illinois,0.08154782544201981,False,6478.747242546105
NOR,USA|indiana,0.03309766619229274,False,6532.256007320431
NOR,USA|iowa,0.008045467376244194,False,6747.094034613336
NOR,USA|kansas,0.14540852120119416,False,7067.183766810952
NOR,USA|kentucky,0.08965456090649992,False,6712.384168494404
NOR,USA|louisiana,0.14707243349223303,False,7623.459281906652
NOR,USA|maine,-0.1536281189334773,False,5292.019540836356
NOR,USA|maryland,0.05352573666464023,False,6164.620021865786
NOR,USA|massachusetts,0.015807166764869353,False,5590.174317798875
NOR,USA|michigan,0.013662783676611882,False,6221.023027141008
NOR,USA|minnesota,0.05996211056563557,False,6444.086116233665
NOR,USA|mississippi,0.041568785549965494,False,7407.015773097472
NOR,USA|missouri,0.1364408078651881,False,6967.943602680918
NOR,USA|montana,-0.003305252128517154,False,7017.178702688688
NOR,USA|nebraska,0.0733540247995202,False,6931.831839794608
NOR,USA|nevada,0.19565480282710077,False,8146.9445328458805
NOR,USA|new hampshire,0.0399629167109396,False,5544.8482401623105
NOR,USA|new jersey,0.15657866107747065,False,5903.5810826900115
NOR,USA|new mexico,0.00010318835913419407,False,8011.168452270108
NOR,USA|new york,0.128276028948695,False,5856.6179543805365
NOR,USA|north carolina,0.12787294942082705,False,6669.521885549382
NOR,USA|north dakota,0.0037438026548374777,False,6524.079780788405
NOR,USA|ohio,0.12753758725364095,False,6388.624874283
NOR,USA|oklahoma,0.16566246131750267,False,7426.56693848178
NOR,USA|oregon,-0.04885646341381795,False,7508.769111434181
NOR,USA|pennsylvania,0.0689201499929728,False,6063.393259690446
NOR,USA|rhode island,0.2642524891977793,False,5650.164502701621
NOR,USA|south carolina,0.06935547588307019,False,6841.568693315036
NOR,USA|south dakota,-0.02248861301880842,False,6753.031688806187
NOR,USA|tennessee,0.10491031487724593,False,6997.043515574864
NOR,USA|texas,0.189927848895153,False,7900.948455838536
NOR,USA|utah,0.16805191675870387,False,7651.166333161346
NOR,USA|vermont,-0.37271957782893195,False,5508.379818288598
NOR,USA|virginia,0.07159014878557007,False,6246.933530879563
NOR,USA|washington,-0.1933040430205749,False,7263.836668776125
NOR,USA|washington dc,-0.007964902836759782,False,6197.642357689598
NOR,USA|west virginia,0.0877294530814026,False,6354.676250679826
NOR,USA|wisconsin,0.11131444241601185,False,6392.230612863951
NOR,USA|wyoming,-0.04043371359948936,False,7287.197623125171
POL,PRT,0.5099795861134675,False,2612.097711093438
POL,ROU,0.6258207667300437,False,917.5069144128402
POL,SRB,0.7262199788330969,False,845.1488217230041
POL,SVK,0.6122532482833455,False,426.9253359564027
POL,SVN,0.1721477796494345,False,779.456883350548
POL,SWE,0.7232840803104089,False,780.5030325100652
POL,TUR,-0.2302778701658507,False,1465.4620212198529
POL,USA|alabama,0.14747633082809028,False,8142.2093610885995
POL,USA|arizona,0.20832365959277302,False,9416.539908157767
POL,USA|arkansas,0.0716533809503021,False,8308.25930596773
POL,USA|california,0.19738861842254465,False,9476.529090196134
POL,USA|colorado,0.14212328796681659,False,8507.175558436995
POL,USA|connecticut,0.21949410565991284,False,6682.381796470717
POL,USA|delaware,0.1387889227146738,False,6969.604617648944
POL,USA|florida,0.18797242254608731,False,8346.069767695495
POL,USA|georgia,0.03946095511650976,False,7977.767925672101
POL,USA|idaho,0.10000193504274611,False,8498.495254104228
POL,USA|illinois,0.06809006025047835,False,7478.879237063901
POL,USA|indiana,-0.03655870296280716,False,7517.310792097741
POL,USA|iowa,0.01621391536535189,False,7771.017680240737
POL,USA|kansas,0.08596148406805594,False,8086.398176587393
POL,USA|kentucky,0.01225717826247067,False,7682.736864339738
POL,USA|louisiana,0.017842401296040575,False,8592.336895913111
POL,USA|maine,-0.1423554681391128,False,6205.530109143271
POL,USA|maryland,-0.029454634635466218,False,7084.103301789313
POL,USA|massachusetts,-0.14876299594956513,False,6496.150234122314
POL,USA|michigan,-0.009335577761076713,False,7204.705663000966
POL,USA|minnesota,0.0689704100704348,False,7480.6347536881985
POL,USA|mississippi,0.002815184589091528,False,8372.488633368039
POL,USA|missouri,0.032024740153800635,False,7976.535308208133
POL,USA|montana,0.17963005996649992,False,8095.598229441915
POL,USA|nebraska,0.1374538867239706,False,7965.063098755638
POL,USA|nevada,0.13418724068874757,False,9224.68578888393
POL,USA|new hampshire,0.0411990816841161,False,6458.9693204133955
POL,USA|new jersey,0.17307741954836248,False,6816.265139246654
POL,USA|new mexico,0.10741235220853342,False,9062.630805687748
POL,USA|new york,0.06500077406909269,False,6779.427044069638
POL,USA|north carolina,0.0840814696173797,False,7587.650304670745
POL,USA|north dakota,-0.08016020448526597,False,7581.614265810771
POL,USA|ohio,0.11692851454806277,False,7353.5336909721045
POL,USA|oklahoma,0.10195611815957253,False,8442.110365666435
POL,USA|oregon,0.11112401024065754,False,8589.629868002887
POL,USA|pennsylvania,0.03417240674754057,False,6992.960134627352
POL,USA|rhode island,0.2302872589470713,False,6552.876404483094
POL,USA|south carolina,-0.019222583431356924,False,7754.805255755829
POL,USA|south dakota,-0.07825439223766792,False,7798.747902958025
POL,USA|tennessee,0.028658127655505617,False,7961.888160782022
POL,USA|texas,0.11374893607745079,False,8904.429986322028
POL,USA|utah,0.11976627220946084,False,8725.60401136058
POL,USA|vermont,-0.1939542867073299,False,6443.78772846803
POL,USA|virginia,0.14134935405916255,False,7167.038873230341
POL,USA|washington,-0.1575052243814404,False,8344.463713047004
POL,USA|washington dc,0.08865631323343556,False,7116.152566056839
POL,USA|west virginia,-0.04282756761480478,False,7295.615002728138
POL,USA|wisconsin,0.07475879075476391,False,7400.250580057179
POL,USA|wyoming,0.044942986962392455,False,8348.629987359314
PRT,ROU,0.4159348545766809,False,2876.411310053505
PRT,SRB,0.48610596092458863,False,2503.7823877288747
PRT,SVK,0.43178205348298326,False,2382.392329209139
PRT,SVN,0.26754020634983966,False,2031.5307291366962
PRT,SWE,0.4628710560509878,False,2801.741995861342
PRT,TUR,-0.2261012336473884,False,3265.6620423255204
PRT,USA|alabama,0.0725371894227978,False,6766.911760084409
PRT,USA|arizona,0.114997275362603,False,8692.47684835384
PRT,USA|arkansas,-0.002782946317768049,False,7107.855644647473
PRT,USA|california,0.14847324955118948,False,9075.270368564705
PRT,USA|colorado,0.019209746483133568,False,7775.969520069328
PRT,USA|connecticut,0.1298665285158226,False,5303.50854669929
PRT,USA|delaware,0.055349351793940675,False,5573.583873221293
PRT,USA|florida,0.06018322958111831,False,6657.885544958512
PRT,USA|georgia,-0.18300048735459912,False,6560.557835773382
PRT,USA|idaho,0.14252683818390757,False,8194.296146020137
PRT,USA|illinois,0.013350402961251128,False,6421.3597429707725
PRT,USA|indiana,-0.10770937422916642,False,6374.660235740694
PRT,USA|iowa,-0.08533293796150418,False,6830.158899997796
PRT,USA|kansas,0.009903161230435317,False,7083.7987256959195
PRT,USA|kentucky,-0.08825454788490843,False,6450.971497378396
PRT,USA|louisiana,-0.04287285202169898,False,7271.6595670038205
PRT,USA|maine,-0.017239433389093846,False,4898.2065034329
PRT,USA|maryland,0.03143149218920646,False,5695.729750454765
PRT,USA|massachusetts,-0.05036068672605287,False,5122.834274800988
PRT,USA|michigan,-0.07709051526368828,False,6087.854441020669
PRT,USA|minnesota,0.025468957146850584,False,6660.340996388552
PRT,USA|mississippi,-0.09925734375538882,False,7054.846767363089
PRT,USA|missouri,-0.062266408400675856,False,6918.540345270795
PRT,USA|montana,0.15719938250122464,False,7722.178435208139
PRT,USA|nebraska,-0.008097309622150141,False,7070.857571157305
PRT,USA|nevada,0.060766906618796204,False,8732.513629755224
PRT,USA|new hampshire,0.06848047277418574,False,5121.338632219582
PRT,USA|new jersey,0.13985353285664257,False,5430.909299724582
PRT,USA|new mexico,-0.1644389126094393,False,8219.661684276027
PRT,USA|new york,0.005365959064618811,False,5437.607884126155
PRT,USA|north carolina,-0.023389003062307834,False,6143.876093351629
PRT,USA|north dakota,0.07832881350936954,False,6937.651018625845
PRT,USA|ohio,0.060302544776665724,False,6129.2824712896645
PRT,USA|oklahoma,-0.05298884576311077,False,7383.42029954722
PRT,USA|oregon,0.07276292087383346,False,8483.76639693833
PRT,USA|pennsylvania,0.06869008055014741,False,5654.284101056286
PRT,USA|rhode island,0.12194335458447138,False,5160.485502415851
PRT,USA|south carolina,-0.07569098026726727,False,6277.198978388371
PRT,USA|south dakota,-0.10782223995468423,False,7020.438960711591
PRT,USA|tennessee,0.04633299269257396,False,6677.94772668125
PRT,USA|texas,8.706784539946389e-05,False,7733.972403825228
PRT,USA|utah,0.05527518288860039,False,8203.810665051273
PRT,USA|vermont,-0.10813826398613414,False,5193.655180029625
PRT,USA|virginia,0.013395549251458258,False,5772.39685236194
PRT,USA|washington,-0.11016662231044017,False,8270.999748831486
PRT,USA|washington dc,0.1995946485699103,False,5720.638201969961
PRT,USA|west virginia,-0.06810962824748432,False,5971.6553298595245
PRT,USA|wisconsin,0.011499405062758821,False,6396.69468368836
PRT,USA|wyoming,-0.011454258772551691,False,7672.872862018592
ROU,SRB,0.6180600048829812,False,372.97685678828464
ROU,SVK,0.4987757898487046,False,679.8846369559553
ROU,SVN,0.33232957491526965,False,877.623690684588
ROU,SWE,0.5538379439295085,False,1684.9538992387236
ROU,TUR,-0.19048113471669006,False,560.2846123956989
ROU,USA|alabama,0.026885222750329816,False,8957.699259039688
ROU,USA|arizona,0.11545779418616509,False,10320.923530174403
ROU,USA|arkansas,0.11100110978638629,False,9154.432935928964
ROU,USA|california,0.1413981482468168,False,10393.359537587656
ROU,USA|colorado,0.12361978276492062,False,9406.44244330666
ROU,USA|connecticut,0.18216294383118997,False,7479.209476960514
ROU,USA|delaware,0.048539807225376555,False,7767.174987204427
ROU,USA|florida,0.04145812926451242,False,9096.178615076906
ROU,USA|georgia,-0.08915303684246349,False,8783.614141658605
ROU,USA|idaho,0.17357528062090707,False,9415.522011311645
ROU,USA|illinois,0.019552009779926795,False,8336.857409543643
ROU,USA|indiana,-0.027504385850733237,False,8363.964474998023
ROU,USA|iowa,0.03063889904652556,False,8645.843528756894
ROU,USA|kansas,0.09152004577838073,False,8956.89351945156
ROU,USA|kentucky,-0.08581213594653668,False,8517.687345487187
ROU,USA|louisiana,-0.053086786243964186,False,9422.091441431528
ROU,USA|maine,-0.042496517380814,False,7008.301617308478
ROU,USA|maryland,-0.03765285604328307,False,7884.653136223327
ROU,USA|massachusetts,-0.05222576255746568,False,7291.283844414582
ROU,USA|michigan,-0.020654894052520387,False,8051.633245960766
ROU,USA|minnesota,0.07149076444189298,False,8365.437691332507
ROU,USA|mississippi,-0.1349840055035751,False,9200.56341609392
ROU,USA|missouri,-0.04546011576243246,False,8839.261029423691
ROU,USA|montana,0.1706826280112098,False,9010.66670963252
ROU,USA|nebraska,0.08374180932956275,False,8846.453232911623
ROU,USA|nevada,0.10030119745753967,False,10139.07703047394
ROU,USA|new hampshire,-0.008132965308424108,False,7260.184476339564
ROU,USA|new jersey,0.09567359824358701,False,7613.762144589997
ROU,USA|new mexico,0.07375457952774297,False,9956.389296235599
ROU,USA|new york,0.021303080423255218,False,7584.511864625948
ROU,USA|north carolina,0.01703665968453789,False,8383.797740686989
ROU,USA|north dakota,-0.02306382549002745,False,8481.644754742982
ROU,USA|ohio,0.07103606654003419,False,8185.980310002311
ROU,USA|oklahoma,-0.03351220280933518,False,9308.864080618465
ROU,USA|oregon,0.17074389935968728,False,9506.085661705783
ROU,USA|pennsylvania,0.07035885689896797,False,7801.50465682132
ROU,USA|rhode island,0.13900856565619732,False,7345.2253027591705
ROU,USA|south carolina,-0.09653462193008552,False,8546.13219657108
ROU,USA|south dakota,-0.08683762483157985,False,8689.782154285273
ROU,USA|tennessee,0.032518962002438034,False,8791.375719103422
ROU,USA|texas,0.019300474770387904,False,9760.388114548296
ROU,USA|utah,0.07769206986937098,False,9637.56588204371
ROU,USA|vermont,-0.1389956664249389,False,7260.174212412896
ROU,USA|virginia,0.0659892423101834,False,7967.479460010768
ROU,USA|washington,-0.13857321660122615,False,9260.734272503783
ROU,USA|washington dc,0.04131972900165169,False,7915.7660398251855
ROU,USA|west virginia,-0.016810923137515813,False,8110.637835676228
ROU,USA|wisconsin,0.07465107610020211,False,8264.303805289574
ROU,USA|wyoming,0.10774405389363913,False,9250.86473997277
SRB,SVK,0.6450631909534822,False,468.0949947828536
SRB,SVN,0.30115062259447417,False,527.8965787910661
SRB,SWE,0.674438251824762,False,1619.6496484763834
SRB,TUR,-0.28026046533025045,False,843.0007298501986
SRB,USA|alabama,-0.0617513445480624,False,8673.93308083952
SRB,USA|arizona,0.10444470126154799,False,10119.897526675702
SRB,USA|arkansas,-0.02336938592633274,False,8890.079260485521
SRB,USA|california,0.1645259202934352,False,10234.921548379674
SRB,USA|colorado,0.14259779083106106,False,9197.681845995514
SRB,USA|connecticut,0.2309288736865485,False,7188.704547306186
SRB,USA|delaware,0.10508800886777843,False,7476.36606505591
SRB,USA|florida,0.041641796203301225,False,8781.85102088977
SRB,USA|georgia,-0.05028314933699282,False,8494.890488559282
SRB,USA|idaho,0.1682620529296197,False,9260.638427375421
SRB,USA|illinois,0.007775362125304461,False,8083.452887191044
SRB,USA|indiana,-0.07860724096131193,False,8101.6459458952
SRB,USA|iowa,0.12287175279001418,False,8407.227219461185
SRB,USA|kansas,0.12536456976415714,False,8713.330322120482
SRB,USA|kentucky,-0.09443013381455681,False,8246.831300339956
SRB,USA|louisiana,-0.09560540732593933,False,9145.969579475981
SRB,USA|maine,-0.11410668665512441,False,6722.0450671066
SRB,USA|maryland,-0.03331591122266494,False,7595.097908241397
SRB,USA|massachusetts,-0.10164260178440963,False,7000.38832753855
SRB,USA|michigan,-0.04957798523016329,False,7790.218332349254
SRB,USA|minnesota,0.013064092926525873,False,8138.436274969949
SRB,USA|mississippi,-0.11758302198879277,False,8923.82929733792
SRB,USA|missouri,-0.014629062391682619,False,8588.816034435584
SRB,USA|montana,0.1627506387262416,False,8842.954010464206
SRB,USA|nebraska,0.005839253656553232,False,8614.470641551436
SRB,USA|nevada,0.10460552816310562,False,9966.353635098434
SRB,USA|new hampshire,-0.022936390422139175,False,6972.465953235492
SRB,USA|new jersey,0.13395025204730956,False,7323.274406637724
SRB,USA|new mexico,0.08606094928350116,False,9737.98905334073
SRB,USA|new york,0.024414760786457206,False,7298.03480411077
SRB,USA|north carolina,0.0025484878246821306,False,8090.906450020318
SRB,USA|north dakota,-0.038214946070112145,False,8275.984994453516
SRB,USA|ohio,0.020604400349553825,False,7914.206057626294
SRB,USA|oklahoma,-0.01881056183218048,False,9061.059135677899
SRB,USA|oregon,0.03467056858578481,False,9378.500385178395
SRB,USA|pennsylvania,-0.01956521113948927,False,7516.380524211621
SRB,USA|rhode island,0.2802099477138362,False,7052.81761590378
SRB,USA|south carolina,-0.17457760164078587,False,8250.52550722319
SRB,USA|south dakota,-0.05040686233819097,False,8470.039179134017
SRB,USA|tennessee,-0.0797268436221553,False,8516.382484803258
SRB,USA|texas,0.016311559207977618,False,9502.359247186905
SRB,USA|utah,0.13197084402813897,False,9456.68159369101
SRB,USA|vermont,-0.19149535455463446,False,6980.7622928702895
SRB,USA|virginia,0.09199917334101294,False,7677.680244466666
SRB,USA|washington,-0.1322058987304155,False,9134.881400342363
SRB,USA|washington dc,0.008056883942560081,False,7625.658367085458
SRB,USA|west virginia,-0.12156658062737358,False,7828.419315860223
SRB,USA|wisconsin,0.013435231930120358,False,8016.268388426424
SRB,USA|wyoming,0.03965001688401081,False,9047.641061782877
SVK,SVN,0.2924906487997899,False,393.95442601943256
SVK,SWE,0.554689845053989,False,1169.7273008339341
SVK,TUR,-0.1618669297216613,False,1234.7203237022193
SVK,USA|alabama,-0.0026836979769515683,False,8277.893271622783
SVK,USA|arizona,0.07896265201415191,False,9668.364265350456
SVK,USA|arkansas,-0.017853687863493905,False,8475.885135840657
SVK,USA|california,0.11196375057447823,False,9771.191456121674
SVK,USA|colorado,0.04842913632926784,False,8749.082842494709
SVK,USA|connecticut,0.13689762721129992,False,6800.145255171956
SVK,USA|delaware,0.14315528835948022,False,7088.11700110487
SVK,USA|florida,0.11171215388913902,False,8424.278805364853
SVK,USA|georgia,-0.02824656632712125,False,8104.186799978522
SVK,USA|idaho,0.11222502405540741,False,8796.067341395043
SVK,USA|illinois,0.030717374801093492,False,7660.478837147915
SVK,USA|indiana,-0.08788465754810387,False,7685.661778012513
SVK,USA|iowa,-0.022637250483468877,False,7974.183998178773
SVK,USA|kansas,-0.04038771919400311,False,8283.55848639206
SVK,USA|kentucky,-0.13353977914158044,False,7838.23400600547
SVK,USA|louisiana,-0.024995163008891468,False,8742.310240575223
SVK,USA|maine,-0.07886265845972222,False,6328.782834492059
SVK,USA|maryland,0.11748920085635087,False,7205.410160648349
SVK,USA|massachusetts,-0.11312496604527457,False,6612.303998404374
SVK,USA|michigan,-0.029217471484648202,False,7373.449081864862
SVK,USA|minnesota,0.0018450423591542032,False,7698.484573415353
SVK,USA|mississippi,0.0009451003692870307,False,8520.748455087894
SVK,USA|missouri,-0.015547384914551153,False,8163.774092832236
SVK,USA|montana,0.1181794789417687,False,8380.825891800696
SVK,USA|nebraska,-0.012179860049241733,False,8177.467266064323
SVK,USA|nevada,0.06675376157814027,False,9505.70253961916
SVK,USA|new hampshire,0.07804013083457481,False,6580.790777153148
SVK,USA|new jersey,0.07365654243231858,False,6934.677701528591
SVK,USA|new mexico,-0.04126830759269034,False,9294.015656495305
SVK,USA|new york,-0.01676343556035733,False,6904.962853237939
SVK,USA|north carolina,-0.048990390473486085,False,7704.982211324844
SVK,USA|north dakota,-0.01636346134263859,False,7825.784618296702
SVK,USA|ohio,-0.027443392293153776,False,7506.42131970044
SVK,USA|oklahoma,0.04593897426411567,False,8634.24636295025
SVK,USA|oregon,0.029394879403797647,False,8910.85038431555
SVK,USA|pennsylvania,-0.05092897519000999,False,7121.830425113682
SVK,USA|rhode island,0.2684472120598766,False,6666.483192197877
SVK,USA|south carolina,-0.0327204714882172,False,7867.793940367949
SVK,USA|south dakota,-0.05552545309524554,False,8026.370447011363
SVK,USA|tennessee,-0.06636668975454149,False,8111.627673732065
SVK,USA|texas,0.029411007396447593,False,9083.147526170038
SVK,USA|utah,-0.06613122106185224,False,8998.10453195737
SVK,USA|vermont,-0.13846849369540495,False,6580.292910114714
SVK,USA|virginia,-0.03783304515825113,False,7288.2585617649365
SVK,USA|washington,-0.17064061343352388,False,8667.117617925634
SVK,USA|washington dc,0.05377429988682941,False,7236.591731210433
SVK,USA|west virginia,-0.10472550747318098,False,7430.799097335999
SVK,USA|wisconsin,0.008022063544084796,False,7589.395937075665
SVK,USA|wyoming,-0.01743113445606523,False,8596.671359275791
SVN,SWE,0.10658368460973108,False,1426.8497705321488
SVN,TUR,-0.35770883107942975,False,1369.5942582659916
SVN,USA|alabama,0.08397087958979386,False,8162.503340679318
SVN,USA|arizona,-0.06021183033886322,False,9666.842958643158
SVN,USA|arkansas,0.054207326482356086,False,8390.175973292655
SVN,USA|california,0.011960725883758731,False,9820.6602966036
SVN,USA|colorado,0.10459160993911443,False,8739.749283812096
SVN,USA|connecticut,0.1737180216614323,False,6674.593334643955
SVN,USA|delaware,0.10319143689070377,False,6961.913082953646
SVN,USA|florida,-0.03426693099981814,False,8257.157996218917
SVN,USA|georgia,-0.05191613422132047,False,7980.922899054049
SVN,USA|idaho,0.23524662916181027,False,8852.538564925107
SVN,USA|illinois,0.03234882560121169,False,7591.920802817962
SVN,USA|indiana,0.054777929919012466,False,7603.88040224002
SVN,USA|iowa,0.14815059844202144,False,7926.27378934416
SVN,USA|kansas,0.045687778247355836,False,8228.197974364595
SVN,USA|kentucky,0.06090533297726097,False,7743.345228112323
SVN,USA|louisiana,-0.04507767149585401,False,8638.557485725674
SVN,USA|maine,0.11927806454720864,False,6210.601669070082
SVN,USA|maryland,0.04566144270412553,False,7081.228885985219
SVN,USA|massachusetts,0.09387743310158965,False,6486.195031822398
SVN,USA|michigan,0.0892423774930578,False,7293.408527534763
SVN,USA|minnesota,0.012693731837001928,False,7667.141547915901
SVN,USA|mississippi,0.06595297876306742,False,8416.220582973749
SVN,USA|missouri,0.08648153471108194,False,8098.793663192636
SVN,USA|montana,0.09798577784551557,False,8423.41280673477
SVN,USA|nebraska,-0.0007330059532431956,False,8138.38815733969
SVN,USA|nevada,0.023636150049189276,False,9539.15666418282
SVN,USA|new hampshire,0.05463747368845089,False,6460.010882712978
SVN,USA|new jersey,0.023052378840917747,False,6809.085443817842
SVN,USA|new mexico,-0.0807447755440828,False,9271.030151332185
SVN,USA|new york,0.10377081884177025,False,6786.030482774901
SVN,USA|north carolina,0.12152097497898871,False,7575.045651282656
SVN,USA|north dakota,0.10420535530507011,False,7822.5860900131975
SVN,USA|ohio,0.0759604851905793,False,7410.439975792769
SVN,USA|oklahoma,-0.04655685117395555,False,8572.369483940864
SVN,USA|oregon,0.20863456272759773,False,8997.912544274945
SVN,USA|pennsylvania,0.11711416074511945,False,7004.9735897256305
SVN,USA|rhode island,0.10339773197934109,False,6537.798744478872
SVN,USA|south carolina,-0.0012465490462339375,False,7733.270331129599
SVN,USA|south dakota,0.1451834605714083,False,8004.158986618488
SVN,USA|tennessee,0.11527945123340892,False,8010.119002704323
SVN,USA|texas,-0.012483047491159572,False,9006.047852157108
SVN,USA|utah,-0.022064795969781704,False,9023.090673656474
SVN,USA|vermont,-0.01510343404257387,False,6473.115170562143
SVN,USA|virginia,0.085950434589271,False,7163.631717429073
SVN,USA|washington,0.07845358328304718,False,8756.923065331193
SVN,USA|washington dc,0.12282785681774117,False,7111.480043334626
SVN,USA|west virginia,0.11055661048077613,False,7318.431020995397
SVN,USA|wisconsin,0.08444930862514421,False,7528.7387612322445
SVN,USA|wyoming,-0.004011781085414855,False,8594.79412857087
SWE,TUR,-0.28878877264971575,False,2214.6438643860174
SWE,USA|alabama,0.21010525100826846,False,7569.3672343315775
SWE,USA|arizona,0.27409743459957997,False,8704.328098602411
SWE,USA|arkansas,0.17399940673152794,False,7693.167808054462
SWE,USA|california,0.25272478693804246,False,8728.375262120975
SWE,USA|colorado,0.16477705122277755,False,7807.211871938943
SWE,USA|connecticut,0.19576868017193833,False,6145.868413605566
SWE,USA|delaware,0.13891898520016596,False,6429.404076906181
SWE,USA|florida,0.23075236370845326,False,7851.946392096981
SWE,USA|georgia,0.11896838606287975,False,7418.558521099934
SWE,USA|idaho,0.035996207882580546,False,7749.686463420732
SWE,USA|illinois,0.1402571941288832,False,6851.238072301076
SWE,USA|indiana,0.03144307292511358,False,6906.034339189442
SWE,USA|iowa,-0.006013878679657146,False,7115.959897420384
SWE,USA|kansas,0.1374517922783193,False,7436.797906889562
SWE,USA|kentucky,0.09020495559502896,False,7086.902074829163
SWE,USA|louisiana,0.11521495186281491,False,7997.9128318116655
SWE,USA|maine,-0.10799507284739812,False,5665.885420478347
SWE,USA|maryland,0.06889357533022783,False,6538.9740267134475
SWE,USA|massachusetts,-0.01730320267830576,False,5963.7374830307035
SWE,USA|michigan,0.075471758979826,False,6594.960362541542
SWE,USA|minnesota,0.15338454002962543,False,6810.184549820686
SWE,USA|mississippi,0.06668149984805904,False,7781.6214817253895
SWE,USA|missouri,0.15832462696648053,False,7339.250009450274
SWE,USA|montana,0.1917701763849277,False,7357.087833704817
SWE,USA|nebraska,0.16337112569766735,False,7298.5488884621145
SWE,USA|nevada,0.2596222059706358,False,8487.422460233856
SWE,USA|new hampshire,0.08793483731595195,False,5918.822078501694
SWE,USA|new jersey,0.1723097164215331,False,6277.585942442479
SWE,USA|new mexico,0.09365527741123976,False,8371.50659791999
SWE,USA|new york,0.16791781145547788,False,6231.034734407839
SWE,USA|north carolina,0.1458518748308699,False,7043.919257296147
SWE,USA|north dakota,-0.007213429815760341,False,6882.479891711744
SWE,USA|ohio,0.18302183705092775,False,6763.3581225559265
SWE,USA|oklahoma,0.17770447193416924,False,7796.670299464407
SWE,USA|oregon,0.029659869220099964,False,7825.169431270011
SWE,USA|pennsylvania,0.10367088447773577,False,6438.058429414676
SWE,USA|rhode island,0.26631002601439396,False,6023.561280210955
SWE,USA|south carolina,0.04553779877432612,False,7215.810241736273
SWE,USA|south dakota,-0.07469785502104975,False,7116.17746252978
SWE,USA|tennessee,0.0802054715276741,False,7371.714344085853
SWE,USA|texas,0.21173367392152678,False,8272.619386526707
SWE,USA|utah,0.2584806976314409,False,7996.467628671428
SWE,USA|vermont,-0.25953191717544527,False,5883.1190547602455
SWE,USA|virginia,0.14486192268360193,False,6621.326584438979
SWE,USA|washington,-0.13797417745049328,False,7579.409468007326
SWE,USA|washington dc,0.010428423097974614,False,6571.965613864574
SWE,USA|west virginia,0.030482142176299732,False,6729.582433961663
SWE,USA|wisconsin,0.11880715607146802,False,6763.816600549147
SWE,USA|wyoming,0.1764339796018449,False,7643.080834729229
TUR,USA|alabama,-0.40325867503728774,False,9506.594630958482
TUR,USA|arizona,-0.20874766497145794,False,10878.579911898722
TUR,USA|arkansas,-0.4267883087911888,False,9710.317299165023
TUR,USA|california,-0.17291544805192452,False,10939.096738134664
TUR,USA|colorado,-0.528246881922485,False,9965.430972342454
TUR,USA|connecticut,-0.5352189746827628,False,8024.464548175395
TUR,USA|delaware,-0.2818272732544243,False,8312.322850595083
TUR,USA|florida,-0.0991659905321791,False,9624.69037319645
TUR,USA|georgia,-0.227550616082735,False,9330.05509202906
TUR,USA|idaho,-0.3944468554999406,False,9960.635185604022
TUR,USA|illinois,-0.4919618091809037,False,8895.009118952954
TUR,USA|indiana,-0.463299809443794,False,8920.23469351629
TUR,USA|iowa,-0.32609392985959834,False,9205.799523051772
TUR,USA|kansas,-0.3512746004647155,False,9516.466198626038
TUR,USA|kentucky,-0.49789610734898865,False,9071.541013139917
TUR,USA|louisiana,-0.2570522859898917,False,9974.266864403222
TUR,USA|maine,-0.22932430138575557,False,7555.625680770486
TUR,USA|maryland,-0.21221955960715788,False,8430.49285239003
TUR,USA|massachusetts,-0.3176877936628357,False,7836.290231924612
TUR,USA|michigan,-0.5174538181636786,False,8608.069852034338
TUR,USA|minnesota,-0.5935902032454679,False,8925.717701285028
TUR,USA|mississippi,-0.3240560786603831,False,9752.465032353946
TUR,USA|missouri,-0.5624374964870951,False,9397.963452198333
TUR,USA|montana,-0.3637187010747377,False,9560.54842563983
TUR,USA|nebraska,-0.4130705511816571,False,9406.704747381591
TUR,USA|nevada,-0.2540709851614102,False,10689.898942638827
TUR,USA|new hampshire,-0.27841198559648034,False,7806.841892993269
TUR,USA|new jersey,-0.4023907013783627,False,8159.0532515677705
TUR,USA|new mexico,-0.14447044172954604,False,10516.251456172899
TUR,USA|new york,-0.4695454459895368,False,8131.853364939852
TUR,USA|north carolina,-0.5195011038591865,False,8927.901982875535
TUR,USA|north dakota,-0.4038247448148474,False,9040.402025545263
TUR,USA|ohio,-0.5846368662637308,False,8739.466759584
TUR,USA|oklahoma,-0.35889767346918705,False,9867.989968815751
TUR,USA|oregon,-0.5124818386174453,False,10039.205946621272
TUR,USA|pennsylvania,-0.48743325096042556,False,8349.542110716287
TUR,USA|rhode island,-0.25677868559740447,False,7889.410145055916
TUR,USA|south carolina,-0.3405947506614211,False,9088.667452645961
TUR,USA|south dakota,-0.28025171237354957,False,9249.82571511029
TUR,USA|tennessee,-0.37764401760270816,False,9343.85242145734
TUR,USA|texas,-0.3333396230123634,False,10317.861057779231
TUR,USA|utah,-0.3943902485221846,False,10190.997443990893
TUR,USA|vermont,-0.01838783327439987,False,7810.620061777047
TUR,USA|virginia,-0.5565692397930587,False,8513.206301742108
TUR,USA|washington,-0.4158914655731632,False,9793.278295833787
TUR,USA|washington dc,-0.17252164068404333,False,8461.319136852588
TUR,USA|west virginia,-0.3881823499616125,False,8660.067684267573
TUR,USA|wisconsin,-0.5461629903822517,False,8823.279375276234
TUR,USA|wyoming,-0.3937770062631615,False,9809.123306827898
USA|alabama,USA|arizona,0.7230574303745035,False,2340.7269007411737
USA|alabama,USA|arkansas,0.7359637313905607,False,524.5937317790791
USA|alabama,USA|california,0.5849145772926261,False,3088.140966728586
USA|alabama,USA|colorado,0.7474278770010477,False,1771.9669747080309
USA|alabama,USA|connecticut,0.6684865780163207,False,1492.049880500654
USA|alabama,USA|delaware,0.47521127246737005,False,1207.9016038115194
USA|alabama,USA|florida,0.6825410361995728,False,872.878529235012
USA|alabama,USA|georgia,0.7865867347320851,True,218.95053345782793
USA|alabama,USA|idaho,0.41965565421765927,False,2798.2842955245296
USA|alabama,USA|illinois,0.7823040780357855,False,947.3906393472007
USA|alabama,USA|indiana,0.7443496544106301,False,783.8015228686373
USA|alabama,USA|iowa,0.5634020451093622,False,1100.252266530492
USA|alabama,USA|kansas,0.7201878406146698,False,958.1578929235261
USA|alabama,USA|kentucky,0.8087908026932417,False,540.019090001337
USA|alabama,USA|louisiana,0.7842670540841272,False,507.4203621449565
USA|alabama,USA|maine,0.45259141932653835,False,1952.0180286091186
USA|alabama,USA|maryland,0.5991559253754375,False,1086.3694120280268
USA|alabama,USA|massachusetts,0.5280613695247842,False,1680.0562882677705
USA|alabama,USA|michigan,0.7446527050185586,False,1045.9628094068767
USA|alabama,USA|minnesota,0.6859954070319925,False,1419.991520983436
USA|alabama,USA|mississippi,0.7274960811546177,False,304.86816401530274
USA|alabama,USA|missouri,0.8032663474736645,False,808.720484380082
USA|alabama,USA|montana,0.38424482022043,False,2498.560248851293
USA|alabama,USA|nebraska,0.7498147178025227,False,1211.422084735364
USA|alabama,USA|nevada,0.6715422117950971,False,2723.9626462470037
USA|alabama,USA|new hampshire,0.4759696604208799,False,1702.7256658844628
USA|alabama,USA|new jersey,0.7197913874743144,False,1358.4684622666425
USA|alabama,USA|new mexico,0.5199500702549483,False,1830.6860150717691
USA|alabama,USA|new york,0.8048090121260854,False,1376.5197162010436
USA|alabama,USA|north carolina,0.8580855120489267,False,626.021681389008
USA|alabama,USA|north dakota,0.526382154430935,False,1796.9334818292398
USA|alabama,USA|ohio,0.7655819789966132,False,821.6401485767791
USA|alabama,USA|oklahoma,0.7787608732730684,False,942.6425970714433
USA|alabama,USA|oregon,0.36839329369817175,False,3310.6353099191087
USA|alabama,USA|pennsylvania,0.8015490606954021,False,1157.6106458319582
USA|alabama,USA|rhode island,0.36305005969640114,False,1632.044754736601
USA|alabama,USA|south carolina,0.8149411564045711,False,522.1340249935593
USA|alabama,USA|south dakota,0.35702153537519393,False,1481.5256002345068
USA|alabama,USA|tennessee,0.7306423251545202,True,274.59348099844976
USA|alabama,USA|texas,0.8230463642049008,False,1034.026112697892
USA|alabama,USA|utah,0.6115830307903479,False,2377.0383746732755
USA|alabama,USA|vermont,0.18817412262534214,False,1699.0849997493196
USA|alabama,USA|virginia,0.793647917123527,False,1005.5008858989955
USA|alabama,USA|washington,0.5067341195389975,False,3295.4636078191056
USA|alabama,USA|washington dc,0.45574738659067965,False,1057.9713189591942
USA|alabama,USA|west virginia,0.7029895917091039,False,847.3616981693366
USA|alabama,USA|wisconsin,0.771020646020646,False,1083.959762543148
USA|alabama,USA|wyoming,0.5203790112326698,False,1843.3128522529748
USA|arizona,USA|arkansas,0.7075003248783737,False,1833.5321303385424
USA|arizona,USA|california,0.8310906573101694,False,835.9837245666021
USA|arizona,USA|colorado,0.7322519959715081,False,932.0916165518051
USA|arizona,USA|connecticut,0.6105962902184615,False,3514.429265336588
USA|arizona,USA|delaware,0.4466306051671905,False,3294.66452858328
USA|arizona,USA|florida,0.6933686232466721,False,3032.7233314456935
USA|arizona,USA|georgia,0.7196247248210086,False,2549.8613255792716
USA|arizona,USA|idaho,0.43690796929392384,False,1258.437471290054
USA|arizona,USA|illinois,0.6703017510944341,False,2301.064926133035
USA|arizona,USA|indiana,0.5572268178975496,False,2390.5303149092088
USA|arizona,USA|iowa,0.4458859230200694,False,1869.40568973293
USA|arizona,USA|kansas,0.6476678808995883,False,1653.6994626767532
USA|arizona,USA|kentucky,0.6430277040033138,False,2396.1785390043087
USA|arizona,USA|louisiana,0.7236787602641261,False,1924.4531226120462
USA|arizona,USA|maine,0.35502307080915696,False,3841.9378487555127
USA|arizona,USA|maryland,0.5006665082884595,False,3184.21674618937
USA|arizona,USA|massachusetts,0.551742464852221,False,3671.2458828181825
USA|arizona,USA|michigan,0.62635890532232,False,2641.853366849755
USA|arizona,USA|minnesota,0.5155200490566344,False,2040.6937740272458
USA|arizona,USA|mississippi,0.5955446992032358,False,2052.6095859587695
USA|arizona,USA|missouri,0.6756987930768419,False,1840.833352797023
USA|arizona,USA|montana,0.3042359063700527,False,1449.2532858225918
USA|arizona,USA|nebraska,0.649991268893708,False,1624.498294260212
USA|arizona,USA|nevada,0.7849707184292801,False,583.5271280783705
USA|arizona,USA|new hampshire,0.4300237364261755,False,3650.8245674917985
USA|arizona,USA|new jersey,0.7120709574977868,False,3408.0218650986144
USA|arizona,USA|new mexico,0.517458151604493,False,517.906193268454
USA|arizona,USA|new york,0.7089952730196633,False,3368.8184994748326
USA|arizona,USA|north carolina,0.6385215394361736,False,2890.4730777703776
USA|arizona,USA|north dakota,0.3945287436141095,False,1844.5326935897128
USA|arizona,USA|ohio,0.5879389919024065,False,2668.4632500752273
USA|arizona,USA|oklahoma,0.7232269762757567,False,1440.3869462794012
USA|arizona,USA|oregon,0.25458332318088417,False,1602.6823875048522
USA|arizona,USA|pennsylvania,0.7086302924717559,False,3175.79362363376
USA|arizona,USA|rhode island,0.43162223954906886,False,3650.6162879599215
USA|arizona,USA|south carolina,0.723820386930143,False,2842.8684771617714
USA|arizona,USA|south dakota,0.31768637866198846,False,1685.429381427398
USA|arizona,USA|tennessee,0.6561233481965189,False,2271.4791211034553
USA|arizona,USA|texas,0.8382278290814877,False,1373.1978499302518
USA|arizona,USA|utah,0.6792683942074186,False,783.5450083685511
USA|arizona,USA|vermont,0.10583522168888024,False,3540.7980871672175
USA|arizona,USA|virginia,0.6582370881151369,False,3126.314724431257
USA|arizona,USA|washington,0.33898012556549145,False,1758.8031690438836
USA|arizona,USA|washington dc,0.4087694286873172,False,3170.280660657621
USA|arizona,USA|west virginia,0.5365239435361386,False,2890.0210868592885
USA|arizona,USA|wisconsin,0.6642549523647084,False,2306.5103014479864
USA|arizona,USA|wyoming,0.5274491768394207,False,1072.4096175409181
USA|arkansas,USA|california,0.5702214452214452,False,2565.8201855473094
USA|arkansas,USA|colorado,0.6875248735004832,False,1254.7646956145122
USA|arkansas,USA|connecticut,0.588280950284597,False,1805.843901194641
USA|arkansas,USA|delaware,0.3525158784305126,False,1545.4318945739585
USA|arkansas,USA|florida,0.6131647823720995,False,1352.1175177364348
USA|arkansas,USA|georgia,0.7072387352534129,False,721.0023595695994
USA|arkansas,USA|idaho,0.4591360009746502,False,2292.7142839138673
USA|arkansas,USA|illinois,0.6880725981335738,False,850.9269063262007
USA|arkansas,USA|indiana,0.6509435686264955,False,791.0809350883695
USA|arkansas,USA|iowa,0.5035995508556484,False,766.6935403150957
USA|arkansas,USA|kansas,0.6513227626032505,False,513.6822532782317
USA|arkansas,USA|kentucky,0.7187654824849946,False,658.8836460688132
USA|arkansas,USA|louisiana,0.6691753368582637,False,390.05823444327507
USA|arkansas,USA|maine,0.354001480481092,False,2220.050488893579
USA|arkansas,USA|maryland,0.5121260852968171,False,1425.4237780619565
USA|arkansas,USA|massachusetts,0.4894226708251098,False,1985.0658801110883
USA|arkansas,USA|michigan,0.6536085865354158,False,1103.7178861668726
USA|arkansas,USA|minnesota,0.6065240653655288,False,1132.4262968404137
USA|arkansas,USA|mississippi,0.6318752385825557,True,306.4331434899783
USA|arkansas,USA|missouri,0.7424810961396328,False,446.6192316302245
USA|arkansas,USA|montana,0.28943211260284435,False,2022.6432318618272
USA|arkansas,USA|nebraska,0.6478719451280427,False,786.5418079967236
USA|arkansas,USA|nevada,0.613483393319515,False,2200.168904486571
USA|arkansas,USA|new hampshire,0.4530677655677655,False,1988.1240084405963
USA|arkansas,USA|new jersey,0.6300031269543465,False,1681.3928494356467
USA|arkansas,USA|new mexico,0.4718736548004841,False,1318.4602360347592
USA|arkansas,USA|new york,0.6800496251715764,False,1670.2727494952562
USA|arkansas,USA|north carolina,0.7442968616749105,False,1063.561505921009
USA|arkansas,USA|north dakota,0.474864566327981,False,1423.7060724565881
USA|arkansas,USA|ohio,0.6800359193651876,False,988.4045902518632
USA|arkansas,USA|oklahoma,0.7461537446293545,False,418.0767741109787
USA|arkansas,USA|oregon,0.34243195828561684,False,2804.7714054546345
USA|arkansas,USA|pennsylvania,0.7453852042266677,False,1454.5220489038359
USA|arkansas,USA|rhode island,0.33579784037101107,False,1948.737915262124
USA|arkansas,USA|south carolina,0.7174903348683837,False,1009.5284729639734
USA|arkansas,USA|south dakota,0.3051572411328509,False,1081.3567587071007
USA|arkansas,USA|tennessee,0.727122978647369,True,450.2018428410369
USA|arkansas,USA|texas,0.7969134524012574,False,627.5496019643517
USA|arkansas,USA|utah,0.6022793263646922,False,1856.6079334112935
USA|arkansas,USA|vermont,0.07696317909732543,False,1935.4211641647157
USA|arkansas,USA|virginia,0.7005535115291214,False,1354.987839434351
USA|arkansas,USA|washington,0.414985928705441,False,2803.0677677214567
USA|arkansas,USA|washington dc,0.45936070469898693,False,1404.4451363247413
USA|arkansas,USA|west virginia,0.6496095368046588,False,1139.5143406453335
USA|arkansas,USA|wisconsin,0.746097398536423,False,958.1167099608991
USA|arkansas,USA|wyoming,0.46748525864379525,False,1339.4801833788292
USA|california,USA|colorado,0.6454693680303437,False,1414.6130573206437
USA|california,USA|connecticut,0.512671083067227,False,4099.200575415362
USA|california,USA|delaware,0.475963061328915,False,3913.298871924708
USA|california,USA|florida,0.6900832906930469,False,3832.676427182984
USA|california,USA|georgia,0.6199708091668048,False,3285.9224156926375
USA|california,USA|idaho,0.4261326646251916,False,978.6892462473457
USA|california,USA|illinois,0.5763438796975382,False,2863.012467924182
USA|california,USA|indiana,0.4883475264572825,False,2992.802562772527
USA|california,USA|iowa,0.39034238119603976,False,2409.6259214316083
USA|california,USA|kansas,0.5396234862698278,False,2276.6149692446115
USA|california,USA|kentucky,0.5241054677030287,False,3050.8550760581593
USA|california,USA|louisiana,0.6591904030928422,False,2714.491245377685
USA|california,USA|maine,0.2995993208518285,False,4362.7608098274195
USA|california,USA|maryland,0.4841200466200467,False,3813.0560502005856
USA|california,USA|massachusetts,0.5427742988718598,False,4236.472206170073
USA|california,USA|michigan,0.5622609098218855,False,3196.6030213032827
USA|california,USA|minnesota,0.46231969250261934,False,2469.985213069595
USA|california,USA|mississippi,0.5094458387141315,False,2817.307210534377
USA|california,USA|missouri,0.5701432713627835,False,2472.4516924211653
USA|california,USA|montana,0.27745120732925616,False,1398.8678660288979
USA|california,USA|nebraska,0.5606349950862146,False,2163.41059268594
USA|california,USA|nevada,0.7821803174189081,False,377.51200318672176
USA|california,USA|new hampshire,0.338952713952714,False,4202.854615727039
USA|california,USA|new jersey,0.6348021896802385,False,4007.9797988034934
USA|california,USA|new mexico,0.5042640286542727,False,1278.4610221152425
USA|california,USA|new york,0.6228278834986153,False,3953.1874208031504
USA|california,USA|north carolina,0.4858261657042145,False,3587.915950215134
USA|california,USA|north dakota,0.3490802896290702,False,2142.2362749623635
USA|california,USA|ohio,0.45756783866539963,False,3279.7302088139627
USA|california,USA|oklahoma,0.6227715374056837,False,2151.130679444244
USA|california,USA|oregon,0.16826212405480698,False,1042.1317728422443
USA|california,USA|pennsylvania,0.5921979443320907,False,3781.461732684804
USA|california,USA|rhode island,0.451367230330645,False,4226.298725341859
USA|california,USA|south carolina,0.6362118572484428,False,3565.193650007664
USA|california,USA|south dakota,0.32876371595883797,False,2115.189710186195
USA|california,USA|tennessee,0.5294415949903755,False,2977.3402825697717
USA|california,USA|texas,0.7299418061613184,False,2180.9925514386205
USA|california,USA|utah,0.602488974440194,False,879.7635607233201
USA|california,USA|vermont,0.18500198988003866,False,4065.9610345027963
USA|california,USA|virginia,0.5146723195503683,False,3765.7440636730475
USA|california,USA|washington,0.2469989360233263,False,1268.2855744167553
USA|california,USA|washington dc,0.3569253191421686,False,3804.408523054274
USA|california,USA|west virginia,0.4289541759053954,False,3524.9710734568876
USA|california,USA|wisconsin,0.5710529308090284,False,2833.54966871539
USA|california,USA|wyoming,0.479448397131324,False,1456.6329817099377
USA|colorado,USA|connecticut,0.7370877010550105,False,2686.3601679472645
USA|colorado,USA|delaware,0.44058583692730036,False,2498.998427246082
USA|colorado,USA|florida,0.4921470805617148,False,2601.072338266092
USA|colorado,USA|georgia,0.6610638676699202,False,1946.4319117845878
USA|colorado,USA|idaho,0.48981747160804995,False,1050.905280304924
USA|colorado,USA|illinois,0.7849751874142118,False,1450.3040192255473
USA|colorado,USA|indiana,0.7236163227016885,False,1578.6127598936348
USA|colorado,USA|iowa,0.617255204145448,False,998.2417105371181
USA|colorado,USA|kansas,0.7425516556614118,False,875.5084431146998
USA|colorado,USA|kentucky,0.7233340846145725,False,1649.3904245701767
USA|colorado,USA|louisiana,0.6688337069434631,False,1516.3787944070925
USA|colorado,USA|maine,0.476018452586347,False,2968.5850506554766
USA|colorado,USA|maryland,0.5108839331400307,False,2399.875552803079
USA|colorado,USA|massachusetts,0.5575796155064447,False,2827.5032042635125
USA|colorado,USA|michigan,0.7002128968592383,False,1786.632762176909
USA|colorado,USA|minnesota,0.7646362783557906,False,1115.8473432020132
USA|colorado,USA|mississippi,0.5661858466736516,False,1547.1201919644575
USA|colorado,USA|missouri,0.7647246046636291,False,1070.3294578216226
USA|colorado,USA|montana,0.48841199450955547,False,888.4390806665457
USA|colorado,USA|nebraska,0.7770141443921932,False,750.3283813957364
USA|colorado,USA|nevada,0.6860371191355853,False,1037.3872714646348
USA|colorado,USA|new hampshire,0.4963075542343835,False,2797.208584773577
USA|colorado,USA|new jersey,0.6969839103985446,False,2593.6131142466234
USA|colorado,USA|new mexico,0.5773905972076704,False,580.9285187137043
USA|colorado,USA|new york,0.7650906004564542,False,2540.1592550558285
USA|colorado,USA|north carolina,0.7206411474704157,False,2203.855181657808
USA|colorado,USA|north dakota,0.649213591286762,False,925.6485479068444
USA|colorado,USA|ohio,0.7025657269559709,False,1865.7064813350194
USA|colorado,USA|oklahoma,0.6977976292000683,False,847.1624510479807
USA|colorado,USA|oregon,0.512386495618203,False,1559.0087360785506
USA|colorado,USA|pennsylvania,0.8368100395539421,False,2366.849507208009
USA|colorado,USA|rhode island,0.3277109069791997,False,2815.138086636469
USA|colorado,USA|south carolina,0.7197365642487594,False,2203.010375756529
USA|colorado,USA|south dakota,0.3710034883815372,False,756.8587395660202
USA|colorado,USA|tennessee,0.676363270875466,False,1613.0409338420905
USA|colorado,USA|texas,0.719506103652445,False,1127.9241169406082
USA|colorado,USA|utah,0.721189379725965,False,608.0487206080912
USA|colorado,USA|vermont,0.257677282067526,False,2668.9319401890807
USA|colorado,USA|virginia,0.7653301982570275,False,2354.4778767083535
USA|colorado,USA|washington,0.5621182679109509,False,1584.0934934085315
USA|colorado,USA|washington dc,0.36170136626523813,False,2392.0378309352204
USA|colorado,USA|west virginia,0.6472013758599126,False,2113.6564858690554
USA|colorado,USA|wisconsin,0.812859904323319,False,1429.1026879079936
USA|colorado,USA|wyoming,0.6481354011841817,True,189.85418041801321
USA|connecticut,USA|delaware,0.48382974797430456,False,287.9718527906094
USA|connecticut,USA|florida,0.45873365185801007,False,1737.7562811833438
USA|connecticut,USA|georgia,0.5581970260930701,False,1306.3445480109406
USA|connecticut,USA|idaho,0.46068862312305314,False,3478.533296772447
USA|connecticut,USA|illinois,0.6656553133928261,False,1236.255940615664
USA|connecticut,USA|indiana,0.6149973774951442,False,1124.0347283434098
USA|connecticut,USA|iowa,0.530140150771508,False,1689.5922287700312
USA|connecticut,USA|kansas,0.6272805735017793,False,1860.9781071208338
USA|connecticut,USA|kentucky,0.6495763699684984,False,1153.4914613790559
USA|connecticut,USA|louisiana,0.5516615690789907,False,1983.9307462104023
USA|connecticut,USA|maine,0.4463583790087908,False,479.9937287328497
USA|connecticut,USA|maryland,0.5008094675661608,False,406.7003309607295
USA|connecticut,USA|massachusetts,0.43613277425481045,True,188.40712269868976
USA|connecticut,USA|michigan,0.6256841006661199,False,905.2415362900082
USA|connecticut,USA|minnesota,0.6459141272744238,False,1696.7264486107335
USA|connecticut,USA|mississippi,0.4820264189604158,False,1762.9805488197776
USA|connecticut,USA|missouri,0.6538322772035281,False,1674.3799764314172
USA|connecticut,USA|montana,0.40934426464596013,False,3040.6218928941776
USA|connecticut,USA|nebraska,0.6582798119410892,False,1936.1941406412484
USA|connecticut,USA|nevada,0.586532772748789,False,3722.840187536684
USA|connecticut,USA|new hampshire,0.43882342743936137,True,228.12761794221362
USA|connecticut,USA|new jersey,0.6938644046330256,False,134.58890253304642
USA|connecticut,USA|new mexico,0.4805789333353338,False,3006.035362130039
USA|connecticut,USA|new york,0.7259050306788076,True,146.360892490489
USA|connecticut,USA|north carolina,0.6582412326293212,False,905.6493788120574
USA|connecticut,USA|north dakota,0.5279017892551837,False,2127.254924875361
USA|connecticut,USA|ohio,0.6533467362600278,False,848.7142341709791
USA|connecticut,USA|oklahoma,0.5927878768573798,False,2111.2145258178903
USA|connecticut,USA|oregon,0.47700882412923135,False,3943.143795927229
USA|connecticut,USA|pennsylvania,0.7406644093539154,False,351.3655331873512
USA|connecticut,USA|rhode island,0.2943865451604498,True,143.0231293128063
USA|connecticut,USA|south carolina,0.6626968893272545,False,1072.8183657350603
USA|connecticut,USA|south dakota,0.36028077109384443,False,2016.1406706785701
USA|connecticut,USA|tennessee,0.6225160284984411,False,1375.3374107890843
USA|connecticut,USA|texas,0.5970397231122233,False,2430.7393441653603
USA|connecticut,USA|utah,0.5788703901371022,False,3245.490127224646
USA|connecticut,USA|vermont,0.15311621218164737,False,341.28947369201825
USA|connecticut,USA|virginia,0.710575845721338,False,489.042902063744
USA|connecticut,USA|washington,0.45383712499862355,False,3832.0033751524347
USA|connecticut,USA|washington dc,0.3399220050595015,False,436.9558845304214
USA|connecticut,USA|west virginia,0.6204200550998918,False,668.2133823825061
USA|connecticut,USA|wisconsin,0.6769410311412513,False,1274.0280338105733
USA|connecticut,USA|wyoming,0.5257707899025293,False,2650.9959934240455
USA|delaware,USA|florida,0.4402127344200515,False,1474.6996487961526
USA|delaware,USA|georgia,0.4875909770604152,False,1019.1059254452496
USA|delaware,USA|idaho,0.30931728569127137,False,3345.85807321543
USA|delaware,USA|illinois,0.565564516784029,False,1064.7455743093133
USA|delaware,USA|indiana,0.5271892741404937,False,920.5008536386939
USA|delaware,USA|iowa,0.3738304378548281,False,1514.512346435931
USA|delaware,USA|kansas,0.44117823233676895,False,1648.7863805228849
USA|delaware,USA|kentucky,0.5197317925976463,False,906.2796115223307
USA|delaware,USA|louisiana,0.44375492393785076,False,1704.0380245551685
USA|delaware,USA|maine,0.36247522326190657,False,764.8873643212111
USA|delaware,USA|maryland,0.6050494221225928,False,122.34277646148391
USA|delaware,USA|massachusetts,0.5634416396611519,False,476.0346240470806
USA|delaware,USA|michigan,0.5410306157257377,False,764.050232394949
USA|delaware,USA|minnesota,0.46490095270583076,False,1578.2951709531599
USA|delaware,USA|mississippi,0.4565368574514916,False,1484.3250502367587
USA|delaware,USA|missouri,0.5227506233603795,False,1456.4992186448321
USA|delaware,USA|montana,0.16881898589215663,False,2925.5168608642693
USA|delaware,USA|nebraska,0.44246353240255676,False,1754.4320343692848
USA|delaware,USA|nevada,0.4766311529719243,False,3535.8411988133366
USA|delaware,USA|new hampshire,0.28594474631059996,False,511.3062692278323
USA|delaware,USA|new jersey,0.5810048691146252,False,153.49659680648273
USA|delaware,USA|new mexico,0.2987332789162057,False,2781.207224111784
USA|delaware,USA|new york,0.6279076614442468,False,210.43246078784375
USA|delaware,USA|north carolina,0.513928145025706,False,618.0664487228927
USA|delaware,USA|north dakota,0.3658506128018323,False,2023.4642279884579
USA|delaware,USA|ohio,0.49832027728369194,False,633.7962862734604
USA|delaware,USA|oklahoma,0.49694106706301827,False,1872.437689909012
USA|delaware,USA|oregon,0.20675310461895827,False,3825.404500885238
USA|delaware,USA|pennsylvania,0.4746929899368924,True,147.14986018593672
USA|delaware,USA|rhode island,0.31989352111303326,False,424.7391441408734
USA|delaware,USA|south carolina,0.5312015220551807,False,786.8584565104201
USA|delaware,USA|south dakota,0.35772916108281966,False,1870.0372738450637
USA|delaware,USA|tennessee,0.4219566003102589,False,1105.8791470577407
USA|delaware,USA|texas,0.46359585536414805,False,2165.6408922341584
USA|delaware,USA|utah,0.33363689156372084,False,3075.756682693546
USA|delaware,USA|vermont,0.08443842742623231,False,572.5777376443923
USA|delaware,USA|virginia,0.5024990253648791,False,202.4880423594953
USA|delaware,USA|washington,0.23219971085824745,False,3730.814397808911
USA|delaware,USA|washington dc,0.37504368805502375,False,150.0359994279946
USA|delaware,USA|west virginia,0.46946295574344354,False,409.1899079077126
USA|delaware,USA|wisconsin,0.4739102361053581,False,1128.88520037791
USA|delaware,USA|wyoming,0.36734759143295725,False,2480.5349090426935
USA|florida,USA|georgia,0.7229367079740323,False,791.170692010553
USA|florida,USA|idaho,0.3642737760902265,False,3644.311548017975
USA|florida,USA|illinois,0.5035091940579746,False,1744.6141545953371
USA|florida,USA|indiana,0.4753061978671735,False,1550.5791374514665
USA|florida,USA|iowa,0.31891431738992715,False,1967.3151342861177
USA|florida,USA|kansas,0.4971689895470383,False,1826.8356742967908
USA|florida,USA|kentucky,0.5488850580313995,False,1305.2260104275383
USA|florida,USA|louisiana,0.7432308545113423,False,1119.3272820277286
USA|florida,USA|maine,0.26385533468758776,False,2210.204463095409
USA|florida,USA|maryland,0.48119715650203454,False,1387.3685649876072
USA|florida,USA|massachusetts,0.4726335656213705,False,1908.1787867565915
USA|florida,USA|michigan,0.528171015975894,False,1724.9198972554648
USA|florida,USA|minnesota,0.38301738911495015,False,2268.051405271875
USA|florida,USA|mississippi,0.6065154357837285,False,1053.9791723798692
USA|florida,USA|missouri,0.5551750079189104,False,1681.5808418054703
USA|florida,USA|montana,0.14000379701599214,False,3365.234829607877
USA|florida,USA|nebraska,0.4620745108549987,False,2083.8863147864936
USA|florida,USA|nevada,0.6264777684812404,False,3486.1602093040046
USA|florida,USA|new hampshire,0.32904595404595405,False,1964.6578984567302
USA|florida,USA|new jersey,0.5602349885886472,False,1615.4639683150253
USA|florida,USA|new mexico,0.4171169277876595,False,2554.2206622675644
USA|florida,USA|new york,0.5917035200571786,False,1684.8677871862212
USA|florida,USA|north carolina,0.5849252373642618,False,933.8804348816365
USA|florida,USA|north dakota,0.2665627055870958,False,2663.4863866837723
USA|florida,USA|ohio,0.4861896233847454,False,1454.047702985102
USA|florida,USA|oklahoma,0.6393032780227903,False,1754.1656612326012
USA|florida,USA|oregon,0.12061160384331117,False,4156.05031640006
USA|florida,USA|pennsylvania,0.5147809507565605,False,1515.1357473475584
USA|florida,USA|rhode island,0.3951602259529089,False,1845.1792340699424
USA|florida,USA|south carolina,0.6383621459840972,False,767.2156399432415
USA|florida,USA|south dakota,0.2605382422455593,False,2353.593627167277
USA|florida,USA|tennessee,0.5183038506209238,False,1121.034751844244
USA|florida,USA|texas,0.7945057990789699,False,1659.52592998075
USA|florida,USA|utah,0.4814453838844083,False,3194.3137906747525
USA|florida,USA|vermont,0.12609747975601635,False,2047.2472034491848
USA|florida,USA|virginia,0.48947191020361747,False,1313.8699135466177
USA|florida,USA|washington,0.30731971280751774,False,4154.070124344492
USA|florida,USA|washington dc,0.41848269580496333,False,1353.7005780011862
USA|florida,USA|west virginia,0.4223048293170244,False,1316.372362968161
USA|florida,USA|wisconsin,0.4974096025925295,False,1881.2799175285945
USA|florida,USA|wyoming,0.3058917708307952,False,2691.5975553443623
USA|georgia,USA|idaho,0.42689466030463546,False,2956.534569556257
USA|georgia,USA|illinois,0.7261428518309558,False,955.838706044405
USA|georgia,USA|indiana,0.7015838203442727,False,766.7734220173749
USA|georgia,USA|iowa,0.5046260275073072,False,1192.4894193124817
USA|georgia,USA|kansas,0.6909800934558503,False,1102.3347659921344
USA|georgia,USA|kentucky,0.7732895627352339,False,517.624974779644
USA|georgia,USA|louisiana,0.7981656044876942,False,722.2310780225046
USA|georgia,USA|maine,0.4328657706281957,False,1775.5074241859552
USA|georgia,USA|maryland,0.6063510430564205,False,899.8023670504557
USA|georgia,USA|massachusetts,0.5390291287763511,False,1494.7340263709784
USA|georgia,USA|michigan,0.6853845703819318,False,980.0186934615473
USA|georgia,USA|minnesota,0.5895106658471995,False,1478.760690012487
USA|georgia,USA|mississippi,0.7561732926846199,False,523.8185503544236
USA|georgia,USA|missouri,0.7464931849772728,False,932.230170501872
USA|georgia,USA|montana,0.25611180690648566,False,2634.6283535152497
USA|georgia,USA|nebraska,0.6341367771122194,False,1337.3396508058677
USA|georgia,USA|nevada,0.6260065204121388,False,2918.6062958322664
USA|georgia,USA|new hampshire,0.4062982756951257,False,1523.4365902046916
USA|georgia,USA|new jersey,0.634709375318459,False,1171.8378249458565
USA|georgia,USA|new mexico,0.5031927553128767,False,2037.1821175910125
USA|georgia,USA|new york,0.7170967646551633,False,1199.57881302977
USA|georgia,USA|north carolina,0.8313501578896474,False,416.8149871473766
USA|georgia,USA|north dakota,0.4208147569928527,False,1884.039004390586
USA|georgia,USA|ohio,0.6749252621013774,False,726.0244795601407
USA|georgia,USA|oklahoma,0.7742880562384904,False,1135.102330970845
USA|georgia,USA|oregon,0.22388970580863754,False,3467.8433452598097
USA|georgia,USA|pennsylvania,0.6998071415128553,False,984.808842321924
USA|georgia,USA|rhode island,0.29120045239319503,False,1443.6159591508513
USA|georgia,USA|south carolina,0.7787038645683476,True,303.1964302746929
USA|georgia,USA|south dakota,0.35328014887553644,False,1588.305749457652
USA|georgia,USA|tennessee,0.7180754608800125,False,350.4975377797789
USA|georgia,USA|texas,0.8527177665725816,False,1252.8418975621537
USA|georgia,USA|utah,0.5907611939332558,False,2554.06919268233
USA|georgia,USA|vermont,0.1309564585511626,False,1536.5854061382474
USA|georgia,USA|virginia,0.7090341961181909,False,817.3018071037372
USA|georgia,USA|washington,0.44479687548184843,False,3440.603870629035
USA|georgia,USA|washington dc,0.37369952834967135,False,869.4447008669974
USA|georgia,USA|west virginia,0.6575338606431556,False,690.2221913926173
USA|georgia,USA|wisconsin,0.692840530003606,False,1093.2109382483297
USA|georgia,USA|wyoming,0.41941244977234104,False,2004.307241855173
USA|idaho,USA|illinois,0.44343142716822903,False,2287.1994356286596
USA|idaho,USA|indiana,0.35385786821357335,False,2459.3960242215458
USA|idaho,USA|iowa,0.31888089524320595,False,1856.0099812681358
USA|idaho,USA|kansas,0.41129054159524264,False,1855.3310596498122
USA|idaho,USA|kentucky,0.3627953253036017,False,2590.3497519946036
USA|idaho,USA|louisiana,0.4170221082327634,False,2567.2840742422723
USA|idaho,USA|maine,0.33155627333398835,False,3658.312931846279
USA|idaho,USA|maryland,0.32378529087409846,False,3264.949803762662
USA|idaho,USA|massachusetts,0.3847434031272214,False,3586.4285676687186
USA|idaho,USA|michigan,0.35815387817312866,False,2585.6630732660224
USA|idaho,USA|minnesota,0.38548529353911903,False,1782.0102768697518
USA|idaho,USA|mississippi,0.3096383569779804,False,2591.3268194011494
USA|idaho,USA|missouri,0.40105077875651524,False,2035.9618457393874
USA|idaho,USA|montana,0.39307095167814954,False,476.682466323709
USA|idaho,USA|nebraska,0.38920921284235643,False,1646.0345345093351
USA|idaho,USA|nevada,0.38364698702478744,False,791.0617799725853
USA|idaho,USA|new hampshire,0.2872176825252286,False,3538.4922531444176
USA|idaho,USA|new jersey,0.430209635438162,False,3410.8263164153414
USA|idaho,USA|new mexico,0.3469965875071655,False,1353.761356008578
USA|idaho,USA|new york,0.4313896041432295,False,3338.1257154677355
USA|idaho,USA|north carolina,0.4001190374968244,False,3163.117735416157
USA|idaho,USA|north dakota,0.327337887553993,False,1368.4240677783912
USA|idaho,USA|ohio,0.4063470590250986,False,2737.348688064168
USA|idaho,USA|oklahoma,0.4619474686765286,False,1894.599546619865
USA|idaho,USA|oregon,0.3279112472667802,False,512.4074872712155
USA|idaho,USA|pennsylvania,0.4540678970592301,False,3202.3953402895622
USA|idaho,USA|rhode island,0.2354269803943542,False,3589.335639420098
USA|idaho,USA|south carolina,0.4332718686983554,False,3189.4304988352446
USA|idaho,USA|south dakota,0.3142270113593346,False,1477.0112158733618
USA|idaho,USA|tennessee,0.41968991874232786,False,2611.16550502354
USA|idaho,USA|texas,0.46229950494108635,False,2151.8667965831432
USA|idaho,USA|utah,0.28687782920277527,False,537.9576108969666
USA|idaho,USA|vermont,0.1917871741538945,False,3376.49421050437
USA|idaho,USA|virginia,0.4329528279019971,False,3235.6086166394552
USA|idaho,USA|washington,0.4875981456547029,True,550.1094628052289
USA|idaho,USA|washington dc,0.38839194618060996,False,3264.4553579910016
USA|idaho,USA|west virginia,0.3569977677296822,False,3001.323045829845
USA|idaho,USA|wisconsin,0.4345657986743577,False,2217.3791551485338
USA|idaho,USA|wyoming,0.20508409402693853,False,955.0342861195311
USA|illinois,USA|indiana,0.8368257758501659,True,203.8112672237609
USA|illinois,USA|iowa,0.7068454919064675,False,453.6923359920894
USA|illinois,USA|kansas,0.729416416916417,False,662.4507626517433
USA|illinois,USA|kentucky,0.8208915068671166,False,439.39919732844834
USA|illinois,USA|louisiana,0.7028758842783234,False,1202.2787149138035
USA|illinois,USA|maine,0.5643277662794272,False,1541.4648453838827
USA|illinois,USA|maryland,0.6838364887145375,False,978.3919169765045
USA|illinois,USA|massachusetts,0.6383667145862267,False,1378.9900480165877
USA|illinois,USA|michigan,0.7567671149988223,False,340.91900359858954
USA|illinois,USA|minnesota,0.782459410508191,False,568.9285340816081
USA|illinois,USA|mississippi,0.6268056130861009,False,1016.2722442260331
USA|illinois,USA|missouri,0.7981814933034445,False,508.3799322246211
USA|illinois,USA|montana,0.44496915685940075,False,1882.6783239743634
USA|illinois,USA|nebraska,0.7529944648847089,False,700.0068603686822
USA|illinois,USA|nevada,0.6177540216077192,False,2486.584976891644
USA|illinois,USA|new hampshire,0.5137134207256159,False,1352.7810699391428
USA|illinois,USA|new jersey,0.7078221575172795,False,1147.204804139441
USA|illinois,USA|new mexico,0.542828106852497,False,1806.0859574513838
USA|illinois,USA|new york,0.8386024544561129,False,1090.1828124201352
USA|illinois,USA|north carolina,0.7864066827481461,False,956.6130989249623
USA|illinois,USA|north dakota,0.6548679978558027,False,1014.6789187607876
USA|illinois,USA|ohio,0.772845548760183,False,452.38282946763684
USA|illinois,USA|oklahoma,0.7355155007594033,False,983.1910464400289
USA|illinois,USA|oregon,0.46807714643080495,False,2775.162756794352
USA|illinois,USA|pennsylvania,0.8192158451304792,False,925.6643818494452
USA|illinois,USA|rhode island,0.30813089349674716,False,1365.0389421469736
USA|illinois,USA|south carolina,0.8017845975163048,False,1049.384662267553
USA|illinois,USA|south dakota,0.4366355189525921,False,810.4699815277507
USA|illinois,USA|tennessee,0.7392739374446692,False,673.8009464417395
USA|illinois,USA|texas,0.7217173070831607,False,1425.5508538318195
USA|illinois,USA|utah,0.6075870267943438,False,2014.0303161846991
USA|illinois,USA|vermont,0.25007411287899095,False,1240.4680885803186
USA|illinois,USA|virginia,0.7653200458078507,False,948.9003179777065
USA|illinois,USA|washington,0.5110834287663556,False,2696.641022788705
USA|illinois,USA|washington dc,0.432516157325637,False,977.278721663603
USA|illinois,USA|west virginia,0.6907294940831528,False,718.2559291673738
USA|illinois,USA|wisconsin,0.7789197591026861,True,137.825719494253
USA|illinois,USA|wyoming,0.6441784841175086,False,1418.6057145547175
USA|indiana,USA|iowa,0.6539116371433445,False,605.2530861697892
USA|indiana,USA|kansas,0.7013550473916328,False,736.9465933801116
USA|indiana,USA|kentucky,0.8028495894349553,True,250.62900382540988
USA|indiana,USA|louisiana,0.6620523785157931,False,1103.191760553318
USA|indiana,USA|maine,0.5115654812115621,False,1477.4998188178943
USA|indiana,USA|maryland,0.6623432461847096,False,822.4002784420716
USA|indiana,USA|massachusetts,0.6162480811871056,False,1282.6158144256106
USA|indiana,USA|michigan,0.7034454366771441,True,312.6389032667383
USA|indiana,USA|minnesota,0.7669175336858264,False,770.6345304192637
USA|indiana,USA|mississippi,0.655548211950651,False,899.6256442124856
USA|indiana,USA|missouri,0.7849289937704572,False,552.489651243851
USA|indiana,USA|montana,0.3827986038351892,False,2066.9768450419874
USA|indiana,USA|nebraska,0.7299362223142711,False,837.119673890925
USA|indiana,USA|nevada,0.5398365023995995,False,2615.3409103547806
USA|indiana,USA|new hampshire,0.44562754318851877,False,1267.5714100044213
USA|indiana,USA|new jersey,0.6704063213209555,False,1021.1432344340933
USA|indiana,USA|new mexico,0.48253169594633005,False,1883.7508533823159
USA|indiana,USA|new york,0.7846218821828578,False,978.2996220361376
USA|indiana,USA|north carolina,0.7874198971759948,False,754.0937420364335
USA|indiana,USA|north dakota,0.5952076378905646,False,1213.1184247399099
USA|indiana,USA|ohio,0.7338667430130845,True,287.19431990279423
USA|indiana,USA|oklahoma,0.7051809978639247,False,1008.7707085177328
USA|indiana,USA|oregon,0.3974404660380271,False,2953.366085566636
USA|indiana,USA|pennsylvania,0.7763628647774988,False,791.0028190016914
USA|indiana,USA|rhode island,0.2875691381788943,False,1260.227268882452
USA|indiana,USA|south carolina,0.7531949757559514,False,845.8994202351239
USA|indiana,USA|south dakota,0.4104239256678281,False,988.5762174729548
USA|indiana,USA|tennessee,0.722224421919544,False,518.7250943350792
USA|indiana,USA|texas,0.6803866864842475,False,1402.498570534075
USA|indiana,USA|utah,0.5643710963832915,False,2159.818474451167
USA|indiana,USA|vermont,0.20645157687840615,False,1181.0291216231192
USA|indiana,USA|virginia,0.7443425476962063,False,782.2312602301967
USA|indiana,USA|washington,0.44106807826320016,False,2882.680769550256
USA|indiana,USA|washington dc,0.3662502484749236,False,816.4429825101744
USA|indiana,USA|west virginia,0.7126933026323271,False,543.7416099806022
USA|indiana,USA|wisconsin,0.7956910975203658,False,334.14605775173413
USA|indiana,USA|wyoming,0.6052098308195869,False,1565.9100765786102
USA|iowa,USA|kansas,0.596719845195455,False,327.12141426273735
USA|iowa,USA|kentucky,0.6468323343323343,False,747.2252912858972
USA|iowa,USA|louisiana,0.5117900392290636,False,1156.694717236407
USA|iowa,USA|maine,0.534957234706004,False,1977.4621358548063
USA|iowa,USA|maryland,0.5062132988962258,False,1422.979944873272
USA|iowa,USA|massachusetts,0.5223683836488715,False,1829.269031677058
USA|iowa,USA|michigan,0.5726565101565102,False,788.4003239789278
USA|iowa,USA|minnesota,0.6168176335859263,False,368.6137305493461
USA|iowa,USA|mississippi,0.4357776369971492,False,1036.0630408021884
USA|iowa,USA|missouri,0.6166313361435313,False,321.65813714555634
USA|iowa,USA|montana,0.3999938070060021,False,1477.0947874208211
USA|iowa,USA|nebraska,0.5802226229055497,True,248.9075413868289
USA|iowa,USA|nevada,0.41864492451716867,False,2033.4467212831066
USA|iowa,USA|new hampshire,0.36424043436238557,False,1799.7179821690468
USA|iowa,USA|new jersey,0.5142504852870707,False,1600.648265717408
USA|iowa,USA|new mexico,0.3909418833199321,False,1390.0864796766853
USA|iowa,USA|new york,0.5938700527115162,False,1543.639606859739
USA|iowa,USA|north carolina,0.5963330368818175,False,1319.9578243817382
USA|iowa,USA|north dakota,0.5881410256410257,False,696.7745057406175
USA|iowa,USA|ohio,0.6187729952973856,False,888.5802059915538
USA|iowa,USA|oklahoma,0.5761768719085792,False,689.341514480176
USA|iowa,USA|oregon,0.40792997652753754,False,2353.567363996338
USA|iowa,USA|pennsylvania,0.6105246379636624,False,1377.5677607988787
USA|iowa,USA|rhode island,0.1753581784069589,False,1817.2053418762641
USA|iowa,USA|south carolina,0.5674376436571559,False,1371.3950445257233
USA|iowa,USA|south dakota,0.4469960933375568,False,401.78745321244503
USA|iowa,USA|tennessee,0.5332543472787376,False,847.6339284214539
USA|iowa,USA|texas,0.49850708234854585,False,1189.2655028453278
USA|iowa,USA|utah,0.3990090194358487,False,1561.5479498345176
USA|iowa,USA|vermont,0.21712027809588785,False,1676.6652755491461
USA|iowa,USA|virginia,0.5653086750647726,False,1386.5795234291647
USA|iowa,USA|washington,0.4200037767110938,False,2293.128256404031
USA|iowa,USA|washington dc,0.23875286212206928,False,1419.0738200449475
USA|iowa,USA|west virginia,0.5823734192636632,False,1148.9305006690272
USA|iowa,USA|wisconsin,0.6001102555980604,True,437.3685419702515
USA|iowa,USA|wyoming,0.508763086506989,False,966.1547133433876
USA|kansas,USA|kentucky,0.6856299188616263,False,775.2391019598949
USA|kansas,USA|louisiana,0.6500460921192629,False,889.9087595920242
USA|kansas,USA|maine,0.4246947697494067,False,2198.897902963889
USA|kansas,USA|maryland,0.558998927901367,False,1543.0020260655172
USA|kansas,USA|massachusetts,0.4956039895064286,False,2017.997374792092
USA|kansas,USA|michigan,0.671686037539696,False,998.3350368739627
USA|kansas,USA|minnesota,0.6787272686662931,False,682.8726427633118
USA|kansas,USA|mississippi,0.5582014530185262,False,814.0149915759865
USA|kansas,USA|missouri,0.6765064204088593,True,195.88857073616518
USA|kansas,USA|montana,0.3912931580614507,False,1540.4057391174981
USA|kansas,USA|nebraska,0.6768653094872608,False,272.9454152231666
USA|kansas,USA|nevada,0.5925756906426561,False,1899.7364543521699
USA|kansas,USA|new hampshire,0.38810934999959396,False,1999.53163898156
USA|kansas,USA|new jersey,0.631900112083039,False,1756.5277664051061
USA|kansas,USA|new mexico,0.46863350064569576,False,1149.415895784458
USA|kansas,USA|new york,0.707409460458241,False,1715.2284617932867
USA|kansas,USA|north carolina,0.7251950285486872,False,1329.5257537859916
USA|kansas,USA|north dakota,0.5274979085954696,False,914.746394453466
USA|kansas,USA|ohio,0.6606092078653054,False,1017.4899495358794
USA|kansas,USA|oklahoma,0.6713109045426119,False,362.6323024935533
USA|kansas,USA|oregon,0.32085292756024464,False,2366.0152438543846
USA|kansas,USA|pennsylvania,0.7303671937818279,False,1525.0464471259527
USA|kansas,USA|rhode island,0.26802008966643115,False,1996.916829375409
USA|kansas,USA|south carolina,0.6994666918447406,False,1338.1695277998779
USA|kansas,USA|south dakota,0.3481685996929899,False,569.2139447441307
USA|kansas,USA|tennessee,0.6813019297775396,False,755.8349165375782
USA|kansas,USA|texas,0.6918817970647239,False,862.6022337198976
USA|kansas,USA|utah,0.5859196697611332,False,1478.949752681267
USA|kansas,USA|vermont,0.17242361297239348,False,1898.6794570190998
USA|kansas,USA|virginia,0.724964060329914,False,1491.6914924802154
USA|kansas,USA|washington,0.46563294429148083,False,2340.1635298210836
USA|kansas,USA|washington dc,0.3679104559592197,False,1532.194511513754
USA|kansas,USA|west virginia,0.6016163714334447,False,1251.539637877377
USA|kansas,USA|wisconsin,0.7247473055399885,False,701.9691754408068
USA|kansas,USA|wyoming,0.519726208750599,False,907.3815667275015
USA|kentucky,USA|louisiana,0.7183583692730033,False,911.267234713775
USA|kentucky,USA|maine,0.5145685760591807,False,1561.215374594626
USA|kentucky,USA|maryland,0.6515689594957889,False,791.2585749000355
USA|kentucky,USA|massachusetts,0.5983112416039246,False,1329.4432962928208
USA|kentucky,USA|michigan,0.765826653021775,False,511.40200536925084
USA|kentucky,USA|minnesota,0.7376327940352332,False,982.8013135632661
USA|kentucky,USA|mississippi,0.7309291318437661,False,695.320520402493
USA|kentucky,USA|missouri,0.8286972174167295,False,579.50555891337
USA|kentucky,USA|montana,0.32543168213899926,False,2223.8787403563088
USA|kentucky,USA|nebraska,0.7120481144871389,False,944.693146591127
USA|kentucky,USA|nevada,0.583088987116672,False,2674.3428624306184
USA|kentucky,USA|new hampshire,0.43663196559538026,False,1330.0003922955282
USA|kentucky,USA|new jersey,0.6932087221721369,False,1033.3741866703806
USA|kentucky,USA|new mexico,0.47846868578575896,False,1880.2441679431124
USA|kentucky,USA|new york,0.7990073950439803,False,1014.9034457323598
USA|kentucky,USA|north carolina,0.8484213956774932,False,573.9712243485505
USA|kentucky,USA|north dakota,0.584500357366211,False,1409.8440411526021
USA|kentucky,USA|ohio,0.809121264913948,True,332.96348306798717
USA|kentucky,USA|oklahoma,0.7377896493750152,False,966.4706573165404
USA|kentucky,USA|oregon,0.4001770587136441,False,3093.5075362858556
USA|kentucky,USA|pennsylvania,0.7878721887868229,False,802.7675271130619
USA|kentucky,USA|rhode island,0.232702257092501,False,1295.7612390307688
USA|kentucky,USA|south carolina,0.8162888940327966,False,630.5190573962348
USA|kentucky,USA|south dakota,0.36224547809913665,False,1148.1221098781514
USA|kentucky,USA|tennessee,0.7479197631636656,False,289.7942347384495
USA|kentucky,USA|texas,0.7584250099494002,False,1286.4260151525602
USA|kentucky,USA|utah,0.6071433647653159,False,2248.640940269011
USA|kentucky,USA|vermont,0.16822455999285268,False,1278.2299888129098
USA|kentucky,USA|virginia,0.7868782640124105,False,730.3742355546855
USA|kentucky,USA|washington,0.44395746529892877,False,3039.5221373951754
USA|kentucky,USA|washington dc,0.3569572999009243,False,775.3564226258577
USA|kentucky,USA|west virginia,0.751410175190663,False,497.36586978925186
USA|kentucky,USA|wisconsin,0.7808142061190844,False,576.1841993310402
USA|kentucky,USA|wyoming,0.5520363782558905,False,1664.7182194391248
USA|louisiana,USA|maine,0.429488249236571,False,2432.194096171803
USA|louisiana,USA|maryland,0.5401793328622597,False,1581.773310495287
USA|louisiana,USA|massachusetts,0.5541709306953209,False,2170.588272798292
USA|louisiana,USA|michigan,0.6644478488990684,False,1408.3483500287075
USA|louisiana,USA|minnesota,0.5970777190289386,False,1522.3657715720733
USA|louisiana,USA|mississippi,0.6447282392404344,False,222.41455738730798
USA|louisiana,USA|missouri,0.6947463105999692,False,836.5598984190569
USA|louisiana,USA|montana,0.2892026672514478,False,2342.671697756987
USA|louisiana,USA|nebraska,0.6504983837300911,False,1161.3056142037492
USA|louisiana,USA|nevada,0.6285788181050223,False,2366.8499741908076
USA|louisiana,USA|new hampshire,0.41882913834133345,False,2187.2932317152913
USA|louisiana,USA|new jersey,0.6262350454423625,False,1851.9387726750772
USA|louisiana,USA|new mexico,0.4998558352216889,False,1436.4431069458165
USA|louisiana,USA|new york,0.7348114284089894,False,1861.2924068873224
USA|louisiana,USA|north carolina,0.7271884619445595,False,1133.4280317846435
USA|louisiana,USA|north dakota,0.40957264280435013,False,1804.5934729397204
USA|louisiana,USA|ohio,0.667808817199061,False,1238.808020403992
USA|louisiana,USA|oklahoma,0.7852944819408235,False,682.9953025952393
USA|louisiana,USA|oregon,0.28838031886812376,False,3074.3238030506946
USA|louisiana,USA|pennsylvania,0.7004362507411288,False,1641.0486693208866
USA|louisiana,USA|rhode island,0.40090955792175303,False,2125.6034557741486
USA|louisiana,USA|south carolina,0.7491416104220983,False,1022.0716698413706
USA|louisiana,USA|south dakota,0.32871853756000097,False,1458.7533434196364
USA|louisiana,USA|tennessee,0.6525446098616831,False,630.9086901940326
USA|louisiana,USA|texas,0.8562905590344616,False,561.7333594115617
USA|louisiana,USA|utah,0.5833876489364295,False,2092.115837636184
USA|louisiana,USA|vermont,0.14547393663247324,False,2165.5073096026977
USA|louisiana,USA|virginia,0.6665955995224289,False,1502.7321696112717
USA|louisiana,USA|washington,0.4223708202366739,False,3096.054672446499
USA|louisiana,USA|washington dc,0.43134149898022767,False,1554.9936106162556
USA|louisiana,USA|west virginia,0.584924222119344,False,1323.642961716343
USA|louisiana,USA|wisconsin,0.6857893123137027,False,1321.026241927754
USA|louisiana,USA|wyoming,0.4380629533068557,False,1632.2235019019754
USA|maine,USA|maryland,0.48557850756694254,False,878.5952520214041
USA|maine,USA|massachusetts,0.5446010474029378,False,302.0297300157501
USA|maine,USA|michigan,0.48061624359079363,False,1201.4614365870857
USA|maine,USA|minnesota,0.4786695112140834,False,1900.1280272605045
USA|maine,USA|mississippi,0.3263591497881147,False,2209.8797767889396
USA|maine,USA|missouri,0.4898278157091698,False,2025.6169117924028
USA|maine,USA|montana,0.33739257914247855,False,3198.262788197875
USA|maine,USA|nebraska,0.43822037188172597,False,2225.8597878906894
USA|maine,USA|nevada,0.3762409785948245,False,3991.6239206139476
USA|maine,USA|new hampshire,0.22862404727184174,False,253.6049162918969
USA|maine,USA|new jersey,0.4465504574884574,False,612.1581995401824
USA|maine,USA|new mexico,0.2501414045991382,False,3346.8431619353064
USA|maine,USA|new york,0.5698009523252394,False,576.2492446937856
USA|maine,USA|north carolina,0.5158655516061155,False,1382.4731864812272
USA|maine,USA|north dakota,0.49273217797601393,False,2289.920702813639
USA|maine,USA|ohio,0.5493457951278689,False,1233.7531316806253
USA|maine,USA|oklahoma,0.386647446385864,False,2486.0055411132344
USA|maine,USA|oregon,0.3305957673672603,False,4091.948737384005
USA|maine,USA|pennsylvania,0.5119852850382998,False,794.4094064372327
USA|maine,USA|rhode island,0.20503254431449613,False,365.5111640822653
USA|maine,USA|south carolina,0.5110124264724679,False,1551.6492247251972
USA|maine,USA|south dakota,0.3812283221387792,False,2248.671182890122
USA|maine,USA|tennessee,0.4131867133357927,False,1809.7816898742888
USA|maine,USA|texas,0.3651709526716901,False,2847.529099370069
USA|maine,USA|utah,0.3482379343519738,False,3490.356777771349
USA|maine,USA|vermont,0.280301289196234,False,301.1462652751776
USA|maine,USA|virginia,0.49081793344079255,False,961.5412681885033
USA|maine,USA|washington,0.3447772177996343,False,3954.375073185878
USA|maine,USA|washington dc,0.20637440059631967,False,910.6330384169745
USA|maine,USA|west virginia,0.47970429972775325,False,1108.8995042376823
USA|maine,USA|wisconsin,0.47738015000499756,False,1541.1400767695234
USA|maine,USA|wyoming,0.449459388358011,False,2906.319076922911
USA|maryland,USA|massachusetts,0.5719539606734729,False,595.102721887927
USA|maryland,USA|michigan,0.6323381902650196,False,697.2592732111136
USA|maryland,USA|minnesota,0.610872866970428,False,1508.9432166464103
USA|maryland,USA|mississippi,0.5712026794343867,False,1361.9926573849557
USA|maryland,USA|missouri,0.6373301495252716,False,1349.3535176377684
USA|maryland,USA|montana,0.278354267683536,False,2852.001069695469
USA|maryland,USA|nebraska,0.5165733656587316,False,1659.2505772992654
USA|maryland,USA|nevada,0.5028102617415986,False,3435.5460257098957
USA|maryland,USA|new hampshire,0.39583079522103914,False,625.3349223898176
USA|maryland,USA|new jersey,0.6117703434776606,False,272.43001822980693
USA|maryland,USA|new mexico,0.2747415186439577,False,2669.626570468652
USA|maryland,USA|new york,0.697088988247525,False,308.3928721803303
USA|maryland,USA|north carolina,0.6589157793426087,False,505.0552299143493
USA|maryland,USA|north dakota,0.4514844911186375,False,1957.329520624893
USA|maryland,USA|ohio,0.5578085532353825,False,535.4880778481335
USA|maryland,USA|oklahoma,0.5946644818596039,False,1757.6925169841593
USA|maryland,USA|oregon,0.27665931629346263,False,3749.3521202672464
USA|maryland,USA|pennsylvania,0.5653726354945867,False,137.39055420583904
USA|maryland,USA|rhode island,0.3154716218740609,False,545.6985881184798
USA|maryland,USA|south carolina,0.6850933619226303,False,677.4804532665966
USA|maryland,USA|south dakota,0.392962728328582,False,1787.9418270426368
USA|maryland,USA|tennessee,0.5705376940133038,False,984.4118169050452
USA|maryland,USA|texas,0.550881537162025,False,2044.4736477757006
USA|maryland,USA|utah,0.4094396457201336,False,2981.8765964722315
USA|maryland,USA|vermont,0.2575209343502026,False,666.6700519981566
USA|maryland,USA|virginia,0.6026443069125996,True,82.95347685717707
USA|maryland,USA|washington,0.35725250359396704,False,3661.1354774047954
USA|maryland,USA|washington dc,0.4005204234527016,True,33.89816491138592
USA|maryland,USA|west virginia,0.5640731219999512,False,294.37696996753033
USA|maryland,USA|wisconsin,0.5737118572484426,False,1052.899162393696
USA|maryland,USA|wyoming,0.4006648838965912,False,2387.4168571958044
USA|massachusetts,USA|michigan,0.5955172875904583,False,1040.8706223034756
USA|massachusetts,USA|minnesota,0.52203589093833,False,1806.5010478773254
USA|massachusetts,USA|mississippi,0.49745478099136636,False,1949.3059555640332
USA|massachusetts,USA|missouri,0.6001016260162602,False,1835.010695695776
USA|massachusetts,USA|montana,0.2684246647661282,False,3139.6761784931064
USA|massachusetts,USA|nebraska,0.532292402719232,False,2077.5944988938886
USA|massachusetts,USA|nevada,0.5301157848903915,False,3861.3518994563424
USA|massachusetts,USA|new hampshire,0.25213099908221864,True,82.80381104536897
USA|massachusetts,USA|new jersey,0.6047895194236658,False,322.9065209996107
USA|massachusetts,USA|new mexico,0.3718639084492743,False,3166.274906149764
USA|massachusetts,USA|new york,0.7147171933757299,False,314.7983175785822
USA|massachusetts,USA|north carolina,0.544514936283229,False,1092.919115867022
USA|massachusetts,USA|north dakota,0.4651324285470627,False,2224.793254486237
USA|massachusetts,USA|ohio,0.5801322661078758,False,1015.7518071977597
USA|massachusetts,USA|oklahoma,0.5673107380424454,False,2280.1335004328876
USA|massachusetts,USA|oregon,0.2806025275537471,False,4040.949747616926
USA|massachusetts,USA|pennsylvania,0.633380846795481,False,532.5776935251743
USA|massachusetts,USA|rhode island,0.33956592188299506,True,65.02752466391505
USA|massachusetts,USA|south carolina,0.6278162894016553,False,1258.655353664097
USA|massachusetts,USA|south dakota,0.36030686792881916,False,2138.158739989735
USA|massachusetts,USA|tennessee,0.5434012126085297,False,1558.8044000446916
USA|massachusetts,USA|texas,0.5585060264938314,False,2611.255900078083
USA|massachusetts,USA|utah,0.3999628420360128,False,3375.325879925205
USA|massachusetts,USA|vermont,0.09026034940669088,False,275.14641991553583
USA|massachusetts,USA|virginia,0.5961310031431982,False,677.4367223189965
USA|massachusetts,USA|washington,0.3517356627112725,False,3920.144156336931
USA|massachusetts,USA|washington dc,0.36425043579050714,False,625.3123934725281
USA|massachusetts,USA|west virginia,0.5464286729530632,False,851.3186545367325
USA|massachusetts,USA|wisconsin,0.6456155632984901,False,1403.4457229620982
USA|massachusetts,USA|wyoming,0.4656395433834458,False,2783.0668467683195
USA|michigan,USA|minnesota,0.7141055083128254,False,814.3421371547838
USA|michigan,USA|mississippi,0.6910564029466468,False,1199.0236019531078
USA|michigan,USA|missouri,0.7585712052175467,False,831.3007126954229
USA|michigan,USA|montana,0.3447401176059713,False,2161.571987714519
USA|michigan,USA|nebraska,0.6871253746253747,False,1036.829077488932
USA|michigan,USA|nevada,0.6086772232692692,False,2821.005459694884
USA|michigan,USA|new hampshire,0.45104996629386873,False,1012.5134350357588
USA|michigan,USA|new jersey,0.6711870446626544,False,826.4579166468649
USA|michigan,USA|new mexico,0.4568571672230209,False,2145.3980995546817
USA|michigan,USA|new york,0.7853218935536008,False,760.4993584220853
USA|michigan,USA|north carolina,0.7676388651998408,False,831.7283351118645
USA|michigan,USA|north dakota,0.5465652233944917,False,1260.924746161516
USA|michigan,USA|ohio,0.6939092411653388,True,272.9514648707414
USA|michigan,USA|oklahoma,0.708096781267513,False,1301.6488385781893
USA|michigan,USA|oregon,0.4291663620931914,False,3061.9587199931234
USA|michigan,USA|pennsylvania,0.7779750737067811,False,618.4486986279161
USA|michigan,USA|rhode island,0.3390588070466119,False,1029.756925202464
USA|michigan,USA|south carolina,0.7771405423844449,False,969.9760842648753
USA|michigan,USA|south dakota,0.38528798437335027,False,1114.1826976215489
USA|michigan,USA|tennessee,0.7164598612769345,False,800.5536480376701
USA|michigan,USA|texas,0.6776952722074673,False,1712.6574366592295
USA|michigan,USA|utah,0.5394676461749633,False,2340.2783033862215
USA|michigan,USA|vermont,0.17333530290847365,False,900.753961245244
USA|michigan,USA|virginia,0.7694800118580606,False,688.2100455607904
USA|michigan,USA|washington,0.4677796796699236,False,2967.130322308402
USA|michigan,USA|washington dc,0.42276684840050416,False,704.2683705245282
USA|michigan,USA|west virginia,0.6229223012759598,False,494.96571225275784
USA|michigan,USA|wisconsin,0.7804157224888932,True,370.07426984095207
USA|michigan,USA|wyoming,0.5909953867270941,False,1745.9947414492422
USA|minnesota,USA|mississippi,0.5780738570372717,False,1391.0528089827078
USA|minnesota,USA|missouri,0.746245116671946,False,685.8163205900154
USA|minnesota,USA|montana,0.4090574060086255,False,1348.3295377375566
USA|minnesota,USA|nebraska,0.7392221599538672,False,490.0135561016973
USA|minnesota,USA|nevada,0.48398381141011454,False,2104.1247716597086
USA|minnesota,USA|new hampshire,0.4859073852976292,False,1761.6647201003059
USA|minnesota,USA|new jersey,0.6461922224117346,False,1632.6143689258106
USA|minnesota,USA|new mexico,0.42491451637793104,False,1605.8925060473498
USA|minnesota,USA|new york,0.7361789633131096,False,1557.1242124304981
USA|minnesota,USA|north carolina,0.7225853414877805,False,1524.7261591354822
USA|minnesota,USA|north dakota,0.5927294250464983,False,450.30015845359804
USA|minnesota,USA|ohio,0.7331611477952942,False,1009.1285563536843
USA|minnesota,USA|oklahoma,0.6329204332253112,False,1036.615403318476
USA|minnesota,USA|oregon,0.4974791468693907,False,2249.9943041018746
USA|minnesota,USA|pennsylvania,0.7591767988109452,False,1432.2916930240906
USA|minnesota,USA|rhode island,0.2089871510603218,False,1807.7617485054525
USA|minnesota,USA|south carolina,0.6856695134134159,False,1609.4876010932853
USA|minnesota,USA|south dakota,0.3716405545673839,False,360.7385653673032
USA|minnesota,USA|tennessee,0.6458587144562754,False,1152.3633785108418
USA|minnesota,USA|texas,0.5822663109248475,False,1541.577968232391
USA|minnesota,USA|utah,0.5754519870373529,False,1592.9982923467421
USA|minnesota,USA|vermont,0.24392172867782627,False,1608.6235582150118
USA|minnesota,USA|virginia,0.7542396627762482,False,1491.948472001369
USA|minnesota,USA|washington,0.493479081893716,False,2152.8705809437965
USA|minnesota,USA|washington dc,0.30958110540638917,False,1513.377116277661
USA|minnesota,USA|west virginia,0.6429251642666276,False,1273.153062312503
USA|minnesota,USA|wisconsin,0.7832604387482436,False,461.3080065566899
USA|minnesota,USA|wyoming,0.6125454829723124,False,1021.0095396907253
USA|mississippi,USA|missouri,0.6857030164956994,False,716.2380312462104
USA|mississippi,USA|montana,0.20524698878357417,False,2328.6850621033745
USA|mississippi,USA|nebraska,0.5515480454504845,False,1085.3536854103804
USA|mississippi,USA|nevada,0.5283261616846309,False,2459.068284802482
USA|mississippi,USA|new hampshire,0.3940383803188681,False,1965.2915220344419
USA|mississippi,USA|new jersey,0.5575933213128336,False,1631.4058947324706
USA|mississippi,USA|new mexico,0.42505817353378333,False,1548.50283890069
USA|mississippi,USA|new york,0.6391083509985949,False,1639.4289943400586
USA|mississippi,USA|north carolina,0.7611732779415706,False,924.7746643290416
USA|mississippi,USA|north dakota,0.3717080683544098,False,1713.7431623961488
USA|mississippi,USA|ohio,0.6283269575952504,False,1019.5950183206254
USA|mississippi,USA|oklahoma,0.723043216945656,False,700.4994668294343
USA|mississippi,USA|oregon,0.18697461075509858,False,3102.685952563221
USA|mississippi,USA|pennsylvania,0.6727576285503115,False,1419.1805495624476
USA|mississippi,USA|rhode island,0.2586798364237389,False,1904.91217564247
USA|mississippi,USA|south carolina,0.6922234269795247,False,826.9977734756617
USA|mississippi,USA|south dakota,0.3072339246119734,False,1376.4461451150935
USA|mississippi,USA|tennessee,0.6304742005961519,True,410.7049221662587
USA|mississippi,USA|texas,0.7276833938419305,False,729.4540782894748
USA|mississippi,USA|utah,0.4375538079806373,False,2142.5203026249383
USA|mississippi,USA|vermont,0.03711633894560724,False,1943.232234994183
USA|mississippi,USA|virginia,0.6848664546835278,False,1283.620160564894
USA|mississippi,USA|washington,0.34570612314514754,False,3106.0744761231285
USA|mississippi,USA|washington dc,0.37607620969485195,False,1335.7362534047074
USA|mississippi,USA|west virginia,0.5880740194764585,False,1101.490965251165
USA|mississippi,USA|wisconsin,0.6722134572744328,False,1141.962266641066
USA|mississippi,USA|wyoming,0.35793170244389755,False,1640.5946148806938
USA|missouri,USA|montana,0.3423009916912356,False,1702.4025190476534
USA|missouri,USA|nebraska,0.7406018777969997,False,405.64871667687277
USA|missouri,USA|nevada,0.6184096160965121,False,2095.6094305817574
USA|missouri,USA|new hampshire,0.5032985307375551,False,1819.7163463248912
USA|missouri,USA|new jersey,0.7248112659698026,False,1567.2242097214619
USA|missouri,USA|new mexico,0.4991405951771805,False,1331.8043813017155
USA|missouri,USA|new york,0.7784197509807266,False,1529.209596942987
USA|missouri,USA|north carolina,0.8328967780187293,False,1137.4157395570198
USA|missouri,USA|north dakota,0.5700980929639466,False,1001.650806787327
USA|missouri,USA|ohio,0.7677845528455285,False,827.6473783445899
USA|missouri,USA|oklahoma,0.7380561511659074,False,474.81225062484896
USA|missouri,USA|oregon,0.4153752751313727,False,2544.779326509793
USA|missouri,USA|pennsylvania,0.7958885626568554,False,1335.1178365060543
USA|missouri,USA|rhode island,0.2614352111303331,False,1811.758789003414
USA|missouri,USA|south carolina,0.7769831794222039,False,1153.5185729248826
USA|missouri,USA|south dakota,0.35772002387856044,False,674.5688875726095
USA|missouri,USA|tennessee,0.7438090364919633,False,581.9666353451286
USA|missouri,USA|texas,0.7689079213469457,False,934.162619957423
USA|missouri,USA|utah,0.619876566522908,False,1671.9889264441151
USA|missouri,USA|vermont,0.19915958025714126,False,1726.8851808727982
USA|missouri,USA|virginia,0.7826746424307399,False,1296.8881001466905
USA|missouri,USA|washington,0.48200986005864055,False,2509.757367370842
USA|missouri,USA|washington dc,0.38554733678191894,False,1337.9311749532665
USA|missouri,USA|west virginia,0.7235950025584172,False,1057.0940712231618
USA|missouri,USA|wisconsin,0.8196224507200116,False,576.3960302813626
USA|missouri,USA|wyoming,0.5695498607083973,False,1094.7135686257525
USA|montana,USA|nebraska,0.40461114089162875,False,1297.8869534859743
USA|montana,USA|nevada,0.35048441782867035,False,1130.353777499945
USA|montana,USA|new hampshire,0.23487894219601538,False,3088.3731587529523
USA|montana,USA|new jersey,0.3151975057462862,False,2980.4646208736817
USA|montana,USA|new mexico,0.2962312078165737,False,1365.555102315833
USA|montana,USA|new york,0.4270460230826085,False,2903.0840648287344
USA|montana,USA|north carolina,0.35502810197932144,False,2797.0472797047573
USA|montana,USA|north dakota,0.47515289588460324,False,914.8987332325572
USA|montana,USA|ohio,0.37679139965725333,False,2335.017335567414
USA|montana,USA|oklahoma,0.3028196397098836,False,1659.9895297294881
USA|montana,USA|oregon,0.27637504771651117,False,902.531678819017
USA|montana,USA|pennsylvania,0.4332709972953876,False,2779.9865753363097
USA|montana,USA|rhode island,0.2032266513973831,False,3146.039357085799
USA|montana,USA|south carolina,0.29784798534798534,False,2842.3287742368843
USA|montana,USA|south dakota,0.1772389196169684,False,1079.547219064611
USA|montana,USA|tennessee,0.33366379555403947,False,2284.328387456599
USA|montana,USA|texas,0.2808055765372839,False,2010.258647383898
USA|montana,USA|utah,0.30610598750842655,False,669.9587647645521
USA|montana,USA|vermont,0.18814011192059973,False,2921.2009221696867
USA|montana,USA|virginia,0.35922309397919155,False,2829.219913513761
USA|montana,USA|washington,0.3374247703515996,False,816.3216101438412
USA|montana,USA|washington dc,0.20067900737672362,False,2854.2816430176117
USA|montana,USA|west virginia,0.2914458508970704,False,2600.933575650419
USA|montana,USA|wisconsin,0.39419269754635605,False,1799.1090267951179
USA|montana,USA|wyoming,0.4423325658081756,False,726.6692631065423
USA|nebraska,USA|nevada,0.5965257553074205,False,1786.7474344389573
USA|nebraska,USA|new hampshire,0.4987918585479561,False,2048.529695406117
USA|nebraska,USA|new jersey,0.6843502026428856,False,1844.903229576099
USA|nebraska,USA|new mexico,0.4636785978249393,False,1153.7867897032759
USA|nebraska,USA|new york,0.7084978030099982,False,1790.0511657943866
USA|nebraska,USA|north carolina,0.7188162447308789,False,1517.0833076962167
USA|nebraska,USA|north dakota,0.6113617073982928,False,645.4899352489659
USA|nebraska,USA|ohio,0.7102942788918398,False,1123.762840128796
USA|nebraska,USA|oklahoma,0.6439926942975723,False,572.6728574221155
USA|nebraska,USA|oregon,0.4690177708470391,False,2151.0585000978363
USA|nebraska,USA|pennsylvania,0.7817959479544845,False,1619.753577549109
USA|nebraska,USA|rhode island,0.24726340732438296,False,2064.8251147269493
USA|nebraska,USA|south carolina,0.703647978038222,False,1548.7923780039587
USA|nebraska,USA|south dakota,0.4046664717396425,False,297.76256043286463
USA|nebraska,USA|tennessee,0.6689453838844083,False,986.8661771208692
USA|nebraska,USA|texas,0.6708677501360429,False,1074.53170655408
USA|nebraska,USA|utah,0.6239060736011955,False,1322.7023269571862
USA|nebraska,USA|vermont,0.2299423137837772,False,1925.1851522900758
USA|nebraska,USA|virginia,0.7459552642479472,False,1618.7399554674096
USA|nebraska,USA|washington,0.46932742054693277,False,2107.8409895505533
USA|nebraska,USA|washington dc,0.36301663842295434,False,1653.5576568642032
USA|nebraska,USA|west virginia,0.6115119636461099,False,1378.990033932239
USA|nebraska,USA|wisconsin,0.7520020629776728,False,684.9540511087116
USA|nebraska,USA|wyoming,0.6489841459353655,False,729.1950268517321
USA|nevada,USA|new hampshire,0.4327875418265131,False,3828.6655247839276
USA|nevada,USA|new jersey,0.6927562646647444,False,3630.9574831484856
USA|nevada,USA|new mexico,0.5453962380856279,False,940.7022293740624
USA|nevada,USA|new york,0.701213509713553,False,3576.7507336335634
USA|nevada,USA|north carolina,0.5848643968917813,False,3214.0602092397266
USA|nevada,USA|north dakota,0.4364573988584366,False,1794.897435902129
USA|nevada,USA|ohio,0.5255388064093985,False,2902.244813644656
USA|nevada,USA|oklahoma,0.6637392921787734,False,1783.595374956222
USA|nevada,USA|oregon,0.24761649016843246,False,1040.3824450614054
USA|nevada,USA|pennsylvania,0.6450349250641338,False,3404.193408400237
USA|nevada,USA|rhode island,0.4231008350263637,False,3850.5112480110947
USA|nevada,USA|south carolina,0.683503575121984,False,3194.7376798399096
USA|nevada,USA|south dakota,0.3014148328062755,False,1746.8653815693037
USA|nevada,USA|tennessee,0.5747660082252662,False,2605.644436049526
USA|nevada,USA|texas,0.7288324897704603,False,1847.7126401471687
USA|nevada,USA|utah,0.6126717049048188,False,529.9284952426656
USA|nevada,USA|vermont,0.15212076441353034,False,3693.966490369336
USA|nevada,USA|virginia,0.6091467741032865,False,3388.3340323233824
USA|nevada,USA|washington,0.3361760617654808,False,1221.7982925031395
USA|nevada,USA|washington dc,0.3730274246994157,False,3426.927499025942
USA|nevada,USA|west virginia,0.5119083802260257,False,3147.547373022267
USA|nevada,USA|wisconsin,0.6407241945965918,False,2459.1326329975927
USA|nevada,USA|wyoming,0.5249931121968917,False,1085.8721779519742
USA|new hampshire,USA|new jersey,0.4363441436612169,False,358.79817381476556
USA|new hampshire,USA|new mexico,0.35004832565808175,False,3148.8707787987605
USA|new hampshire,USA|new york,0.5005741210009503,False,326.4178700261357
USA|new hampshire,USA|north carolina,0.500224876749267,False,1128.8928033028833
USA|new hampshire,USA|north dakota,0.38839615668883964,False,2173.9282164142433
USA|new hampshire,USA|ohio,0.42354901196364614,False,1009.115045251392
USA|new hampshire,USA|oklahoma,0.4325714935471033,False,2271.2191414741515
USA|new hampshire,USA|oregon,0.30697706764779936,False,3988.5638083635686
USA|new hampshire,USA|pennsylvania,0.5541663620931914,False,546.4198884126494
USA|new hampshire,USA|rhode island,0.06600513307830382,False,141.5566176066445
USA|new hampshire,USA|south carolina,0.49280546689083277,False,1298.1213870901147
USA|new hampshire,USA|south dakota,0.2031332488649562,False,2098.36817827895
USA|new hampshire,USA|tennessee,0.4503118832387125,False,1569.2091725494106
USA|new hampshire,USA|texas,0.443966094880729,False,2615.4144075538197
USA|new hampshire,USA|utah,0.3785152855274807,False,3338.1028095482097
USA|new hampshire,USA|vermont,0.1996052727760045,False,196.42325757131704
USA|new hampshire,USA|virginia,0.5031959910008691,False,708.2878580057218
USA|new hampshire,USA|washington,0.30710143515021565,False,3864.1438353125736
USA|new hampshire,USA|washington dc,0.2557432747499204,False,657.2031782351054
USA|new hampshire,USA|west virginia,0.4812159385330117,False,863.9483044004509
USA|new hampshire,USA|wisconsin,0.48751705611461715,False,1369.5377718702937
USA|new hampshire,USA|wyoming,0.4146463292804756,False,2747.596803215278
USA|new jersey,USA|new mexico,0.47734785539663593,False,2897.198924207894
USA|new jersey,USA|new york,0.8027815680254704,True,103.1856721405832
USA|new jersey,USA|north carolina,0.688685298441396,False,771.4807377009752
USA|new jersey,USA|north dakota,0.5013568748324846,False,2070.838977806541
USA|new jersey,USA|ohio,0.6609076898711045,False,739.5782923696878
USA|new jersey,USA|oklahoma,0.6833679531850265,False,1995.865614460024
USA|new jersey,USA|oregon,0.4065360452555575,False,3882.5298761827476
USA|new jersey,USA|pennsylvania,0.7044033202569789,True,232.63222276137193
USA|new jersey,USA|rhode island,0.39542165151921255,False,273.7886822987485
USA|new jersey,USA|south carolina,0.7154765965741576,False,939.5525359776278
USA|new jersey,USA|south dakota,0.36939077182979624,False,1940.6037314601188
USA|new jersey,USA|tennessee,0.6258269169854536,False,1247.0420056301143
USA|new jersey,USA|texas,0.6868228316399049,False,2304.677874205679
USA|new jersey,USA|utah,0.5395158703085532,False,3160.992788928729
USA|new jersey,USA|vermont,0.1665072732145903,False,438.7699906371889
USA|new jersey,USA|virginia,0.7272651129358447,False,354.5597771200422
USA|new jersey,USA|washington,0.4051888152497909,False,3778.8520909952954
USA|new jersey,USA|washington dc,0.4522551384976619,False,302.40596143086367
USA|new jersey,USA|west virginia,0.5733844407624895,False,541.9306172451692
USA|new jersey,USA|wisconsin,0.6876543172274879,False,1196.433652940585
USA|new jersey,USA|wyoming,0.5133413334632847,False,2565.6527460695615
USA|new mexico,USA|new york,0.5382194025486708,False,2860.990274208243
USA|new mexico,USA|north carolina,0.44998294388538296,False,2372.9803620002986
USA|new mexico,USA|north dakota,0.33176884091518244,False,1491.883776415427
USA|new mexico,USA|ohio,0.40747362393703856,False,2158.212045254785
USA|new mexico,USA|oklahoma,0.5461175003857931,False,922.4808747665635
USA|new mexico,USA|oregon,0.2899077548467793,False,1804.2684538046635
USA|new mexico,USA|pennsylvania,0.536191958448056,False,2664.670888825356
USA|new mexico,USA|rhode island,0.2985124631466095,False,3143.5589813543966
USA|new mexico,USA|south carolina,0.48673125654832977,False,2327.9534635589994
USA|new mexico,USA|south dakota,0.19579962720206623,False,1267.9518743836977
USA|new mexico,USA|tennessee,0.4285912258473234,False,1754.028405065335
USA|new mexico,USA|texas,0.5621258822478334,True,907.1388213740563
USA|new mexico,USA|utah,0.4918947921996703,False,815.9421432320912
USA|new mexico,USA|vermont,0.18667663637175833,False,3046.1245400286325
USA|new mexico,USA|virginia,0.47529147681586703,False,2610.6042955894027
USA|new mexico,USA|washington,0.3365130804155194,False,1901.258294001641
USA|new mexico,USA|washington dc,0.315282310193464,False,2655.080455097482
USA|new mexico,USA|west virginia,0.4120899425777474,False,2375.2764479133943
USA|new mexico,USA|wisconsin,0.5093803554169408,False,1823.097289682064
USA|new mexico,USA|wyoming,0.4142067282311185,False,765.1678875296727
USA|new york,USA|north carolina,0.8057333926236365,False,812.9123218281721
USA|new york,USA|north dakota,0.5980650447113862,False,1991.0657540470265
USA|new york,USA|ohio,0.7762638783980248,False,704.906636602255
USA|new york,USA|oklahoma,0.7335743524767915,False,1968.717585038109
USA|new york,USA|oregon,0.4040187454821601,False,3805.5630877319372
USA|new york,USA|pennsylvania,0.8230341812658887,False,220.24920304196675
USA|new york,USA|rhode island,0.4265724113285089,False,283.1672452950431
USA|new york,USA|south carolina,0.7997982708348562,False,985.865647143622
USA|new york,USA|south dakota,0.39869480113382555,False,1872.9211674792195
USA|new york,USA|tennessee,0.6925838389253024,False,1245.549777007061
USA|new york,USA|texas,0.7402901976072709,False,2296.5583140353283
USA|new york,USA|utah,0.6236009925034315,False,3100.4065628461103
USA|new york,USA|vermont,0.1988509458021653,False,362.43077030715716
USA|new york,USA|virginia,0.8108035257425502,False,390.3540750477637
USA|new york,USA|washington,0.49211560796926646,False,3697.750316017931
USA|new york,USA|washington dc,0.44437035857109797,False,341.8040743609488
USA|new york,USA|west virginia,0.6976093012678379,False,538.7162471991458
USA|new york,USA|wisconsin,0.7950910877740146,False,1129.9150661403876
USA|new york,USA|wyoming,0.6220634040755992,False,2505.700347797774
USA|north carolina,USA|north dakota,0.5378564524905989,False,1965.5816153843814
USA|north carolina,USA|ohio,0.8110867790745838,False,561.4910632047245
USA|north carolina,USA|oklahoma,0.7492634398122203,False,1451.8705629771866
USA|north carolina,USA|oregon,0.3910743727816899,False,3667.164948979854
USA|north carolina,USA|pennsylvania,0.820684904526368,False,611.7771438664194
USA|north carolina,USA|rhode island,0.2714922272849102,False,1038.6010921041768
USA|north carolina,USA|south carolina,0.7627702581970874,True,176.71436516437456
USA|north carolina,USA|south dakota,0.35439661964052205,False,1719.4975642639731
USA|north carolina,USA|tennessee,0.7958520138398187,False,618.9957748044994
USA|north carolina,USA|texas,0.7763390065219334,False,1644.566091839786
USA|north carolina,USA|utah,0.5944578795188551,False,2808.475418045679
USA|north carolina,USA|vermont,0.1629259967674602,False,1166.217331254189
USA|north carolina,USA|virginia,0.8426197785953883,True,422.5928512694695
USA|north carolina,USA|washington,0.4924389634755489,False,3612.978429451724
USA|north carolina,USA|washington dc,0.4391374434658035,False,472.3168556903151
USA|north carolina,USA|west virginia,0.7679221185318748,False,382.93580274901643
USA|north carolina,USA|wisconsin,0.7993936957351592,False,1077.9055834996773
USA|north carolina,USA|wyoming,0.5074290546851523,False,2231.220435288559
USA|north dakota,USA|ohio,0.6112221112221112,False,1459.0048129567417
USA|north dakota,USA|oklahoma,0.4591389301755156,False,1201.9826254790257
USA|north dakota,USA|oregon,0.4331938386816435,False,1816.7586125820085
USA|north dakota,USA|pennsylvania,0.6145658203585034,False,1876.8286664938632
USA|north dakota,USA|rhode island,0.2032276666423008,False,2231.310897148047
USA|north dakota,USA|south carolina,0.5283227950910878,False,2040.2853288200372
USA|north dakota,USA|south dakota,0.36657905103027055,False,348.45131400208277
USA|north dakota,USA|tennessee,0.5141469303054669,False,1542.8142742186294
USA|north dakota,USA|texas,0.40035675706407414,False,1687.4157412189325
USA|north dakota,USA|utah,0.44928800873922825,False,1266.3742575667268
USA|north dakota,USA|vermont,0.20997244625293404,False,2008.834670049265
USA|north dakota,USA|virginia,0.5201774851165095,False,1941.811070430095
USA|north dakota,USA|washington,0.43430959284617826,False,1708.3556853697507
USA|north dakota,USA|washington dc,0.3066947150209108,False,1962.4946148269555
USA|north dakota,USA|west virginia,0.4841185237526701,False,1723.3612466117424
USA|north dakota,USA|wisconsin,0.5840409590409591,False,911.554459067711
USA|north dakota,USA|wyoming,0.590150702955581,False,772.2203680334843
USA|ohio,USA|oklahoma,0.6456561730951975,False,1264.4003837076373
USA|ohio,USA|oregon,0.41374123843636035,False,3227.1547655976733
USA|ohio,USA|pennsylvania,0.7712247102491004,True,507.6309669314935
USA|ohio,USA|rhode island,0.25928035379254893,False,988.07388054596
USA|ohio,USA|south carolina,0.7350901131388937,False,697.0342427950742
USA|ohio,USA|south dakota,0.36831867319672196,False,1261.751727694696
USA|ohio,USA|tennessee,0.7009860058640547,False,608.9409525147624
USA|ohio,USA|texas,0.664147336403434,False,1615.1129243459748
USA|ohio,USA|utah,0.5312969550774429,False,2446.398573814673
USA|ohio,USA|vermont,0.16676057682155243,False,947.0172100356494
USA|ohio,USA|virginia,0.793455020589167,True,498.64663538717264
USA|ohio,USA|washington,0.4572043809848689,False,3148.652727882988
USA|ohio,USA|washington dc,0.4081615404554125,False,530.5450263375443
USA|ohio,USA|west virginia,0.6680301405911162,True,265.9898184627745
USA|ohio,USA|wisconsin,0.7643601317381805,False,548.2113635559009
USA|ohio,USA|wyoming,0.5860780479682919,False,1852.0500407369855
USA|oklahoma,USA|oregon,0.2848630028508078,False,2404.8485269415946
USA|oklahoma,USA|pennsylvania,0.7332017575920016,False,1763.6283099760344
USA|oklahoma,USA|rhode island,0.36698768710963836,False,2251.7488085534183
USA|oklahoma,USA|south carolina,0.763446411312265,False,1415.7721191056426
USA|oklahoma,USA|south dakota,0.3739426224182322,False,856.4976144561381
USA|oklahoma,USA|tennessee,0.6980153992349115,False,833.6382146349158
USA|oklahoma,USA|texas,0.8524102929590734,False,505.3123219793215
USA|oklahoma,USA|utah,0.5583430796845431,False,1442.8217191428241
USA|oklahoma,USA|vermont,0.11529730432169458,False,2189.768044122031
USA|oklahoma,USA|virginia,0.7392302819132088,False,1695.2522601008732
USA|oklahoma,USA|washington,0.4001334031821837,False,2416.9117058195643
USA|oklahoma,USA|washington dc,0.4301693787902752,False,1741.2581805585878
USA|oklahoma,USA|west virginia,0.6244477067647799,False,1463.804224887977
USA|oklahoma,USA|wisconsin,0.7446917919478896,False,1044.9502220124202
USA|oklahoma,USA|wyoming,0.42864148047074874,False,950.9030295860891
USA|oregon,USA|pennsylvania,0.49114148047074874,False,3680.363259485888
USA|oregon,USA|rhode island,0.10011583944510774,False,4048.059130535132
USA|oregon,USA|south carolina,0.39380690447763617,False,3697.6885127265205
USA|oregon,USA|south dakota,0.2441775703970826,False,1965.7011979122021
USA|oregon,USA|tennessee,0.42620692315814274,False,3121.7129598945617
USA|oregon,USA|texas,0.24392426679012047,False,2642.658048115549
USA|oregon,USA|utah,0.28517823639774864,False,1003.9217192042493
USA|oregon,USA|vermont,0.3297139852017901,False,3818.9453933518266
USA|oregon,USA|virginia,0.43152883701664196,False,3723.8224930967776
USA|oregon,USA|washington,0.5787368119685193,False,246.5713732123197
USA|oregon,USA|washington dc,0.2606688192293958,False,3750.5354207824316
USA|oregon,USA|west virginia,0.38761644859205835,False,3492.4282483761995
USA|oregon,USA|wisconsin,0.43783350795545917,False,2697.2632793641014
USA|oregon,USA|wyoming,0.38192803131827524,False,1467.4343961443708
USA|pennsylvania,USA|rhode island,0.3108517498761401,False,494.215946795175
USA|pennsylvania,USA|south carolina,0.807909570104692,False,787.8032234508847
USA|pennsylvania,USA|south dakota,0.3910210724235115,False,1727.6074504298122
USA|pennsylvania,USA|tennessee,0.7889737295225099,False,1026.2543693994244
USA|pennsylvania,USA|texas,0.7408049267805366,False,2079.737070173817
USA|pennsylvania,USA|utah,0.6122266960681595,False,2939.0801281811982
USA|pennsylvania,USA|vermont,0.19714330385062093,False,555.6913570477462
USA|pennsylvania,USA|virginia,0.8317607189558408,False,201.46771575857363
USA|pennsylvania,USA|washington,0.539018907921347,False,3584.4670599672736
USA|pennsylvania,USA|washington dc,0.4556113414581949,False,167.80371133269506
USA|pennsylvania,USA|west virginia,0.7163766111936843,True,318.87188781381434
USA|pennsylvania,USA|wisconsin,0.8534681781633001,False,985.019659440675
USA|pennsylvania,USA|wyoming,0.6360154073568708,False,2343.6437341134483
USA|rhode island,USA|south carolina,0.3067222411734607,False,1202.420372748479
USA|rhode island,USA|south dakota,0.1875243658780244,False,2134.4621004769515
USA|rhode island,USA|tennessee,0.28485640375884275,False,1518.2548909481022
USA|rhode island,USA|texas,0.3810757332098796,False,2573.7449707791725
USA|rhode island,USA|utah,0.2419765194155438,False,3368.554165703392
USA|rhode island,USA|vermont,0.015020548557133924,False,321.6295714473902
USA|rhode island,USA|virginia,0.2860081991179552,False,627.1448614610688
USA|rhode island,USA|washington,0.18093187300504376,False,3930.9828420160275
USA|rhode island,USA|washington dc,0.2926843507148941,False,574.7367689348345
USA|rhode island,USA|west virginia,0.1615823201189055,False,811.2217367157375
USA|rhode island,USA|wisconsin,0.3051613021125216,False,1395.7922857429915
USA|rhode island,USA|wyoming,0.1731474825987021,False,2775.08687100126
USA|south carolina,USA|south dakota,0.41507882361540904,False,1773.1766915404141
USA|south carolina,USA|tennessee,0.7624778676607946,False,590.8720896681785
USA|south carolina,USA|texas,0.7584965847160969,False,1556.000200516147
USA|south carolina,USA|utah,0.5493688222346759,False,2810.7206376739814
USA|south carolina,USA|vermont,0.22424831266294679,False,1341.3302111840937
USA|south carolina,USA|virginia,0.7973317333073431,False,595.8216485028671
USA|south carolina,USA|washington,0.4345177180543034,False,3655.5822872572576
USA|south carolina,USA|washington dc,0.4412613719520577,False,644.2056024103298
USA|south carolina,USA|west virginia,0.6970032000519805,False,551.7030749166273
USA|south carolina,USA|wisconsin,0.7634453960673473,False,1178.6189087780838
USA|south carolina,USA|wyoming,0.574372274067396,False,2245.517179589185
USA|south dakota,USA|tennessee,0.3362420100224978,False,1240.0823977014295
USA|south dakota,USA|texas,0.33858519529251235,False,1348.5044595876102
USA|south dakota,USA|utah,0.15139890597207672,False,1241.890521598216
USA|south dakota,USA|vermont,0.23648607490070905,False,1953.5926012728592
USA|south dakota,USA|virginia,0.32776319209246035,False,1759.3098745657373
USA|south dakota,USA|washington,0.2654413675755139,False,1895.826377653064
USA|south dakota,USA|washington dc,0.26181149681604926,False,1787.5554933161873
USA|south dakota,USA|west virginia,0.33646028767979985,False,1526.7820988524318
USA|south dakota,USA|wisconsin,0.352032621849695,False,744.1731494770676
USA|south dakota,USA|wyoming,0.23667186472064522,False,661.7802277700428
USA|tennessee,USA|texas,0.7224340699950457,False,1060.295591745925
USA|tennessee,USA|utah,0.5648294794636258,False,2221.001443431636
USA|tennessee,USA|vermont,0.0855714407543676,False,1537.4197665358104
USA|tennessee,USA|virginia,0.7491756211268407,False,910.9934082253626
USA|tennessee,USA|washington,0.4773148599368111,False,3091.2232681729824
USA|tennessee,USA|washington dc,0.4445282318405112,False,961.5370861819489
USA|tennessee,USA|west virginia,0.6896639945420434,False,707.5117677606768
USA|tennessee,USA|wisconsin,0.7661728515387053,False,809.8963840269108
USA|tennessee,USA|wyoming,0.4858454553576505,False,1661.5808415735817
USA|texas,USA|utah,0.6793557052703395,False,1640.2023459055004
USA|texas,USA|vermont,0.12027961875522851,False,2561.9521633492704
USA|texas,USA|virginia,0.7017662215832947,False,1971.260220444667
USA|texas,USA|washington,0.442057942057942,False,2697.576420392244
USA|texas,USA|washington dc,0.4404885036154607,False,2021.8279348590681
USA|texas,USA|west virginia,0.6444348334592237,False,1762.9886948172166
USA|texas,USA|wisconsin,0.7398099867612064,False,1508.806639913218
USA|texas,USA|wyoming,0.4530281710159759,False,1284.306368827801
USA|utah,USA|vermont,0.10126306620209059,False,3195.4649408714963
USA|utah,USA|virginia,0.5679838454228698,False,2941.1000003465356
USA|utah,USA|washington,0.3450248938053816,False,1085.6598503638022
USA|utah,USA|washington dc,0.24704552363054183,False,2976.245902575826
USA|utah,USA|west virginia,0.5259730107291083,False,2700.9721097422475
USA|utah,USA|wisconsin,0.6546832232807842,False,1972.7620674833847
USA|utah,USA|wyoming,0.5147748592870545,False,595.4508990177642
USA|vermont,USA|virginia,0.16297269803367367,False,746.4247560615487
USA|vermont,USA|washington,0.3502442679271947,False,3689.0232466120633
USA|vermont,USA|washington dc,0.12677350441657362,False,700.5141474665406
USA|vermont,USA|west virginia,0.15623502513746415,False,851.9142689049686
USA|vermont,USA|wisconsin,0.14365614060736015,False,1240.7101673169655
USA|vermont,USA|wyoming,0.22976312305580598,False,2609.328378770107
USA|virginia,USA|washington,0.4382497583717096,False,3640.8881916717432
USA|virginia,USA|washington dc,0.42844927083719864,False,52.472162335951616
USA|virginia,USA|west virginia,0.6782155852277805,True,240.83832813305688
USA|virginia,USA|wisconsin,0.8197894585089708,False,1032.352508808008
USA|virginia,USA|wyoming,0.5804419158077694,False,2347.8457267617314
USA|washington,USA|washington dc,0.3087754948643993,False,3664.547237659336
USA|washington,USA|west virginia,0.44242444547322596,False,3414.6425269580714
USA|washington,USA|wisconsin,0.47236249522834883,False,2608.9677118459304
USA|washington,USA|wyoming,0.28401781145683586,False,1466.6087239823696
USA|washington dc,USA|west virginia,0.31918193223729885,False,280.9195065500292
USA|washington dc,USA|wisconsin,0.42765076713048783,False,1055.6300094679498
USA|washington dc,USA|wyoming,0.2158790051453447,False,2382.2799049142736
USA|west virginia,USA|wisconsin,0.7214320232612915,False,811.8461803807301
USA|west virginia,USA|wyoming,0.5288441233563185,False,2108.182437641637
USA|wisconsin,USA|wyoming,0.6246781673610943,False,1379.6836080311405
