site_id,assign_km,g3p_basin
0,823.5140026578547,Loire
6,981.7037828080424,Colorado River (Pacific Ocean)
7,507.8234207554929,Loire
10,507.8234207554929,Loire
11,512.2875167156623,St.Lawrence
19,659.3796359000892,Mississippi River
20,579.1862885091508,St.Lawrence
22,512.2140167157645,Loire
23,769.0278621575654,Mississippi River
24,763.539413746442,Mississippi River
25,629.8015833329852,Colorado River (Pacific Ocean)
26,509.8017571123473,St.Lawrence
29,987.9346803876109,Colorado River (Pacific Ocean)
30,778.7413436444692,Mississippi River
31,987.9346803876109,Colorado River (Pacific Ocean)
33,844.1829525298755,Columbia River
34,593.3636662213252,St.Lawrence
35,593.3636662213252,St.Lawrence
36,593.3636662213252,St.Lawrence
37,591.5741496905728,St.Lawrence
38,877.8390539397433,Mississippi River
41,891.4816490483098,Mississippi River
42,1020.7750283481491,Mississippi River
44,778.7413436444692,Mississippi River
45,1643.7675512950964,Grisalva
46,676.91998471122,Colorado River (Pacific Ocean)
48,675.0331808029855,Colorado River (Pacific Ocean)
51,987.9346803876109,Colorado River (Pacific Ocean)
55,672.9897683822762,Colorado River (Pacific Ocean)
56,672.9897683822762,Colorado River (Pacific Ocean)
59,1020.7750283481491,Mississippi River
60,509.73679307759573,St.Lawrence
62,605.299788966755,St.Lawrence
65,992.1071588468754,Columbia River
66,659.3796359000892,Mississippi River
67,987.9346803876109,Colorado River (Pacific Ocean)
69,605.2733560617932,St.Lawrence
70,992.1071588468754,Columbia River
71,659.3796359000892,Mississippi River
72,651.1077557886788,Mississippi River
76,981.7037828080424,Colorado River (Pacific Ocean)
77,671.4009531987037,Colorado River (Pacific Ocean)
78,987.9346803876109,Colorado River (Pacific Ocean)
79,877.7222526597202,Mississippi River
80,802.6463750932818,St.Lawrence
85,987.9346803876109,Colorado River (Pacific Ocean)
86,734.0866941782187,St.Lawrence
88,589.0453102900846,St.Lawrence
89,589.0453102900846,St.Lawrence
91,674.8101451254358,Colorado River (Pacific Ocean)
92,987.9346803876109,Colorado River (Pacific Ocean)
93,675.0829543876653,Colorado River (Pacific Ocean)
94,806.8676426243404,St.Lawrence
95,849.3701975768821,Mississippi River
96,778.7413436444692,Mississippi River
97,1020.7750283481491,Mississippi River
98,643.2633538998849,Mississippi River
101,981.7037828080424,Colorado River (Pacific Ocean)
103,1173.3308730722315,St.Lawrence
105,764.0320085795354,St.Lawrence
106,576.3138037836421,St.Lawrence
108,579.1358957124253,St.Lawrence
109,579.1358957124253,St.Lawrence
110,659.3796359000892,Mississippi River
111,711.6090704409111,Colorado River (Pacific Ocean)
113,1643.7675512950964,Grisalva
114,672.5749715313465,St.Lawrence
118,987.9346803876109,Colorado River (Pacific Ocean)
119,968.4053584124281,Colorado River (Pacific Ocean)
122,802.6463750932818,St.Lawrence
124,507.8234207554929,Loire
125,799.791567614301,St.Lawrence
126,799.791567614301,St.Lawrence
127,659.3796359000892,Mississippi River
128,799.791567614301,St.Lawrence
129,799.791567614301,St.Lawrence
130,799.791567614301,St.Lawrence
131,654.7700363147733,Mississippi River
132,987.9346803876109,Colorado River (Pacific Ocean)
133,711.5454867047099,Colorado River (Pacific Ocean)
134,507.8234207554929,Loire
135,802.6463750932818,St.Lawrence
136,802.6463750932818,St.Lawrence
137,654.5696162846648,Mississippi River
138,802.6463750932818,St.Lawrence
139,1643.7675512950964,Grisalva
141,981.7037828080424,Colorado River (Pacific Ocean)
144,987.9346803876109,Colorado River (Pacific Ocean)
145,987.9346803876109,Colorado River (Pacific Ocean)
148,778.7413436444692,Mississippi River
149,778.7413436444692,Mississippi River
150,807.1566157300978,St.Lawrence
151,522.5649546510466,Mississippi River
152,955.6486166257449,Columbia River
153,783.04090573226,Mississippi River
154,987.9346803876109,Colorado River (Pacific Ocean)
155,987.9346803876109,Colorado River (Pacific Ocean)
157,607.1801968737898,St.Lawrence
159,507.8234207554929,Loire
160,806.1159995246957,St.Lawrence
161,587.7737609839926,St.Lawrence
163,987.9346803876109,Colorado River (Pacific Ocean)
164,697.1568609646396,Colorado River (Pacific Ocean)
165,844.6324375868537,Columbia River
166,987.9346803876109,Colorado River (Pacific Ocean)
167,507.8234207554929,Loire
168,987.9346803876109,Colorado River (Pacific Ocean)
171,593.3636662213252,St.Lawrence
172,987.9346803876109,Colorado River (Pacific Ocean)
173,756.3296152382329,Mississippi River
174,593.3636662213252,St.Lawrence
175,593.3636662213252,St.Lawrence
183,659.3796359000892,Mississippi River
184,659.3796359000892,Mississippi River
185,659.3796359000892,Mississippi River
186,659.3796359000892,Mississippi River
187,1629.693556181413,Mississippi River
188,1643.7675512950964,Grisalva
189,1643.7675512950964,Grisalva
190,957.1400666700274,Columbia River
193,638.5387979007193,Mississippi River
194,954.9601909681681,Columbia River
195,954.9601909681681,Columbia River
196,608.7909134950136,St.Lawrence
197,607.2499635506367,St.Lawrence
198,981.7037828080424,Colorado River (Pacific Ocean)
200,763.5577346927984,Mississippi River
201,763.5577346927984,Mississippi River
204,778.7413436444692,Mississippi River
209,672.5749715313465,St.Lawrence
212,710.5014759842751,Colorado River (Pacific Ocean)
213,694.0240709118161,Colorado River (Pacific Ocean)
214,1209.5435385759292,Mississippi River
218,799.791567614301,St.Lawrence
219,799.791567614301,St.Lawrence
220,799.791567614301,St.Lawrence
221,799.791567614301,St.Lawrence
222,799.791567614301,St.Lawrence
223,799.791567614301,St.Lawrence
224,799.791567614301,St.Lawrence
225,799.791567614301,St.Lawrence
226,799.791567614301,St.Lawrence
227,799.791567614301,St.Lawrence
228,799.791567614301,St.Lawrence
229,799.791567614301,St.Lawrence
230,799.791567614301,St.Lawrence
231,873.8446249055539,Mississippi River
232,799.791567614301,St.Lawrence
234,802.6463750932818,St.Lawrence
235,802.6463750932818,St.Lawrence
236,713.8038214418981,Colorado River (Pacific Ocean)
237,987.9346803876109,Colorado River (Pacific Ocean)
238,798.2720385480195,Mississippi River
239,507.8234207554929,Loire
240,778.7413436444692,Mississippi River
241,987.9346803876109,Colorado River (Pacific Ocean)
246,649.6466345784858,Mississippi River
247,778.7413436444692,Mississippi River
248,987.9346803876109,Colorado River (Pacific Ocean)
249,893.3902601324655,Mississippi River
250,1173.1447769448757,St.Lawrence
253,806.1159995246957,St.Lawrence
255,778.7413436444692,Mississippi River
257,507.8234207554929,Loire
260,778.7413436444692,Mississippi River
261,874.1812127113375,Loire
267,507.8234207554929,Loire
268,593.3636662213252,St.Lawrence
269,549.5334063321186,St.Lawrence
270,659.3796359000892,Mississippi River
271,512.2875167156623,St.Lawrence
272,659.3796359000892,Mississippi River
273,957.1400666700274,Columbia River
275,957.1879936921584,Columbia River
278,671.816272060553,Colorado River (Pacific Ocean)
280,1020.7750283481491,Mississippi River
281,659.3796359000892,Mississippi River
282,694.0240709118161,Colorado River (Pacific Ocean)
283,535.5683305336096,Loire
286,659.3796359000892,Mississippi River
289,744.1701125595413,St.Lawrence
291,659.3796359000892,Mississippi River
292,1020.7750283481491,Mississippi River
293,672.9897683822762,Colorado River (Pacific Ocean)
294,511.8713544438755,Columbia River
300,828.1160682368115,St.Lawrence
301,674.9132206157805,Colorado River (Pacific Ocean)
302,778.7413436444692,Mississippi River
305,535.5683305336096,Loire
306,695.3514779834611,Mississippi River
308,549.0341956029961,St.Lawrence
309,663.5953130130579,Mississippi River
310,694.0240709118161,Colorado River (Pacific Ocean)
311,942.3638089465843,Mississippi River
312,747.1042576582638,St.Lawrence
313,593.3636662213252,St.Lawrence
315,830.7419507312048,St.Lawrence
316,659.3796359000892,Mississippi River
317,659.3796359000892,Mississippi River
321,671.0909147027967,Colorado River (Pacific Ocean)
329,671.4009531987037,Colorado River (Pacific Ocean)
330,535.5683305336096,Loire
331,1345.232376536862,Mississippi River
333,672.9897683822762,Colorado River (Pacific Ocean)
334,672.9897683822762,Colorado River (Pacific Ocean)
337,757.9950031663583,St.Lawrence
338,512.2875167156623,St.Lawrence
339,659.3796359000892,Mississippi River
340,849.3701975768821,Mississippi River
342,766.6510403020096,St.Lawrence
343,766.7171113247676,St.Lawrence
347,893.3902601324655,Mississippi River
349,593.3636662213252,St.Lawrence
351,583.8031348401872,St.Lawrence
357,996.961756570371,Rhine
371,840.2121345077261,St.Lawrence
372,631.2977734963393,Loire
389,610.614285889032,Indus
390,610.614285889032,Indus
394,641.7440802585443,Krishna
397,514.6964705653614,Loire
398,514.6964705653614,Loire
401,919.7348399654247,Loire
404,806.1159995246957,St.Lawrence
407,804.1431707923554,Loire
409,579.2751980110755,Rhine
414,977.5751545077859,Loire
423,769.0278621575654,Mississippi River
424,769.0278621575654,Mississippi River
425,769.0278621575654,Mississippi River
426,769.0278621575654,Mississippi River
428,629.8672828017583,Loire
485,678.894652396245,Colorado River (Pacific Ocean)
486,507.8234207554929,Loire
491,722.1717121214987,Rhine
493,1117.1049000369005,Dniepr
494,606.7118286861333,Loire
502,566.9203209349573,Mississippi River
503,672.3173524339754,Colorado River (Pacific Ocean)
504,593.3636662213252,St.Lawrence
505,750.079253249941,Danube
506,748.2071230888941,Danube
515,799.791567614301,St.Lawrence
517,738.5839420938065,St.Lawrence
518,799.791567614301,St.Lawrence
519,799.791567614301,St.Lawrence
520,799.791567614301,St.Lawrence
521,799.791567614301,St.Lawrence
522,799.791567614301,St.Lawrence
523,799.791567614301,St.Lawrence
524,802.6463750932818,St.Lawrence
525,802.6463750932818,St.Lawrence
526,799.791567614301,St.Lawrence
527,799.791567614301,St.Lawrence
528,799.791567614301,St.Lawrence
529,799.791567614301,St.Lawrence
530,799.791567614301,St.Lawrence
531,799.791567614301,St.Lawrence
532,799.791567614301,St.Lawrence
533,799.791567614301,St.Lawrence
534,862.9358690648402,Mississippi River
538,705.5365403588113,Colorado River (Pacific Ocean)
541,778.7413436444692,Mississippi River
542,778.7413436444692,Mississippi River
543,778.7413436444692,Mississippi River
544,778.7413436444692,Mississippi River
545,778.7413436444692,Mississippi River
546,778.7413436444692,Mississippi River
547,778.7413436444692,Mississippi River
548,763.5577346927984,Mississippi River
549,769.0278621575654,Mississippi River
550,778.7413436444692,Mississippi River
551,769.0278621575654,Mississippi River
552,790.3602919086126,Mississippi River
553,778.7413436444692,Mississippi River
554,778.7413436444692,Mississippi River
555,778.7413436444692,Mississippi River
556,778.7413436444692,Mississippi River
557,790.155897910594,Mississippi River
558,778.7413436444692,Mississippi River
559,769.0278621575654,Mississippi River
560,778.7413436444692,Mississippi River
561,781.6643377744366,Mississippi River
562,778.7413436444692,Mississippi River
563,778.7413436444692,Mississippi River
564,778.7413436444692,Mississippi River
565,778.7413436444692,Mississippi River
566,778.7413436444692,Mississippi River
567,789.8781915143516,Mississippi River
568,778.7413436444692,Mississippi River
569,796.489526575852,St.Lawrence
571,593.3636662213252,St.Lawrence
572,593.3636662213252,St.Lawrence
573,659.3796359000892,Mississippi River
574,593.3636662213252,St.Lawrence
575,519.9972487543463,Neva
576,823.5140026578547,Loire
590,623.3465990990065,Mississippi River
591,755.8577740130596,Mississippi River
613,756.3381193610024,Mississippi River
619,728.866099279602,Neva
621,728.866099279602,Neva
622,728.866099279602,Neva
625,1009.2454429285514,Loire
626,757.5909895222451,St.Lawrence
627,757.5909895222451,St.Lawrence
628,759.4191467300485,St.Lawrence
629,745.6558519135624,St.Lawrence
630,759.0250177279772,St.Lawrence
632,641.7440802585443,Krishna
644,504.17451080981556,St.Lawrence
645,675.1085956745004,Colorado River (Pacific Ocean)
647,631.2977734963393,Loire
648,631.2977734963393,Loire
649,631.2977734963393,Loire
650,631.2977734963393,Loire
651,631.2977734963393,Loire
652,631.2977734963393,Loire
653,631.2977734963393,Loire
654,631.2977734963393,Loire
655,631.2977734963393,Loire
656,631.2977734963393,Loire
657,631.2977734963393,Loire
658,634.6484835031404,Loire
660,703.058874110135,Danube
663,548.0666651975544,Rhine
666,799.791567614301,St.Lawrence
667,799.791567614301,St.Lawrence
668,799.791567614301,St.Lawrence
669,799.791567614301,St.Lawrence
691,744.0034194355786,Rhine
701,789.8279795378614,St.Lawrence
702,789.8279795378614,St.Lawrence
707,520.8033780283768,Rhine
708,647.3418888101298,Elbe River
728,883.1702341908367,Mississippi River
735,587.4792923436102,Mississippi River
739,644.2878764426745,Loire
740,644.2878764426745,Loire
741,644.2878764426745,Loire
742,644.2878764426745,Loire
743,644.2878764426745,Loire
744,627.2405502600079,Loire
751,975.9798978380139,Loire
752,874.1812127113375,Loire
753,874.1812127113375,Loire
756,734.0866941782187,St.Lawrence
757,594.8145360135832,Mississippi River
758,849.3701975768821,Mississippi River
759,517.9717557503145,Loire
760,576.3672317247465,Loire
761,822.8197355500898,Loire
768,692.7029203692717,Rhine
769,693.4524538641829,Rhine
770,706.3135988145946,Danube
771,696.6517624434679,Rhine
774,507.8234207554929,Loire
781,507.4661427804633,St.Lawrence
782,512.2875167156623,St.Lawrence
783,512.2875167156623,St.Lawrence
784,512.2875167156623,St.Lawrence
785,509.402876767954,St.Lawrence
786,507.10779368191646,St.Lawrence
788,509.4010922716777,St.Lawrence
790,512.2875167156623,St.Lawrence
791,509.402876767954,St.Lawrence
792,509.402876767954,St.Lawrence
794,512.2875167156623,St.Lawrence
799,507.7067666838178,Loire
811,552.170689278982,Rhine
812,551.9237977697745,Rhine
813,849.3701975768821,Mississippi River
814,980.1647534703895,Rhine
829,559.4980902726473,Loire
830,516.9617033363241,Neva
831,644.2878764426745,Loire
832,507.8234207554929,Loire
834,778.7413436444692,Mississippi River
835,778.7413436444692,Mississippi River
836,748.329883609364,Mississippi River
849,644.2878764426745,Loire
850,554.5213721833511,Danube
851,548.554594810183,Danube
852,549.019572030612,Danube
853,549.0347019932594,Danube
854,551.1548196255236,Danube
855,557.9082500191676,Danube
856,556.242382387885,Danube
857,546.6028089659034,Danube
858,546.2186914511547,Danube
859,552.2302184795647,Danube
873,548.8390081883377,Danube
874,544.1672701868381,Danube
877,513.7869752781107,St.Lawrence
878,571.0771501885612,Danube
881,659.3796359000892,Mississippi River
882,588.4597069445603,St.Lawrence
883,874.1812127113375,Loire
893,849.901587725064,Columbia River
894,849.901587725064,Columbia River
895,849.901587725064,Columbia River
896,573.2271714667608,Loire
897,920.0555297269801,Loire
898,517.8222409492552,Loire
899,749.4054469206601,Loire
900,844.6619309407482,Loire
902,520.9029877332272,Colorado River (Pacific Ocean)
921,778.7413436444692,Mississippi River
925,583.1987613920121,Loire
926,583.1987613920121,Loire
928,657.9375870917606,Colorado River (Pacific Ocean)
929,806.1159995246957,St.Lawrence
930,806.1159995246957,St.Lawrence
931,580.1849002854312,St.Lawrence
932,1020.7750283481491,Mississippi River
933,694.0240709118161,Colorado River (Pacific Ocean)
934,823.5140026578547,Loire
935,823.5140026578547,Loire
936,631.2977734963393,Loire
937,1228.3816268475846,Loire
944,821.4811926176002,Danube
946,576.4495606172976,Loire
947,757.5909895222451,St.Lawrence
951,696.0807225019843,Mississippi River
952,703.9907616685932,Mississippi River
953,729.4644125792206,Mississippi River
954,722.1717121214987,Rhine
958,609.8637164483015,Mississippi River
962,583.1987613920121,Loire
964,523.3284303522164,Neva
966,849.3701975768821,Mississippi River
967,619.565744238739,Loire
972,631.2977734963393,Loire
973,631.2977734963393,Loire
977,659.3796359000892,Mississippi River
979,671.4009531987037,Colorado River (Pacific Ocean)
980,641.7440802585443,Krishna
984,1320.7454536884031,Danube
985,545.5694145341104,St.Lawrence
986,693.3100244507644,Rhine
987,1020.7750283481491,Mississippi River
988,1020.7750283481491,Mississippi River
989,1020.7750283481491,Mississippi River
990,1020.7750283481491,Mississippi River
991,1014.1793694321075,Mississippi River
992,1020.7750283481491,Mississippi River
993,1020.7750283481491,Mississippi River
994,1020.7750283481491,Mississippi River
995,1020.7750283481491,Mississippi River
997,883.2795753482718,Mississippi River
998,641.2667546742905,Mississippi River
999,641.1502511777632,Mississippi River
1014,734.0010881099292,Krishna
1015,787.9286666683017,Colorado River (Pacific Ocean)
1016,787.9286666683017,Colorado River (Pacific Ocean)
1017,543.1061424725609,Danube
1018,663.5953130130579,Mississippi River
1019,659.3796359000892,Mississippi River
1020,659.3796359000892,Mississippi River
1021,659.3796359000892,Mississippi River
1022,659.3796359000892,Mississippi River
1023,659.3796359000892,Mississippi River
1024,659.3796359000892,Mississippi River
1025,659.3796359000892,Mississippi River
1026,659.3796359000892,Mississippi River
1027,659.3796359000892,Mississippi River
1028,659.3796359000892,Mississippi River
1029,654.7700363147733,Mississippi River
1030,655.4667717930195,Mississippi River
1031,659.3796359000892,Mississippi River
1032,622.2223947587822,Mississippi River
1033,659.3796359000892,Mississippi River
1034,659.3796359000892,Mississippi River
1035,659.3796359000892,Mississippi River
1036,659.3796359000892,Mississippi River
1037,659.3796359000892,Mississippi River
1038,659.3796359000892,Mississippi River
1039,655.6333817570985,Mississippi River
1040,655.3052681226261,Mississippi River
1041,659.3796359000892,Mississippi River
1042,659.3796359000892,Mississippi River
1043,659.3796359000892,Mississippi River
1044,655.3052681226261,Mississippi River
1045,659.3796359000892,Mississippi River
1046,659.3796359000892,Mississippi River
1047,672.9147078953605,Mississippi River
1048,652.5225658230074,Mississippi River
1049,659.3796359000892,Mississippi River
1050,636.1722482190528,Mississippi River
1051,659.3796359000892,Mississippi River
1052,663.5953130130579,Mississippi River
1053,654.7700363147733,Mississippi River
1054,659.3796359000892,Mississippi River
1055,653.0011260730736,Mississippi River
1056,659.3796359000892,Mississippi River
1059,507.8234207554929,Loire
1065,696.5366397624978,Mississippi River
1066,694.524430392741,Mississippi River
1067,709.56578150236,Mississippi River
1068,778.7413436444692,Mississippi River
1070,846.6551690120974,St.Lawrence
1073,507.8234207554929,Loire
1074,849.3701975768821,Mississippi River
1075,594.8145360135832,Mississippi River
1076,738.5839420938065,St.Lawrence
1079,830.3087923407096,Mississippi River
1080,764.0604324721612,St.Lawrence
1082,734.0866941782187,St.Lawrence
1083,734.0866941782187,St.Lawrence
1084,734.0866941782187,St.Lawrence
1085,734.0866941782187,St.Lawrence
1086,734.0866941782187,St.Lawrence
1087,734.0866941782187,St.Lawrence
1088,874.1812127113375,Loire
1089,887.3535991323118,Loire
1090,874.1812127113375,Loire
1103,595.8328083956699,St.Lawrence
1112,1050.6720671817327,Loire
1113,1366.220670276876,Mississippi River
1114,778.7413436444692,Mississippi River
1115,778.7413436444692,Mississippi River
1118,546.3533537954573,Danube
1121,781.8028625719242,St.Lawrence
1128,1643.7675512950964,Grisalva
1129,1643.7675512950964,Grisalva
1130,1643.7675512950964,Grisalva
1132,632.958819944996,Colorado River (Pacific Ocean)
1139,1046.2212923192862,Mississippi River
1140,849.3701975768821,Mississippi River
1141,849.3701975768821,Mississippi River
1142,849.3701975768821,Mississippi River
1143,1643.7675512950964,Grisalva
1144,849.3701975768821,Mississippi River
1145,849.3701975768821,Mississippi River
1146,849.3701975768821,Mississippi River
1147,849.3701975768821,Mississippi River
1148,849.3701975768821,Mississippi River
1149,849.3701975768821,Mississippi River
1150,849.3701975768821,Mississippi River
1151,849.3701975768821,Mississippi River
1152,849.3701975768821,Mississippi River
1153,874.1812127113375,Loire
1154,849.3701975768821,Mississippi River
1155,671.4009531987037,Colorado River (Pacific Ocean)
1156,670.4973436477867,Colorado River (Pacific Ocean)
1167,821.4811926176002,Danube
1170,590.8038556419959,St.Lawrence
1171,659.3796359000892,Mississippi River
1172,593.3636662213252,St.Lawrence
1179,832.7300376474018,St.Lawrence
1184,873.9725378885958,Loire
1185,873.9725378885958,Loire
1186,873.9725378885958,Loire
1187,821.4811926176002,Danube
1188,576.8049621799995,Mississippi River
1191,628.8130173889845,Loire
1195,716.5988879698398,Mississippi River
1196,981.7037828080424,Colorado River (Pacific Ocean)
1199,672.5749715313465,St.Lawrence
1200,672.5749715313465,St.Lawrence
1201,593.3636662213252,St.Lawrence
1202,512.2875167156623,St.Lawrence
1212,873.874611554166,St.Lawrence
1227,684.4568997263906,Colorado River (Pacific Ocean)
1229,641.7440802585443,Krishna
1270,528.6375286703754,St.Lawrence
1281,563.1304249738782,St.Lawrence
1282,849.3701975768821,Mississippi River
1283,954.9242960477426,Columbia River
1285,820.8868793212997,Danube
1287,593.3636662213252,St.Lawrence
1288,672.5749715313465,St.Lawrence
1291,507.8234207554929,Loire
1292,559.4980902726473,Loire
1294,610.614285889032,Indus
1296,720.7871408733934,Mississippi River
1297,721.0062247987046,Mississippi River
1305,593.3636662213252,St.Lawrence
1306,849.3701975768821,Mississippi River
1307,593.3636662213252,St.Lawrence
1336,769.077412274667,Neva
1337,820.7179427872077,Neva
1350,1056.636473276278,Mississippi River
1356,607.668247985529,St.Lawrence
1362,1366.220670276876,Mississippi River
1364,1345.232376536862,Mississippi River
1366,832.1419245448266,Mississippi River
1367,832.1419245448266,Mississippi River
1371,743.8629239805797,Mississippi River
1373,631.2977734963393,Loire
1374,631.2977734963393,Loire
1378,500.0054344474862,Danube
1384,844.3290237978222,Neva
1385,766.8186819245674,Loire
1386,692.3298928297282,Rhine
1388,766.8186819245674,Loire
1390,757.5567789977142,St.Lawrence
1391,1020.7750283481491,Mississippi River
1392,1020.7750283481491,Mississippi River
1393,644.2878764426745,Loire
1398,672.5749715313465,St.Lawrence
1399,775.4829280040511,St.Lawrence
1400,1643.7675512950964,Grisalva
1401,515.6534847218123,Loire
1402,515.6534847218123,Loire
1405,874.1812127113375,Loire
1406,874.1812127113375,Loire
1407,874.1812127113375,Loire
1408,611.2947633814166,Mississippi River
1409,655.3549985983299,Ganges
1410,655.3549985983299,Ganges
1415,671.3198164953029,Colorado River (Pacific Ocean)
1416,670.7837206353205,Colorado River (Pacific Ocean)
1417,671.4009531987037,Colorado River (Pacific Ocean)
1418,671.4009531987037,Colorado River (Pacific Ocean)
1419,671.4009531987037,Colorado River (Pacific Ocean)
1420,671.4009531987037,Colorado River (Pacific Ocean)
1421,671.4009531987037,Colorado River (Pacific Ocean)
1422,671.4009531987037,Colorado River (Pacific Ocean)
1423,670.3220039898299,Colorado River (Pacific Ocean)
1424,674.9132206157805,Colorado River (Pacific Ocean)
1425,679.2480195297884,Colorado River (Pacific Ocean)
1426,671.4009531987037,Colorado River (Pacific Ocean)
1427,671.4009531987037,Colorado River (Pacific Ocean)
1428,671.4009531987037,Colorado River (Pacific Ocean)
1429,671.816272060553,Colorado River (Pacific Ocean)
1430,671.4009531987037,Colorado River (Pacific Ocean)
1431,688.7353498636892,Colorado River (Pacific Ocean)
1432,668.5845166151272,Rhine
1433,533.7955525627948,Mississippi River
1434,873.9725378885958,Loire
1435,765.7444729558002,St.Lawrence
1436,785.0960833831723,St.Lawrence
1437,755.6062196333229,St.Lawrence
1438,776.2986733726185,St.Lawrence
1449,716.2029824908896,Mississippi River
1453,849.3701975768821,Mississippi River
1454,659.3796359000892,Mississippi River
1455,657.9251858679404,Mississippi River
1458,507.8234207554929,Loire
1459,507.8234207554929,Loire
1464,1635.3322784657933,Grisalva
1469,695.2277199537037,Mississippi River
1470,734.0866941782187,St.Lawrence
1472,694.0240709118161,Colorado River (Pacific Ocean)
1473,694.0240709118161,Colorado River (Pacific Ocean)
1475,786.0003082990702,Rhine
1479,709.3256701511185,St.Lawrence
1484,874.1812127113375,Loire
1485,874.1812127113375,Loire
1486,874.1812127113375,Loire
1487,874.1812127113375,Loire
1488,874.1812127113375,Loire
1489,874.1812127113375,Loire
1490,874.1812127113375,Loire
1491,874.1812127113375,Loire
1492,874.1812127113375,Loire
1493,874.1812127113375,Loire
1494,874.1812127113375,Loire
1495,874.1812127113375,Loire
1496,874.1812127113375,Loire
1497,874.1812127113375,Loire
1498,874.1812127113375,Loire
1499,874.1812127113375,Loire
1500,874.1812127113375,Loire
1501,874.1812127113375,Loire
1502,874.1812127113375,Loire
1503,874.1812127113375,Loire
1504,874.1812127113375,Loire
1505,874.1812127113375,Loire
1506,874.1812127113375,Loire
1507,874.1812127113375,Loire
1508,874.1812127113375,Loire
1509,874.1812127113375,Loire
1510,874.1812127113375,Loire
1511,874.1812127113375,Loire
1512,615.801189641308,Mississippi River
1518,802.6463750932818,St.Lawrence
1519,753.5391334681626,Albany River
1524,1171.4584724415763,St.Lawrence
1525,1162.1324334698431,St.Lawrence
1532,1087.245917868311,Mississippi River
1534,1345.232376536862,Mississippi River
1537,876.7647019785552,Mississippi River
1538,567.4300408307084,Mississippi River
1539,507.8234207554929,Loire
1541,876.7647019785552,Mississippi River
1543,594.8145360135832,Mississippi River
1544,713.9795581502033,Mississippi River
1546,507.8234207554929,Loire
1549,938.0152905236363,Danube
1550,948.7600907020113,Rhine
1552,610.6606710377993,St.Lawrence
1556,785.9069066219225,Rhine
1568,874.1812127113375,Loire
1570,528.5030886390512,Bravo
1571,528.5030886390512,Bravo
1572,528.5030886390512,Bravo
1574,645.4989463440157,Mississippi River
1577,976.2371190586634,Elbe River
1579,946.4984475055497,Columbia River
1582,522.8773008690055,Loire
1583,507.8234207554929,Loire
1586,530.2243321644509,Rhine
1587,796.2263978525394,St.Lawrence
1588,849.3701975768821,Mississippi River
1589,655.2165992748929,St.Lawrence
1602,997.516317042979,Loire
1606,657.8935028841759,Mississippi River
1614,606.6168235264632,St.Lawrence
1615,507.8234207554929,Loire
1616,507.8234207554929,Loire
1618,552.771555782899,Elbe River
1619,568.95264459929,St.Lawrence
1620,600.1171426908202,St.Lawrence
1623,1231.8828163588175,Loire
1624,1231.9537208524284,Loire
1626,659.3796359000892,Mississippi River
1627,955.5770446331959,Columbia River
1629,1002.115755171813,Loire
1630,840.3124007649973,Danube
1631,840.3124007649973,Danube
1632,672.9897683822762,Colorado River (Pacific Ocean)
1633,728.866099279602,Neva
1634,1643.7675512950964,Grisalva
1635,593.3636662213252,St.Lawrence
1636,734.0866941782187,St.Lawrence
1639,806.1159995246957,St.Lawrence
1644,521.7256903249307,Neva
1645,734.0866941782187,St.Lawrence
1647,850.3932095695773,Mississippi River
1648,753.2603029542585,Rhine
1649,582.8467399720373,Mississippi River
1653,773.1869503092419,St.Lawrence
1654,753.5644133646215,Rhine
1655,683.038604784079,Mississippi River
1656,758.5081612369055,Rhine
1658,673.8352430263308,Brazos River
1659,883.3168632863806,Elbe River
1660,724.6661159800702,Colorado River (Pacific Ocean)
1661,1638.94650365027,Mississippi River
1662,1648.017499173424,Mississippi River
1663,641.7440802585443,Krishna
1664,743.631809358325,Mississippi River
1744,762.3416072032019,St.Lawrence
1748,594.8145360135832,Mississippi River
1757,994.8138827108884,Rhine
1760,515.6365087013235,Rhine
1769,806.1159995246957,St.Lawrence
1770,535.664942989338,St.Lawrence
1773,1209.5435385759292,Mississippi River
1775,636.9319396452739,Elbe River
1776,637.822448757807,Elbe River
1777,702.219534541822,Elbe River
1778,647.2194043748625,Elbe River
1784,854.3953227284773,Mississippi River
1785,637.8488138348933,Mississippi River
1786,854.7583887778756,Mississippi River
1787,504.458498436907,Colorado River (Pacific Ocean)
1788,1081.2331572835276,Mississippi River
1789,896.8978292971289,Mississippi River
1790,507.8234207554929,Loire
1795,766.8186819245674,Loire
1797,942.2584516983899,Elbe River
1798,747.4903231473124,Neva
1809,507.8234207554929,Loire
1810,744.0034194355786,Rhine
1815,728.866099279602,Neva
1817,637.6560959764954,Elbe River
1818,637.8417228566159,Elbe River
1819,645.405339154895,Elbe River
1820,645.405339154895,Elbe River
1844,701.5279598660462,Mississippi River
1846,673.8160899839789,Mississippi River
1849,671.4009531987037,Colorado River (Pacific Ocean)
1850,729.0099616323356,Neva
1856,507.8234207554929,Loire
1857,507.8234207554929,Loire
1858,526.9330021315718,Bravo
1859,733.9315550984852,Rhine
1860,505.95459882058543,St.Lawrence
1864,511.8390468522211,Loire
1865,511.5228235046154,Loire
1867,514.6964705653614,Loire
1872,683.2940284492754,Rhine
1886,538.7494089637461,Loire
1887,594.8145360135832,Mississippi River
1888,849.901587725064,Columbia River
1891,806.1865580827777,St.Lawrence
1892,806.4206559518049,St.Lawrence
1893,974.6716266496137,Loire
1894,652.392886923616,St.Lawrence
1895,507.8234207554929,Loire
1896,562.9039940332951,Mississippi River
1898,551.0760993418032,Loire
1901,842.1929017932797,Mississippi River
1902,842.1727672291718,Mississippi River
1911,528.6064033173229,Rhine
1941,518.1687506723083,Loire
1943,1620.7786590649891,Mississippi River
1944,1640.4358591338191,Mississippi River
1945,1366.220670276876,Mississippi River
1946,990.8262998698352,Danube
1949,671.4009531987037,Colorado River (Pacific Ocean)
1950,659.3796359000892,Mississippi River
1951,1345.232376536862,Mississippi River
1952,692.7946908258316,Mississippi River
1953,507.08433283880885,Loire
1978,564.6783964381883,Rhine
1989,806.8676426243404,St.Lawrence
1990,799.791567614301,St.Lawrence
1991,670.4388668515393,Colorado River (Pacific Ocean)
1993,809.2995759374965,Columbia River
1997,994.5618095963123,Rhine
1998,744.0034194355786,Rhine
1999,744.0034194355786,Rhine
2000,744.0034194355786,Rhine
2004,507.8234207554929,Loire
2005,570.209218970014,Mississippi River
2008,1005.1250584845269,Loire
2009,1239.713527857,Loire
2013,747.4567404566436,Mississippi River
2014,594.8145360135832,Mississippi River
2015,594.8145360135832,Mississippi River
2016,594.8145360135832,Mississippi River
2017,594.8145360135832,Mississippi River
2020,529.576348418726,Mississippi River
2021,591.4311494846273,Mississippi River
2035,799.791567614301,St.Lawrence
2036,593.3636662213252,St.Lawrence
2039,641.7440802585443,Krishna
2042,584.8176165093635,St.Lawrence
2045,564.2696688894005,Rhine
2046,507.8234207554929,Loire
2047,651.6996958468266,Rhine
2048,636.835919306776,Rhine
2049,994.8138827108884,Rhine
2050,517.9717557503145,Loire
2051,744.0034194355786,Rhine
2052,507.8234207554929,Loire
2055,893.3902601324655,Mississippi River
2056,515.6534847218123,Loire
2057,697.5596705952653,St.Lawrence
2058,874.1812127113375,Loire
2062,674.2435759694578,Colorado River (Pacific Ocean)
2063,675.2023122843168,Colorado River (Pacific Ocean)
2064,675.3328325319482,Colorado River (Pacific Ocean)
2067,736.2101521933524,Colorado River (Pacific Ocean)
2070,850.7165898546303,Mississippi River
2072,988.0125229288183,Danube
2073,988.0125229288183,Danube
2074,974.0779624127607,Danube
2080,546.2905010195414,Danube
2081,548.8390081883377,Danube
2082,981.7037828080424,Colorado River (Pacific Ocean)
2085,550.5717311681237,Rhine
2097,548.2049370641931,Mississippi River
2098,1209.5435385759292,Mississippi River
2099,1209.5435385759292,Mississippi River
2100,1209.5435385759292,Mississippi River
2101,1209.5435385759292,Mississippi River
2102,1209.5435385759292,Mississippi River
2103,1209.5435385759292,Mississippi River
2104,590.8604964493886,Indus
2110,539.3513917458178,St.Lawrence
2112,849.3701975768821,Mississippi River
2113,694.0240709118161,Colorado River (Pacific Ocean)
2114,954.9242960477426,Columbia River
2127,512.2875167156623,St.Lawrence
2140,740.3017814965352,Neva
2141,728.866099279602,Neva
2142,565.8509447432453,Neva
2166,981.7037828080424,Colorado River (Pacific Ocean)
2179,597.4957788743686,St.Lawrence
2186,971.7508043964625,Mississippi River
2189,527.5136102475143,Neva
2201,530.2243321644509,Rhine
2210,555.2613805866931,Loire
2211,822.1496928853185,Loire
2214,1517.2806560454153,Senegal
2215,583.3042391193457,Mississippi River
2222,801.3008776345014,Nelson River
2223,1364.7547077053007,Mississippi River
2228,806.1159995246957,St.Lawrence
2246,799.791567614301,St.Lawrence
2247,674.8101451254358,Colorado River (Pacific Ocean)
2248,781.8028625719242,St.Lawrence
2253,694.0240709118161,Colorado River (Pacific Ocean)
2254,694.0240709118161,Colorado River (Pacific Ocean)
2255,711.5454867047099,Colorado River (Pacific Ocean)
2256,694.0240709118161,Colorado River (Pacific Ocean)
2257,987.9072413484964,Columbia River
2258,987.9346803876109,Colorado River (Pacific Ocean)
2261,722.1717121214987,Rhine
2275,722.1717121214987,Rhine
2276,722.1717121214987,Rhine
2277,709.5653741376175,Rhine
2278,722.1717121214987,Rhine
2281,592.900201153393,St.Lawrence
2282,592.900201153393,St.Lawrence
2290,576.3138037836421,St.Lawrence
2294,756.1246828194129,St.Lawrence
2295,594.8145360135832,Mississippi River
2296,594.8145360135832,Mississippi River
2297,672.9897683822762,Colorado River (Pacific Ocean)
2304,1026.0870907453273,Tigris & Euphrates
2308,712.4734613622212,Oder River
2310,1228.856277146266,Loire
2311,1227.771237689084,Loire
2312,1239.713527857,Loire
2314,766.8186819245674,Loire
2326,1011.4122211953544,Tigris & Euphrates
2327,507.8234207554929,Loire
2328,507.8234207554929,Loire
2329,507.8234207554929,Loire
2330,507.8234207554929,Loire
2331,507.8234207554929,Loire
2332,507.8234207554929,Loire
2333,507.8234207554929,Loire
2334,507.8234207554929,Loire
2335,507.8234207554929,Loire
2336,507.8234207554929,Loire
2337,507.8234207554929,Loire
2338,507.8234207554929,Loire
2339,507.8234207554929,Loire
2340,507.8234207554929,Loire
2341,507.8234207554929,Loire
2342,507.8234207554929,Loire
2343,507.8234207554929,Loire
2344,514.6964705653614,Loire
2345,507.8234207554929,Loire
2346,505.9397414903913,Loire
2347,507.8234207554929,Loire
2348,506.4473603334855,Loire
2349,507.8234207554929,Loire
2350,766.8186819245674,Loire
2351,507.8234207554929,Loire
2352,507.8234207554929,Loire
2353,507.8234207554929,Loire
2354,507.8234207554929,Loire
2355,507.8234207554929,Loire
2356,507.8234207554929,Loire
2357,507.8234207554929,Loire
2358,507.8234207554929,Loire
2359,507.8234207554929,Loire
2360,507.8234207554929,Loire
2361,507.8234207554929,Loire
2362,766.8186819245674,Loire
2364,507.8234207554929,Loire
2365,507.8234207554929,Loire
2366,507.8234207554929,Loire
2367,514.6964705653614,Loire
2368,514.6964705653614,Loire
2369,514.6964705653614,Loire
2370,507.8234207554929,Loire
2371,507.8234207554929,Loire
2372,507.8234207554929,Loire
2373,507.8234207554929,Loire
2374,507.8234207554929,Loire
2375,507.8234207554929,Loire
2376,507.8234207554929,Loire
2377,507.8234207554929,Loire
2378,507.8234207554929,Loire
2379,507.8234207554929,Loire
2380,507.8234207554929,Loire
2381,507.8234207554929,Loire
2382,540.5235386324706,Loire
2383,507.8234207554929,Loire
2384,507.8234207554929,Loire
2385,507.8234207554929,Loire
2386,766.8186819245674,Loire
2387,507.8234207554929,Loire
2388,507.8234207554929,Loire
2389,507.8234207554929,Loire
2391,596.6755849179069,St.Lawrence
2392,590.5276200555428,St.Lawrence
2395,593.3636662213252,St.Lawrence
2396,711.3389681312766,Colorado River (Pacific Ocean)
2397,694.0240709118161,Colorado River (Pacific Ocean)
2398,694.0240709118161,Colorado River (Pacific Ocean)
2399,694.0240709118161,Colorado River (Pacific Ocean)
2400,694.0240709118161,Colorado River (Pacific Ocean)
2401,694.0240709118161,Colorado River (Pacific Ocean)
2402,694.0240709118161,Colorado River (Pacific Ocean)
2403,694.0240709118161,Colorado River (Pacific Ocean)
2404,694.0240709118161,Colorado River (Pacific Ocean)
2405,705.5365403588113,Colorado River (Pacific Ocean)
2406,694.0240709118161,Colorado River (Pacific Ocean)
2407,694.0240709118161,Colorado River (Pacific Ocean)
2408,694.0240709118161,Colorado River (Pacific Ocean)
2409,694.0240709118161,Colorado River (Pacific Ocean)
2410,694.0240709118161,Colorado River (Pacific Ocean)
2411,694.0240709118161,Colorado River (Pacific Ocean)
2412,694.0240709118161,Colorado River (Pacific Ocean)
2413,712.9627408685595,Colorado River (Pacific Ocean)
2414,694.0240709118161,Colorado River (Pacific Ocean)
2415,694.0240709118161,Colorado River (Pacific Ocean)
2416,694.0240709118161,Colorado River (Pacific Ocean)
2417,694.0240709118161,Colorado River (Pacific Ocean)
2418,694.0240709118161,Colorado River (Pacific Ocean)
2419,694.0240709118161,Colorado River (Pacific Ocean)
2420,694.0240709118161,Colorado River (Pacific Ocean)
2422,799.791567614301,St.Lawrence
2424,568.825896364074,Mississippi River
2425,567.0110705616378,Mississippi River
2426,566.860592460469,Mississippi River
2427,566.9203209349573,Mississippi River
2428,566.9203209349573,Mississippi River
2429,1229.2511765027452,Loire
2433,769.5072694175303,Neva
2434,769.5072694175303,Neva
2443,508.6787138810422,St.Lawrence
2444,508.0573628080728,St.Lawrence
2450,507.8234207554929,Loire
2454,701.6921211487075,Mississippi River
2455,806.1159995246957,St.Lawrence
2456,710.6682497805108,Mississippi River
2457,810.9299715500406,Loire
2458,823.5140026578547,Loire
2459,823.5140026578547,Loire
2460,823.5140026578547,Loire
2461,823.5140026578547,Loire
2462,823.5140026578547,Loire
2463,823.5140026578547,Loire
2464,823.5140026578547,Loire
2465,823.5140026578547,Loire
2466,823.5140026578547,Loire
2467,823.5140026578547,Loire
2468,823.5140026578547,Loire
2469,819.8258547254047,Loire
2470,823.5140026578547,Loire
2471,823.5140026578547,Loire
2472,823.5140026578547,Loire
2473,809.4632424263478,Loire
2474,823.5140026578547,Loire
2475,823.5140026578547,Loire
2476,823.5140026578547,Loire
2477,823.5140026578547,Loire
2480,551.3189177203341,St.Lawrence
2481,974.9932620506773,Mississippi River
2482,974.9932620506773,Mississippi River
2483,517.9717557503145,Loire
2484,1643.7675512950964,Grisalva
2497,744.0034194355786,Rhine
2498,744.0034194355786,Rhine
2499,744.0034194355786,Rhine
2500,744.0034194355786,Rhine
2501,744.0034194355786,Rhine
2502,746.5816057645033,Rhine
2503,744.0034194355786,Rhine
2504,746.3299486419683,Rhine
2505,744.0034194355786,Rhine
2506,744.0034194355786,Rhine
2507,744.0034194355786,Rhine
2508,593.3636662213252,St.Lawrence
2512,744.0034194355786,Rhine
2513,744.0034194355786,Rhine
2514,744.0034194355786,Rhine
2518,713.800198290813,Colorado River (Pacific Ocean)
2525,1381.5296984417193,Mississippi River
2526,535.5683305336096,Loire
2527,535.5683305336096,Loire
2528,535.5683305336096,Loire
2529,535.5683305336096,Loire
2530,535.5683305336096,Loire
2531,535.5683305336096,Loire
2532,535.5683305336096,Loire
2540,849.901587725064,Columbia River
2547,734.4398182559084,Neva
2593,621.7366732614895,Danube
2594,1048.6617718529076,Danube
2595,769.0278621575654,Mississippi River
2596,523.915713088875,Loire
2597,806.1159995246957,St.Lawrence
2601,1643.7675512950964,Grisalva
2602,1643.7675512950964,Grisalva
2603,1643.7675512950964,Grisalva
2604,1643.7675512950964,Grisalva
2605,1643.7675512950964,Grisalva
2606,1643.7675512950964,Grisalva
2607,1643.7675512950964,Grisalva
2608,1643.7675512950964,Grisalva
2609,1643.7675512950964,Grisalva
2610,1643.7675512950964,Grisalva
2611,1643.7675512950964,Grisalva
2612,1643.7675512950964,Grisalva
2613,1643.7675512950964,Grisalva
2614,1643.7675512950964,Grisalva
2615,1643.7675512950964,Grisalva
2616,1643.7675512950964,Grisalva
2617,1643.7675512950964,Grisalva
2618,1643.7675512950964,Grisalva
2619,1643.7675512950964,Grisalva
2620,1643.7675512950964,Grisalva
2621,1643.7675512950964,Grisalva
2622,773.1869503092419,St.Lawrence
2623,512.7093132781213,Brazos River
2626,530.2243321644509,Rhine
2627,530.2243321644509,Rhine
2628,530.2243321644509,Rhine
2629,530.2243321644509,Rhine
2630,530.2243321644509,Rhine
2631,530.2243321644509,Rhine
2632,530.2243321644509,Rhine
2633,530.2243321644509,Rhine
2634,530.2243321644509,Rhine
2635,523.9835111222424,Rhine
2636,530.2243321644509,Rhine
2637,530.2243321644509,Rhine
2638,530.2243321644509,Rhine
2639,530.2243321644509,Rhine
2640,530.2243321644509,Rhine
2641,523.9835111222424,Rhine
2642,530.2243321644509,Rhine
2643,569.6764182604012,Loire
2644,576.3672317247465,Loire
2645,756.3381193610024,Mississippi River
2646,756.3381193610024,Mississippi River
2647,756.3381193610024,Mississippi River
2648,593.0467600470971,St.Lawrence
2653,883.753583262139,Mississippi River
2654,878.7587133727737,Mississippi River
2655,883.9893110296296,Mississippi River
2656,893.3902601324655,Mississippi River
2657,893.3902601324655,Mississippi River
2658,893.3902601324655,Mississippi River
2659,806.1159995246957,St.Lawrence
2660,893.3902601324655,Mississippi River
2661,893.3902601324655,Mississippi River
2662,893.3902601324655,Mississippi River
2663,887.1524890823332,Mississippi River
2664,887.1524890823332,Mississippi River
2666,530.2243321644509,Rhine
2668,666.6317972698328,Rhine
2674,717.1330798654417,Mississippi River
2720,641.7440802585443,Krishna
2721,641.7440802585443,Krishna
2722,641.7440802585443,Krishna
2723,641.7440802585443,Krishna
2724,641.7440802585443,Krishna
2725,641.7440802585443,Krishna
2726,641.7440802585443,Krishna
2727,641.7440802585443,Krishna
2728,641.7440802585443,Krishna
2729,641.7440802585443,Krishna
2730,641.7440802585443,Krishna
2731,641.7440802585443,Krishna
2732,641.7440802585443,Krishna
2733,641.7440802585443,Krishna
2734,641.7440802585443,Krishna
2735,641.7440802585443,Krishna
2736,641.7440802585443,Krishna
2737,641.7440802585443,Krishna
2738,641.7440802585443,Krishna
2739,641.7440802585443,Krishna
2740,641.7440802585443,Krishna
2741,641.7440802585443,Krishna
2768,723.1237414068098,Elbe River
2769,723.1237414068098,Elbe River
2770,745.4487645437965,Mississippi River
2774,610.6082507312267,Loire
2783,574.091130616126,Elbe River
2784,569.5911666471441,Elbe River
2788,823.5140026578547,Loire
2790,823.5140026578547,Loire
2791,822.9541392023051,Danube
2792,587.4485714926434,Rhine
2795,610.6082507312267,Loire
2805,568.8541324911721,Brazos River
2811,655.3549985983299,Ganges
2813,521.6004092569414,Krishna
2814,761.609350270138,Mississippi River
2816,641.7440802585443,Krishna
2817,641.7440802585443,Krishna
2818,778.5045771360993,Colorado River (Pacific Ocean)
2828,573.7935264229183,St.Lawrence
2839,530.2243321644509,Rhine
2840,626.8234399688289,Mississippi River
2841,507.8234207554929,Loire
2842,806.1159995246957,St.Lawrence
2847,659.3796359000892,Mississippi River
2849,869.3118073484846,Mississippi River
2850,655.3549985983299,Ganges
2851,655.3549985983299,Ganges
2852,655.3549985983299,Ganges
2853,655.3549985983299,Ganges
2854,655.3549985983299,Ganges
2855,655.3549985983299,Ganges
2856,610.6606710377993,St.Lawrence
2857,579.1358957124253,St.Lawrence
2858,603.5005085569046,St.Lawrence
2859,575.3738158041939,St.Lawrence
2860,573.7935264229183,St.Lawrence
2861,579.1862885091508,St.Lawrence
2862,698.824736248897,Brazos River
2863,674.023536687184,Brazos River
2864,593.3636662213252,St.Lawrence
2865,593.3636662213252,St.Lawrence
2866,593.3636662213252,St.Lawrence
2867,593.3636662213252,St.Lawrence
2868,593.3636662213252,St.Lawrence
2869,593.3636662213252,St.Lawrence
2870,593.3636662213252,St.Lawrence
2871,593.3636662213252,St.Lawrence
2872,593.3636662213252,St.Lawrence
2873,593.3636662213252,St.Lawrence
2874,593.3636662213252,St.Lawrence
2875,593.3636662213252,St.Lawrence
2876,593.3636662213252,St.Lawrence
2877,593.3636662213252,St.Lawrence
2878,579.1862885091508,St.Lawrence
2879,593.3636662213252,St.Lawrence
2880,593.3636662213252,St.Lawrence
2881,593.3636662213252,St.Lawrence
2882,593.3636662213252,St.Lawrence
2883,593.3636662213252,St.Lawrence
2884,593.3636662213252,St.Lawrence
2885,593.3636662213252,St.Lawrence
2886,605.2733560617932,St.Lawrence
2887,607.6096552055083,St.Lawrence
2888,585.4760028456338,St.Lawrence
2889,593.3636662213252,St.Lawrence
2890,593.3636662213252,St.Lawrence
2891,584.7775013891327,St.Lawrence
2892,593.3636662213252,St.Lawrence
2893,593.3636662213252,St.Lawrence
2894,585.6669346737933,St.Lawrence
2895,585.397921749492,St.Lawrence
2896,585.6496307853766,St.Lawrence
2897,593.3636662213252,St.Lawrence
2898,606.6168235264632,St.Lawrence
2899,593.3636662213252,St.Lawrence
2900,590.0490004541771,St.Lawrence
2901,593.3636662213252,St.Lawrence
2902,593.3636662213252,St.Lawrence
2903,554.4175275457455,St.Lawrence
2904,603.4934185056538,St.Lawrence
2905,554.4175275457455,St.Lawrence
2906,593.3636662213252,St.Lawrence
2907,976.1412834209632,Columbia River
2908,957.6961518728617,Rhine
2909,802.6346784502929,Rhine
2910,802.1135582406075,Rhine
2911,593.3636662213252,St.Lawrence
2913,584.7837447282852,Loire
2914,591.5488256994719,St.Lawrence
2919,584.7837447282852,Loire
2922,606.3626357796753,Mississippi River
2923,594.8145360135832,Mississippi River
2924,583.799309791702,Mississippi River
2925,568.4694573780741,Mississippi River
2926,881.6801800495992,Mississippi River
2928,610.6082507312267,Loire
2929,610.6082507312267,Loire
2930,999.012156672269,Tigris & Euphrates
2940,766.8186819245674,Loire
2942,655.3549985983299,Ganges
2943,629.3143012642923,Ganges
2945,1021.2782095726225,St.Lawrence
2949,730.0458038984121,Mississippi River
2952,1643.7675512950964,Grisalva
2954,596.3073927406632,Neva
2955,596.179187807528,Neva
2956,799.2702979746889,Rhine
2957,764.5877955994628,Loire
2958,601.8679210964208,Loire
2959,602.4428511260944,Loire
2970,799.791567614301,St.Lawrence
2971,601.8679210964208,Loire
2972,649.7779576604057,Mississippi River
2973,558.7126983029366,St.Lawrence
2974,558.7712132816052,St.Lawrence
2975,882.4725341637551,Elbe River
2979,503.17518761627986,Danube
2987,778.7413436444692,Mississippi River
2989,509.4539270751133,St.Lawrence
2990,550.8278344590173,Danube
2994,640.7728952836437,Mississippi River
2996,950.4416495103401,Columbia River
2997,950.4416495103401,Columbia River
2999,673.9776907696057,Colorado River (Pacific Ocean)
3000,739.6076756414164,St.Lawrence
3001,610.0675621441709,Loire
3002,512.2875167156623,St.Lawrence
3003,744.0034194355786,Rhine
3008,504.95164975052734,Brazos River
3010,594.8145360135832,Mississippi River
3013,578.3717275837882,Mississippi River
3014,582.2529629403906,Mississippi River
3016,577.326372509857,Mississippi River
3018,659.3796359000892,Mississippi River
3019,757.5567789977142,St.Lawrence
3020,512.2875167156623,St.Lawrence
3021,694.0240709118161,Colorado River (Pacific Ocean)
3022,551.9356187615052,Loire
3023,634.7428541215198,Colorado River (Pacific Ocean)
3028,670.671317710802,Colorado River (Pacific Ocean)
3029,674.3271206111497,Colorado River (Pacific Ocean)
3030,858.1219995582619,Mississippi River
3031,558.2537166343442,St.Lawrence
3032,558.2537166343442,St.Lawrence
3035,1183.8212075957065,Elbe River
3036,1366.220670276876,Mississippi River
3037,1366.220670276876,Mississippi River
3038,1366.220670276876,Mississippi River
3050,881.4818950635218,Elbe River
3051,879.3208955988638,Elbe River
3052,881.2676489061809,Elbe River
3053,882.7738148517294,Elbe River
3054,882.7738148517294,Elbe River
3055,881.6552690119415,Elbe River
3056,881.2986417908965,Elbe River
3057,879.9154806549965,Elbe River
3058,879.9154806549965,Elbe River
3059,869.876596237718,Elbe River
3060,881.461873646441,Elbe River
3061,882.7738148517294,Elbe River
3067,1643.7675512950964,Grisalva
3068,914.0155084100633,Danube
3069,1123.8543848272425,Danube
3071,948.5809949861399,Tigris & Euphrates
3117,507.8234207554929,Loire
3118,1345.232376536862,Mississippi River
3119,874.1812127113375,Loire
3121,799.791567614301,St.Lawrence
3123,806.1727326240211,Columbia River
3125,676.2165511464032,Colorado River (Pacific Ocean)
3130,849.3701975768821,Mississippi River
3132,806.1159995246957,St.Lawrence
3134,504.95164975052734,Brazos River
3136,507.8234207554929,Loire
3137,523.646142504691,Neva
3150,672.5749715313465,St.Lawrence
3151,672.5749715313465,St.Lawrence
3152,672.5749715313465,St.Lawrence
3154,672.5749715313465,St.Lawrence
3155,672.5749715313465,St.Lawrence
3156,672.5749715313465,St.Lawrence
3157,672.5749715313465,St.Lawrence
3158,672.5749715313465,St.Lawrence
3159,592.900201153393,St.Lawrence
3160,672.5749715313465,St.Lawrence
3161,512.2875167156623,St.Lawrence
3184,516.9175514091687,Loire
3186,606.6168235264632,St.Lawrence
3187,606.6168235264632,St.Lawrence
3188,806.1159995246957,St.Lawrence
3189,738.5839420938065,St.Lawrence
3190,738.5839420938065,St.Lawrence
3191,738.5839420938065,St.Lawrence
3192,738.5839420938065,St.Lawrence
3193,738.5839420938065,St.Lawrence
3194,738.5839420938065,St.Lawrence
3195,738.5839420938065,St.Lawrence
3204,509.3657228501991,Loire
3206,778.7413436444692,Mississippi River
3213,577.132614201961,Danube
3219,976.34241784336,Loire
3229,1001.4452295709443,Loire
3230,996.3510172563939,Loire
3233,1052.4475923374775,Loire
3236,1228.3816268475846,Loire
3241,610.6082507312267,Loire
3246,531.921704777646,Colorado River (Pacific Ocean)
3247,796.6517744607081,Rhine
3252,627.3898543451537,St.Lawrence
3254,659.3796359000892,Mississippi River
3256,874.1812127113375,Loire
3257,879.6293066042658,Loire
3258,874.1812127113375,Loire
3259,554.8262695520408,Danube
3261,821.4811926176002,Danube
3265,734.0866941782187,St.Lawrence
3266,627.6664776220229,Mississippi River
3267,521.6004092569414,Krishna
3268,521.6004092569414,Krishna
3269,521.6004092569414,Krishna
3270,521.6004092569414,Krishna
3271,521.6004092569414,Krishna
3272,521.6004092569414,Krishna
3273,521.6004092569414,Krishna
3274,521.6004092569414,Krishna
3278,694.0240709118161,Colorado River (Pacific Ocean)
3281,507.8234207554929,Loire
3286,672.5749715313465,St.Lawrence
3289,981.7037828080424,Colorado River (Pacific Ocean)
3290,500.0168620201342,Brazos River
3293,1176.5401858436421,St.Lawrence
3294,1643.7675512950964,Grisalva
3295,1176.5401858436421,St.Lawrence
3296,1167.5505626971485,St.Lawrence
3297,1181.3802088798432,St.Lawrence
3298,1165.2282764823344,St.Lawrence
3300,503.1137181103504,Elbe River
3301,672.5749715313465,St.Lawrence
3302,512.2875167156623,St.Lawrence
3303,515.6534847218123,Loire
3304,515.6534847218123,Loire
3305,515.6534847218123,Loire
3306,515.6534847218123,Loire
3307,515.6534847218123,Loire
3308,515.6534847218123,Loire
3317,507.8234207554929,Loire
3318,983.5984712051402,Columbia River
3321,802.4196771124813,Rhine
3323,641.7440802585443,Krishna
3324,630.7379857847816,Godavari
3325,641.7440802585443,Krishna
3326,641.7440802585443,Krishna
3329,851.7712136291593,Elbe River
3333,807.6599050624378,St.Lawrence
3334,806.7711973776975,St.Lawrence
3335,807.385062586179,St.Lawrence
3336,807.5634594478971,St.Lawrence
3337,807.385062586179,St.Lawrence
3338,807.385062586179,St.Lawrence
3339,807.385062586179,St.Lawrence
3340,649.486143553854,Loire
3341,545.9696931116587,St.Lawrence
3345,938.2239219342304,Columbia River
3346,964.480987521787,St.Lawrence
3352,593.3636662213252,St.Lawrence
3353,524.3867869937607,Neva
3354,519.821505883154,Neva
3355,523.6340676908676,Neva
3356,523.646142504691,Neva
3357,519.6890842210845,Neva
3358,518.8740604809516,Neva
3359,524.3253783703963,Neva
3360,525.212579934054,Neva
3385,888.5755572002226,Elbe River
3392,1016.145099662926,Mississippi River
3393,537.7239122940489,St.Lawrence
3394,677.6684567384849,Colorado River (Pacific Ocean)
3395,671.4009531987037,Colorado River (Pacific Ocean)
3397,821.4811926176002,Danube
3398,821.4811926176002,Danube
3399,827.8609548949064,Danube
3400,821.4811926176002,Danube
3401,828.7642374441576,Danube
3402,829.0251759846785,Danube
3421,722.6135888739465,Columbia River
3428,548.8390081883377,Danube
3433,849.901587725064,Columbia River
3434,849.901587725064,Columbia River
3435,849.901587725064,Columbia River
3436,849.901587725064,Columbia River
3437,849.901587725064,Columbia River
3438,1345.232376536862,Mississippi River
3444,531.9355943358377,Colorado River (Pacific Ocean)
3445,538.9255904634925,Colorado River (Pacific Ocean)
3465,665.8409291193001,Colorado River (Pacific Ocean)
3466,672.9897683822762,Colorado River (Pacific Ocean)
3467,672.9897683822762,Colorado River (Pacific Ocean)
3468,672.9897683822762,Colorado River (Pacific Ocean)
3469,672.9897683822762,Colorado River (Pacific Ocean)
3470,672.9897683822762,Colorado River (Pacific Ocean)
3471,672.9897683822762,Colorado River (Pacific Ocean)
3472,672.9897683822762,Colorado River (Pacific Ocean)
3473,672.9897683822762,Colorado River (Pacific Ocean)
3474,672.9897683822762,Colorado River (Pacific Ocean)
3475,672.9897683822762,Colorado River (Pacific Ocean)
3476,672.9897683822762,Colorado River (Pacific Ocean)
3477,672.9897683822762,Colorado River (Pacific Ocean)
3478,956.1256099023905,Columbia River
3479,957.1400666700274,Columbia River
3480,957.1400666700274,Columbia River
3481,987.9346803876109,Colorado River (Pacific Ocean)
3482,957.1400666700274,Columbia River
3483,954.4215612594595,Columbia River
3484,1124.7924252738578,Danube
3485,981.7037828080424,Colorado River (Pacific Ocean)
3486,981.7037828080424,Colorado River (Pacific Ocean)
3487,981.7037828080424,Colorado River (Pacific Ocean)
3488,981.7037828080424,Colorado River (Pacific Ocean)
3489,981.7037828080424,Colorado River (Pacific Ocean)
3490,981.7037828080424,Colorado River (Pacific Ocean)
3491,981.7037828080424,Colorado River (Pacific Ocean)
3492,981.7037828080424,Colorado River (Pacific Ocean)
3493,981.7037828080424,Colorado River (Pacific Ocean)
3494,849.901587725064,Columbia River
3496,947.4933063732592,Columbia River
3500,674.9856770842792,Colorado River (Pacific Ocean)
3501,809.8811639772526,Colorado River (Pacific Ocean)
3502,987.9346803876109,Colorado River (Pacific Ocean)
3503,987.9346803876109,Colorado River (Pacific Ocean)
3504,987.9346803876109,Colorado River (Pacific Ocean)
3505,987.9346803876109,Colorado River (Pacific Ocean)
3506,987.9346803876109,Colorado River (Pacific Ocean)
3507,987.9346803876109,Colorado River (Pacific Ocean)
3508,987.9346803876109,Colorado River (Pacific Ocean)
3509,976.1412834209632,Columbia River
3510,987.9346803876109,Colorado River (Pacific Ocean)
3511,987.9346803876109,Colorado River (Pacific Ocean)
3512,987.9346803876109,Colorado River (Pacific Ocean)
3513,987.9346803876109,Colorado River (Pacific Ocean)
3514,987.9346803876109,Colorado River (Pacific Ocean)
3515,987.9346803876109,Colorado River (Pacific Ocean)
3516,987.9346803876109,Colorado River (Pacific Ocean)
3517,987.9346803876109,Colorado River (Pacific Ocean)
3518,987.9346803876109,Colorado River (Pacific Ocean)
3519,1477.5676838282072,Senegal
3520,822.9541392023051,Danube
3542,593.3636662213252,St.Lawrence
3544,586.9665259947479,Mississippi River
3545,642.9493592117194,Rhine
3546,654.3566502164554,Mississippi River
3547,849.901587725064,Columbia River
3549,657.394611913377,Mississippi River
3554,585.3010958506965,Mississippi River
3574,584.5970223957016,St.Lawrence
3575,585.6669346737933,St.Lawrence
3576,585.0496896828762,St.Lawrence
3577,523.9301107781719,St.Lawrence
3578,1246.4461031536043,Loire
3579,526.5118956868171,Loire
3582,874.1812127113375,Loire
3583,659.3796359000892,Mississippi River
3585,783.3474481473852,Mississippi River
3591,766.6184127525113,St.Lawrence
3592,1257.0552316391027,Loire
3593,728.866099279602,Neva
3617,587.4174386604549,Mississippi River
3621,683.2794481502998,Rhine
3626,637.8417228566159,Elbe River
3627,1123.8543848272425,Danube
3629,738.5839420938065,St.Lawrence
3632,981.7037828080424,Colorado River (Pacific Ocean)
3633,981.7037828080424,Colorado River (Pacific Ocean)
3634,981.7037828080424,Colorado River (Pacific Ocean)
3635,981.7037828080424,Colorado River (Pacific Ocean)
3636,981.7037828080424,Colorado River (Pacific Ocean)
3637,981.7037828080424,Colorado River (Pacific Ocean)
3638,987.9346803876109,Colorado River (Pacific Ocean)
3639,987.9346803876109,Colorado River (Pacific Ocean)
3640,987.9346803876109,Colorado River (Pacific Ocean)
3641,987.9346803876109,Colorado River (Pacific Ocean)
3642,985.0746062887875,Colorado River (Pacific Ocean)
3643,987.9346803876109,Colorado River (Pacific Ocean)
3644,981.7037828080424,Colorado River (Pacific Ocean)
3645,987.9346803876109,Colorado River (Pacific Ocean)
3646,992.1071588468754,Columbia River
3647,987.9346803876109,Colorado River (Pacific Ocean)
3648,981.7037828080424,Colorado River (Pacific Ocean)
3649,987.9346803876109,Colorado River (Pacific Ocean)
3650,992.1071588468754,Columbia River
3651,987.9346803876109,Colorado River (Pacific Ocean)
3652,987.9346803876109,Colorado River (Pacific Ocean)
3653,986.4575810468023,Columbia River
3656,788.5204641565379,St.Lawrence
3658,672.9897683822762,Colorado River (Pacific Ocean)
3709,828.3377072476242,Mississippi River
3710,834.968812244173,Mississippi River
3712,525.1846808444716,Neva
3719,598.1576385945825,Loire
3722,535.3764484682239,Colorado River (Pacific Ocean)
3723,698.824736248897,Brazos River
3724,514.6964705653614,Loire
3725,514.6964705653614,Loire
3726,514.6964705653614,Loire
3727,514.6964705653614,Loire
3728,514.6964705653614,Loire
3729,514.6964705653614,Loire
3730,514.6964705653614,Loire
3731,514.6964705653614,Loire
3732,766.8186819245674,Loire
3733,514.6964705653614,Loire
3734,514.6964705653614,Loire
3735,514.6964705653614,Loire
3736,766.8186819245674,Loire
3737,766.8186819245674,Loire
3738,514.6964705653614,Loire
3739,1366.220670276876,Mississippi River
3740,730.6776189293446,Mississippi River
3741,762.8733239022544,Mississippi River
3743,545.6934912930759,Danube
3744,545.3923406183587,Danube
3745,694.0240709118161,Colorado River (Pacific Ocean)
3747,608.3330926193366,St.Lawrence
3748,608.3012861152608,St.Lawrence
3749,607.668247985529,St.Lawrence
3750,509.8029886789302,St.Lawrence
3751,606.5982237114266,Loire
3752,602.4210668724334,Loire
3753,915.7973219050181,Elbe River
3755,948.7600907020113,Rhine
3762,659.3796359000892,Mississippi River
3763,767.0644743377056,St.Lawrence
3764,764.0074704402125,St.Lawrence
3766,789.2541069317522,Loire
3769,744.0034194355786,Rhine
3772,1046.5776751934823,Mississippi River
3777,632.880318926678,Colorado River (Pacific Ocean)
3778,672.9014043354814,St.Lawrence
3781,806.1159995246957,St.Lawrence
3784,672.5749715313465,St.Lawrence
3787,891.4816490483098,Mississippi River
3788,890.5336232772967,Mississippi River
3791,583.8448389078521,St.Lawrence
3792,559.5047472479681,St.Lawrence
3793,563.280626089925,St.Lawrence
3794,625.3863206924448,St.Lawrence
3795,525.3809521573309,St.Lawrence
3796,802.6463750932818,St.Lawrence
3797,802.6463750932818,St.Lawrence
3798,802.6463750932818,St.Lawrence
3799,802.6463750932818,St.Lawrence
3800,802.6463750932818,St.Lawrence
3801,802.6463750932818,St.Lawrence
3802,547.7720515225054,Rhine
3803,728.866099279602,Neva
3804,728.866099279602,Neva
3805,728.866099279602,Neva
3806,728.866099279602,Neva
3807,732.6585725255915,Neva
3808,728.866099279602,Neva
3809,728.866099279602,Neva
3810,733.761179105763,Neva
3811,733.4072786074585,Neva
3812,728.866099279602,Neva
3813,734.423131893405,Neva
3814,728.866099279602,Neva
3815,728.866099279602,Neva
3816,728.866099279602,Neva
3817,728.2460983893498,Neva
3818,728.866099279602,Neva
3819,728.866099279602,Neva
3820,728.866099279602,Neva
3821,728.866099279602,Neva
3822,740.3017814965352,Neva
3823,728.866099279602,Neva
3824,512.1389480373233,Loire
3825,736.2584733065746,Rhine
3826,728.866099279602,Neva
3827,728.866099279602,Neva
3828,728.866099279602,Neva
3829,728.866099279602,Neva
3830,728.866099279602,Neva
3845,507.8234207554929,Loire
3846,507.8234207554929,Loire
3849,644.2878764426745,Loire
3850,644.2878764426745,Loire
3856,992.1071588468754,Columbia River
3857,992.1071588468754,Columbia River
3858,544.8489905753771,Rhine
3863,790.155897910594,Mississippi River
3864,992.1071588468754,Columbia River
3865,987.9346803876109,Colorado River (Pacific Ocean)
3866,987.9346803876109,Colorado River (Pacific Ocean)
3867,992.1071588468754,Columbia River
3869,981.7037828080424,Colorado River (Pacific Ocean)
3870,981.7037828080424,Colorado River (Pacific Ocean)
3871,712.1292916690959,Oder River
3908,535.3944086154866,Colorado River (Pacific Ocean)
3928,769.0278621575654,Mississippi River
3929,655.497689415717,Mississippi River
3930,629.8986364140877,Colorado River (Pacific Ocean)
3934,711.4534500557791,Colorado River (Pacific Ocean)
3935,549.5334063321186,St.Lawrence
3946,874.1812127113375,Loire
3953,1345.232376536862,Mississippi River
3954,1345.232376536862,Mississippi River
3955,1345.232376536862,Mississippi River
3956,1345.232376536862,Mississippi River
3957,1345.232376536862,Mississippi River
3958,1345.232376536862,Mississippi River
3959,1345.232376536862,Mississippi River
3960,1345.232376536862,Mississippi River
3961,1345.232376536862,Mississippi River
3966,657.2732511321852,St.Lawrence
3967,712.1155121144889,St.Lawrence
3971,609.8637164483015,Mississippi River
3972,609.8637164483015,Mississippi River
3975,694.0240709118161,Colorado River (Pacific Ocean)
3980,956.0160355798448,Columbia River
3982,676.9324011044588,Loire
3987,530.2243321644509,Rhine
3992,550.5717311681237,Rhine
3999,522.5649546510466,Mississippi River
4001,1345.232376536862,Mississippi River
4003,507.8234207554929,Loire
4005,593.3636662213252,St.Lawrence
4007,956.3048589178428,Columbia River
4013,507.8234207554929,Loire
4016,744.0034194355786,Rhine
4017,507.8234207554929,Loire
4018,744.0034194355786,Rhine
4020,570.291337946771,Loire
4022,683.5870099140495,Colorado River (Pacific Ocean)
4072,839.1384493654077,St.Lawrence
4074,676.5973434228765,Danube
4075,548.8282639133836,Rhine
4115,528.7162423334512,Bravo
4117,621.7822106677315,Danube
4118,1169.4893749314758,St.Lawrence
4126,1116.671824014939,Dniepr
4129,728.866099279602,Neva
4133,512.2875167156623,St.Lawrence
4137,548.3708969043197,Rhine
4138,550.5717311681237,Rhine
4139,548.0666651975544,Rhine
4140,548.1426975612593,Rhine
4141,744.0034194355786,Rhine
4143,507.8234207554929,Loire
4148,806.1159995246957,St.Lawrence
4149,526.5856776841207,Danube
4150,530.9762749940686,Danube
4153,530.2243321644509,Rhine
4156,716.3299193321778,Mississippi River
4157,509.4628195383321,Loire
4160,955.5770446331959,Columbia River
4162,623.7362407577135,St.Lawrence
4164,894.3790042355308,Mississippi River
4165,864.7573153019156,St.Lawrence
4166,640.7728952836437,Mississippi River
4167,766.776942876747,St.Lawrence
4168,544.0323678301951,Mississippi River
4174,987.9346803876109,Colorado River (Pacific Ocean)
4175,987.9346803876109,Colorado River (Pacific Ocean)
4176,987.9346803876109,Colorado River (Pacific Ocean)
4177,987.9346803876109,Colorado River (Pacific Ocean)
4178,987.9346803876109,Colorado River (Pacific Ocean)
4181,823.5140026578547,Loire
4182,840.3360691507681,Loire
4183,844.6619309407482,Loire
4198,641.7440802585443,Krishna
4199,921.2815570839845,Nelson River
4200,962.2675142517286,Albany River
4203,616.4804874538278,Danube
4208,694.0521971485771,Colorado River (Pacific Ocean)
4209,588.8586846905296,Rhine
4211,508.57696257224217,Elbe River
4225,638.5704572996486,Godavari
4231,629.7667984770601,Colorado River (Pacific Ocean)
4233,806.8950768832136,St.Lawrence
4234,799.791567614301,St.Lawrence
4235,799.791567614301,St.Lawrence
4236,1020.3526173514657,St.Lawrence
4237,1020.3526173514657,St.Lawrence
4238,1020.3526173514657,St.Lawrence
4240,1002.5375507464684,Loire
4241,883.753583262139,Mississippi River
4242,888.4522310383727,Mississippi River
4243,530.2243321644509,Rhine
4244,556.3983182610906,Rhine
4245,1020.7750283481491,Mississippi River
4246,803.8029026258207,St.Lawrence
4248,803.8372430643448,Danube
4254,1639.2801768468103,Mississippi River
4255,1643.7675512950964,Grisalva
4256,1643.7675512950964,Grisalva
4257,531.9355943358377,Colorado River (Pacific Ocean)
4262,1209.5435385759292,Mississippi River
4267,653.9041171785891,St.Lawrence
4285,806.1159995246957,St.Lawrence
4286,806.1159995246957,St.Lawrence
4287,806.1159995246957,St.Lawrence
4288,806.1159995246957,St.Lawrence
4289,799.791567614301,St.Lawrence
4290,799.791567614301,St.Lawrence
4291,799.791567614301,St.Lawrence
4292,799.791567614301,St.Lawrence
4293,799.791567614301,St.Lawrence
4294,799.791567614301,St.Lawrence
4295,799.791567614301,St.Lawrence
4296,799.791567614301,St.Lawrence
4297,807.3900585754047,St.Lawrence
4298,832.7300376474018,St.Lawrence
4299,806.1159995246957,St.Lawrence
4300,806.1159995246957,St.Lawrence
4301,806.1159995246957,St.Lawrence
4302,802.6463750932818,St.Lawrence
4303,806.1159995246957,St.Lawrence
4305,518.7028858877949,St.Lawrence
4306,526.5118956868171,Loire
4307,750.5482883300524,St.Lawrence
4309,671.4009531987037,Colorado River (Pacific Ocean)
4311,874.1812127113375,Loire
4312,597.1042448149235,St.Lawrence
4313,587.7737609839926,St.Lawrence
4323,668.7610341398096,Colorado River (Pacific Ocean)
4324,672.9897683822762,Colorado River (Pacific Ocean)
4327,534.5276916003643,Colorado River (Pacific Ocean)
4332,694.0240709118161,Colorado River (Pacific Ocean)
4334,874.1812127113375,Loire
4336,881.3876623705063,Mississippi River
4338,554.4175275457455,St.Lawrence
4340,593.3636662213252,St.Lawrence
4341,860.8815095113442,Mississippi River
4351,504.86289804920074,Loire
4360,769.0278621575654,Mississippi River
4361,805.78654523979,Rhine
4372,507.8234207554929,Loire
4376,628.1286350747786,Mississippi River
4382,778.7413436444692,Mississippi River
4418,1057.011460121691,Danube
4428,518.9816917619187,Loire
4430,500.45566226830664,Neva
4437,521.9659503640635,Neva
4438,523.8034748477103,Neva
4439,552.8883434248223,Rhine
4444,537.23619317424,Krishna
4471,607.2776936215868,Loire
4472,798.1196512578643,Loire
4476,785.446473752535,Neva
4477,692.3922533200304,Oder River
4478,814.6123597295572,Neva
4479,737.7625988820303,Neva
4505,765.0969678021188,Mississippi River
4506,766.7386929809946,St.Lawrence
4507,766.694984576466,St.Lawrence
4509,894.0172695756003,Mississippi River
4513,584.5399739838587,St.Lawrence
4514,738.7333760133253,St.Lawrence
4515,669.4949498522623,Colorado River (Pacific Ocean)
4516,669.1731705589659,Colorado River (Pacific Ocean)
4517,855.1427087309356,Mississippi River
4518,512.394154044266,St.Lawrence
4519,757.9920132037914,St.Lawrence
4525,659.543385856367,Mississippi River
4526,510.29736191158327,St.Lawrence
4527,508.6017485761964,St.Lawrence
4528,590.3352627628718,St.Lawrence
4554,567.6804339603625,Danube
4565,1240.9200939494115,Loire
4570,548.3419722145421,Danube
4581,1318.7692931803742,Danube
4587,1005.5367543753443,Tigris & Euphrates
4630,959.9575516959092,Danube
4631,988.904326124434,Danube
4632,1012.5989280406795,Danube
4633,1120.05869291038,Neva
4634,983.281978059864,Elbe River
4635,1079.9659851190202,Elbe River
4636,1104.5382300815793,Neva
4637,551.1469787990246,Danube
4639,843.7149114128005,Neva
4642,942.3296962991018,Danube
4643,839.9758204900445,Danube
4644,757.658279189806,Rhine
4645,587.4581658523565,Rhine
4648,1257.259894942804,Loire
4654,1248.6333697183843,Loire
4674,723.2951724499944,Elbe River
4675,550.8400269866507,Danube
4682,746.740099475249,Rhine
4687,1317.371069891142,Danube
4704,1147.763321714648,Neva
4706,1633.4091942251466,Grisalva
4708,1152.5358625851968,Elbe River
4709,881.1707770457845,Elbe River
4726,885.1060140950344,Elbe River
4731,723.1237626580539,Elbe River
4732,882.7737390239625,Elbe River
4753,565.0234335772483,Rhine
4754,728.8837097490673,Columbia River
4755,763.4409946172065,St.Lawrence
4756,1630.3108512821698,Grisalva
4757,861.2464776209458,Colorado River (Pacific Ocean)
4759,551.1253360522804,Danube
4762,513.413038228419,Loire
4764,641.449725045644,Rhine
4765,502.27735030866154,Mississippi River
4768,523.7147810928708,Neva
4773,1040.421873454784,Danube
4777,730.6156119728637,St.Lawrence
4778,527.6312725566758,Loire
4779,917.7523909788416,Columbia River
4780,1007.1267223236563,St.Lawrence
4782,1011.8691228838986,St.Lawrence
4783,555.8544098281893,Mississippi River
4786,911.470125844625,St.Lawrence
4787,1076.5172580249618,Loire
4799,654.1352707357861,Rhine
4801,888.8273765280329,Nelson River
4820,950.1064767053191,Colorado River (Pacific Ocean)
4823,525.628414188529,Loire
4824,819.1665943087651,Mississippi River
4827,892.5664694915761,Mississippi River
4828,641.6382929076221,Brazos River
4829,698.0801091794525,St.Lawrence
4830,641.6382929076221,Brazos River
4833,739.9819807622337,St.Lawrence
4834,500.7017961035445,Mississippi River
4836,829.0522970424729,St.Lawrence
4837,925.6530687615538,St.Lawrence
4839,640.4284676732063,Mississippi River
4840,546.7620875705736,Bravo
4841,880.8103350447329,St.Lawrence
4842,867.6992870136453,St.Lawrence
4843,641.6382929076221,Brazos River
4844,892.5664694915761,Mississippi River
4845,529.3055154457194,Bravo
4847,500.7017961035445,Mississippi River
4848,774.9801819608786,Colorado River (Pacific Ocean)
4849,605.6346186964618,Mississippi River
4850,703.3094385524062,Mississippi River
4851,802.9145156898535,St.Lawrence
4852,846.4685685966678,St.Lawrence
4853,604.1128606804278,Mississippi River
4855,827.3696011250662,St.Lawrence
4857,881.5781938588418,St.Lawrence
4858,529.927434770818,St.Lawrence
4860,743.7529102490436,Mississippi River
4861,827.3696011250662,St.Lawrence
4863,721.3690201784128,Mississippi River
4865,830.0400557830874,St.Lawrence
4866,661.3151559219422,St.Lawrence
4867,806.6386341989539,St.Lawrence
4868,544.407173237171,Bravo
4869,726.766166802885,Columbia River
4870,872.5194497227574,St.Lawrence
4873,563.0251812537895,Mississippi River
4874,713.3522207964571,St.Lawrence
4876,749.2975116136719,Mississippi River
4877,936.668752184185,St.Lawrence
4878,869.9920175633214,St.Lawrence
4879,519.8431852350695,Mississippi River
4880,602.887038938944,Brazos River
4882,506.84558345483674,St.Lawrence
4885,534.9478864543267,Bravo
4886,580.0749922034568,Mississippi River
4887,864.9527921344111,St.Lawrence
4888,584.2901027695707,Mississippi River
4889,809.4638961285531,St.Lawrence
4890,870.6032662682267,St.Lawrence
4891,795.3446082738647,St.Lawrence
4892,1507.8261475482136,Mississippi River
4893,728.8474788221699,Mississippi River
4894,553.7639664056475,St.Lawrence
4895,794.5277322834986,St.Lawrence
4896,829.8767667448622,St.Lawrence
4897,797.2379961405278,Mississippi River
4898,1143.1057189532864,St.Lawrence
4899,914.271552419192,Mississippi River
4900,758.5793032134742,Mississippi River
4901,947.8974765622228,St.Lawrence
4904,612.466374332598,Brazos River
4907,679.0212048916899,Mississippi River
4908,882.6637513001414,Mississippi River
4909,819.1665943087651,Mississippi River
4910,899.9625042817664,St.Lawrence
4911,721.1623421177296,Colorado River (Pacific Ocean)
4914,731.0133255306438,Columbia River
4916,546.2994274030497,Mississippi River
4917,717.4529821019131,St.Lawrence
4918,889.046869711044,St.Lawrence
4920,601.3597368158588,Mississippi River
4925,580.1769136013596,Mississippi River
4926,547.3866751982438,Mississippi River
4928,543.0850296052979,Brazos River
4930,683.7680041425817,Mississippi River
4931,703.3094385524062,Mississippi River
4932,722.2312083347834,Columbia River
4933,627.2748676552915,Mississippi River
4934,598.1655251929036,Mississippi River
4936,775.1212639970516,Mississippi River
4937,964.7920738411502,St.Lawrence
4938,771.7749899252642,St.Lawrence
4939,827.6330271539721,Columbia River
4940,655.9610881878505,Mississippi River
4941,589.7185090980113,Mississippi River
4944,832.3980430191056,Mississippi River
4946,759.3507327133565,Mississippi River
4949,731.748742720713,St.Lawrence
4952,1080.4806307630079,St.Lawrence
4953,890.1569109404146,St.Lawrence
4954,826.4669774995483,Mississippi River
4955,523.5186296767934,Mississippi River
4957,984.7411705283373,Columbia River
4958,528.3700861503133,Mississippi River
4959,577.6220186378682,Mississippi River
4960,558.4025886957276,Mississippi River
4961,1006.3616868054385,Mississippi River
4963,956.540170382069,Mississippi River
4964,749.2975116136719,Mississippi River
4965,825.0918967324908,Mississippi River
4968,518.2741571789273,Mississippi River
4970,835.0471081605284,St.Lawrence
4976,785.3071162930551,Mississippi River
4977,576.3815038858763,St.Lawrence
4978,1075.618855707055,St.Lawrence
4979,547.6492047843117,Colorado River (Pacific Ocean)
4980,947.3969921936571,Mississippi River
4981,771.8541756976676,Mississippi River
4983,601.4347081796872,Mississippi River
4984,864.6895658002443,Mississippi River
4985,789.8517225311256,Colorado River (Pacific Ocean)
4986,980.0057778221695,St.Lawrence
4989,568.8213736807626,Mississippi River
4990,769.1030545129395,Nelson River
4992,785.698086967596,Nelson River
4994,609.7619156781938,Mississippi River
4995,771.8005827392053,Mississippi River
4996,760.8807493248452,Mississippi River
4997,958.8061874593886,Mississippi River
4998,1031.2167485282293,Mississippi River
5000,1377.7778414638713,Mississippi River
5001,910.0212114291242,Albany River
5004,781.4519022437947,St.Lawrence
5006,1011.1951251506891,St.Lawrence
5007,970.8820661215016,St.Lawrence
5008,799.9668274515329,St.Lawrence
5009,834.0252469670992,St.Lawrence
5010,996.689425174582,St.Lawrence
5011,980.3591493488766,St.Lawrence
5012,568.6276185735653,St.Lawrence
5014,889.046869711044,St.Lawrence
5015,796.3182215040748,St.Lawrence
5019,774.4662507716743,Mississippi River
5020,977.3113932853948,Mississippi River
5021,976.7869429972499,Mississippi River
5022,976.3465122087985,Mississippi River
5023,803.1643601236723,St.Lawrence
5024,767.8398689501978,St.Lawrence
5026,649.5481951460677,Mississippi River
5028,658.5338731411326,Mississippi River
5029,785.3105676315737,Mississippi River
5031,594.911380630742,St.Lawrence
5033,785.2309445853323,Mississippi River
5034,577.6596543747013,Mississippi River
5035,830.1756793372738,Mississippi River
5038,964.4526998437344,St.Lawrence
5039,965.5448602956707,St.Lawrence
5040,745.5986746531781,Mississippi River
5043,769.5809217369249,St.Lawrence
5045,718.3307177802698,Columbia River
5046,809.5256211232589,Mississippi River
5047,766.6196925326094,St.Lawrence
5050,529.1836996629587,Mississippi River
5051,803.2458490807214,St.Lawrence
5053,771.8630689164339,Mississippi River
5055,650.3701189626859,Mississippi River
5056,979.5942893012061,Mississippi River
5057,879.2644612169412,Mississippi River
5059,719.3714443606233,Columbia River
5061,544.6787507373358,Mississippi River
5065,906.5605723609109,Mississippi River
5066,979.8551790043458,St.Lawrence
5067,965.4260492644645,St.Lawrence
5068,842.8323717437726,Mississippi River
5069,874.4911920250607,St.Lawrence
5070,875.1550086609399,Mississippi River
5071,869.9592338297841,St.Lawrence
5072,831.733021369318,St.Lawrence
5073,513.2194405618017,Bravo
5074,798.0155915010233,St.Lawrence
5076,791.8077963815048,Mississippi River
5078,761.471752723158,Mississippi River
5079,720.2756905837274,St.Lawrence
5080,964.4374969930007,St.Lawrence
5083,810.6717715745611,St.Lawrence
5084,685.8224553079423,Mississippi River
5085,541.8204223054186,Bravo
5086,517.1487955073846,Brazos River
5088,760.942206034282,Mississippi River
5089,649.7059711513137,Mississippi River
5091,831.2128630688621,St.Lawrence
5093,526.1115745257916,Mississippi River
5094,756.4228078223504,St.Lawrence
5095,582.7767758308436,Mississippi River
5097,889.0638368335752,Nelson River
5098,889.0638368335752,Nelson River
5099,523.1422147367496,Mississippi River
5101,935.010134786355,Mississippi River
5103,803.5838561952231,St.Lawrence
5104,872.4608096568478,Mississippi River
5105,684.6568898098137,Mississippi River
5106,722.2312083347834,Columbia River
5107,828.0766725111279,St.Lawrence
5108,568.8213736807626,Mississippi River
5109,876.2356918212972,Mississippi River
5110,979.8551790043458,St.Lawrence
5111,801.816499052197,St.Lawrence
5112,803.1604549391775,St.Lawrence
5114,516.9290117528839,Colorado River (Pacific Ocean)
5115,523.1580200373324,Brazos River
5116,826.1475184446379,Mississippi River
5118,804.1933760476179,St.Lawrence
5119,523.7019634591426,Mississippi River
5120,752.057139344812,Mississippi River
5122,753.5734980891282,Mississippi River
5123,530.1416062652175,Brazos River
5124,504.62267656010073,Mississippi River
5125,582.3767236099274,Mississippi River
5126,680.0371421207604,Nelson River
5127,516.4475056784399,Colorado River (Pacific Ocean)
5129,768.5808029655217,St.Lawrence
5132,815.0480032565027,St.Lawrence
5133,639.1843965834233,Colorado River (Pacific Ocean)
5134,543.5044230218828,St.Lawrence
5135,799.7866395158967,Colorado River (Pacific Ocean)
5136,889.0638368335752,Nelson River
5137,669.3224678949579,St.Lawrence
5138,771.8974097099318,Mississippi River
5139,702.1835335295782,Mississippi River
5142,984.2922212421885,Columbia River
5143,1072.2189158623503,Mississippi River
5144,985.9210144511541,Colorado River (Pacific Ocean)
5145,986.4137887433106,Colorado River (Pacific Ocean)
5147,803.6168849208766,St.Lawrence
5148,829.9475361682418,St.Lawrence
5149,828.6976834968821,St.Lawrence
5150,801.3210252891515,St.Lawrence
5151,776.6212749820921,Mississippi River
5152,654.2276210555317,Mississippi River
5153,829.4062888147627,Mississippi River
5157,857.4266707938569,Mississippi River
5159,872.4608096568478,Mississippi River
5160,989.7542475437484,Colorado River (Pacific Ocean)
5161,804.342233437867,St.Lawrence
5164,600.9337018961388,Mississippi River
5165,516.9290117528839,Colorado River (Pacific Ocean)
5166,987.3492028988323,Colorado River (Pacific Ocean)
5167,624.3478818637253,Mississippi River
5169,797.4247338146347,St.Lawrence
5170,766.643166123285,Mississippi River
5171,657.0817287419269,Mississippi River
5172,516.9290117528839,Colorado River (Pacific Ocean)
5173,804.8125905700679,St.Lawrence
5174,827.8959014728684,St.Lawrence
5175,828.1094112754195,St.Lawrence
5177,637.3416642169667,St.Lawrence
5181,606.6746911815789,St.Lawrence
5182,989.8124604266283,Colorado River (Pacific Ocean)
5183,534.9051629941409,Mississippi River
5184,801.6385618730769,St.Lawrence
5185,802.7266797423611,St.Lawrence
5186,987.8924112245168,Colorado River (Pacific Ocean)
5187,721.0982779562299,Columbia River
5190,614.1384507062853,Columbia River
5191,683.2474169507666,Colorado River (Pacific Ocean)
5192,647.5977932004698,Mississippi River
5193,802.6636878722386,St.Lawrence
5194,656.9943605016721,Mississippi River
5196,828.0766725111279,St.Lawrence
5197,610.1028907685597,Mississippi River
5198,657.04979089614,Mississippi River
5199,630.6803282991748,Colorado River (Pacific Ocean)
5201,631.9031430768683,Mississippi River
5202,855.3120471792679,Mississippi River
5203,950.1079383441657,Colorado River (Pacific Ocean)
5205,624.8311852939188,Mississippi River
5207,684.0063852132499,Mississippi River
5209,654.3489911641317,Mississippi River
5211,790.155897910594,Mississippi River
5212,628.0797579417392,Mississippi River
5214,988.5073019677411,Columbia River
5215,766.643166123285,Mississippi River
5217,516.6372986936661,Colorado River (Pacific Ocean)
5219,811.2198766755394,St.Lawrence
5223,811.1163598289867,St.Lawrence
5224,811.1111937917766,St.Lawrence
5226,1149.9303131290503,Mississippi River
5230,986.8872407119084,Colorado River (Pacific Ocean)
5231,771.8974097099318,Mississippi River
5233,873.0076402953582,Columbia River
5235,830.1284199902601,St.Lawrence
5236,557.5011946888167,St.Lawrence
5239,640.118102987731,Colorado River (Pacific Ocean)
5240,765.8402849472144,Mississippi River
5244,829.8915636739334,St.Lawrence
5245,650.9112984585531,Mississippi River
5249,829.8125187044502,St.Lawrence
5250,875.2497423181344,Mississippi River
5251,659.6251426221269,Mississippi River
5252,648.9716770018501,Mississippi River
5253,648.8588181707944,Mississippi River
5254,651.7376108081531,Mississippi River
5256,962.2493497551416,Columbia River
5258,651.6232024089078,Mississippi River
5259,516.9401295434257,Colorado River (Pacific Ocean)
5260,989.3690777261336,Colorado River (Pacific Ocean)
5261,800.4802593270374,St.Lawrence
5262,659.1201306235624,Mississippi River
5263,694.9317784254024,Colorado River (Pacific Ocean)
5264,651.8280853036943,Mississippi River
5265,655.0155633428834,Mississippi River
5266,658.2680981965606,Mississippi River
5267,830.007921152943,St.Lawrence
5271,694.7066151048998,Colorado River (Pacific Ocean)
5272,802.2596618190211,St.Lawrence
5274,802.2596618190211,St.Lawrence
5275,830.622116421176,St.Lawrence
5278,652.6948713123319,Mississippi River
5279,855.1275779734988,Mississippi River
5280,931.8077692351412,Mississippi River
5281,611.5609487776582,St.Lawrence
5284,677.451101139831,Mississippi River
5285,705.6897195537717,Colorado River (Pacific Ocean)
5286,803.8997924767749,St.Lawrence
5287,763.5600622383537,Mississippi River
5288,979.8551790043458,St.Lawrence
5290,771.8974097099318,Mississippi River
5292,842.3463700387738,Columbia River
5293,587.8575220709944,St.Lawrence
5294,857.4266707938569,Mississippi River
5301,840.6368242566713,St.Lawrence
5302,624.3478818637253,Mississippi River
5303,655.4741339269239,Mississippi River
5305,578.8312800081808,Mississippi River
5307,761.1596039198558,Mississippi River
5308,654.5087012592742,St.Lawrence
5309,696.0146787979045,Colorado River (Pacific Ocean)
5310,504.4810207241279,Colorado River (Pacific Ocean)
5311,1359.6651871148688,Mississippi River
5312,971.3530033849034,Colorado River (Pacific Ocean)
5315,854.9552085466748,Mississippi River
5316,803.3105912914476,St.Lawrence
5319,557.4914093603829,St.Lawrence
5320,1099.1603304697944,Mississippi River
5321,720.3334676703776,Columbia River
5322,557.4914093603829,St.Lawrence
5323,745.2145076308128,St.Lawrence
5324,855.1275779734988,Mississippi River
5325,822.4762222643453,Albany River
5327,656.05209696157,Colorado River (Pacific Ocean)
5328,675.546040077038,Colorado River (Pacific Ocean)
5329,987.8431882715477,Columbia River
5331,1239.551600198405,Mississippi River
5332,671.5354346977507,Colorado River (Pacific Ocean)
5333,729.2388967890323,Colorado River (Pacific Ocean)
5334,652.4632790032953,Mississippi River
5335,841.5239232550748,Columbia River
5336,607.1811385172904,St.Lawrence
5339,676.3641254939541,Colorado River (Pacific Ocean)
5341,804.9329532940467,St.Lawrence
5342,803.0970041690255,St.Lawrence
5344,988.0895440074206,Colorado River (Pacific Ocean)
5345,989.4043410719805,Colorado River (Pacific Ocean)
5346,990.7089176276495,Columbia River
5347,767.7880324957846,Mississippi River
5350,608.9790599081479,St.Lawrence
5351,802.2596618190211,St.Lawrence
5352,674.0359834928064,St.Lawrence
5355,1646.8253389964118,Grisalva
5356,671.7785788034267,Colorado River (Pacific Ocean)
5357,674.751079530926,Colorado River (Pacific Ocean)
5358,1626.0988603310943,Grisalva
5359,506.92595602489826,St.Lawrence
5360,655.6586016581196,Mississippi River
5361,630.515680088171,Mississippi River
5362,632.9626747946694,Colorado River (Pacific Ocean)
5364,801.3731818085216,St.Lawrence
5366,675.4235034325827,Colorado River (Pacific Ocean)
5368,843.2045021873924,Columbia River
5369,988.1735436782387,Colorado River (Pacific Ocean)
5370,801.3731818085216,St.Lawrence
5371,842.4153875273091,Columbia River
5374,902.7850159956583,Mississippi River
5375,535.0291127484832,Mississippi River
5376,802.7427147128897,St.Lawrence
5378,723.0528495872379,Columbia River
5379,771.5231446522615,Mississippi River
5380,584.5991443321606,St.Lawrence
5381,829.7191460823619,St.Lawrence
5382,1352.22516860331,Mississippi River
5383,657.7345456899657,Mississippi River
5385,875.0944526272779,Mississippi River
5386,971.5202989363077,Colorado River (Pacific Ocean)
5387,801.4201074893118,St.Lawrence
5388,987.5421440992341,Colorado River (Pacific Ocean)
5389,1080.9462470731903,Mississippi River
5392,873.6741431520776,Mississippi River
5393,576.86706100922,Mississippi River
5395,504.51588545933,Colorado River (Pacific Ocean)
5397,1167.5747150126692,St.Lawrence
5399,988.1306259744458,Colorado River (Pacific Ocean)
5401,988.6303914765615,Colorado River (Pacific Ocean)
5402,988.259121284458,Colorado River (Pacific Ocean)
5403,987.9796949489222,Colorado River (Pacific Ocean)
5404,987.9969377444737,Colorado River (Pacific Ocean)
5405,987.9995310209838,Colorado River (Pacific Ocean)
5406,988.7449846528222,Colorado River (Pacific Ocean)
5409,912.9308607679524,Mississippi River
5410,643.2707536113279,Mississippi River
5411,776.8608106585565,Mississippi River
5412,504.92132094226906,Brazos River
5413,841.5315943066685,Columbia River
5415,856.5674323815228,Mississippi River
5418,675.1154576096677,Colorado River (Pacific Ocean)
5419,1169.2554535791076,St.Lawrence
5420,988.315099365157,Columbia River
5421,655.4503455653188,Mississippi River
5422,771.4422426564793,Mississippi River
5423,879.0603634836447,Mississippi River
5426,671.10656110827,Colorado River (Pacific Ocean)
5427,504.368249893107,Colorado River (Pacific Ocean)
5428,649.2736035303323,Colorado River (Pacific Ocean)
5429,554.4049536783343,St.Lawrence
5430,693.7111131336306,Colorado River (Pacific Ocean)
5431,1655.246947765981,Grisalva
5432,776.5119001062865,Mississippi River
5437,574.8112447514095,Mississippi River
5438,554.0343483527876,St.Lawrence
5442,802.7320546156432,St.Lawrence
5443,875.2949679815621,Mississippi River
5445,508.1518425232752,Bravo
5447,577.4796345413662,St.Lawrence
5448,679.2664363336565,St.Lawrence
5450,592.9148700306258,St.Lawrence
5451,805.6829635034289,St.Lawrence
5452,746.2987699032903,St.Lawrence
5453,1014.8087828470619,Mississippi River
5454,777.3001399107789,Mississippi River
5456,610.2140137880308,Mississippi River
5459,658.176832654168,Mississippi River
5465,876.8207438009051,Mississippi River
5466,1021.5957705878615,Mississippi River
5467,804.3198649246218,St.Lawrence
5468,554.5859832171973,St.Lawrence
5470,617.1925029730749,Mississippi River
5471,842.7343407718179,Columbia River
5472,988.3559618649815,Colorado River (Pacific Ocean)
5474,504.52893736224706,Colorado River (Pacific Ocean)
5475,671.8577517115037,Colorado River (Pacific Ocean)
5480,653.0617910464547,Mississippi River
5481,593.445927447,Mississippi River
5482,598.30563307799,Mississippi River
5483,776.5434398102886,Mississippi River
5484,1223.2927382854627,Mississippi River
5485,807.8402543394744,St.Lawrence
5486,589.0273275083342,St.Lawrence
5487,902.6237279210874,Mississippi River
5488,767.2211200656986,St.Lawrence
5489,663.9145953985324,Mississippi River
5490,751.3222683552398,Mississippi River
5491,892.669909739658,Mississippi River
5493,505.0027083729997,Brazos River
5494,671.2455883905744,Colorado River (Pacific Ocean)
5495,504.3299254365856,Colorado River (Pacific Ocean)
5497,986.4875387418017,Columbia River
5498,674.8151514040081,Colorado River (Pacific Ocean)
5501,777.2500209726751,Mississippi River
5504,1630.0213778592602,Grisalva
5506,835.0472040548851,Mississippi River
5507,737.9951907789953,St.Lawrence
5508,541.7369810791197,Mississippi River
5509,892.669909739658,Mississippi River
5510,658.2490686009496,Mississippi River
5511,1644.533636572222,Grisalva
5512,878.9144947185891,Mississippi River
5513,759.431414002945,St.Lawrence
5514,593.4491634003092,St.Lawrence
5515,589.0160246074026,St.Lawrence
5516,593.2776917782729,Mississippi River
5517,1630.2221306772956,Grisalva
5522,1112.641169003806,Colorado River (Pacific Ocean)
5523,668.7537660683289,Colorado River (Pacific Ocean)
5524,671.5329277376231,Colorado River (Pacific Ocean)
5525,695.2107038152658,Colorado River (Pacific Ocean)
5526,844.6220356472782,Columbia River
5527,592.8024180501178,St.Lawrence
5529,531.9042399217076,Colorado River (Pacific Ocean)
5530,535.8194272416498,Colorado River (Pacific Ocean)
5531,675.0337859082346,Colorado River (Pacific Ocean)
5535,839.9109619094905,Mississippi River
5537,528.7139689974812,Mississippi River
5538,883.9475572927406,Mississippi River
5539,881.3768112840671,Mississippi River
5540,892.5898187368281,Mississippi River
5541,892.6763569250035,Mississippi River
5542,892.669909739658,Mississippi River
5543,609.960346705221,Mississippi River
5545,699.1721362815069,Brazos River
5546,710.7741284705587,Mississippi River
5547,659.0174045203441,Mississippi River
5549,641.1699119460008,Mississippi River
5550,735.8868514814474,Mississippi River
5551,1216.5976174126888,Mississippi River
5552,1218.9269560318971,Mississippi River
5553,739.5087067601975,St.Lawrence
5554,1177.5585092563908,St.Lawrence
5555,518.7003517158195,St.Lawrence
5556,951.802171223181,St.Lawrence
5557,767.0328883679492,St.Lawrence
5558,590.3004213992095,St.Lawrence
5559,1021.2852152023456,St.Lawrence
5560,512.6756423336861,St.Lawrence
5561,573.8344418046581,St.Lawrence
5562,738.9184810139084,Mississippi River
5563,919.9158210143258,St.Lawrence
5564,976.1407554490913,Columbia River
5565,988.3702384530395,Columbia River
5566,987.8730724281186,Colorado River (Pacific Ocean)
5567,987.7840152788932,Colorado River (Pacific Ocean)
5568,1027.3121582039496,Mississippi River
5572,723.4870678296287,Columbia River
5575,516.4475056784399,Colorado River (Pacific Ocean)
5590,581.368124854298,Mississippi River
5591,831.7928420222443,St.Lawrence
5595,597.1135934445913,Mississippi River
5596,575.6216984559833,Mississippi River
5599,528.6855398844519,Mississippi River
5600,523.2403569132092,Mississippi River
5601,892.669909739658,Mississippi River
5602,605.1461229543339,Mississippi River
5604,539.647748042838,Mississippi River
5605,506.1415129874409,Mississippi River
5606,608.5860016364265,Mississippi River
5607,850.9260191740503,Mississippi River
5608,762.9856351007123,Mississippi River
5609,842.7795386245834,Mississippi River
5610,845.1034169195601,Mississippi River
5611,818.6241400889487,Mississippi River
5612,871.7244714099795,Mississippi River
5613,873.2658671073638,Mississippi River
5614,873.2658671073638,Mississippi River
5615,866.1808651448647,Mississippi River
5616,841.0179074168211,Mississippi River
5617,1370.3225167506364,Mississippi River
5618,1209.3581593698011,Mississippi River
5619,942.5898303719223,Mississippi River
5620,974.7334981052377,Mississippi River
5621,802.1785868336777,St.Lawrence
5622,1172.0035733378584,Mississippi River
5623,1075.618855707055,St.Lawrence
5624,821.7325097157108,St.Lawrence
5625,873.9570209775356,St.Lawrence
5626,873.9016947149026,St.Lawrence
5627,835.7000101898577,St.Lawrence
5628,827.8515497932974,St.Lawrence
5629,830.7075547703475,St.Lawrence
5630,830.673028698686,St.Lawrence
5631,827.8261072268795,St.Lawrence
5632,951.3314192366017,St.Lawrence
5633,829.6196916326821,St.Lawrence
5634,811.5435660512624,St.Lawrence
5635,811.580850725913,St.Lawrence
5636,829.9431259101136,St.Lawrence
5637,829.4761619006598,St.Lawrence
5638,828.269676917076,St.Lawrence
5639,800.1308267256215,St.Lawrence
5640,828.1118204737746,St.Lawrence
5641,800.8430431411343,St.Lawrence
5642,832.720577960851,St.Lawrence
5643,833.0749191625645,St.Lawrence
5644,833.0382181726148,St.Lawrence
5645,811.5975927600444,St.Lawrence
5646,810.7365671207099,St.Lawrence
5647,832.515017097237,St.Lawrence
5648,831.0249798558959,St.Lawrence
5649,831.0239563103345,St.Lawrence
5650,831.6219768236983,St.Lawrence
5651,826.1133059922672,St.Lawrence
5652,826.2321063078591,St.Lawrence
5653,833.5560143455367,St.Lawrence
5654,809.3478115321659,St.Lawrence
5655,835.3697650109434,St.Lawrence
5656,834.6970619640302,St.Lawrence
5657,809.3258464265303,St.Lawrence
5658,813.4022244475163,St.Lawrence
5659,835.4611513125778,St.Lawrence
5660,813.6394205578533,St.Lawrence
5661,808.7754959727614,St.Lawrence
5662,804.1599348753449,St.Lawrence
5663,804.186385840178,St.Lawrence
5664,803.9658060509528,St.Lawrence
5665,804.2210215980163,St.Lawrence
5666,812.879730165977,St.Lawrence
5667,804.0973573480787,St.Lawrence
5668,802.473226393132,St.Lawrence
5669,802.4812490662339,St.Lawrence
5670,804.2606624364546,St.Lawrence
5671,802.7473589703768,St.Lawrence
5672,813.3726416217996,St.Lawrence
5673,802.909589205179,St.Lawrence
5674,813.9319258936439,St.Lawrence
5675,803.9354021675556,St.Lawrence
5676,804.6038312422752,St.Lawrence
5677,802.4377441865647,St.Lawrence
5678,803.3665437796249,St.Lawrence
5679,802.6449084324951,St.Lawrence
5680,801.7906173542156,St.Lawrence
5681,802.7040586431116,St.Lawrence
5682,802.9284944933287,St.Lawrence
5683,802.0718733303,St.Lawrence
5684,816.9408545292576,St.Lawrence
5685,817.3652376133581,St.Lawrence
5686,801.586297198157,St.Lawrence
5687,801.799949734912,St.Lawrence
5688,802.2407736579789,St.Lawrence
5689,802.7426935440802,St.Lawrence
5690,800.793330852784,St.Lawrence
5691,801.6154631342367,St.Lawrence
5692,803.0052469456001,St.Lawrence
5693,804.3859243311014,St.Lawrence
5694,802.5677516727939,St.Lawrence
5695,814.8595825022303,St.Lawrence
5696,814.1049876147171,St.Lawrence
5697,815.6583221048594,St.Lawrence
5698,814.6743256073547,St.Lawrence
5699,802.1085374769838,St.Lawrence
5700,801.4615021916503,St.Lawrence
5701,801.9563725211194,St.Lawrence
5702,802.3032241183867,St.Lawrence
5703,803.2198783832796,St.Lawrence
5704,800.9227147081031,St.Lawrence
5705,799.9209838462546,St.Lawrence
5706,801.2229382586353,St.Lawrence
5707,801.6459422448523,St.Lawrence
5708,804.3982990338097,St.Lawrence
5709,799.8165776960751,St.Lawrence
5710,804.7437631659373,St.Lawrence
5711,804.616564071344,St.Lawrence
5712,804.923414883237,St.Lawrence
5713,798.3446904575029,St.Lawrence
5714,803.8669409216941,St.Lawrence
5715,805.053137792406,St.Lawrence
5716,804.5289545899279,St.Lawrence
5717,803.4795361335564,St.Lawrence
5718,801.5997877355394,St.Lawrence
5719,804.5588152559926,St.Lawrence
5720,944.700190638539,St.Lawrence
5721,803.7906889859319,St.Lawrence
5722,803.9793485366541,St.Lawrence
5723,801.1144663340672,St.Lawrence
5724,804.5163646348446,St.Lawrence
5725,801.3230427130177,St.Lawrence
5726,801.0610546347708,St.Lawrence
5727,799.8466365728228,St.Lawrence
5728,800.0376306865263,St.Lawrence
5729,800.2188944560534,St.Lawrence
5730,805.2237941418373,St.Lawrence
5731,811.570450878595,St.Lawrence
5732,804.9161949616348,St.Lawrence
5733,805.4190498155979,St.Lawrence
5734,805.143962010383,St.Lawrence
5735,800.538251013386,St.Lawrence
5736,805.1289814370018,St.Lawrence
5737,800.4560278486548,St.Lawrence
5738,800.2143332596994,St.Lawrence
5739,800.7120081043591,St.Lawrence
5740,800.3126239868292,St.Lawrence
5741,804.2843341178142,St.Lawrence
5742,817.6730671764775,St.Lawrence
5743,806.440810455389,St.Lawrence
5744,807.758709582354,St.Lawrence
5745,807.3814908341325,St.Lawrence
5746,979.8787453882213,St.Lawrence
5747,806.8865242031075,St.Lawrence
5748,979.8002976542301,St.Lawrence
5749,806.8795743128557,St.Lawrence
5750,963.5837802108681,St.Lawrence
5751,965.069031872665,St.Lawrence
5752,965.3044033033423,St.Lawrence
5753,809.1616766244915,St.Lawrence
5754,806.5863106661011,St.Lawrence
5755,813.548797023926,St.Lawrence
5756,807.8083936541668,St.Lawrence
5757,827.3975506276793,St.Lawrence
5758,807.5124789992906,St.Lawrence
5759,1028.2318883860166,St.Lawrence
5760,1028.902701521118,St.Lawrence
5761,577.4796345413662,St.Lawrence
5762,577.4796345413662,St.Lawrence
5763,580.0550978105474,St.Lawrence
5764,986.2501507725412,Colorado River (Pacific Ocean)
5765,713.2962292497217,Columbia River
5777,530.6644651908449,Bravo
5778,780.2062621722665,Colorado River (Pacific Ocean)
5779,822.3927596024939,Nelson River
5802,591.7165203522159,Mississippi River
5803,591.7165203522159,Mississippi River
5806,597.1135934445913,Mississippi River
5809,576.9080910740307,Mississippi River
5814,864.9619206196598,Mississippi River
5818,772.0897488807875,Mississippi River
5819,639.664549840822,Mississippi River
5820,713.661510373009,Mississippi River
5821,656.3787633858091,Mississippi River
5822,656.7742316841974,Mississippi River
5823,637.2015604233616,Mississippi River
5824,637.5996732545763,Mississippi River
5825,640.0225279923158,Mississippi River
5826,663.4126931877679,Mississippi River
5827,607.3344284235999,Mississippi River
5828,610.4965542228358,Mississippi River
5829,731.028407594019,Mississippi River
5830,603.6779513401514,Mississippi River
5831,850.9260191740503,Mississippi River
5832,600.1062937041588,Mississippi River
5833,677.8035320936797,Mississippi River
5834,702.4032888648405,Mississippi River
5835,736.8313846121016,Mississippi River
5836,725.5418363596431,Mississippi River
5837,769.5330431945283,Mississippi River
5838,770.5580582901281,Mississippi River
5839,772.5050286039328,Mississippi River
5840,761.935347175746,Mississippi River
5841,761.0996999296591,Mississippi River
5842,761.0165854048629,Mississippi River
5843,775.0392713479858,Mississippi River
5844,765.3255817229378,Mississippi River
5845,771.9794245046764,Mississippi River
5846,773.2115067044881,Mississippi River
5847,775.4676075993624,Mississippi River
5848,785.433403232974,Mississippi River
5849,774.5452551263132,Mississippi River
5850,779.2993752053607,Mississippi River
5851,791.2518867774205,Mississippi River
5852,808.9139543863786,Mississippi River
5853,811.3380758035404,Mississippi River
5854,813.5455486971275,Mississippi River
5855,823.2970160900824,Mississippi River
5856,809.1013192822809,Mississippi River
5857,810.7713117528972,Mississippi River
5858,808.0294311640401,St.Lawrence
5859,867.0668006743183,Mississippi River
5860,838.179279638917,Mississippi River
5861,838.212713798617,Mississippi River
5862,838.212713798617,Mississippi River
5863,856.8102520770012,St.Lawrence
5864,802.3448208504925,St.Lawrence
5865,845.1034169195601,Mississippi River
5866,818.4072563889881,Mississippi River
5867,873.2658671073638,Mississippi River
5868,960.2470196929161,Mississippi River
5869,976.8431923034448,Mississippi River
5870,852.8487579891481,St.Lawrence
5871,994.6753510856936,Mississippi River
5872,1398.9894444567356,Mississippi River
5873,1155.0323544688044,Mississippi River
5874,1034.7819815296639,St.Lawrence
5875,871.5369977501011,Mississippi River
5876,1082.048200017457,St.Lawrence
5877,1082.048200017457,St.Lawrence
5878,1072.1573314943842,St.Lawrence
5879,824.2136146044561,St.Lawrence
5880,1007.6255940550806,St.Lawrence
5881,873.001049196315,St.Lawrence
5882,873.1679062170341,St.Lawrence
5883,872.2134446167624,St.Lawrence
5884,872.292537219407,St.Lawrence
5885,867.2967500914209,St.Lawrence
5886,873.2962652699176,St.Lawrence
5887,913.9872423985361,St.Lawrence
5888,860.146958505149,St.Lawrence
5889,860.0559948310192,St.Lawrence
5890,860.9806978157786,St.Lawrence
5891,978.3711533239972,St.Lawrence
5892,844.0096391357647,St.Lawrence
5893,978.6444534565877,St.Lawrence
5894,980.9647334403247,St.Lawrence
5895,971.1114830780408,St.Lawrence
5896,970.9967654175811,St.Lawrence
5897,836.2438431381495,St.Lawrence
5898,835.7028663967071,St.Lawrence
5900,840.1102696832677,St.Lawrence
5901,835.1597890722226,St.Lawrence
5902,844.0411218701662,St.Lawrence
5903,829.3741649503718,St.Lawrence
5904,828.6897900666161,St.Lawrence
5905,828.3830904034462,St.Lawrence
5906,828.6310310036987,St.Lawrence
5907,831.1205193708203,St.Lawrence
5908,829.1023228368297,St.Lawrence
5909,829.985848174126,St.Lawrence
5910,795.3310333049749,St.Lawrence
5911,831.4815924007153,St.Lawrence
5912,831.013855175237,St.Lawrence
5913,829.3445132873095,St.Lawrence
5914,799.8569201549084,St.Lawrence
5915,829.7701921148989,St.Lawrence
5916,796.1449958262207,St.Lawrence
5917,811.6632311269096,St.Lawrence
5918,830.0689971165712,St.Lawrence
5919,811.7653895062851,St.Lawrence
5920,799.8836626147236,St.Lawrence
5921,922.1662898789064,St.Lawrence
5922,811.0782883683494,St.Lawrence
5923,833.0502693044191,St.Lawrence
5924,794.4229963112994,St.Lawrence
5925,827.5585253557699,St.Lawrence
5926,831.1212741748651,St.Lawrence
5927,797.1599826916876,St.Lawrence
5928,798.937935204447,St.Lawrence
5929,810.3392740963209,St.Lawrence
5930,827.0343635826773,St.Lawrence
5931,831.9083100744253,St.Lawrence
5932,795.7260111485201,St.Lawrence
5933,830.5074019206253,St.Lawrence
5934,878.7123389660669,St.Lawrence
5935,831.8403167728153,St.Lawrence
5936,1051.034954885793,St.Lawrence
5937,830.6072679429163,St.Lawrence
5938,831.7380444485582,St.Lawrence
5939,833.9768830548173,St.Lawrence
5940,797.1269462218081,St.Lawrence
5941,833.2691796603626,St.Lawrence
5942,834.8010018700575,St.Lawrence
5943,796.5121604699383,St.Lawrence
5944,835.4512940597643,St.Lawrence
5945,835.0354615987526,St.Lawrence
5946,806.7940638996595,St.Lawrence
5947,834.922295661933,St.Lawrence
5948,876.8469264560483,St.Lawrence
5949,888.798114729667,St.Lawrence
5950,768.6302197653984,St.Lawrence
5951,872.6595101169579,St.Lawrence
5952,812.79634232423,St.Lawrence
5953,803.6463822389555,St.Lawrence
5954,769.2181149795895,St.Lawrence
5955,817.8444988652234,St.Lawrence
5956,814.5386864741698,St.Lawrence
5957,891.6697233427171,St.Lawrence
5958,814.1235535338261,St.Lawrence
5959,802.5589234389777,St.Lawrence
5960,871.8679484595431,St.Lawrence
5961,938.4208712807576,St.Lawrence
5962,938.7745052595732,St.Lawrence
5963,804.8828455939292,St.Lawrence
5964,804.644621354244,St.Lawrence
5965,841.9610837189794,St.Lawrence
5966,841.9327849707234,St.Lawrence
5967,804.5295011197238,St.Lawrence
5968,891.5173826552881,St.Lawrence
5969,804.8131397024738,St.Lawrence
5970,866.8809057427306,St.Lawrence
5971,803.900266311842,St.Lawrence
5972,867.8867313744753,St.Lawrence
5973,805.9710486888655,St.Lawrence
5974,810.2489411551583,St.Lawrence
5975,954.7524285894084,St.Lawrence
5976,843.225240202602,St.Lawrence
5977,800.6668621645904,St.Lawrence
5978,842.8718080387563,St.Lawrence
5979,800.5209413010044,St.Lawrence
5980,800.3283832611781,St.Lawrence
5981,866.6327365912314,St.Lawrence
5982,965.9229273984273,St.Lawrence
5983,826.6783961980608,St.Lawrence
5984,966.3020678266688,St.Lawrence
5985,993.7195787829996,St.Lawrence
5986,669.3224678949579,St.Lawrence
5987,1025.9440966396016,St.Lawrence
5988,502.34916083948366,St.Lawrence
5989,627.5742932540962,St.Lawrence
5990,578.9766620344543,St.Lawrence
5994,833.8933189672259,Mississippi River
5995,806.8790869077425,St.Lawrence
5996,1019.3242691632082,St.Lawrence
5997,831.3611844259486,St.Lawrence
5998,802.4048102786501,St.Lawrence
5999,802.3386294464308,St.Lawrence
6000,801.9017579410233,St.Lawrence
6001,804.697127343196,St.Lawrence
6002,801.8014993052959,St.Lawrence
6003,962.997424642919,St.Lawrence
6004,665.8290695932272,Colorado River (Pacific Ocean)
6007,1012.6115501245364,Mississippi River
6008,733.281853202378,St.Lawrence
6009,671.7917472397812,St.Lawrence
6010,649.6893940937606,St.Lawrence
6011,690.4881164785279,St.Lawrence
6013,931.865322358621,Mississippi River
6014,1129.6285333337723,Mississippi River
6015,500.775734247908,St.Lawrence
6016,806.8849225124649,St.Lawrence
6017,831.3614288365334,St.Lawrence
6018,981.1974471112205,St.Lawrence
6021,845.281623110102,Nelson River
6022,995.8697193367578,Mississippi River
6023,645.0615413968594,Mississippi River
6024,712.4053211539488,Mississippi River
6025,849.5856191014617,Mississippi River
6026,805.4697291820744,Mississippi River
6028,748.3168579384079,Mississippi River
6029,841.5921751692756,Mississippi River
6033,717.3711040321774,St.Lawrence
6036,722.3990913371895,Mississippi River
6037,722.8981427969928,Mississippi River
6038,641.2121063424402,Mississippi River
6039,566.3797055260602,St.Lawrence
6040,871.4043653731948,Mississippi River
6041,1110.1998936431244,St.Lawrence
6042,597.6826820752763,Mississippi River
6043,680.5941122595373,Mississippi River
6044,644.1274312355739,Mississippi River
6045,686.2374098429111,Mississippi River
6046,706.6097984534193,Mississippi River
6048,701.82445598289,St.Lawrence
6049,642.8480447125455,St.Lawrence
6050,787.8571854149003,St.Lawrence
6054,598.2860621209495,St.Lawrence
6057,1584.6853435476844,Mississippi River
6058,959.4961205182866,Mississippi River
6059,902.2257470105629,Mississippi River
6060,829.7691121606935,Mississippi River
6064,602.7529692008742,Mississippi River
6066,674.7093029262202,Mississippi River
6067,612.537380675852,Mississippi River
6069,652.8313718542424,Mississippi River
6070,840.3151780342785,Mississippi River
6071,846.1167115070309,Mississippi River
6072,899.2664047831738,Mississippi River
6076,838.1197907175587,Mississippi River
6078,727.2553540582934,St.Lawrence
6079,596.8375787583093,St.Lawrence
6080,695.205381930393,Mississippi River
6081,576.5861534908449,St.Lawrence
6082,768.7469085392826,Mississippi River
6083,801.4530703434721,Mississippi River
6084,658.4047087483691,St.Lawrence
6087,828.1770043451882,Mississippi River
6088,823.581129261433,Mississippi River
6090,608.8820648979389,St.Lawrence
6091,661.8270960199875,St.Lawrence
6092,597.1785525855738,St.Lawrence
6093,552.4122843231079,St.Lawrence
6094,737.6945544875512,St.Lawrence
6095,716.7536080201254,St.Lawrence
6096,570.2191226652228,St.Lawrence
6097,1077.909014232441,Mississippi River
6098,639.5163841059368,Mississippi River
6100,866.1808651448647,Mississippi River
6101,1072.1573314943842,St.Lawrence
6102,621.4226379532894,Brazos River
6104,819.3707292642116,St.Lawrence
6105,797.101568667626,St.Lawrence
6106,895.7386873804816,St.Lawrence
6108,881.9445430818729,St.Lawrence
6109,882.8957792412438,St.Lawrence
6110,881.4134657656585,St.Lawrence
6111,872.5691090388882,St.Lawrence
6112,917.0245839681764,St.Lawrence
6113,916.3906874816552,St.Lawrence
6115,876.8047421470208,Mississippi River
6116,855.3508793650864,Mississippi River
6117,776.6296859469583,St.Lawrence
6118,811.9001646906579,St.Lawrence
6119,777.9181174902718,Colorado River (Pacific Ocean)
6121,961.578803374961,Mississippi River
6123,1345.2401734674056,Mississippi River
6124,873.5507973351127,St.Lawrence
6126,873.2658671073638,Mississippi River
6127,800.0513408632579,St.Lawrence
6128,829.2161930482973,St.Lawrence
6129,849.5948616102322,St.Lawrence
6130,602.2062208792954,Mississippi River
