a,b,rho,connected,dist_km
AUT,BEL,0.32076627261073926,False,863.3638326955485
AUT,BGR,0.2532331576698476,False,833.3598753443669
AUT,BIH,-0.08189134808853119,False,442.17896544763624
AUT,CHE,0.3154649421493573,False,567.7250834292248
AUT,CYP,0.05571925503583441,False,2060.029894490617
AUT,CZE,0.5236647201253384,False,219.72368780213966
AUT,DEU,0.358033043725965,False,525.5756943310917
AUT,DNK,0.15241418601338844,False,951.4178149010254
AUT,ESP,0.16528984475145994,False,1600.9413226462875
AUT,EST,-0.031997151378843805,False,1433.9590687950044
AUT,FIN,0.4039893617021276,False,1609.297636716906
AUT,FRA,0.5750249252243271,False,967.5071830369072
AUT,GBR,0.2964819826235579,False,1281.429366352711
AUT,GRC,0.16549636803874093,False,1373.165739060867
AUT,HRV,0.04913499260402599,False,231.60795623830992
AUT,HUN,0.2263495228599915,False,303.19794227048607
AUT,IND|delhi,0.07042315128562089,False,5615.3952001585385
AUT,IND|gujarat,0.1341789869652699,False,5700.284057734716
AUT,IND|karnataka,-0.024757239086694076,False,6873.156483204976
AUT,IND|kerala,0.023690380379452886,False,7061.41467940818
AUT,IND|maharashtra,0.17533024232350627,False,6057.226944201494
AUT,IND|odisha,0.06529669580072973,False,6896.987503251381
AUT,IND|rajasthan,0.27992301635902367,False,5645.574444671235
AUT,IND|tamil nadu,-0.059574840346426385,False,7058.845038080361
AUT,IND|telangana,-0.18442830898434084,False,6579.738987518098
AUT,IND|uttar pradesh,-0.16066835797393053,False,5639.836528229118
AUT,IND|west bengal,0.0353602953411776,False,6910.19367663688
AUT,IRL,-0.12585101837345108,False,1657.4387912909463
AUT,ITA,0.568076784609515,False,555.9932539424454
AUT,LTU,-0.08005740005654739,False,1007.5649068795849
AUT,LUX,0.17518433300862038,False,712.5368959568897
AUT,LVA,0.117461900014243,False,1172.4311390696078
AUT,MDA,-0.2014274455783012,False,1007.9493522607316
AUT,MKD,-0.11455931209693178,False,801.9617466720708
AUT,MLT,0.12909015083549394,False,1334.173536917243
AUT,NLD,0.3240564022219058,False,874.7772482214137
AUT,NOR,-0.23173625937174877,False,1421.224978961512
AUT,POL,0.10009970089730809,False,560.6260353564127
AUT,PRT,-0.07686939182452643,False,2168.2407180908617
AUT,ROU,0.36236291126620146,False,838.2141138302013
AUT,SRB,0.3288353863381859,False,548.4402347844509
AUT,SVK,0.4832582311256611,False,214.15724195133174
AUT,SVN,0.3227237994474813,False,220.228180611536
AUT,SWE,0.33084018639747886,False,1219.9543152091226
AUT,TUR,0.24216027874564458,False,1374.2562152832886
AUT,USA|alabama,-0.10176613018088593,False,8132.9059356215685
AUT,USA|arizona,-0.07942258834685062,False,9575.948682596838
AUT,USA|arkansas,-0.009756444950861701,False,8343.724314517334
AUT,USA|california,0.3787637088733799,False,9704.624713139043
AUT,USA|colorado,-0.0074419598347813705,False,8652.40399191759
AUT,USA|connecticut,0.07788064378293692,False,6650.208719860761
AUT,USA|delaware,-0.053770926098443896,False,6938.066908167136
AUT,USA|florida,-0.15356786782509618,False,8258.645717463867
AUT,USA|georgia,-0.22154251531120925,False,7955.842944538859
AUT,USA|idaho,0.19769975786924943,False,8732.703370757547
AUT,USA|illinois,-0.05553339980059821,False,7535.526344886856
AUT,USA|indiana,-0.19366899302093724,False,7554.8362910818705
AUT,USA|iowa,-0.13298675402364335,False,7858.810865247738
AUT,USA|kansas,-0.13839908844893892,False,8164.914663856011
AUT,USA|kentucky,0.08678250961401511,False,7701.762922740333
AUT,USA|louisiana,-0.24706594502207666,False,8602.459133888507
AUT,USA|maine,-0.17153539381854438,False,6181.614918006753
AUT,USA|maryland,-0.15603190428713862,False,7056.251832878683
AUT,USA|massachusetts,0.08711381411816635,False,6462.034542544064
AUT,USA|michigan,-0.06429995727104401,False,7243.226261774828
AUT,USA|minnesota,-0.0030551203532260367,False,7590.710798845857
AUT,USA|mississippi,-0.07072354365475005,False,8380.465022688422
AUT,USA|missouri,-0.055640222190571145,False,8040.69335762914
AUT,USA|montana,0.19486540378863412,False,8310.013742670697
AUT,USA|nebraska,-0.06463122174775546,False,8066.307910938408
AUT,USA|nevada,0.1896738356359493,False,9430.739458832988
AUT,USA|new hampshire,-0.07291696339552771,False,6432.6959850750945
AUT,USA|new jersey,-0.17464748611308933,False,6784.797463031614
AUT,USA|new mexico,-0.017725395242842903,False,9191.021967309634
AUT,USA|new york,-0.14708018800740638,False,6757.8150298637065
AUT,USA|north carolina,-0.12039595499216638,False,7553.711424306648
AUT,USA|north dakota,-0.026050420168067228,False,7731.623311743512
AUT,USA|ohio,-0.01760432986754024,False,7369.30915397414
AUT,USA|oklahoma,-0.19686654322746047,False,8512.803926655686
AUT,USA|oregon,0.1641504059250819,False,8863.919516565415
AUT,USA|pennsylvania,-0.08367041731947017,False,6975.662337312841
AUT,USA|rhode island,-0.033289476729643865,False,6515.191685064496
AUT,USA|south carolina,-0.22717561600911554,False,7714.734447553235
AUT,USA|south dakota,0.003945306936333856,False,7923.113233030796
AUT,USA|tennessee,-0.21229881783221766,False,7972.442049339311
AUT,USA|texas,-0.2994206645107449,False,8955.076360410241
AUT,USA|utah,0.26691758103870294,False,8918.585066447462
AUT,USA|vermont,0.022439823386981913,False,6437.885562440445
AUT,USA|virginia,-0.02534539239424584,False,7138.959190030769
AUT,USA|washington,0.08735935051986898,False,8621.571095342348
AUT,USA|washington dc,0.1325169714376325,False,7087.066669327566
AUT,USA|west virginia,-0.25987038883349955,False,7286.669962500056
AUT,USA|wisconsin,0.050932915539097005,False,7467.9755248890515
AUT,USA|wyoming,-0.1589802022503917,False,8503.557771101905
BEL,BGR,0.16897165645919388,False,1686.006254084359
BEL,BIH,0.12917505030181084,False,1235.0733559138732
BEL,CHE,0.07488906620367233,False,494.17340440140447
BEL,CYP,0.0211370619530486,False,2913.387305110294
BEL,CZE,0.16927788064378296,False,763.0012229325938
BEL,DEU,0.4680957128614158,False,357.38944280116834
BEL,DNK,0.16209941603760153,False,675.4749853741139
BEL,ESP,0.43698903290129615,False,1252.1631761052904
BEL,EST,0.15506476165656463,False,1610.7846562503544
BEL,FIN,0.028373460246360584,False,1701.1065032058566
BEL,FRA,0.48337843612021086,True,452.5209371307528
BEL,GBR,0.4263495228599915,False,419.11505632453446
BEL,GRC,0.10425153112092296,False,2163.4999010779256
BEL,HRV,0.12007203035564991,False,1016.7899711408683
BEL,HUN,0.050113943882637804,False,1149.2117410950657
BEL,IND|delhi,0.13521245046839211,False,6386.375773341955
BEL,IND|gujarat,-0.109474236724696,False,6520.336495108388
BEL,IND|karnataka,-0.032035692415361736,False,7709.481474879023
BEL,IND|kerala,0.1233509465843005,False,7909.0591057610045
BEL,IND|maharashtra,0.032945499081445194,False,6890.106727349929
BEL,IND|odisha,-0.08435031362682692,False,7671.574165128612
BEL,IND|rajasthan,-0.04032893010235325,False,6432.17822031151
BEL,IND|tamil nadu,0.06940775085294375,False,7886.275943948732
BEL,IND|telangana,-0.1432420610620243,False,7399.134226832479
BEL,IND|uttar pradesh,0.041343714460677104,False,6410.021218719856
BEL,IND|west bengal,-0.13089083099819376,False,7659.294601578934
BEL,IRL,0.35247115795470735,False,795.5222706625285
BEL,ITA,0.38717546184274765,False,892.9624764859082
BEL,LTU,0.15377658136556757,False,1421.723539415466
BEL,LUX,0.39015415805827913,False,183.74042813957928
BEL,LVA,0.12528129896026208,False,1448.646375260413
BEL,MDA,-0.16766739002018322,False,1821.0811160225999
BEL,MKD,-0.037912839554426425,False,1625.9433430397141
BEL,MLT,0.019454927240375855,False,1849.879610057263
BEL,NLD,0.46650049850448655,True,147.8918830886939
BEL,NOR,-0.04380484730779431,False,1105.7040810281858
BEL,POL,0.17632103688933204,False,1064.8244825080167
BEL,PRT,0.31417177040307653,False,1651.2994303904884
BEL,ROU,0.162953995157385,False,1699.1372775806803
BEL,SRB,0.24146136618141098,False,1401.9661741476555
BEL,SVK,0.26181146170719055,False,1029.7300369804611
BEL,SVN,0.3053841180273908,False,902.3434581899868
BEL,SWE,0.04274373167637481,False,1158.3088403747265
BEL,TUR,0.17587422862180427,False,2237.055140973175
BEL,USA|alabama,0.115596068936049,False,7272.115184832055
BEL,USA|arizona,0.05556554544508424,False,8771.92629488671
BEL,USA|arkansas,0.1255804016521863,False,7490.997290600691
BEL,USA|california,0.06791767554479419,False,8948.165246077766
BEL,USA|colorado,-0.04329867540236434,False,7843.286989027054
BEL,USA|connecticut,0.009913117789488678,False,5787.874661425827
BEL,USA|delaware,-0.02278169559485094,False,6075.661548682765
BEL,USA|florida,0.15105398091439967,False,7397.241574612334
BEL,USA|georgia,-0.020388833499501498,False,7093.8138212768035
BEL,USA|idaho,-0.02154251531120923,False,7986.289940228805
BEL,USA|illinois,-0.03166927788064379,False,6690.108698532046
BEL,USA|indiana,-0.03306509044295685,False,6703.734751212744
BEL,USA|iowa,0.01640791909984333,False,7024.086448767
BEL,USA|kansas,-0.02072354365475004,False,7325.857767728761
BEL,USA|kentucky,0.005782652043868396,False,6846.044175661258
BEL,USA|louisiana,-0.16815268480273468,False,7744.181967107739
BEL,USA|maine,0.011266201395812563,False,5320.339818452017
BEL,USA|maryland,-0.1664150405925082,False,6194.0928308211005
BEL,USA|massachusetts,-0.03025927620585234,False,5599.6319817135
BEL,USA|michigan,-0.011914257228315057,False,6392.890150866679
BEL,USA|minnesota,-0.055220054123344256,False,6766.63565649234
BEL,USA|mississippi,0.165183022361487,False,7522.00493614114
BEL,USA|missouri,-0.08297251103831364,False,7196.789044443275
BEL,USA|montana,0.04981484119071358,False,7549.39104214702
BEL,USA|nebraska,-0.018939643461864983,False,7236.787185948101
BEL,USA|nevada,-0.043540806152969666,False,8658.341770732308
BEL,USA|new hampshire,-0.011458481697763851,False,5571.004499930588
BEL,USA|new jersey,-0.0126477709727959,False,5922.460805678272
BEL,USA|new mexico,0.1949081327446233,False,8371.273137385177
BEL,USA|new york,-0.08468166927788065,False,5896.415906075176
BEL,USA|north carolina,-0.07051702036746903,False,6690.937247682581
BEL,USA|north dakota,0.04443811422874235,False,6928.642411275711
BEL,USA|ohio,-0.08007406352371457,False,6513.29016826624
BEL,USA|oklahoma,0.003396952001139439,False,7670.235831905118
BEL,USA|oregon,-0.007862127902008263,False,8154.254597842743
BEL,USA|pennsylvania,-0.007755305512035324,False,6114.614972456229
BEL,USA|rhode island,0.057976175003964216,False,5652.515640173266
BEL,USA|south carolina,-0.02028913260219342,False,6851.624440771821
BEL,USA|south dakota,-0.08104970801880076,False,7105.116446563095
BEL,USA|tennessee,0.006509044295684377,False,7114.78416548497
BEL,USA|texas,0.0366081633963416,False,8105.525507545623
BEL,USA|utah,0.012626428974576654,False,8138.891251829861
BEL,USA|vermont,-0.016486255519156817,False,5578.870608199418
BEL,USA|virginia,0.004408203959549922,False,6276.74515425662
BEL,USA|washington,-0.07253240279162514,False,7916.332439913316
BEL,USA|washington dc,-0.03939972831463358,False,6224.792288490492
BEL,USA|west virginia,-0.15602478279447374,False,6426.472088989631
BEL,USA|wisconsin,-0.046154393960974226,False,6626.470454519393
BEL,USA|wyoming,-0.20575416607320898,False,7700.600128876497
BGR,BIH,0.09798792756539235,False,483.662565466342
BGR,CHE,0.2080586234613614,False,1294.5694905551827
BGR,CYP,-0.12119515390032766,False,1228.0141373458378
BGR,CZE,0.1300170915823957,False,1004.5577935434098
BGR,DEU,-0.0001780373166215639,False,1358.5238362550756
BGR,DNK,-0.15376014812704744,False,1721.2145384636378
BGR,ESP,0.08031619427431991,False,2100.429864565031
BGR,EST,-0.04588774647442244,False,1858.193819327576
BGR,FIN,0.16487961926091826,False,2064.413238799676
BGR,FRA,0.07327303802877083,False,1687.755632658031
BGR,GBR,0.024056402221905714,False,2105.01575343499
BGR,GRC,0.016343825665859568,False,626.6044759844606
BGR,HRV,0.08498938838510517,False,676.2741592373314
BGR,HUN,0.0015809713715994875,False,611.9015206202697
BGR,IND|delhi,0.17589166208058304,False,5007.723596374957
BGR,IND|gujarat,0.1678418336103578,False,5007.497331131639
BGR,IND|karnataka,0.045787770098853986,False,6142.512539871283
BGR,IND|kerala,0.08697553978305783,False,6306.116337741481
BGR,IND|maharashtra,0.1509754177237337,False,5337.294393381632
BGR,IND|odisha,-0.15687303712468995,False,6270.979558420302
BGR,IND|rajasthan,0.15559443618231125,False,5012.095913685797
BGR,IND|tamil nadu,-0.051736505992476596,False,6344.428980131955
BGR,IND|telangana,-0.06604846470125098,False,5882.448241895736
BGR,IND|uttar pradesh,0.10587000262444232,False,5033.146569853262
BGR,IND|west bengal,-0.10396381737618868,False,6321.954012346852
BGR,IRL,0.038135593220338986,False,2481.318023563193
BGR,ITA,0.29363401916764326,False,1021.5229573574028
BGR,LTU,-0.12338161775383032,False,1349.7769299166268
BGR,LUX,0.012389576044994492,False,1521.1603485349199
BGR,LVA,0.05353938185443669,False,1583.803689759527
BGR,MDA,-0.20044560951061544,False,641.0073408487087
BGR,MKD,-0.07801446159859292,False,174.2583080776897
BGR,MLT,0.05953878595115025,False,1077.313088788435
BGR,NLD,0.05116080330437261,False,1707.513728710703
BGR,NOR,-0.09958819456221682,False,2136.7288494082036
BGR,POL,-0.13842757441959835,False,1068.9369472927467
BGR,PRT,0.06862270331861559,False,2714.407192683785
BGR,ROU,0.2908417604329868,False,274.7518196570111
BGR,SRB,0.32660974244120944,False,285.167758715693
BGR,SVK,0.061152366387303855,False,735.6935764178728
BGR,SVN,0.2298928270538216,False,801.1291509885924
BGR,SWE,0.060170241408478965,False,1849.3866463285617
BGR,TUR,0.10427773813022122,False,573.2052243905156
BGR,USA|alabama,-0.06327446232730381,False,8957.345543799875
BGR,USA|arizona,0.23329695431057185,False,10400.481747106176
BGR,USA|arkansas,0.03189004415325452,False,9175.073058336116
BGR,USA|california,0.1934624697336562,False,10506.516952349215
BGR,USA|colorado,-0.0020794758581398664,False,9479.310220637697
BGR,USA|connecticut,-0.020196553197550208,False,7471.322789212101
BGR,USA|delaware,-0.05686522017032971,False,7758.890779544246
BGR,USA|florida,0.13204671699188153,False,9058.205879646448
BGR,USA|georgia,-0.15598917533114942,False,8777.610306930348
BGR,USA|idaho,-0.0625338270901581,False,9531.03467647741
BGR,USA|illinois,-0.08985187295257088,False,8368.60986852584
BGR,USA|indiana,-0.04292123629112663,False,8386.728493376948
BGR,USA|iowa,-0.10670132459763568,False,8691.876864732878
BGR,USA|kansas,-0.05534111949864692,False,8998.248408516163
BGR,USA|kentucky,-0.039880358923230316,False,8531.52443067238
BGR,USA|louisiana,-0.011358780800455775,False,9430.1881996427
BGR,USA|maine,0.025110383136305373,False,7005.364833971706
BGR,USA|maryland,-0.11870816123059395,False,7877.808883561342
BGR,USA|massachusetts,0.06429295024392444,False,7282.972007950185
BGR,USA|michigan,-0.06031904287138585,False,8075.32962677276
BGR,USA|minnesota,-0.06667853582110811,False,8422.148494508741
BGR,USA|mississippi,-0.12806580259222336,False,9208.008392974687
BGR,USA|missouri,0.0003988035892323031,False,8873.939332115344
BGR,USA|montana,0.06999715140293407,False,9116.501146695735
BGR,USA|nebraska,-0.02022151442375094,False,8898.668861069835
BGR,USA|nevada,0.017212647770972797,False,10241.355221473825
BGR,USA|new hampshire,-0.07436262640649481,False,7255.545059760887
BGR,USA|new jersey,0.02666286853724541,False,7605.8750177808415
BGR,USA|new mexico,-0.1557826520438684,False,10020.95280544122
BGR,USA|new york,-0.17378578550064094,False,7581.246016446473
BGR,USA|north carolina,-0.2138156957698334,False,8372.976508233449
BGR,USA|north dakota,-0.17136447799458768,False,8557.002902651839
BGR,USA|ohio,-0.15455775530551205,False,8198.859296359531
BGR,USA|oklahoma,-0.15127474718701042,False,9346.133857118146
BGR,USA|oregon,0.05815410910126763,False,9640.935285081985
BGR,USA|pennsylvania,-0.16489816265489246,False,7799.748342714162
BGR,USA|rhode island,0.036465668112983504,False,7335.137371268923
BGR,USA|south carolina,-0.08642643498077197,False,8532.052736975185
BGR,USA|south dakota,-0.23131320324740068,False,8753.01019927588
BGR,USA|tennessee,-0.02560888762284575,False,8800.749901707079
BGR,USA|texas,-0.04731180498465041,False,9787.501948147024
BGR,USA|utah,0.2600987396720041,False,9733.36296844734
BGR,USA|vermont,-0.03290129611166501,False,7264.855542880245
BGR,USA|virginia,-0.27098703888334996,False,7960.340418919771
BGR,USA|washington,0.14185301239139725,False,9396.680628108397
BGR,USA|washington dc,-0.06900738678152724,False,7908.276185272438
BGR,USA|west virginia,-0.1912761714855434,False,8112.116634568686
BGR,USA|wisconsin,-0.08234581968380573,False,8301.321363184335
BGR,USA|wyoming,-0.05525566158666857,False,9328.4028023126
BIH,CHE,0.031758008678941824,False,815.4320890147026
BIH,CYP,0.113754883857061,False,1689.55643395771
BIH,CZE,0.021965124077800133,False,656.0677796116646
BIH,DEU,0.008953722334004023,False,934.9044882107172
BIH,DNK,-0.08993963782696175,False,1393.0287316897413
BIH,ESP,0.3464453386988598,False,1650.5200697313303
BIH,EST,-0.15027079597679097,False,1771.670104888039
BIH,FIN,-0.23527833668678738,False,1963.282668352402
BIH,FRA,0.06740442655935612,False,1204.7126479777337
BIH,GBR,0.07122736418511065,False,1650.7807830906493
BIH,GRC,0.22032193158953722,False,940.7041275395094
BIH,HRV,0.4031522468142186,False,224.57343893649164
BIH,HUN,0.028638497652582157,False,404.6832585825241
BIH,IND|delhi,0.034520466456280756,False,5461.529267692505
BIH,IND|gujarat,-0.1578689528475199,False,5482.773885281227
BIH,IND|karnataka,-0.2210305310121599,False,6624.238268922814
BIH,IND|kerala,-0.02061098086188737,False,6789.658954413643
BIH,IND|maharashtra,-0.2047589887148981,False,5817.395871822901
BIH,IND|odisha,-0.040259297169742525,False,6731.551619847189
BIH,IND|rajasthan,-0.2539585338115651,False,5473.270287310721
BIH,IND|tamil nadu,-0.24709999125185897,False,6824.1435507538745
BIH,IND|telangana,-0.12130172338378094,False,6359.142265614042
BIH,IND|uttar pradesh,0.27645875251509056,False,5486.699204722569
BIH,IND|west bengal,-0.2821475124551361,False,6771.709875341012
BIH,IRL,0.27327297116029503,False,2025.1057328789807
BIH,ITA,0.22072434607645872,False,547.5852451436832
BIH,LTU,0.03286440081616941,False,1292.545323495265
BIH,LUX,-0.015269573443204322,False,1061.6194640437357
BIH,LVA,0.1959423205902079,False,1496.7407207612894
BIH,MDA,0.04599524347850972,False,925.1731396412079
BIH,MKD,-0.039872568745808176,False,392.1310479159575
BIH,MLT,0.15683019364202985,False,960.3727613284628
BIH,NLD,-0.03718980549966465,False,1276.2770127510878
BIH,NOR,0.3438272901784367,False,1856.8359435946263
BIH,POL,0.02823608316566063,False,892.9023034013377
BIH,PRT,0.3891348088531187,False,2258.222683355446
BIH,ROU,0.16931589537223338,False,619.3771400935021
BIH,SRB,0.5911468812877263,False,246.5029774677806
BIH,SVK,-0.0561703554661301,False,468.0957708111337
BIH,SVN,0.116934942991281,False,333.0330332543993
BIH,SWE,-0.24420057177729235,False,1630.8603049894339
BIH,TUR,-0.014453386988598254,False,1056.8629173399079
BIH,USA|alabama,0.06934942991281018,False,8493.58519178364
BIH,USA|arizona,0.24859154929577462,False,9994.662730450973
BIH,USA|arkansas,0.06512407780013413,False,8723.039827279612
BIH,USA|california,-0.011938296445338697,False,10138.189593011197
BIH,USA|colorado,0.037055667337357476,False,9068.459283689677
BIH,USA|connecticut,-0.08467471495640508,False,7004.973289826124
BIH,USA|delaware,0.26579476861167,False,7292.1394464318655
BIH,USA|florida,0.20140845070422533,False,8579.903023533972
BIH,USA|georgia,0.19154929577464785,False,8311.223843652842
BIH,USA|idaho,0.0976525821596244,False,9167.850270136416
BIH,USA|illinois,0.21834339369550632,False,7924.908604768535
BIH,USA|indiana,0.27337357478202545,False,7936.8621687825835
BIH,USA|iowa,0.1971495640509725,False,8258.550961034452
BIH,USA|kansas,0.2099932930918846,False,8560.864577814333
BIH,USA|kentucky,-0.10965794768611668,False,8075.923782881709
BIH,USA|louisiana,0.0013413816230717637,False,8970.520194503268
BIH,USA|maine,0.15429242119382963,False,6541.849330813962
BIH,USA|maryland,0.1585513078470825,False,7411.651176522178
BIH,USA|massachusetts,-0.02350771294433266,False,6816.566588217151
BIH,USA|michigan,0.06452045606975183,False,7626.420209208148
BIH,USA|minnesota,0.03514419852448021,False,7998.137712984631
BIH,USA|mississippi,0.24627766599597584,False,8748.1600667411
BIH,USA|missouri,0.1503688799463447,False,8431.738737165302
BIH,USA|montana,0.11552649228705565,False,8742.161219556017
BIH,USA|nebraska,-0.023440643863179074,False,8470.110171895634
BIH,USA|nevada,-0.08782696177062373,False,9860.432993803746
BIH,USA|new hampshire,0.02997987927565392,False,6790.949560644742
BIH,USA|new jersey,0.0669684775318578,False,7139.423456840042
BIH,USA|new mexico,0.10315224681421863,False,9601.489739897237
BIH,USA|new york,0.15026827632461434,False,7117.06861275583
BIH,USA|north carolina,0.08762575452716297,False,7904.648936345004
BIH,USA|north dakota,0.08262910798122064,False,8150.186263667101
BIH,USA|ohio,0.25704225352112675,False,7743.00166402954
BIH,USA|oklahoma,0.221495640509725,False,8905.266631170025
BIH,USA|oregon,0.1436955063715627,False,9303.89076958556
BIH,USA|pennsylvania,0.014218645204560697,False,7336.157513496818
BIH,USA|rhode island,0.27783366867873904,False,6867.858928307353
BIH,USA|south carolina,0.1318242790073776,False,8062.214046901238
BIH,USA|south dakota,0.04470154258886653,False,8334.291090405359
BIH,USA|tennessee,0.22515090543259556,False,8342.313592083745
BIH,USA|texas,0.27724913858401046,False,9339.05402342874
BIH,USA|utah,0.09533869885982561,False,9346.018090686894
BIH,USA|vermont,0.07193158953722333,False,6805.172718847081
BIH,USA|virginia,0.16599597585513076,False,7493.982901601812
BIH,USA|washington,0.21730382293762573,False,9061.855295169875
BIH,USA|washington dc,-0.011653350548284687,False,7441.790376937399
BIH,USA|west virginia,0.11616364855801475,False,7649.94597917375
BIH,USA|wisconsin,0.05177733065057008,False,7861.543801178
BIH,USA|wyoming,0.239403085177733,False,8922.400214392552
CHE,CYP,0.010743657043132794,False,2502.9411770550137
CHE,CZE,0.09383530005538643,False,605.335308766886
CHE,DEU,-0.12099133527690499,False,401.10872720376176
CHE,DNK,-0.24805778358790223,False,985.6560596786843
CHE,ESP,-0.033406122709357756,False,1076.5429919005903
CHE,EST,-0.2071033872160111,False,1774.5588762448915
CHE,FIN,0.0857654782485795,False,1911.1664233344454
CHE,FRA,0.062437884075043054,True,404.83966741148106
CHE,GBR,-0.09979842943908071,False,874.327079195356
CHE,GRC,0.14256218593482256,False,1706.7159988874678
CHE,HRV,-0.04902362750543472,False,624.4412092933729
CHE,HUN,0.21987289857835196,False,867.6976604566294
CHE,IND|delhi,-0.13010690604409625,False,6181.236765843717
CHE,IND|gujarat,0.12566159557111117,False,6252.682171751799
CHE,IND|karnataka,0.023498123482595695,False,7414.054308267203
CHE,IND|kerala,0.24658588864072992,False,7590.692905048939
CHE,IND|maharashtra,0.08741371922490551,False,6601.6116242702365
CHE,IND|odisha,-0.0395779749155118,False,7461.855512532907
CHE,IND|rajasthan,0.12545163467625553,False,6208.925085359816
CHE,IND|tamil nadu,0.14013140057491358,False,7605.886231175277
CHE,IND|telangana,-0.1536563815518655,False,7131.657096397734
CHE,IND|uttar pradesh,0.1282686100155689,False,6205.763323609014
CHE,IND|west bengal,0.08968908020199536,False,7477.527704341928
CHE,IRL,-0.306793208221661,False,1236.8208997112488
CHE,ITA,0.0978247176008157,True,399.24403582929455
CHE,LTU,-0.2810959115057125,False,1448.3195564074065
CHE,LUX,0.023812926420952472,False,312.8720554747386
CHE,LVA,-0.03283220650106793,False,1552.6022174051664
CHE,MDA,-0.06382175390420575,False,1573.4568779786496
CHE,MKD,-0.14105151044377792,False,1203.7311107860937
CHE,MLT,0.15904803044235113,False,1356.793057160657
CHE,NLD,0.05840647266071453,False,597.0147096290558
CHE,NOR,-0.17120559930428098,False,1474.3288203107209
CHE,POL,-0.24676297263017524,False,1011.4041502051447
CHE,PRT,-0.0910007139046867,False,1613.9362013199
CHE,ROU,0.23287699998082137,False,1368.968829071668
CHE,SRB,0.137179971737568,False,1024.2712238606932
CHE,SVK,0.057055669877788484,False,779.3398931058391
CHE,SVN,0.030725514077955277,False,496.39579645591436
CHE,SWE,0.038550641461781165,False,1414.8058226809305
CHE,TUR,0.18767349725517132,False,1865.1401325060995
CHE,USA|alabama,-0.149813127298094,False,7684.013734709054
CHE,USA|arizona,-0.11698092079702609,False,9244.700867993268
CHE,USA|arkansas,0.00655104354828386,False,7923.338975015609
CHE,USA|california,0.10758829211989261,False,9435.545823376899
CHE,USA|colorado,-0.1286972102199184,False,8314.42630101244
CHE,USA|connecticut,-0.17067008218472426,False,6193.9912887306045
CHE,USA|delaware,-0.15002309664259028,False,6480.801440575883
CHE,USA|florida,-0.06051316508382719,False,7764.680848128499
CHE,USA|georgia,0.015131790760031735,False,7499.878712216848
CHE,USA|idaho,-0.13841179189194613,False,8475.894382041146
CHE,USA|illinois,-0.10333991238291793,False,7134.364323704541
CHE,USA|indiana,-0.20315933875644826,False,7139.881339355173
CHE,USA|iowa,-0.22130069012092662,False,7479.134113993923
CHE,USA|kansas,-0.14474586711758386,False,7776.458322835572
CHE,USA|kentucky,-0.013850977758604442,False,7273.316861538289
CHE,USA|louisiana,0.02290765548454388,False,8163.938942666349
CHE,USA|maine,-0.16685563909304188,False,5733.178987781371
CHE,USA|maryland,-0.10574756086647523,False,6600.686982511195
CHE,USA|massachusetts,-0.035743781411416306,False,6005.6015516256275
CHE,USA|michigan,-0.4828385056254899,False,6830.6919656139235
CHE,USA|minnesota,-0.17767605931275005,False,7230.195744342722
CHE,USA|mississippi,-0.1622573104485734,False,7941.525231212717
CHE,USA|missouri,-0.16246727979306969,False,7642.24499040528
CHE,USA|montana,0.015936673247267465,False,8036.679966877049
CHE,USA|nebraska,-0.13499326346739632,False,7695.890743531704
CHE,USA|nevada,-0.10208709529409013,False,9142.259745203064
CHE,USA|new hampshire,-0.14527778945697442,False,5981.325950316834
CHE,USA|new jersey,-0.1413933565837933,False,6328.331821470957
CHE,USA|new mexico,-0.16315317965175752,False,8835.98906046
CHE,USA|new york,-0.2830736712717315,False,6307.643423017974
CHE,USA|north carolina,-0.18801355004011674,False,7092.172312774217
CHE,USA|north dakota,-0.19895295288837286,False,7403.485363630532
CHE,USA|ohio,0.02009406626829376,False,6940.366044315934
CHE,USA|oklahoma,-0.237524321472339,False,8116.677408544733
CHE,USA|oregon,-0.13921667437918187,False,8647.61348005898
CHE,USA|pennsylvania,-0.2334229202765117,False,6527.102504202278
CHE,USA|rhode island,-0.0496087571263205,False,6056.278175980304
CHE,USA|south carolina,-0.0616120046533577,False,7248.864074809348
CHE,USA|south dakota,-0.21934097623896137,False,7572.146788957821
CHE,USA|tennessee,-0.16516888535892177,False,7537.0432262677305
CHE,USA|texas,-0.18557855506613163,False,8542.341182270136
CHE,USA|utah,0.06121306289881478,False,8621.128042925431
CHE,USA|vermont,-0.005165245874608427,False,5999.631525040937
CHE,USA|virginia,-0.13846778371714513,False,6682.859094249375
CHE,USA|washington,-0.09318439508744795,False,8409.964933526087
CHE,USA|washington dc,-0.06855173138205642,False,6630.592986101604
CHE,USA|west virginia,-0.14890326013861016,False,6841.886596741822
CHE,USA|wisconsin,-0.06438360000070856,False,7075.374151953799
CHE,USA|wyoming,-0.20530802504846016,False,8174.760091678917
CYP,CZE,0.11702373372681213,False,2218.5249043005915
CYP,DEU,0.13867172466084499,False,2585.5971968329545
CYP,DNK,0.115651924408005,False,2901.7507680188032
CYP,ESP,0.21801969531041848,False,3142.946872804461
CYP,EST,0.1363154376751573,False,2782.7373684163913
CYP,FIN,-0.10937379706632136,False,2987.510691757112
CYP,FRA,0.20509249218880235,False,2880.1968906269467
CYP,GBR,0.12160809650139717,False,3332.1576282492288
CYP,GRC,0.2828306865969185,False,892.183942262423
CYP,HRV,0.17955396930509385,False,1899.055027737544
CYP,HUN,0.23145082838588216,False,1812.6617141062752
CYP,IND|delhi,0.18349474659516116,False,4150.104841322476
CYP,IND|gujarat,-0.020716685358888196,False,4001.7113762220574
CYP,IND|karnataka,-0.3206886902514382,False,5055.294798040351
CYP,IND|kerala,0.06257108365889794,False,5178.938470857768
CYP,IND|maharashtra,-0.18758748626067595,False,4278.426828530969
CYP,IND|odisha,0.2350944421905774,False,5348.740710217375
CYP,IND|rajasthan,0.1686555153499352,False,4109.582148389056
CYP,IND|tamil nadu,-0.3655340150612612,False,5280.420164076151
CYP,IND|telangana,0.14156984901922665,False,4852.311231431474
CYP,IND|uttar pradesh,0.2112262040983938,False,4176.344068910292
CYP,IND|west bengal,-0.25710611294643826,False,5458.9151495328
CYP,IRL,-0.03110367659581059,False,3708.238182891831
CYP,ITA,0.2805909979131518,False,2178.5209844884007
CYP,LTU,0.14002400692282826,False,2309.0831390106127
CYP,LUX,-0.011717062813195109,False,2746.1860989792435
CYP,LVA,0.19185733187316828,False,2543.1005512504134
CYP,MDA,0.0790755663743837,False,1388.1306041265518
CYP,MKD,0.14376032135319075,False,1299.2222052774557
CYP,MLT,0.24305625932569638,False,1717.1245697758318
CYP,NLD,0.23691706857970035,False,2934.7776068704147
CYP,NOR,0.07473018183854305,False,3264.167706152003
CYP,POL,0.2269434549098016,False,2186.5669370668447
CYP,PRT,0.17948305189535707,False,3752.4114376283947
CYP,ROU,0.23031698598972528,False,1277.534801275352
CYP,SRB,0.11812258098728518,False,1513.0016840966914
CYP,SVK,0.11325825712722928,False,1940.347795185317
CYP,SVN,0.048608243464875,False,2019.8715481607087
CYP,SWE,-0.13054676783943706,False,2930.91412989581
CYP,TUR,0.379267640116207,False,721.1273006736486
CYP,USA|alabama,0.18429838256545553,False,10182.312440771004
CYP,USA|arizona,0.20561042019692344,False,11598.416398003023
CYP,USA|arkansas,0.33448350686628897,False,10403.07441429493
CYP,USA|california,0.4316719976874919,False,11658.265124506677
CYP,USA|colorado,0.49912162220455464,False,10683.714721009384
CYP,USA|connecticut,-0.15564436546751484,False,8694.35953625883
CYP,USA|delaware,0.35860215437960197,False,8981.599027553711
CYP,USA|florida,-0.03649992651826108,False,10259.948894680876
CYP,USA|georgia,0.4377401542150724,False,10000.657999965006
CYP,USA|idaho,0.44583102958517973,False,10679.658594395773
CYP,USA|illinois,0.5304632657230154,False,9595.259021332296
CYP,USA|indiana,0.5447132849734813,False,9614.607498800808
CYP,USA|iowa,0.5846497338158969,False,9913.99486885919
CYP,USA|kansas,0.5389460866127819,False,10222.299848728144
CYP,USA|kentucky,0.1522638353604544,False,9759.346633715211
CYP,USA|louisiana,-0.021333034712878195,False,10657.124396101208
CYP,USA|maine,0.3343155302150065,False,8230.35365723014
CYP,USA|maryland,0.27296905736120813,False,9101.016592727303
CYP,USA|massachusetts,0.3282473736874259,False,8505.955947283805
CYP,USA|michigan,0.20046613525139667,False,9303.117418238124
CYP,USA|minnesota,0.5899899915212532,False,9638.591068577201
CYP,USA|mississippi,0.20744416530675747,False,10434.868044928488
CYP,USA|missouri,0.291313507486685,False,10100.003189688183
CYP,USA|montana,0.2572982356019777,False,10281.221467133373
CYP,USA|nebraska,0.4835504789841313,False,10117.814604711086
CYP,USA|nevada,0.5282655712020693,False,11410.737272321965
CYP,USA|new hampshire,0.13450030448732944,False,8479.87340911813
CYP,USA|new jersey,0.03470117654411091,False,8828.832256766973
CYP,USA|new mexico,0.42073251827271874,False,11232.324105308206
CYP,USA|new york,0.5360554884052955,False,8805.86847462344
CYP,USA|north carolina,0.39601895345278004,False,9594.19933946233
CYP,USA|north dakota,0.46633817909591896,False,9759.058530685
CYP,USA|ohio,0.3858843621587356,False,9426.632035374418
CYP,USA|oklahoma,0.4954751290662968,False,10571.583585034849
CYP,USA|oregon,0.12164309163708101,False,10751.562360026304
CYP,USA|pennsylvania,0.44744780485377383,False,9024.747969073085
CYP,USA|rhode island,0.29339221854630604,False,8557.369929002789
CYP,USA|south carolina,0.1539366028461427,False,9751.56696805605
CYP,USA|south dakota,0.4093101059855084,False,9965.15671685627
CYP,USA|tennessee,0.3268475682600717,False,10028.022277157024
CYP,USA|texas,0.37974054521426337,False,11015.093282485805
CYP,USA|utah,0.3639634091663686,False,10912.124744119103
CYP,USA|vermont,0.41961967295797215,False,8491.635927396235
CYP,USA|virginia,0.45632257126319953,False,9183.387480873718
CYP,USA|washington,0.10695213367699856,False,10505.357246612171
CYP,USA|washington dc,0.4405833010301656,False,9131.214627757694
CYP,USA|west virginia,0.49770781872292685,False,9337.91592832347
CYP,USA|wisconsin,0.4149233257491987,False,9526.639923237646
CYP,USA|wyoming,0.30560552089997156,False,10528.393261177212
CZE,DEU,0.42293120638085746,False,405.68676862040985
CZE,DNK,0.31147272468309356,False,738.5935788858305
CZE,ESP,0.05963537957555904,False,1679.46767806944
CZE,EST,0.08263141496744372,False,1246.9963684141271
CZE,FIN,0.3317189249720045,False,1413.1988592786868
CZE,FRA,0.41751175046289707,False,969.7919295571945
CZE,GBR,0.3130465745620283,False,1167.550794902409
CZE,GRC,0.20700754878222477,False,1573.379514034799
CZE,HRV,0.033764229210881735,False,451.2521765634083
CZE,HUN,0.2116436405070503,False,407.70253449892414
CZE,IND|delhi,0.042096422855454375,False,5640.512274134078
CZE,IND|gujarat,0.03186072959496107,False,5758.919586413264
CZE,IND|karnataka,-0.12466100953547371,False,6946.481390801374
CZE,IND|kerala,0.003464324457261205,False,7147.310390170198
CZE,IND|maharashtra,0.10373545621555419,False,6127.185567443824
CZE,IND|odisha,-0.027066985102821246,False,6924.9910433197065
CZE,IND|rajasthan,0.18946723821187997,False,5680.256548184717
CZE,IND|tamil nadu,-0.1436269792669058,False,7123.909311363532
CZE,IND|telangana,-0.07171726008223252,False,6638.008524981417
CZE,IND|uttar pradesh,-0.13274429183798442,False,5664.504196812744
CZE,IND|west bengal,-0.02253540841139869,False,6924.065557872791
CZE,IRL,-0.0034824099131177903,False,1537.843062830699
CZE,ITA,0.3621210302941715,False,718.8588794155552
CZE,LTU,0.09244897378766802,False,858.8936555287582
CZE,LUX,0.19173936996529406,False,646.382531391473
CZE,LVA,0.13692493946731238,False,996.4712502342959
CZE,MDA,-0.14991881495047912,False,1058.1558309053803
CZE,MKD,-0.05630252100840336,False,996.3335041580892
CZE,MLT,0.11387841031220007,False,1550.613178893492
CZE,NLD,0.34411052556615873,False,740.4180448357278
CZE,NOR,-0.050737706819115685,False,1202.4405695727528
CZE,POL,0.22281726249821965,True,411.491352278736
CZE,PRT,-0.05912975359635379,False,2216.089550933878
CZE,ROU,0.34295684375445096,False,960.2180580032193
CZE,SRB,0.23985162374020158,False,726.1420408736179
CZE,SVK,0.23445419892894112,True,280.5277089675806
CZE,SVN,0.2179607750935559,False,424.21587404173187
CZE,SWE,0.21628598848339575,False,1003.5294372313964
CZE,TUR,0.2098358591159061,False,1515.0535230739622
CZE,USA|alabama,-0.09242273180458627,False,7997.870289611496
CZE,USA|arizona,0.01203890478371226,False,9395.938256639847
CZE,USA|arkansas,-0.002734653183307222,False,8195.40981896297
CZE,USA|california,0.38008830650904435,False,9509.782170504592
CZE,USA|colorado,0.06008403361344539,False,8475.14594226592
CZE,USA|connecticut,0.04534254379717989,False,6520.905556813855
CZE,USA|delaware,0.012818709618859548,False,6808.875165562915
CZE,USA|florida,-0.10908702464036465,False,8149.3744314498745
CZE,USA|georgia,-0.10946446375160235,False,7824.601544819889
CZE,USA|idaho,0.22285286996154396,False,8536.161793201964
CZE,USA|illinois,-0.01655034895314058,False,7380.45271215198
CZE,USA|indiana,-0.04156103119213787,False,7405.225267301812
CZE,USA|iowa,-0.13998005982053838,False,7695.502917631334
CZE,USA|kansas,-0.09649622560888764,False,8004.352710036062
CZE,USA|kentucky,0.023472439823386985,False,7557.715375203025
CZE,USA|louisiana,-0.08209656744053555,False,8461.882753415606
CZE,USA|maine,-0.0741917105825381,False,6049.135352703978
CZE,USA|maryland,0.03918245264207378,False,6926.007972471494
CZE,USA|massachusetts,0.19510432115171422,False,6333.139382087499
CZE,USA|michigan,-0.07745335422304515,False,7093.0339317173775
CZE,USA|minnesota,-0.006587380714997864,False,7421.3649559305895
CZE,USA|mississippi,0.05957840763424014,False,8240.346113333673
CZE,USA|missouri,-0.1446944879646774,False,7883.966604981251
CZE,USA|montana,0.2427930494231591,False,8117.16225245789
CZE,USA|nebraska,-0.05223268094418075,False,7899.625810446814
CZE,USA|nevada,0.1364477994587666,False,9240.254952163401
CZE,USA|new hampshire,0.05200113943882639,False,6301.263270574069
CZE,USA|new jersey,-0.05477852157812278,False,6655.417634787055
CZE,USA|new mexico,-0.05584674547785217,False,9018.259253498327
CZE,USA|new york,0.00448654037886341,False,6625.274423691878
CZE,USA|north carolina,-0.07721122347243983,False,7425.917957606339
CZE,USA|north dakota,0.026278307933342834,False,7552.566512854418
CZE,USA|ohio,0.17536675687224043,False,7225.916417065584
CZE,USA|oklahoma,-0.08052983905426578,False,8354.660940144036
CZE,USA|oregon,0.14649622560888764,False,8660.191311296729
CZE,USA|pennsylvania,-0.009236575986326736,False,6841.998655185905
CZE,USA|rhode island,0.07500369428101598,False,6387.506897455334
CZE,USA|south carolina,-0.06224896738356361,False,7589.0772612956935
CZE,USA|south dakota,-0.021741917105825383,False,7750.427194529647
CZE,USA|tennessee,-0.10675829653895458,False,7831.181012391567
CZE,USA|texas,-0.1423270984452067,False,8802.899994585325
CZE,USA|utah,0.2801600202255192,False,8730.591778477094
CZE,USA|vermont,0.11121635094715854,False,6300.0893418893265
CZE,USA|virginia,0.06364477994587665,False,7008.873955498936
CZE,USA|washington,0.12100840336134455,False,8417.268149716554
CZE,USA|washington dc,0.10912994788855762,False,6957.248445934773
CZE,USA|west virginia,-0.14067084460903007,False,7150.720867521716
CZE,USA|wisconsin,0.044139011536818124,False,7309.763638171181
CZE,USA|wyoming,-0.10790485685799744,False,8323.8917639993
DEU,DNK,0.572432701894317,True,589.2505724887427
DEU,ESP,0.24891041162227603,False,1422.6226524382328
DEU,EST,0.3793118796607318,False,1396.997519702615
DEU,FIN,0.17208846584546475,False,1521.9364288136837
DEU,FRA,0.6252599344822675,True,639.816284530914
DEU,GBR,0.6273678963110668,False,765.1622133883211
DEU,GRC,0.0436120210796183,False,1875.368125193257
DEU,HRV,0.04206058267412697,False,710.4961585941315
DEU,HUN,0.013879789203817121,False,798.0009691869116
DEU,IND|delhi,0.10349141362843418,False,6035.568217738144
DEU,IND|gujarat,-0.1596535736156067,False,6163.355168414352
DEU,IND|karnataka,-0.12819525850756713,False,7352.124210766421
DEU,IND|kerala,-0.007628512441241846,False,7552.586971660425
DEU,IND|maharashtra,0.0606596098329105,False,6532.717458825998
DEU,IND|odisha,-0.08744718263988403,False,7320.597078961274
DEU,IND|rajasthan,-0.06030968419210917,False,6078.882561252805
DEU,IND|tamil nadu,-0.03724958446330155,False,7528.999428622979
DEU,IND|telangana,-0.2855568191759251,False,7042.26278037053
DEU,IND|uttar pradesh,0.015204269092817775,False,6059.360358784106
DEU,IND|west bengal,-0.28884864709920877,False,7313.160572922544
DEU,IRL,0.428706736932061,False,1138.64153725593
DEU,ITA,0.2956324958190253,False,727.3099018947808
DEU,LTU,0.26474526060598225,False,1126.0855634943339
DEU,LUX,0.2061475924521023,True,264.7794543101456
DEU,LVA,0.28943170488534403,False,1194.51866515244
DEU,MDA,-0.15573430550523326,False,1463.6954587436067
DEU,MKD,-0.18041821379714676,False,1316.696548537414
DEU,MLT,0.21360168390812667,False,1679.1617230119525
DEU,NLD,0.49736504771400103,True,349.2092803736448
DEU,NOR,-0.12983711163909153,False,1082.6219532654593
DEU,POL,0.6585315482125055,False,730.6330814388104
DEU,PRT,0.13471727674120498,False,1902.7402060192524
DEU,ROU,0.2454564876798177,False,1351.046238976601
DEU,SRB,0.127001679731243,False,1073.3925137336353
DEU,SVK,0.31794316682710777,False,675.8333366692877
DEU,SVN,0.14572189894002627,False,613.9788197868427
DEU,SWE,0.1752229500218867,False,1015.1950018186271
DEU,TUR,0.2208345577431678,False,1896.7057450289303
DEU,USA|alabama,-0.06912120780515597,False,7609.946271006537
DEU,USA|arizona,-0.062195666920172143,False,9060.552277813757
DEU,USA|arkansas,0.12954707306651478,False,7818.256774912305
DEU,USA|california,0.177773821392964,False,9206.93542741983
DEU,USA|colorado,0.06405782652043869,False,8135.148288674293
DEU,USA|connecticut,0.12935479276456346,False,6129.096133149819
DEU,USA|delaware,0.07281383138779413,False,6417.033460973391
DEU,USA|florida,-0.04141860133884063,False,7748.4845493334715
DEU,USA|georgia,0.009699473009542802,False,7434.1406745796385
DEU,USA|idaho,0.17987466172909844,False,8238.571090971787
DEU,USA|illinois,0.08628400512747472,False,7010.108906283915
DEU,USA|indiana,0.04935906566016238,False,7029.289439535569
DEU,USA|iowa,0.06078193989460193,False,7334.865248798908
DEU,USA|kansas,-0.0005982053838484547,False,7640.262984884524
DEU,USA|kentucky,0.0515596068936049,False,7176.726005935152
DEU,USA|louisiana,-0.0042657741062526715,False,8078.095577926513
DEU,USA|maine,-0.03904002278877653,False,5659.278984013784
DEU,USA|maryland,0.008403361344537816,False,6534.825197083827
DEU,USA|massachusetts,0.002079479560392771,False,5941.059075524077
DEU,USA|michigan,-0.12907705455063384,False,6717.660266248004
DEU,USA|minnesota,-0.012334425295541946,False,7069.048453463655
DEU,USA|mississippi,0.21622276029055693,False,7856.186392258163
DEU,USA|missouri,0.050377439111237717,False,7515.423547860958
DEU,USA|montana,0.14238712434126194,False,7809.923190881971
DEU,USA|nebraska,-0.04365482775756057,False,7543.449255191514
DEU,USA|nevada,0.1163580686511893,False,8926.620455155642
DEU,USA|new hampshire,-0.0423372738926079,False,5910.756993886582
DEU,USA|new jersey,-0.14096994730095427,False,6263.6715078996685
DEU,USA|new mexico,0.14291411479846178,False,8670.782966676634
DEU,USA|new york,0.015097564449508619,False,6235.527134911202
DEU,USA|north carolina,-0.018181170773394106,False,7033.317494414246
DEU,USA|north dakota,0.09602620709300672,False,7216.0222097588185
DEU,USA|ohio,0.09891041162227604,False,6844.353695325758
DEU,USA|oklahoma,0.07770260646631535,False,7987.699246112761
DEU,USA|oregon,0.019819114086312494,False,8385.56504970456
DEU,USA|pennsylvania,-0.08203959549921663,False,6453.0246743439975
DEU,USA|rhode island,0.07033198677547606,False,5994.716649093542
DEU,USA|south carolina,0.05858852015382425,False,7195.285467388873
DEU,USA|south dakota,0.058303660447229746,False,7403.099239476483
DEU,USA|tennessee,-0.010938612733228888,False,7447.89878991415
DEU,USA|texas,0.03794700878463305,False,8429.502642788446
DEU,USA|utah,0.17677000564407316,False,8411.489981764043
DEU,USA|vermont,-0.05329012961116651,False,5914.002990092524
DEU,USA|virginia,0.08790058396239854,False,6617.602297319652
DEU,USA|washington,-0.05531975502065234,False,8144.980530195556
DEU,USA|washington dc,0.057014771782549746,False,6565.8062510605105
DEU,USA|west virginia,-0.07048853439680958,False,6763.364616797582
DEU,USA|wisconsin,-0.027068793619142578,False,6942.940384017248
DEU,USA|wyoming,-0.003446802449793477,False,7988.202883398303
DNK,ESP,-0.027382139296396525,False,1923.6430994738787
DNK,EST,0.40538389639742156,False,962.6959259595316
DNK,FIN,0.42117861142217244,False,1031.7208945772802
DNK,FRA,0.39060675117504634,False,1118.0286222072157
DNK,GBR,0.5053838484546361,False,852.2114637731281
DNK,GRC,0.11482694772824385,False,2308.9223669255803
DNK,HRV,0.019229532445816454,False,1179.8927597031918
DNK,HUN,0.07314485116080331,False,1109.3187307110495
DNK,IND|delhi,0.16170205321284678,False,5965.52115490705
DNK,IND|gujarat,0.03563992651561543,False,6179.052751522102
DNK,IND|karnataka,0.030496019595835883,False,7397.671984714271
DNK,IND|kerala,-0.15424992128896356,False,7631.497420950166
DNK,IND|maharashtra,0.109474236724696,False,6575.329308917356
DNK,IND|odisha,0.07469228145051318,False,7245.565101817629
DNK,IND|rajasthan,-0.011040153967281953,False,6032.943676625452
DNK,IND|tamil nadu,0.13361910593998774,False,7550.784720887241
DNK,IND|telangana,-0.10684979441868603,False,7049.418594379879
DNK,IND|uttar pradesh,-0.11675269005336365,False,5987.901426547837
DNK,IND|west bengal,-0.010882782633454956,False,7201.655110544936
DNK,IRL,0.22706879361914262,False,1126.9470521044966
DNK,ITA,0.14777951120636224,False,1307.8136081399982
DNK,LTU,0.36613895658117185,False,908.0046103986726
DNK,LUX,0.17185196427927701,False,748.892754761095
DNK,LVA,0.271143711721977,False,853.5288418563877
DNK,MDA,-0.04123711484280182,False,1602.2886441776802
DNK,MKD,0.0033808872386163766,False,1730.409895131891
DNK,MLT,-0.04717819855791145,False,2239.1924057410115
DNK,NLD,0.2860276313915397,False,533.3052892577706
DNK,NOR,-0.02287451951758012,False,495.30350125399565
DNK,POL,0.4975502065232874,False,739.5016355256732
DNK,PRT,-0.08916108816407921,False,2317.465398750646
DNK,ROU,0.08850591083891184,False,1624.217977512587
DNK,SRB,-0.07816349384098545,False,1453.4406742908316
DNK,SVK,0.04278244335294374,False,986.7241996235375
DNK,SVN,0.07086737592821177,False,1121.6232385834114
DNK,SWE,0.41872050110698655,False,484.49237771162393
DNK,TUR,0.03641744679064691,False,2182.9434601538846
DNK,USA|alabama,-0.05344680244979348,False,7405.468754725131
DNK,USA|arizona,-0.18358172550542826,False,8696.793498873769
DNK,USA|arkansas,-0.062305939324882514,False,7568.762232627699
DNK,USA|california,0.2052556615866686,False,8785.42289483227
DNK,USA|colorado,0.1019228030195129,False,7782.499561586242
DNK,USA|connecticut,-0.00284147557328016,False,5950.405450219565
DNK,USA|delaware,0.08290856521264603,False,6237.1771398356
DNK,USA|florida,-0.231555333998006,False,7625.579827886971
DNK,USA|georgia,-0.013829938755163085,False,7242.809599972491
DNK,USA|idaho,0.22073778664007976,False,7809.820489995707
DNK,USA|illinois,0.036732659165361066,False,6739.687487409922
DNK,USA|indiana,-0.009599772112234724,False,6777.822513380271
DNK,USA|iowa,0.06435692921236291,False,7034.430978871694
DNK,USA|kansas,0.09631106679960122,False,7348.910965194701
DNK,USA|kentucky,-0.005148839196695628,False,6943.786143523305
DNK,USA|louisiana,-0.03820680814698761,False,7853.666766871313
DNK,USA|maine,-0.10637373593505199,False,5472.57046123552
DNK,USA|maryland,0.04423159094146134,False,6350.881424592743
DNK,USA|massachusetts,0.04198127400176502,False,5764.793670036002
DNK,USA|michigan,-0.08456772539524286,False,6465.221351078825
DNK,USA|minnesota,0.06506195698618432,False,6747.224695220456
DNK,USA|mississippi,0.2023785785500641,False,7634.028184082743
DNK,USA|missouri,-0.0058965959265061966,False,7237.836151084309
DNK,USA|montana,0.21943455348240995,False,7396.511780829515
DNK,USA|nebraska,0.014755759072376102,False,7230.4565765020325
DNK,USA|nevada,0.1818829226605897,False,8522.692383610121
DNK,USA|new hampshire,-0.09324170346104545,False,5726.139163546776
DNK,USA|new jersey,-0.10230024213075062,False,6083.995996364556
DNK,USA|new mexico,0.11697763851303235,False,8334.040465508066
DNK,USA|new york,-0.011031192137872098,False,6045.434756563141
DNK,USA|north carolina,0.04276456345249965,False,6855.031185837306
DNK,USA|north dakota,0.17071642216208519,False,6857.54723192116
DNK,USA|ohio,0.10549067084460904,False,6614.8649007168615
DNK,USA|oklahoma,0.09194559179604046,False,7704.023499310727
DNK,USA|oregon,0.0026064663153396953,False,7925.362227974025
DNK,USA|pennsylvania,0.07659165361059679,False,6258.083110548933
DNK,USA|rhode island,-0.022240461188721316,False,5822.184642644999
DNK,USA|south carolina,0.01744765702891326,False,7023.1888028586
DNK,USA|south dakota,0.17597920524141863,False,7068.380276565687
DNK,USA|tennessee,-0.06842330152399943,False,7223.376367260827
DNK,USA|texas,-0.09416071129781706,False,8165.227320233393
DNK,USA|utah,0.16769008633071433,False,8017.5425695234235
DNK,USA|vermont,0.05411622276029056,False,5707.743936017349
DNK,USA|virginia,0.181348810710725,False,6433.7748198088475
DNK,USA|washington,-0.08042301666429284,False,7681.957354897553
DNK,USA|washington dc,0.21543265815562232,False,6383.118808604428
DNK,USA|west virginia,-0.034396809571286144,False,6559.341709452853
DNK,USA|wisconsin,-0.011501210653753029,False,6661.630908621146
DNK,USA|wyoming,0.09235863837060249,False,7626.647311959995
ESP,EST,0.022536164152760118,False,2818.075519946068
ESP,FIN,-0.18052911534154537,False,2932.2511346272668
ESP,FRA,0.28008830650904437,False,806.1872601062096
ESP,GBR,0.1210582538099986,False,1305.9798096317102
ESP,GRC,0.30055547642785935,False,2253.201217653615
ESP,HRV,0.41706862177632004,False,1555.8575851225971
ESP,HUN,0.11382281726249822,False,1872.5206763314256
ESP,IND|delhi,0.31600311437754014,False,7107.244958945373
ESP,IND|gujarat,-0.18390342052313882,False,7092.2188198824815
ESP,IND|karnataka,-0.06555856880412912,False,8192.145865469482
ESP,IND|kerala,0.015974384997371114,False,8321.79286344719
ESP,IND|maharashtra,-0.06450879188172513,False,7402.1158433598075
ESP,IND|odisha,-0.03212345484730434,False,8371.215738828865
ESP,IND|rajasthan,-0.18092905257632752,False,7112.33639269126
ESP,IND|tamil nadu,-0.18001924591024407,False,8408.727014339602
ESP,IND|telangana,-0.06247922316507741,False,7961.359240499781
ESP,IND|uttar pradesh,0.3563817688741142,False,7132.584877219082
ESP,IND|west bengal,-0.27191209792045573,False,8419.88073581642
ESP,IRL,0.1786497649907421,False,1455.79079855509
ESP,ITA,0.4550061105396553,False,1112.0160612361951
ESP,LTU,0.06216083408740595,False,2523.527814922697
ESP,LUX,0.2378478180568813,False,1188.225247943517
ESP,LVA,0.28996581683520867,False,2614.903922305598
ESP,MDA,-0.12846947316411336,False,2551.2455566734247
ESP,MKD,-0.07070549149892515,False,1951.3922191519666
ESP,MLT,0.14378197519977776,False,1517.6640144535306
ESP,NLD,0.2693348525851018,False,1399.2139174583779
ESP,NOR,0.049612496954925873,False,2351.073175360545
ESP,POL,0.20600341831647914,False,2087.7702006464174
ESP,PRT,0.7090086882210512,False,616.30892780607
ESP,ROU,0.3258154109101268,False,2269.8423584076604
ESP,SRB,0.3208986562150056,False,1896.8680663465839
ESP,SVK,0.16997965029874954,False,1813.2757507220495
ESP,SVN,0.30863653284743037,False,1444.304811010638
ESP,SWE,-0.2000274181039949,False,2400.6206114734546
ESP,TUR,0.2007052600646488,False,2649.538870762594
ESP,USA|alabama,0.10160233584959409,False,7277.498811426935
ESP,USA|arizona,0.34692769357641795,False,9110.088907722926
ESP,USA|arkansas,0.13353510895883777,False,7592.620492083373
ESP,USA|california,0.13949579831932776,False,9435.555084761003
ESP,USA|colorado,0.22692636376584538,False,8183.522774679086
ESP,USA|connecticut,-0.08755875231448512,False,5797.800555692773
ESP,USA|delaware,0.09608335009869612,False,6074.474627754565
ESP,USA|florida,0.053169064235863844,False,7215.229129840113
ESP,USA|georgia,0.04031476997578694,False,7075.958503662519
ESP,USA|idaho,0.16927788064378296,False,8522.720278747825
ESP,USA|illinois,0.15061244836917817,False,6872.320408074851
ESP,USA|indiana,0.12486825238570007,False,6840.6124733026045
ESP,USA|iowa,0.23394815553339982,False,7264.876545602612
ESP,USA|kansas,0.24549921663580687,False,7533.22027364071
ESP,USA|kentucky,0.006943455348240993,False,6933.774317188255
ESP,USA|louisiana,0.055369605469306374,False,7778.2078928404835
ESP,USA|maine,-0.0025851018373451076,False,5373.147676142907
ESP,USA|maryland,-0.000705027773821393,False,6196.80552959987
ESP,USA|massachusetts,-0.07147142763048579,False,5613.551309308348
ESP,USA|michigan,0.04418886198547216,False,6545.235041111449
ESP,USA|minnesota,0.16687793761572428,False,7069.631828355996
ESP,USA|mississippi,0.11922803019512891,False,7558.798149777323
ESP,USA|missouri,0.07977496083179035,False,7375.99304963751
ESP,USA|montana,-0.015097564449508619,False,8057.918031120878
ESP,USA|nebraska,0.10127848824700614,False,7500.024843804303
ESP,USA|nevada,0.14338413331434272,False,9106.26974319495
ESP,USA|new hampshire,-0.006779661016949153,False,5605.492896859822
ESP,USA|new jersey,-0.011850163794331294,False,5928.07984446092
ESP,USA|new mexico,0.28008830650904437,False,8653.589228374987
ESP,USA|new york,0.018102834354080614,False,5927.088553651615
ESP,USA|north carolina,-0.02501780373166216,False,6659.418849777523
ESP,USA|north dakota,0.19139723686084606,False,7316.368595022754
ESP,USA|ohio,-0.12130038456060391,False,6606.800707719948
ESP,USA|oklahoma,0.2129753596353796,False,7846.508449166907
ESP,USA|oregon,0.15066229881783225,False,8774.788064368293
ESP,USA|pennsylvania,0.012384275744195984,False,6146.099335192745
ESP,USA|rhode island,0.14724424448863335,False,5655.205037278422
ESP,USA|south carolina,0.05531975502065234,False,6799.611238368099
ESP,USA|south dakota,0.09398233869819116,False,7426.800547042315
ESP,USA|tennessee,0.15225751317476144,False,7172.35124111019
ESP,USA|texas,0.3008805757054245,False,8220.165888485695
ESP,USA|utah,0.11234886830396013,False,8576.372011671234
ESP,USA|vermont,-0.013046574562028202,False,5662.6231009490175
ESP,USA|virginia,0.14181028343540805,False,6275.4886721790035
ESP,USA|washington,0.10094715852442673,False,8551.883034884866
ESP,USA|washington dc,0.002293124720707097,False,6223.257419335268
ESP,USA|west virginia,0.05541233442529554,False,6464.86716725735
ESP,USA|wisconsin,0.07496795328300812,False,6837.237696042494
ESP,USA|wyoming,0.046004842615012115,False,8068.392064949371
EST,FIN,0.2929082606177072,False,208.72573742493557
EST,FRA,0.2942911826350637,False,2020.8791544006654
EST,GBR,0.2948502247857958,False,1810.6785662561606
EST,GRC,-0.015948724796999932,False,2480.477067550291
EST,HRV,-0.10068333468621943,False,1635.8615180446811
EST,HUN,0.19202919838745464,False,1370.0777692389215
EST,IND|delhi,0.08702879089102748,False,5165.539974551787
EST,IND|gujarat,-0.049287888869216236,False,5466.774291097831
EST,IND|karnataka,0.03896490185010456,False,6702.823767284409
EST,IND|kerala,0.02953475758052946,False,6973.448459258238
EST,IND|maharashtra,0.16060118279394245,False,5888.377587769472
EST,IND|odisha,-0.11549598887649228,False,6427.780559125213
EST,IND|rajasthan,-0.11318542885870068,False,5256.049354813891
EST,IND|tamil nadu,0.22414879102006718,False,6827.135996554094
EST,IND|telangana,-0.1398677258148792,False,6315.66032409795
EST,IND|uttar pradesh,0.1545648598759873,False,5186.284261098971
EST,IND|west bengal,-0.1682661604340594,False,6352.868015669938
EST,IRL,0.18898117239365425,False,2047.7430939342592
EST,ITA,0.053837073178093976,False,1965.652327543564
EST,LTU,0.4451392017041528,False,508.6302222449944
EST,LUX,-0.15674046262879301,False,1633.6935172509993
EST,LVA,0.3642853963735383,False,277.5572352708056
EST,MDA,-0.02341389788201631,False,1403.5984687771072
EST,MKD,-0.08791369859417741,False,1954.7219131962186
EST,MLT,0.23686771080980298,False,2731.019898122997
EST,NLD,0.2158828504113668,False,1480.211082851004
EST,NOR,-0.06578975480218609,False,833.6711471083682
EST,POL,0.4616976009440958,False,884.5475108867245
EST,PRT,-0.01083188676768783,False,3261.8501366709966
EST,ROU,0.18036052878268374,False,1636.8019132466125
EST,SRB,-0.28688911834455955,False,1687.597626359372
EST,SVK,0.06146982057363439,False,1310.3386900085914
EST,SVN,-0.2265256290167323,False,1654.1304815177807
EST,SWE,0.25664627502530646,False,510.4699796542888
EST,TUR,0.14943903950110918,False,2098.278508587115
EST,USA|alabama,0.0934419370669507,False,7962.796142305191
EST,USA|arizona,-0.10777782130120869,False,8967.00710315891
EST,USA|arkansas,0.11309031023726675,False,8057.370620251393
EST,USA|california,0.052916722305920066,False,8930.476330036543
EST,USA|colorado,0.11130279966613615,False,8089.791528458431
EST,USA|connecticut,0.08077624961374044,False,6565.63000993077
EST,USA|delaware,-0.06710654223082395,False,6846.0372760339405
EST,USA|florida,0.017835937152974473,False,8285.782998154977
EST,USA|georgia,0.23709440513691457,False,7820.728669870532
EST,USA|idaho,0.1111924155472018,False,7954.55385679485
EST,USA|illinois,0.08981350425423738,False,7209.4419373417595
EST,USA|indiana,0.22017002715965614,False,7276.435021259359
EST,USA|iowa,0.08334713135150199,False,7449.538982672138
EST,USA|kansas,0.08742066141798287,False,7773.873033190664
EST,USA|kentucky,0.04441358436994421,False,7467.397458879234
EST,USA|louisiana,0.039257577782300566,False,8375.671405666388
EST,USA|maine,0.11281613032894593,False,6086.21128821464
EST,USA|maryland,0.013840744203156672,False,6952.523595534422
EST,USA|massachusetts,0.0902409582805779,False,6386.390972600534
EST,USA|michigan,-0.003980949837697236,False,6967.895327274722
EST,USA|minnesota,0.12596608359425535,False,7130.40269755871
EST,USA|mississippi,0.17386923043373737,False,8162.631160710409
EST,USA|missouri,0.08187296924702377,False,7687.402413261551
EST,USA|montana,0.03647304936273059,False,7584.164331645537
EST,USA|nebraska,0.04240182027404497,False,7620.373412645437
EST,USA|nevada,0.1319197044606505,False,8711.768149257783
EST,USA|new hampshire,-0.13575466239911194,False,6337.706848785082
EST,USA|new jersey,-0.12908176437062838,False,6695.6573311710745
EST,USA|new mexico,0.10867138470186223,False,8662.258258139542
EST,USA|new york,0.14106378244205162,False,6644.130759797077
EST,USA|north carolina,0.2228156852360506,False,7456.20345780175
EST,USA|north dakota,0.1799546000872477,False,7170.430058302107
EST,USA|ohio,-0.042002937643539004,False,7149.047685455001
EST,USA|oklahoma,0.1008376730355528,False,8135.86230542941
EST,USA|oregon,-0.10489695998991314,False,7989.786216922311
EST,USA|pennsylvania,0.06692126229846322,False,6846.656356680825
EST,USA|rhode island,0.07324533448413713,False,6447.507001900297
EST,USA|south carolina,0.07494725597840021,False,7629.978042288779
EST,USA|south dakota,0.20450616460506743,False,7422.19779383448
EST,USA|tennessee,0.18406729871206015,False,7754.8290912124185
EST,USA|texas,0.08290232929242494,False,8621.368370432314
EST,USA|utah,0.1258701666835082,False,8236.862159591665
EST,USA|vermont,0.15519651044367982,False,6290.972629593934
EST,USA|virginia,0.20508301064595022,False,7034.221205316211
EST,USA|washington,-0.1804353051213167,False,7743.214864007493
EST,USA|washington dc,0.2674718787122239,False,6985.886055182366
EST,USA|west virginia,0.09102772956251534,False,7130.517461862563
EST,USA|wisconsin,-0.027962789870694452,False,7115.307624098621
EST,USA|wyoming,0.03651221792106213,False,7919.30069589006
FIN,FRA,0.32039473684210523,False,2128.344096257295
FIN,GBR,0.26826707726763716,False,1857.6005978444614
FIN,GRC,0.09636058230683091,False,2687.6097561219835
FIN,HRV,-0.15068493150684933,False,1818.3488191981698
FIN,HUN,0.10592105263157896,False,1564.58352794489
FIN,IND|delhi,-0.1121521490039329,False,5247.624506386891
FIN,IND|gujarat,0.19030705974980314,False,5576.553445529087
FIN,IND|karnataka,0.17959933514128248,False,6814.170045001465
FIN,IND|kerala,-0.007138607972538242,False,7093.7209927877975
FIN,IND|maharashtra,0.2114775610182836,False,6003.919521857781
FIN,IND|odisha,-0.029621464627715824,False,6499.598275779556
FIN,IND|rajasthan,0.3036479748053539,False,5346.191885039176
FIN,IND|tamil nadu,0.1706062461726883,False,6930.060586522414
FIN,IND|telangana,-0.2045490333304173,False,6416.804067626515
FIN,IND|uttar pradesh,-0.17980929052576328,False,5267.686398255814
FIN,IND|west bengal,0.16521883666835233,False,6411.630435691216
FIN,IRL,-0.11227603583426653,False,2061.747947855412
FIN,ITA,0.15082586786114222,False,2128.27147732727
FIN,LTU,0.09940613878773019,False,715.9355028153312
FIN,LUX,-0.09173626607798077,False,1744.0265713513704
FIN,LVA,0.26038633818589024,False,480.8183283544906
FIN,MDA,0.0790755663743837,False,1611.0044070702552
FIN,MKD,0.021516513582177058,False,2157.99034013246
FIN,MLT,-0.018197065565351556,False,2920.2527051723046
FIN,NLD,0.1829787234042553,False,1563.1057432651328
FIN,NOR,-0.18390643704579634,False,796.1626603001674
FIN,POL,0.024832026875699884,False,1071.4133830431674
FIN,PRT,-0.26639137737961927,False,3348.8288934382263
FIN,ROU,0.0410414333706607,False,1845.0883099917958
FIN,SRB,-0.17821948488241884,False,1888.307220638154
FIN,SVK,0.22239641657334824,False,1498.3305448971964
FIN,SVN,0.0638437849944009,False,1828.5621910102798
FIN,SWE,0.6909202892126753,False,549.0874544033973
FIN,TUR,0.09636455228579824,False,2305.948914205931
FIN,USA|alabama,-0.06671332586786113,False,7830.02135393706
FIN,USA|arizona,-0.20067189249720044,False,8787.567614656971
FIN,USA|arkansas,-0.18702407614781635,False,7911.305669003229
FIN,USA|california,0.29094344904815234,False,8738.464573501238
FIN,USA|colorado,-0.05711086226203808,False,7916.173614111072
FIN,USA|connecticut,-0.10169372900335948,False,6448.676769253524
FIN,USA|delaware,-0.08811590145576706,False,6726.8964858394775
FIN,USA|florida,-0.14210526315789473,False,8175.488066473623
FIN,USA|georgia,-0.13748600223964166,False,7692.528001026687
FIN,USA|idaho,0.12115061590145577,False,7763.625036143173
FIN,USA|illinois,-0.12309630459126539,False,7061.850681453366
FIN,USA|indiana,-0.11277995520716685,False,7133.843146385412
FIN,USA|iowa,-0.2923292273236282,False,7292.3892479087
FIN,USA|kansas,-0.20992441209406495,False,7617.631161212941
FIN,USA|kentucky,0.06233202687569989,False,7329.054562231028
FIN,USA|louisiana,0.08401455767077268,False,8235.115352119257
FIN,USA|maine,-0.21142217245240763,False,5970.281315574703
FIN,USA|maryland,-0.07901735722284435,False,6831.496896984198
FIN,USA|massachusetts,0.19043952967525193,False,6271.401208336096
FIN,USA|michigan,-0.127491601343785,False,6826.771114491199
FIN,USA|minnesota,-0.2103303471444569,False,6969.025001382123
FIN,USA|mississippi,-0.14298712206047032,False,8023.763460113847
FIN,USA|missouri,-0.14004759238521838,False,7535.3474983329
FIN,USA|montana,0.06952687569988802,False,7397.775505413936
FIN,USA|nebraska,-0.22432189362502142,False,7459.015957834441
FIN,USA|nevada,0.046360582306830905,False,8524.044475713677
FIN,USA|new hampshire,-0.13050111982082868,False,6220.560951586032
FIN,USA|new jersey,-0.27381019036954085,False,6577.543273017469
FIN,USA|new mexico,-0.18744400895856664,False,8490.421847798636
FIN,USA|new york,-0.23892777155655096,False,6523.253557945404
FIN,USA|north carolina,-0.027127659574468083,False,7333.85541254966
FIN,USA|north dakota,-0.12852743561030236,False,6999.143932670994
FIN,USA|ohio,-0.06996080627099664,False,7013.482200565932
FIN,USA|oklahoma,-0.2832306830907055,False,7980.021660351528
FIN,USA|oregon,0.08845184770436731,False,7792.387129848282
FIN,USA|pennsylvania,0.023124300111982084,False,6723.033104331831
FIN,USA|rhode island,-0.25572508398656213,False,6333.2082567125
FIN,USA|south carolina,-0.24561870100783875,False,7508.4830496547975
FIN,USA|south dakota,-0.1585946248600224,False,7255.983552412768
FIN,USA|tennessee,-0.1825027995520717,False,7617.3655618939865
FIN,USA|texas,-0.27584083091165157,False,8468.606024145065
FIN,USA|utah,0.20352743561030234,False,8052.814084570431
FIN,USA|vermont,0.029591265397536398,False,6167.706608065669
FIN,USA|virginia,-0.11532754759238521,False,6912.7246339245075
FIN,USA|washington,-0.017735162374020157,False,7545.830508106668
FIN,USA|washington dc,0.2088753110151053,False,6865.025424183048
FIN,USA|west virginia,-0.057502799552071666,False,7002.481311603346
FIN,USA|wisconsin,-0.059238521836506165,False,6965.1696399173325
FIN,USA|wyoming,-0.32393617021276594,False,7744.125311139053
FRA,GBR,0.597101552485401,False,647.2871217313246
FRA,GRC,0.11848739495798322,False,2053.973362640609
FRA,HRV,0.18017235835101938,False,1025.5934946921373
FRA,HUN,0.1860062669135451,False,1269.6761982127161
FRA,IND|delhi,0.16920802387161232,False,6582.900682844107
FRA,IND|gujarat,0.06450879188172513,False,6657.453023393941
FRA,IND|karnataka,-0.0740267693115213,False,7817.093359567775
FRA,IND|kerala,0.019473702630968287,False,7990.706105463166
FRA,IND|maharashtra,0.032805528825124664,False,7005.411028198881
FRA,IND|odisha,0.02925403949057345,False,7864.375094793503
FRA,IND|rajasthan,0.0811302598197883,False,6612.310148633781
FRA,IND|tamil nadu,-0.04764237599510104,False,8010.04104163785
FRA,IND|telangana,-0.25087918817251337,False,7536.380564348688
FRA,IND|uttar pradesh,0.003026856792931502,False,6607.337004180936
FRA,IND|west bengal,-0.27957553649513944,False,7876.646199779128
FRA,IRL,0.25442956843754455,False,953.063209580063
FRA,ITA,0.5447906130392449,False,710.4442235331969
FRA,LTU,0.06779401501919699,False,1764.643121132288
FRA,LUX,0.09512203815234563,True,387.34265275597755
FRA,LVA,0.22748184019370463,False,1831.2824430443661
FRA,MDA,-0.11336430289202477,False,1975.3135503520482
FRA,MKD,-0.11768614422513192,False,1585.0171800783783
FRA,MLT,0.2307589171554581,False,1576.5899162409803
FRA,NLD,0.37785927930494234,False,600.3810170671939
FRA,NOR,-0.1653488773845502,False,1558.1902919182708
FRA,POL,0.29017946161515457,False,1353.2203400784213
FRA,PRT,0.12488961686369465,False,1263.5048497188195
FRA,ROU,0.27558040165218634,False,1772.943045898574
FRA,SRB,0.18987961926091826,False,1423.5629505862423
FRA,SVK,0.4193355991596148,False,1175.4181521386918
FRA,SVN,0.2854777718999197,False,897.2619164556686
FRA,SWE,0.2656705948329161,False,1594.5109535654135
FRA,TUR,0.2378993325217245,False,2260.4432274026026
FRA,USA|alabama,0.12367896311066802,False,7322.6253138767015
FRA,USA|arizona,-0.09621509794755662,False,8947.8437768723
FRA,USA|arkansas,0.1105967810853155,False,7577.277011910929
FRA,USA|california,0.3338911835920809,False,9176.271686370103
FRA,USA|colorado,0.12249679532830084,False,8015.908417455691
FRA,USA|connecticut,0.09645349665289846,False,5830.858507953926
FRA,USA|delaware,0.0773110620124107,False,6116.625934654698
FRA,USA|florida,-0.101139438826378,False,7380.391462769377
FRA,USA|georgia,-0.06177182737501781,False,7134.952982265834
FRA,USA|idaho,0.22968950291981202,False,8227.519258643812
FRA,USA|illinois,0.12319470160945734,False,6800.901933880032
FRA,USA|indiana,-0.009592650619569862,False,6798.369182926935
FRA,USA|iowa,0.026050420168067228,False,7157.600774744048
FRA,USA|kansas,0.02159236575986327,False,7449.047428653938
FRA,USA|kentucky,0.07231875801167927,False,6923.8480203830395
FRA,USA|louisiana,-0.12177040307648485,False,7807.480200425674
FRA,USA|maine,0.023166215638797893,False,5375.286227215753
FRA,USA|maryland,0.028934624697336563,False,6237.254838433049
FRA,USA|massachusetts,0.07605411631922808,False,5642.674886920697
FRA,USA|michigan,0.02939752172055263,False,6491.232985867517
FRA,USA|minnesota,0.1314413901153682,False,6920.872186015308
FRA,USA|mississippi,0.12840763424013674,False,7585.16018978033
FRA,USA|missouri,0.0735863837060248,False,7309.276809204728
FRA,USA|montana,0.20150975644495087,False,7779.290837562345
FRA,USA|nebraska,0.010169509630961908,False,7379.3679500948665
FRA,USA|nevada,0.11622988178322179,False,8871.809200018146
FRA,USA|new hampshire,-0.041105255661586675,False,5621.278769162002
FRA,USA|new jersey,-0.10479988605611737,False,5964.8388083374975
FRA,USA|new mexico,0.15427289559891755,False,8525.923326880365
FRA,USA|new york,0.057413473864121926,False,5947.675750715383
FRA,USA|north carolina,0.02652756017661302,False,6724.816760030212
FRA,USA|north dakota,0.14454493661871531,False,7113.634076981009
FRA,USA|ohio,0.09517874946588807,False,6591.22166269239
FRA,USA|oklahoma,0.021749038598490245,False,7784.08864978879
FRA,USA|oregon,0.05739210938612734,False,8424.685449533814
FRA,USA|pennsylvania,0.07986754023643357,False,6167.654256841487
FRA,USA|rhode island,0.028226086430194346,False,5691.887722884464
FRA,USA|south carolina,0.01688505910838912,False,6879.026598456008
FRA,USA|south dakota,0.03945306936333856,False,7267.712959044665
FRA,USA|tennessee,-0.006765418031619429,False,7183.242401742985
FRA,USA|texas,-0.0792838601481317,False,8199.514839683025
FRA,USA|utah,0.3053986351639849,False,8346.667154334387
FRA,USA|vermont,0.11395812562313062,False,5647.025120719768
FRA,USA|virginia,0.13365617433414045,False,6319.008717619187
FRA,USA|washington,0.020937188434695914,False,8191.006028491791
FRA,USA|washington dc,0.10431224952346958,False,6266.618494095598
FRA,USA|west virginia,-0.03558609884631819,False,6484.009800009595
FRA,USA|wisconsin,0.0943740207947586,False,6747.107603375331
FRA,USA|wyoming,-0.03946019085600343,False,7882.231002483974
GBR,GRC,-0.036148696766842334,False,2572.367794364303
GBR,HRV,-0.11907518168370958,False,1434.417071925671
GBR,HUN,0.022461187864976504,False,1562.8799403035098
GBR,IND|delhi,0.247329606602121,False,6749.729167580919
GBR,IND|gujarat,0.07098241623654973,False,6909.098780138668
GBR,IND|karnataka,0.05856005598810253,False,8106.502984184907
GBR,IND|kerala,0.11498757744000324,False,8313.054880916432
GBR,IND|maharashtra,0.14964570028868865,False,7285.694311385695
GBR,IND|odisha,-0.05334663062605171,False,8034.299308454594
GBR,IND|rajasthan,0.0036567229463738958,False,6803.413691863884
GBR,IND|tamil nadu,0.15433470387542644,False,8277.895520072187
GBR,IND|telangana,-0.18428833872802028,False,7786.593793972999
GBR,IND|uttar pradesh,-0.04449304522788907,False,6772.919956199122
GBR,IND|west bengal,-0.11021004470760895,False,8008.648755360018
GBR,IRL,0.6432274604757158,True,376.4105523897197
GBR,ITA,0.17080607674103604,False,1267.7683318226332
GBR,LTU,0.12903260267086722,False,1722.5881548450438
GBR,LUX,0.09247323223927785,False,589.516070449855
GBR,LVA,0.28717419171058256,False,1701.1043117143615
GBR,MDA,0.0012084136217670861,False,2220.5997170092155
GBR,MKD,-0.06879030682040259,False,2042.4437269033185
GBR,MLT,0.018096436631349612,False,2198.8920635533696
GBR,NLD,0.4232445520581114,False,433.3043504997508
GBR,NOR,0.025954603481264243,False,1134.932304006551
GBR,POL,0.37493946731234873,False,1422.8255062651353
GBR,PRT,-0.024148981626548927,False,1550.8489423781398
GBR,ROU,0.09147557328015954,False,2114.977285086993
GBR,SRB,0.004157334826427772,False,1821.0698856952195
GBR,SVK,0.2420706488941468,False,1440.965544274382
GBR,SVN,0.06878073629969239,False,1317.74801979543
GBR,SWE,0.3167430159787211,False,1312.120486501582
GBR,TUR,-0.027706645396918684,False,2655.5810769278537
GBR,USA|alabama,-0.006808146987608604,False,6853.010078715626
GBR,USA|arizona,-0.17347987017523256,False,8370.630743318881
GBR,USA|arkansas,0.17072354365475007,False,7073.0921733342475
GBR,USA|california,0.18040877367896313,False,8566.07807853394
GBR,USA|colorado,0.06862982481128045,False,7440.605417224289
GBR,USA|connecticut,0.06135165930779092,False,5369.02924726392
GBR,USA|delaware,0.028133506860724803,False,5656.84676200648
GBR,USA|florida,-0.025324027916251247,False,6983.323882767762
GBR,USA|georgia,-0.0027132887053126337,False,6674.879437487834
GBR,USA|idaho,0.16530408773678965,False,7609.862811421183
GBR,USA|illinois,0.09755732801595215,False,6274.410875764864
GBR,USA|indiana,0.11734083463894034,False,6286.32600773734
GBR,USA|iowa,0.10585386697051703,False,6611.986917564909
GBR,USA|kansas,0.06728386269762143,False,6912.133976616646
GBR,USA|kentucky,0.037601481270474295,False,6427.504815092179
GBR,USA|louisiana,-0.055455063381284725,False,7325.19963574736
GBR,USA|maine,-0.008360632388548641,False,4901.260300693391
GBR,USA|maryland,0.07290272041019799,False,5775.189811227035
GBR,USA|massachusetts,0.02428789397506694,False,5180.812602160418
GBR,USA|michigan,-0.09278592793049424,False,5975.7348231132055
GBR,USA|minnesota,0.046503347101552496,False,6358.686253118619
GBR,USA|mississippi,0.21598775103261647,False,7103.005054696037
GBR,USA|missouri,0.05928642643498078,False,6781.477482631894
GBR,USA|montana,0.1549138299387552,False,7167.409496976924
GBR,USA|nebraska,-0.02873527406227682,False,6826.523785794678
GBR,USA|nevada,0.09275744195983479,False,8269.941324804213
GBR,USA|new hampshire,-0.11840905853866972,False,5151.983983620578
GBR,USA|new jersey,-0.11710582538099987,False,5503.6173950292605
GBR,USA|new mexico,0.2123700327588663,False,7964.165735169139
GBR,USA|new york,0.02303802877083037,False,5477.3538866953
GBR,USA|north carolina,0.06516165788349239,False,6272.32192844404
GBR,USA|north dakota,0.13523002421307506,False,6529.174628630061
GBR,USA|ohio,0.1230166642928358,False,6094.706454516909
GBR,USA|oklahoma,0.11140863124910982,False,7255.259620584262
GBR,USA|oregon,0.024547785215781232,False,7793.7467746505645
GBR,USA|pennsylvania,0.04576271186440679,False,5695.520537638848
GBR,USA|rhode island,-0.04063887024445667,False,5233.833468273564
GBR,USA|south carolina,0.05236433556473437,False,6433.321047932071
GBR,USA|south dakota,0.08026634382566586,False,6699.374029173901
GBR,USA|tennessee,-0.05567582965389547,False,6695.895245661997
GBR,USA|texas,0.07513913665884646,False,7688.388516744132
GBR,USA|utah,0.19414647868297166,False,7748.0092760927055
GBR,USA|vermont,-0.019285002136447803,False,5159.840014083422
GBR,USA|virginia,0.08817832217632816,False,5857.860461558823
GBR,USA|washington,-0.0758296538954565,False,7558.302370658949
GBR,USA|washington dc,0.16507649386953574,False,5805.927996973823
GBR,USA|west virginia,-0.03943170488534397,False,6007.358820338255
GBR,USA|wisconsin,0.033264492237572996,False,6212.091821207272
GBR,USA|wyoming,0.030109670987038886,False,7300.502348329554
GRC,HRV,0.1102321692713358,False,1165.2773496808854
GRC,HUN,0.166528984475146,False,1212.817005353875
GRC,IND|delhi,0.1293336482741142,False,4991.156191690212
GRC,IND|gujarat,0.14159741055025807,False,4883.323429321405
GRC,IND|karnataka,0.04704750240573878,False,5947.4356114204
GRC,IND|kerala,0.14522168179428283,False,6069.0492891497415
GRC,IND|maharashtra,0.07535648674656635,False,5168.520839880168
GRC,IND|odisha,0.1739320613491571,False,6213.964120907764
GRC,IND|rajasthan,0.18946723821187997,False,4965.017508151519
GRC,IND|tamil nadu,0.04599772548333479,False,6171.622663945894
GRC,IND|telangana,-0.10317557519027208,False,5739.524880455551
GRC,IND|uttar pradesh,0.03368034292712798,False,5017.247345000354
GRC,IND|west bengal,0.048167685835854485,False,6306.9664293137
GRC,IRL,-0.0973792906993306,False,2941.5251008241326
GRC,ITA,0.3328002429530616,False,1343.5385026464728
GRC,LTU,0.04321739378580775,False,1971.8791108861215
GRC,LUX,0.1685623182259509,False,1984.4598335835433
GRC,LVA,0.18207520296254098,False,2207.6441203395448
GRC,MDA,0.23994562977212705,False,1169.7022831375655
GRC,MKD,0.1184483095563807,False,578.7684507112942
GRC,MLT,0.25920336250000764,False,849.7716336404088
GRC,NLD,0.06444950861700613,False,2214.268711475427
GRC,NOR,0.08430528083720842,False,2745.7760792592812
GRC,POL,0.04424583392679106,False,1690.9896957343697
GRC,PRT,0.25900868822105116,False,2860.937058253327
GRC,ROU,0.3261572425580402,False,851.9064074308163
GRC,SRB,0.32446808510638303,False,859.9046095629963
GRC,SVK,0.05785154866044752,False,1327.3783174434616
GRC,SVN,0.1525304179157115,False,1266.0446986593859
GRC,SWE,0.08047030924311849,False,2471.0350738318607
GRC,TUR,0.2531379874900298,False,646.0345135001838
GRC,USA|alabama,0.034396809571286144,False,9376.396048221535
GRC,USA|arizona,0.06463478250042737,False,10932.84564672965
GRC,USA|arkansas,0.012619285002136448,False,9627.477222752948
GRC,USA|california,0.25180173764421027,False,11077.387656402845
GRC,USA|colorado,0.1891610881640792,False,10005.456396841182
GRC,USA|connecticut,-0.05291269049992879,False,7884.488620384354
GRC,USA|delaware,0.20243235015049557,False,8169.967738195858
GRC,USA|florida,0.03560034183164792,False,9409.343598534111
GRC,USA|georgia,0.13411194986469166,False,9187.847070292317
GRC,USA|idaho,0.24311351659307795,False,10105.84534426898
GRC,USA|illinois,0.15912263210368896,False,8841.074893512066
GRC,USA|indiana,0.10149551345962114,False,8845.472342755844
GRC,USA|iowa,0.11919954422446948,False,9184.032930248073
GRC,USA|kansas,0.08539381854436691,False,9482.671933885571
GRC,USA|kentucky,0.05089018658310783,False,8975.667788623436
GRC,USA|louisiana,0.1721620851730523,False,9861.348067145653
GRC,USA|maine,0.012790200826093152,False,7429.166000982044
GRC,USA|maryland,-0.017796610169491526,False,8290.761410756639
GRC,USA|massachusetts,0.10966050003667153,False,7696.368376954035
GRC,USA|michigan,-0.07285999145420881,False,8536.723265230472
GRC,USA|minnesota,0.2328870531263353,False,8929.948217363788
GRC,USA|mississippi,0.2010539809143997,False,9639.006643541989
GRC,USA|missouri,0.05570431562455491,False,9348.95983973837
GRC,USA|montana,0.09025779803446805,False,9682.04489008624
GRC,USA|nebraska,0.03277672834488948,False,9398.857290209808
GRC,USA|nevada,0.2003275886625837,False,10801.013687203944
GRC,USA|new hampshire,0.0030836063238854866,False,7675.248586266429
GRC,USA|new jersey,-0.060098276598775105,False,8018.37412384358
GRC,USA|new mexico,0.18419028628400513,False,10534.761597204739
GRC,USA|new york,0.09852585101837345,False,8001.642441181599
GRC,USA|north carolina,0.12341546788206809,False,8776.771126343478
GRC,USA|north dakota,0.19174619000142434,False,9088.625369372376
GRC,USA|ohio,0.11506907847884917,False,8642.842784505512
GRC,USA|oklahoma,0.0642857142857143,False,9823.378058405477
GRC,USA|oregon,0.021485543369890333,False,10233.492304835918
GRC,USA|pennsylvania,0.07273892607890615,False,8221.627206324178
GRC,USA|rhode island,0.0901725006633331,False,7745.254785870073
GRC,USA|south carolina,-0.01684945164506481,False,8929.42143834718
GRC,USA|south dakota,0.0705241418601339,False,9268.555121593186
GRC,USA|tennessee,0.10494231590941464,False,9236.589953758355
GRC,USA|texas,0.05228262456458357,False,10247.74832446236
GRC,USA|utah,0.24869364886389095,False,10286.715280404502
GRC,USA|vermont,0.1266628685372454,False,7699.825514757932
GRC,USA|virginia,0.234354080615297,False,8372.399646957572
GRC,USA|washington,0.10997721122347245,False,9990.430468137414
GRC,USA|washington dc,0.21382319794792107,False,8319.986256871262
GRC,USA|west virginia,0.10215781227745337,False,8537.942337972327
GRC,USA|wisconsin,0.1263495228599915,False,8781.808779061368
GRC,USA|wyoming,0.039360489958695344,False,9860.830322121075
HRV,HUN,0.26818444916071776,False,336.04382414315404
HRV,IND|delhi,0.1846748725017959,False,5586.95687797794
HRV,IND|gujarat,-0.10943924416061587,False,5636.208470339311
HRV,IND|karnataka,-0.2202956871664771,False,6791.581318057143
HRV,IND|kerala,-0.03002414529626378,False,6966.343260424573
HRV,IND|maharashtra,-0.03406526113200945,False,5980.504402969996
HRV,IND|odisha,-0.18254030741934973,False,6863.135028335902
HRV,IND|rajasthan,-0.004846470125098417,False,5606.961589535702
HRV,IND|tamil nadu,-0.32751290350800455,False,6985.697643196154
HRV,IND|telangana,-0.06366897034380194,False,6514.487588833308
HRV,IND|uttar pradesh,0.3435744904207856,False,5611.821009496019
HRV,IND|west bengal,-0.3703645382395089,False,6891.215037716511
HRV,IRL,-0.12856132227152872,False,1809.9421103477048
HRV,ITA,0.4874911569875877,False,449.53967849895105
HRV,LTU,0.12804887854376418,False,1183.0835359995558
HRV,LUX,0.04850252613515494,False,847.1557325668499
HRV,LVA,0.10273972602739727,False,1367.284190098639
HRV,MDA,-0.19946377344292968,False,996.4717991018637
HRV,MKD,0.05289729243038138,False,609.9885356331309
HRV,MLT,0.11186583163216117,False,1109.532443435511
HRV,NLD,-0.03164190623191202,False,1053.0922988742968
HRV,NOR,0.12483619680951501,False,1652.606434139559
HRV,POL,0.04437584410573028,False,751.8988771117442
HRV,PRT,0.530677213968744,False,2148.941903971516
HRV,ROU,0.33642034857547115,False,750.0778831410695
HRV,SRB,0.4962377001736447,False,400.22118974861974
HRV,SVK,0.08347803717280855,False,334.760487228803
HRV,SVN,0.3499260402598238,True,128.33655157964236
HRV,SWE,-0.3025781608091923,False,1447.8635212876752
HRV,TUR,0.23564216348318223,False,1242.7137575074196
HRV,USA|alabama,0.2802109460415461,False,8283.466811342518
HRV,USA|arizona,0.17528458421763463,False,9770.712863423865
HRV,USA|arkansas,0.14701910090681075,False,8507.485108296121
HRV,USA|california,0.1183355842819474,False,9913.952634301175
HRV,USA|colorado,0.3009196732908869,False,8844.820309220819
HRV,USA|connecticut,-0.08662936523249085,False,6796.384897306718
HRV,USA|delaware,0.2827834587433276,False,7083.836092382166
HRV,USA|florida,-0.03469676506527752,False,8382.955970210023
HRV,USA|georgia,0.04006688533024633,False,8102.726413059398
HRV,USA|idaho,0.1349926040259824,False,8943.908514415316
HRV,USA|illinois,0.15393272879284842,False,7706.598475734486
HRV,USA|indiana,0.0666923917936845,False,7720.462781503227
HRV,USA|iowa,0.12203357129075827,False,8037.838626102489
HRV,USA|kansas,0.21557656440928682,False,8341.033361557957
HRV,USA|kentucky,-0.03984179046884045,False,7861.723198414606
HRV,USA|louisiana,0.0027011383368705385,False,8758.241458057033
HRV,USA|maine,0.1982442600810342,False,6331.460264994393
HRV,USA|maryland,0.2462537783780308,False,7202.957797365243
HRV,USA|massachusetts,0.11164705125731558,False,6608.0050801859115
HRV,USA|michigan,0.21403305678821793,False,7409.666803130011
HRV,USA|minnesota,0.10132484404141748,False,7775.849927896705
HRV,USA|mississippi,-0.10447617210109976,False,8535.95447658697
HRV,USA|missouri,0.06341243809891313,False,8213.07118290004
HRV,USA|montana,0.2906939353013056,False,8517.775064731199
HRV,USA|nebraska,0.2230690076532253,False,8248.557372171697
HRV,USA|nevada,0.08614701910090682,False,9635.883595600748
HRV,USA|new hampshire,0.19348511158273846,False,6581.226352159992
HRV,USA|new jersey,0.13740433468390253,False,6930.910431006841
HRV,USA|new mexico,0.15820953115956013,False,9378.743181072856
HRV,USA|new york,0.25236349604476177,False,6907.112751886994
HRV,USA|north carolina,0.08315647308508588,False,7697.481172356747
HRV,USA|north dakota,0.1994340472056081,False,7926.204831878207
HRV,USA|ohio,0.27316869252041936,False,7528.881463125596
HRV,USA|oklahoma,0.12090809698372887,False,8686.29927213186
HRV,USA|oregon,0.1631294617017172,False,9081.950210936448
HRV,USA|pennsylvania,0.13602160910669497,False,7125.868256981588
HRV,USA|rhode island,0.392726220335713,False,6659.896660527679
HRV,USA|south carolina,-0.1024181619396746,False,7856.1997776125945
HRV,USA|south dakota,0.06485947649366519,False,8111.362490891886
HRV,USA|tennessee,0.1902373142967394,False,8129.397150244383
HRV,USA|texas,0.11579615888983488,False,9122.308273502933
HRV,USA|utah,0.13717923982249663,False,9121.447941048851
HRV,USA|vermont,0.08936265997813365,False,6592.734169160973
HRV,USA|virginia,0.020129911891439967,False,7285.425819180298
HRV,USA|washington,0.2402405299376166,False,8840.180921151004
HRV,USA|washington dc,0.12206670901022307,False,7233.31602011408
HRV,USA|west virginia,0.05058203099877806,False,7438.873686674518
HRV,USA|wisconsin,0.07666087851308767,False,7642.204698275784
HRV,USA|wyoming,0.2828477715608721,False,8698.407838971205
HUN,IND|delhi,0.08786709708233245,False,5313.660372822717
HUN,IND|gujarat,0.12812527337940688,False,5397.655760674884
HUN,IND|karnataka,-0.12976992389117314,False,6572.784219802792
HUN,IND|kerala,-0.025859957312283136,False,6764.2289835925485
HUN,IND|maharashtra,0.18488321231738253,False,5756.127790927892
HUN,IND|odisha,-0.2883062576110462,False,6594.736749759931
HUN,IND|rajasthan,0.22001574665383608,False,5342.805224434112
HUN,IND|tamil nadu,-0.061464438806753556,False,6757.069258863716
HUN,IND|telangana,-0.1989152305135159,False,6277.136731437376
HUN,IND|uttar pradesh,0.2305835010060362,False,5338.161097475273
HUN,IND|west bengal,-0.06074762267420516,False,6610.15804128707
HUN,IRL,-0.2503560746332431,False,1936.6060026251416
HUN,ITA,0.20821873522940842,False,780.0435629762909
HUN,LTU,0.11384224245909695,False,887.869218468259
HUN,LUX,-0.015967600161436866,False,1008.5657538644319
HUN,LVA,0.20287708303660448,False,1094.0643351334913
HUN,MDA,-0.15482799528890792,False,705.8203849224068
HUN,MKD,-0.044029704905217903,False,637.3311899090313
HUN,MLT,0.03339203459964511,False,1364.6686146309055
HUN,NLD,0.01139438826378009,False,1142.460383874472
HUN,NOR,-0.02448399691825668,False,1533.0274788896525
HUN,POL,0.1873949579831933,False,501.29759000993675
HUN,PRT,0.09025067654180317,False,2453.369273451142
HUN,ROU,0.3863623415467883,False,554.0780739390532
HUN,SRB,0.133496640537514,False,353.6301927498343
HUN,SVK,-0.06460985723172404,False,127.73104619254273
HUN,SVN,0.06274613530829366,False,429.98737684711205
HUN,SWE,0.1689381544196873,False,1268.1622066568598
HUN,TUR,0.3523571638470257,False,1107.3516557103335
HUN,USA|alabama,0.1141147984617576,False,8403.745478807192
HUN,USA|arizona,-0.009713733288958012,False,9795.051759150669
HUN,USA|arkansas,-0.018993020937188437,False,8603.06244345943
HUN,USA|california,0.2643854151830224,False,9894.686703910642
HUN,USA|colorado,0.19489388975929356,False,8876.131826009416
HUN,USA|connecticut,-0.06562455490670845,False,6925.172073837682
HUN,USA|delaware,0.05786223091846324,False,7213.139619767834
HUN,USA|florida,-0.12615724255804017,False,8545.874031728687
HUN,USA|georgia,0.08208232445520583,False,8229.536076783574
HUN,USA|idaho,0.20983478137017522,False,8919.135682737218
HUN,USA|illinois,0.09858282295969237,False,7788.029806062496
HUN,USA|indiana,-0.028044438114228742,False,7812.909898222352
HUN,USA|iowa,0.050669420310497086,False,8101.9149298937145
HUN,USA|kansas,0.048917533114940896,False,8411.273080604595
HUN,USA|kentucky,-0.03859849024355506,False,7965.044207222374
HUN,USA|louisiana,0.07803019512889903,False,8868.81072395601
HUN,USA|maine,0.07540948582822961,False,6454.2286873859475
HUN,USA|maryland,0.10122489673835637,False,7330.587193802716
HUN,USA|massachusetts,0.18244584540309042,False,6737.263946742999
HUN,USA|michigan,-0.10942173479561317,False,7500.727840884505
HUN,USA|minnesota,0.18554336989032902,False,7826.103301308541
HUN,USA|mississippi,-0.01362341546788207,False,8647.194052070561
HUN,USA|missouri,-0.1117931918530124,False,8291.396281407136
HUN,USA|montana,0.15922233300099703,False,8505.097835734548
HUN,USA|nebraska,0.17570534059517343,False,8305.158732362415
HUN,USA|nevada,0.2444096282580829,False,9630.466158179845
HUN,USA|new hampshire,-0.09937330864549211,False,6706.106657508627
HUN,USA|new jersey,-0.05975644495086171,False,7059.721115860414
HUN,USA|new mexico,0.17281726249821966,False,9421.420144490387
HUN,USA|new york,0.1151402934054978,False,7030.442067371685
HUN,USA|north carolina,0.06456345249964393,False,7829.823857472419
HUN,USA|north dakota,0.22679817689787782,False,7952.687466029798
HUN,USA|ohio,0.05514171770403077,False,7633.160372982769
HUN,USA|oklahoma,0.09811280444381143,False,8761.916208355939
HUN,USA|oregon,0.02449793476712719,False,9030.809333948906
HUN,USA|pennsylvania,0.053931063951004145,False,7247.465835109769
HUN,USA|rhode island,0.15817219443871108,False,6791.2678446565515
HUN,USA|south carolina,0.0396168636946304,False,7992.3167484951755
HUN,USA|south dakota,0.2219484403931064,False,8153.815744592552
HUN,USA|tennessee,-0.02191283292978209,False,8238.178461844907
HUN,USA|texas,-0.025765652206587667,False,9210.583776619833
HUN,USA|utah,0.23148453120057202,False,9123.494071170908
HUN,USA|vermont,0.15655889474433846,False,6706.411186744844
HUN,USA|virginia,0.28186867967525997,False,7413.416500222749
HUN,USA|washington,0.0007833641931348812,False,8786.819313565195
HUN,USA|washington dc,0.15873479336087215,False,7361.7098397865175
HUN,USA|west virginia,0.03808574277168495,False,7556.73303377029
HUN,USA|wisconsin,-0.10076199971514031,False,7717.056310712777
HUN,USA|wyoming,-0.004579119783506624,False,8723.460924001662
IND|delhi,IND|gujarat,0.161912010434071,False,777.408280746965
IND|delhi,IND|karnataka,0.28498193494166285,False,1750.4963093481815
IND|delhi,IND|kerala,-0.12926592422656033,False,2125.666750143136
IND|delhi,IND|maharashtra,0.09909980841782776,False,1157.5176697898635
IND|delhi,IND|odisha,-0.06606711691220213,False,1285.2131560840278
IND|delhi,IND|rajasthan,0.049934825781158265,False,219.67448278567838
IND|delhi,IND|tamil nadu,0.08412285997050069,False,1767.6514111470092
IND|delhi,IND|telangana,0.05366156645788803,False,1266.5306032844758
IND|delhi,IND|uttar pradesh,0.25107384371395275,False,26.26424330550945
IND|delhi,IND|west bengal,-0.07146481436119957,False,1317.7536030396734
IND|delhi,IRL,0.2190203746070565,False,7080.291610517526
IND|delhi,ITA,0.33759371529342985,False,6007.995021820359
IND|delhi,LTU,-0.1881074649918449,False,5057.540257946309
IND|delhi,LUX,0.23788617840714768,False,6286.786471269665
IND|delhi,LVA,0.2708973046845387,False,5147.192302323012
IND|delhi,MDA,0.02620845988728922,False,4607.839987952003
IND|delhi,MKD,-0.23062051107969414,False,5161.976233200022
IND|delhi,MLT,-0.022068797252374914,False,5840.739373905734
IND|delhi,NLD,-0.024145080440784308,False,6322.529914292933
IND|delhi,NOR,-0.03511688132049437,False,5996.515349152998
IND|delhi,POL,0.04711789972973343,False,5328.692391214356
IND|delhi,PRT,0.24388280888702352,False,7718.966006113628
IND|delhi,ROU,0.13547489699492238,False,4845.487771504928
IND|delhi,SRB,-0.01011293948896618,False,5216.910792239968
IND|delhi,SVK,0.12084787724963564,False,5408.934489689397
IND|delhi,SVN,0.25413571985680583,False,5710.924144143039
IND|delhi,SWE,-0.1270252300801344,False,5642.388579389641
IND|delhi,TUR,0.22395436930582546,False,4474.792678275105
IND|delhi,USA|alabama,0.1278639477255447,False,12903.02009716127
IND|delhi,USA|arizona,0.06244477687910086,False,13045.611225217704
IND|delhi,USA|arkansas,0.03424052349464847,False,12852.937326768777
IND|delhi,USA|california,-0.024669973493844834,False,12577.243258532215
IND|delhi,USA|colorado,0.36401333229747646,False,12414.74041460551
IND|delhi,USA|connecticut,0.13048841299084735,False,11638.439833356564
IND|delhi,USA|delaware,0.09733266847252399,False,11904.326059481451
IND|delhi,USA|florida,0.03950695046035577,False,13376.147840010328
IND|delhi,USA|georgia,0.24033103256131394,False,12803.044398270415
IND|delhi,USA|idaho,0.2362543631825438,False,11794.094989451989
IND|delhi,USA|illinois,0.20495324078503432,False,12022.789653065169
IND|delhi,USA|indiana,0.2594896289980232,False,12142.175101920291
IND|delhi,USA|iowa,0.2908782335710428,False,12126.26065164936
IND|delhi,USA|kansas,0.3331671172126194,False,12445.304702453717
IND|delhi,USA|kentucky,0.08265315942193122,False,12369.604012884645
IND|delhi,USA|louisiana,-0.047817757133814136,False,13223.600973196293
IND|delhi,USA|maine,0.2588422608992486,False,11168.503019417109
IND|delhi,USA|maryland,0.06867350777541913,False,11998.750640870901
IND|delhi,USA|massachusetts,0.15619067615571125,False,11470.279917956392
IND|delhi,USA|michigan,0.09857491536476723,False,11858.822163737725
IND|delhi,USA|minnesota,0.18068568529853588,False,11762.564662634813
IND|delhi,USA|mississippi,0.022167983274256314,False,13036.890366404843
IND|delhi,USA|missouri,0.21342151537441087,False,12422.97955749193
IND|delhi,USA|montana,0.060520169017878926,False,11627.495816968885
IND|delhi,USA|nebraska,0.2656308777188314,False,12221.260544207955
IND|delhi,USA|nevada,0.142036060158179,False,12559.089821733583
IND|delhi,USA|new hampshire,-0.07105302294929353,False,11411.863724918358
IND|delhi,USA|new jersey,0.0006123752285706165,False,11761.168373571625
IND|delhi,USA|new mexico,0.31603810724774417,False,12972.227825201286
IND|delhi,USA|new york,0.3101243121832622,False,11695.226438483016
IND|delhi,USA|north carolina,0.17911100613935432,False,12487.147807339716
IND|delhi,USA|north dakota,0.43699096310799185,False,11626.912371779043
IND|delhi,USA|ohio,-0.09171631280477632,False,12085.941067368542
IND|delhi,USA|oklahoma,0.2067203807303381,False,12791.996906667453
IND|delhi,USA|oregon,-0.02160809735099175,False,11546.106942276203
IND|delhi,USA|pennsylvania,0.168893088039776,False,11878.646277290562
IND|delhi,USA|rhode island,0.17031029928303945,False,11534.013636083771
IND|delhi,USA|south carolina,0.09203124863661265,False,12663.85974275542
IND|delhi,USA|south dakota,0.3277082294607899,False,11953.782802673746
IND|delhi,USA|tennessee,0.24662974919804026,False,12656.780567121335
IND|delhi,USA|texas,0.23233719424712182,False,13295.775334979671
IND|delhi,USA|utah,0.07663438574683715,False,12270.02374407579
IND|delhi,USA|vermont,0.12529197176554813,False,11333.183765899934
IND|delhi,USA|virginia,0.2167633344788962,False,12076.551626279874
IND|delhi,USA|washington,-0.07009071901868257,False,11341.693050603639
IND|delhi,USA|washington dc,0.22609091227210698,False,12032.648801597963
IND|delhi,USA|west virginia,0.08867193309702526,False,12127.942908625653
IND|delhi,USA|wisconsin,0.13556237917043246,False,11902.585541752609
IND|delhi,USA|wyoming,0.09740265421293205,False,12224.88630916481
IND|gujarat,IND|karnataka,0.549470737468288,False,1237.8716719001347
IND|gujarat,IND|kerala,-0.01453966476759627,False,1545.2555827032756
IND|gujarat,IND|maharashtra,0.5652173913043478,False,454.98199122216715
IND|gujarat,IND|odisha,-0.005126455484891161,False,1403.0455679159793
IND|gujarat,IND|rajasthan,0.36457002886886536,False,558.3601442653822
IND|gujarat,IND|tamil nadu,0.3842708424459802,False,1371.808916123537
IND|gujarat,IND|telangana,0.1267605633802817,False,879.4982034294356
IND|gujarat,IND|uttar pradesh,-0.07721109264281341,False,785.956098817406
IND|gujarat,IND|west bengal,0.28057283329595445,False,1618.8555906737163
IND|gujarat,IRL,0.0027469162802904383,False,7260.716911112134
IND|gujarat,ITA,-0.007295949610707724,False,6028.056069527806
IND|gujarat,LTU,-0.18063477624628627,False,5282.544671821608
IND|gujarat,LUX,-0.0237156840010821,False,6399.78329357408
IND|gujarat,LVA,-0.14996063336540985,False,5406.118896529997
IND|gujarat,MDA,0.08579736714546313,False,4702.22989548185
IND|gujarat,MKD,0.13190447030006122,False,5145.7449036495145
IND|gujarat,MLT,0.13424921708639073,False,5718.833845625222
IND|gujarat,NLD,-0.10090105852506341,False,6475.979512438733
IND|gujarat,NOR,-0.0069988189559981335,False,6279.375392392348
IND|gujarat,POL,-0.21249234537660747,False,5492.864141280591
IND|gujarat,PRT,-0.159478610795206,False,7708.490916415339
IND|gujarat,ROU,-0.0023969906394891083,False,4886.215450063138
IND|gujarat,SRB,-0.2308984340827574,False,5246.396876900693
IND|gujarat,SVK,-0.022867640626366894,False,5505.377761904879
IND|gujarat,SVN,-0.0383693465138658,False,5763.838054245187
IND|gujarat,SWE,0.25522049883313097,False,5911.384543443582
IND|gujarat,TUR,0.037319569591461814,False,4445.308907263134
IND|gujarat,USA|alabama,-0.023602484472049687,False,13368.48708889021
IND|gujarat,USA|arizona,-0.15776397515527948,False,13724.398635821875
IND|gujarat,USA|arkansas,0.08025544571778497,False,13374.342854407452
IND|gujarat,USA|california,0.00806578602047065,False,13298.311703421026
IND|gujarat,USA|colorado,-0.007155979354387191,False,13044.510176470738
IND|gujarat,USA|connecticut,0.00418161140757589,False,12024.284643424124
IND|gujarat,USA|delaware,0.003026856792931502,False,12300.760302822222
IND|gujarat,USA|florida,-0.15373983028606422,False,13751.574610220569
IND|gujarat,USA|georgia,-0.06730819700813577,False,13247.414381994078
IND|gujarat,USA|idaho,0.029901146006473624,False,12483.868629587823
IND|gujarat,USA|illinois,-0.08907357186597847,False,12529.63413137093
IND|gujarat,USA|indiana,-0.04361823112588575,False,12631.880251994668
IND|gujarat,USA|iowa,-0.08284489545971482,False,12674.935313786795
IND|gujarat,USA|kansas,-0.06160440906307409,False,12999.330686808966
IND|gujarat,USA|kentucky,-0.024617268830373542,False,12847.228065455773
IND|gujarat,USA|louisiana,0.04449304522788907,False,13730.180206937372
IND|gujarat,USA|maine,-0.2617268830373546,False,11546.470965132696
IND|gujarat,USA|maryland,-0.05621555419473362,False,12403.210191116485
IND|gujarat,USA|massachusetts,0.0707374682879888,False,11847.786304128147
IND|gujarat,USA|michigan,-0.13351412824774736,False,12336.571842088122
IND|gujarat,USA|minnesota,0.01408450704225352,False,12318.235597558822
IND|gujarat,USA|mississippi,0.03186072959496107,False,13531.50586549489
IND|gujarat,USA|missouri,0.09803166827049252,False,12958.54507007002
IND|gujarat,USA|montana,-0.08746391391829236,False,12289.284166195912
IND|gujarat,USA|nebraska,-0.04757239086694077,False,12790.55638146641
IND|gujarat,USA|nevada,0.03140582626191934,False,13259.452567718003
IND|gujarat,USA|new hampshire,-0.26617093867553143,False,11796.16218198988
IND|gujarat,USA|new jersey,0.06968769136558481,False,12152.357919170818
IND|gujarat,USA|new mexico,-0.28800629866153443,False,13613.153327748061
IND|gujarat,USA|new york,-0.05317120111976205,False,12095.527585263631
IND|gujarat,USA|north carolina,0.10065611057650249,False,12902.913365545446
IND|gujarat,USA|north dakota,0.06573353162452979,False,12220.094543384728
IND|gujarat,USA|ohio,0.004566529612457353,False,12546.849312668563
IND|gujarat,USA|oklahoma,-0.17382556206806055,False,13354.513167256642
IND|gujarat,USA|oregon,-0.1642375995101041,False,12260.869189083258
IND|gujarat,USA|pennsylvania,0.007190971918467325,False,12291.15344528894
IND|gujarat,USA|rhode island,-0.12630566004723998,False,11909.705820398072
IND|gujarat,USA|south carolina,-0.06079958008923104,False,13078.58682020155
IND|gujarat,USA|south dakota,-0.04190359548595923,False,12535.624841564555
IND|gujarat,USA|tennessee,-0.09964132621817862,False,13136.903350955237
IND|gujarat,USA|texas,-0.20603801976135938,False,13859.732864792812
IND|gujarat,USA|utah,0.034590149593211446,False,12943.05214651519
IND|gujarat,USA|vermont,-0.1403376782433733,False,11737.419960215864
IND|gujarat,USA|virginia,-0.07640626366897034,False,12483.717387359357
IND|gujarat,USA|washington,-0.1578339602834398,False,12049.65998450706
IND|gujarat,USA|washington dc,-0.04099414744402727,False,12436.902149704656
IND|gujarat,USA|west virginia,-0.050196833172950754,False,12560.58670030324
IND|gujarat,USA|wisconsin,-0.06111451316595223,False,12416.597253838838
IND|gujarat,USA|wyoming,-0.17074621642900883,False,12855.247616311275
IND|karnataka,IND|kerala,0.1742835147413074,False,399.18259973908425
IND|karnataka,IND|maharashtra,0.5390429533724084,False,822.4707729148387
IND|karnataka,IND|odisha,0.08944177624151403,False,1196.2359450302706
IND|karnataka,IND|rajasthan,0.15828886361648148,False,1575.02757879816
IND|karnataka,IND|tamil nadu,0.5987752602571953,False,288.9666732735149
IND|karnataka,IND|telangana,0.13848307234712623,False,500.1039320297945
IND|karnataka,IND|uttar pradesh,-0.21518677281077772,False,1741.509771375885
IND|karnataka,IND|west bengal,0.501587801504641,False,1560.0705271128236
IND|karnataka,IRL,0.09712186160440907,False,8464.481406028723
IND|karnataka,ITA,-0.06583850931677018,False,7162.6432756576
IND|karnataka,LTU,-0.2278580677116802,False,6507.182527866829
IND|karnataka,LUX,0.04352901162203103,False,7580.43920295819
IND|karnataka,LVA,-0.14824599772548333,False,6636.961113176253
IND|karnataka,MDA,0.22861675206806062,False,5888.488163554881
IND|karnataka,MKD,-0.03854430933426647,False,6269.092539886438
IND|karnataka,MLT,0.0005775288963434877,False,6755.705514089829
IND|karnataka,NLD,-0.17627504155366983,False,7673.334617612146
IND|karnataka,NOR,0.02654302089062292,False,7512.236071037583
IND|karnataka,POL,-0.26235674919079693,False,6699.551060391162
IND|karnataka,PRT,-0.21550170588749892,False,8805.016367002743
IND|karnataka,ROU,-0.3068322981366459,False,6045.433683826591
IND|karnataka,SRB,-0.2715248009797918,False,6395.306119979788
IND|karnataka,SVK,-0.025317120111976205,False,6685.288381397329
IND|karnataka,SVN,0.02895634677631003,False,6919.888970762155
IND|karnataka,SWE,0.24713714581599883,False,7142.7825076285
IND|karnataka,TUR,-0.2477648499693815,False,5571.555984443812
IND|karnataka,USA|alabama,-0.16255795643425772,False,14598.02603077663
IND|karnataka,USA|arizona,-0.2695302248272242,False,14762.519206150035
IND|karnataka,USA|arkansas,-0.19961508179511855,False,14582.932982695553
IND|karnataka,USA|california,-0.329472487096492,False,14237.41984789475
IND|karnataka,USA|colorado,-0.06363397777972181,False,14161.501657335208
IND|karnataka,USA|connecticut,0.12819525850756713,False,13262.149489493986
IND|karnataka,USA|delaware,-0.15891872976992386,False,13538.56136209927
IND|karnataka,USA|florida,-0.1687866328405214,False,14988.480203932724
IND|karnataka,USA|georgia,-0.13305922491470562,False,14481.263944066703
IND|karnataka,USA|idaho,-0.19520601872102175,False,13505.102688114244
IND|karnataka,USA|illinois,-0.21630653486134194,False,13744.007031855632
IND|karnataka,USA|indiana,-0.21396203306797307,False,13853.159841863664
IND|karnataka,USA|iowa,-0.15828886361648148,False,13866.974456082535
IND|karnataka,USA|kansas,-0.17512028693902545,False,14188.12116474779
IND|karnataka,USA|kentucky,-0.04344326830548508,False,14072.770114956904
IND|karnataka,USA|louisiana,0.08064036392266644,False,14946.23718709606
IND|karnataka,USA|maine,-0.16829673694339953,False,12784.267847784327
IND|karnataka,USA|maryland,-0.12588574927827834,False,13640.768806506983
IND|karnataka,USA|massachusetts,-0.11353337415799142,False,13085.52688825217
IND|karnataka,USA|michigan,-0.2548683404776485,False,13561.495448352403
IND|karnataka,USA|minnesota,-0.08896859417373809,False,13505.278363071977
IND|karnataka,USA|mississippi,0.02969119062199283,False,14752.129909753588
IND|karnataka,USA|missouri,-0.025387105240136473,False,14158.932560379251
IND|karnataka,USA|montana,-0.2199457615256758,False,13361.937662505592
IND|karnataka,USA|nebraska,-0.1392879013209693,False,13968.046576082372
IND|karnataka,USA|nevada,-0.2678155891872977,False,14253.678221383141
IND|karnataka,USA|new hampshire,-0.1356836672207156,False,13034.025973021278
IND|karnataka,USA|new jersey,-0.030041116262794158,False,13390.22055254658
IND|karnataka,USA|new mexico,-0.2206806053713586,False,14714.46547778891
IND|karnataka,USA|new york,-0.1441868602921879,False,13333.182465570255
IND|karnataka,USA|north carolina,-0.03777447292450354,False,14139.981231452806
IND|karnataka,USA|north dakota,-0.006141194996063337,False,13377.039360202356
IND|karnataka,USA|ohio,-0.2797130609745429,False,13776.624385054709
IND|karnataka,USA|oklahoma,-0.1887673869302773,False,14537.584157432324
IND|karnataka,USA|oregon,-0.28069285276878664,False,13224.630678806952
IND|karnataka,USA|pennsylvania,-0.02101303473011985,False,13528.204184098606
IND|karnataka,USA|rhode island,-0.2687253958533811,False,13147.378042028291
IND|karnataka,USA|south carolina,-0.12854518414836846,False,14315.80091529634
IND|karnataka,USA|south dakota,-0.09932639314145744,False,13702.76167217466
IND|karnataka,USA|tennessee,-0.11360335928615169,False,14362.017752783422
IND|karnataka,USA|texas,-0.2827423912486046,False,15042.16924232709
IND|karnataka,USA|utah,-0.21322718922229025,False,13994.910552153267
IND|karnataka,USA|vermont,-0.06195433470387542,False,12974.803377651077
IND|karnataka,USA|virginia,-0.14964570028868865,False,13721.1682237213
IND|karnataka,USA|washington,-0.3106114950573003,False,13031.90840704747
IND|karnataka,USA|washington dc,-0.17905851683404828,False,13674.478505856787
IND|karnataka,USA|west virginia,-0.14282215029306272,False,13795.688741341175
IND|karnataka,USA|wisconsin,-0.1366634590149593,False,13627.602912842442
IND|karnataka,USA|wyoming,-0.34060012247397425,False,13971.684045070226
IND|kerala,IND|maharashtra,0.12322847046712458,False,1097.6798770293622
IND|kerala,IND|odisha,0.2038370353599659,False,1565.7250721954613
IND|kerala,IND|rajasthan,0.04627847570432267,False,1939.9136516408564
IND|kerala,IND|tamil nadu,0.05717885013297787,False,577.7021857991007
IND|kerala,IND|telangana,0.2334044861609317,False,896.1505462466432
IND|kerala,IND|uttar pradesh,0.06459740351620388,False,2118.4444618007383
IND|kerala,IND|west bengal,0.16739132337242862,False,1929.3188960698342
IND|kerala,IRL,0.055411694728011295,False,8676.898592200743
IND|kerala,ITA,-0.006263778564138946,False,7320.509198879622
IND|kerala,LTU,0.0005424037233391073,False,6752.347058813048
IND|kerala,LUX,-0.018953367035321324,False,7772.622358798689
IND|kerala,LVA,-0.19617174653945774,False,6893.200619103365
IND|kerala,MDA,0.036327934504373036,False,6092.618754845723
IND|kerala,MKD,-0.01139027889735881,False,6424.153299442481
IND|kerala,MLT,0.08621957240897725,False,6856.560971456883
IND|kerala,NLD,0.002134583756494278,False,7881.185921468629
IND|kerala,NOR,0.19726516371194228,False,7771.456948686385
IND|kerala,POL,0.01844140392905712,False,6920.586841094236
IND|kerala,PRT,0.0823039507422056,False,8929.561712941775
IND|kerala,ROU,0.05567414355053108,False,6226.856953503766
IND|kerala,SRB,0.009185708788192588,False,6567.258940145559
IND|kerala,SVK,0.03184379046573431,False,6880.318300921181
IND|kerala,SVN,-0.003464324457261205,False,7094.564840200079
IND|kerala,SWE,-0.06615517860051769,False,7399.180892500679
IND|kerala,TUR,-0.21240858035934862,False,5732.996414818611
IND|kerala,USA|alabama,-0.21186618612614108,False,14908.247541217888
IND|kerala,USA|arizona,0.04899044687036048,False,15155.790102042763
IND|kerala,USA|arkansas,0.21723763869371274,False,14919.2985767619
IND|kerala,USA|california,-0.06512230116124346,False,14636.374688802522
IND|kerala,USA|colorado,0.050775098863495044,False,14540.252249260102
IND|kerala,USA|connecticut,-0.2211218812670056,False,13539.026231826047
IND|kerala,USA|delaware,-0.09180459811742193,False,13819.31296290098
IND|kerala,USA|florida,0.03812506561804124,False,15250.508474297538
IND|kerala,USA|georgia,-0.03996220737567976,False,14781.579005633468
IND|kerala,USA|idaho,-0.29280540299124375,False,13899.165303753194
IND|kerala,USA|illinois,0.06450992057536396,False,14074.889713929859
IND|kerala,USA|indiana,0.04241172971919779,False,14176.336223771223
IND|kerala,USA|iowa,0.014889596530955989,False,14215.411397204598
IND|kerala,USA|kansas,0.0003674283515277036,False,14538.705235078824
IND|kerala,USA|kentucky,0.041711866192478346,False,14390.047816112537
IND|kerala,USA|louisiana,0.02346292473326907,False,15275.311219256413
IND|kerala,USA|maine,-0.07056374008148707,False,13059.46346564689
IND|kerala,USA|maryland,-0.04458130665202803,False,13924.944917617722
IND|kerala,USA|massachusetts,0.11220561992129349,False,13359.21902722828
IND|kerala,USA|michigan,-0.15587710398858623,False,13879.864080324434
IND|kerala,USA|minnesota,0.06503481822040354,False,13856.566466885468
IND|kerala,USA|mississippi,0.21212863494866083,False,15075.917370012381
IND|kerala,USA|missouri,0.007715995382081776,False,14501.802441765021
IND|kerala,USA|montana,-0.21141127483377342,False,13749.21358988065
IND|kerala,USA|nebraska,-0.16952444275961526,False,14324.75026755731
IND|kerala,USA|nevada,-0.06884907444102445,False,14650.403830777639
IND|kerala,USA|new hampshire,0.14824859154734438,False,13311.138357619566
IND|kerala,USA|new jersey,0.14187983345419752,False,13669.093564803054
IND|kerala,USA|new mexico,-0.11943171083467165,False,15097.503005581728
IND|kerala,USA|new york,-0.08410609932350814,False,13616.61392503199
IND|kerala,USA|north carolina,0.03163383140771848,False,14427.576110881264
IND|kerala,USA|north dakota,-0.007296077266050114,False,13742.472799035479
IND|kerala,USA|ohio,-0.00663120691566665,False,14086.901279904221
IND|kerala,USA|oklahoma,-0.06965391749675182,False,14891.67032061107
IND|kerala,USA|oregon,-0.23398187357047523,False,13622.513812984798
IND|kerala,USA|pennsylvania,0.10538195053577896,False,13816.655753267198
IND|kerala,USA|rhode island,0.06325016622726898,False,13419.935008657363
IND|kerala,USA|south carolina,0.15363754070308405,False,14602.118894314328
IND|kerala,USA|south dakota,-0.12051649930108678,False,14064.195095250398
IND|kerala,USA|tennessee,0.1054869300647869,False,14679.819979950655
IND|kerala,USA|texas,-0.03803791543970522,False,15396.939235304899
IND|kerala,USA|utah,-0.025387549431747522,False,14385.825068412434
IND|kerala,USA|vermont,-0.08834027366016074,False,13261.41694591545
IND|kerala,USA|virginia,-0.06615459986315463,False,14006.316648697593
IND|kerala,USA|washington,-0.2722119187175244,False,13428.746397032139
IND|kerala,USA|washington dc,-0.12046506338655495,False,13958.417238586342
IND|kerala,USA|west virginia,0.02150330685845465,False,14092.721888338196
IND|kerala,USA|wisconsin,-0.0050915071568838925,False,13961.69638207077
IND|kerala,USA|wyoming,-0.16675998182907345,False,14350.401024248296
IND|maharashtra,IND|odisha,0.07934633318764989,False,1342.4071448285804
IND|maharashtra,IND|rajasthan,0.30907182223777446,False,943.2907516230837
IND|maharashtra,IND|tamil nadu,0.48445455340740085,False,1007.5100323211125
IND|maharashtra,IND|telangana,0.023427521651649026,False,596.2465877491856
IND|maharashtra,IND|uttar pradesh,-0.07829586212929751,False,1159.131993857124
IND|maharashtra,IND|west bengal,0.25742504965598517,False,1636.9865627128306
IND|maharashtra,IRL,-0.01100516140320182,False,7642.807001610598
IND|maharashtra,ITA,0.03693465138658035,False,6358.615040266452
IND|maharashtra,LTU,-0.09302935928918095,False,5685.770114836455
IND|maharashtra,LUX,0.05997212236922856,False,6762.904777766198
IND|maharashtra,LVA,-0.1066048464701251,False,5817.743366817745
IND|maharashtra,MDA,-0.13791020458416872,False,5069.036731081841
IND|maharashtra,MKD,0.05999475111538798,False,5468.013661953081
IND|maharashtra,MLT,0.09025201571040503,False,5990.033236452735
IND|maharashtra,NLD,-0.008765637302073309,False,6852.447199386222
IND|maharashtra,NOR,-0.02188880628488416,False,6694.064628265118
IND|maharashtra,POL,-0.049392004199107685,False,5877.376684977527
IND|maharashtra,PRT,-0.08868865366109702,False,8017.021320684051
IND|maharashtra,ROU,-0.006106202431983204,False,5232.644098255524
IND|maharashtra,SRB,-0.16161315720409414,False,5585.879887541269
IND|maharashtra,SVK,-0.028711398827749104,False,5867.548715136416
IND|maharashtra,SVN,-0.0055463214067010755,False,6108.7025392382175
IND|maharashtra,SWE,0.263251362544957,False,6323.744418986998
IND|maharashtra,TUR,0.10768961595660922,False,4768.533598501007
IND|maharashtra,USA|alabama,-0.15888373720584373,False,13810.987795925757
IND|maharashtra,USA|arizona,-0.1305047677368559,False,14169.969749780415
IND|maharashtra,USA|arkansas,0.04344326830548508,False,13825.039158642598
IND|maharashtra,USA|california,0.0012422360248447203,False,13727.503316734064
IND|maharashtra,USA|colorado,0.0731869477735981,False,13497.878000371133
IND|maharashtra,USA|connecticut,0.17498031668270492,False,12452.348060373113
IND|maharashtra,USA|delaware,-0.001837109614206981,False,12730.788987496517
IND|maharashtra,USA|florida,-0.14887586387892573,False,14173.392481204131
IND|maharashtra,USA|georgia,-0.09215291750503017,False,13686.131270561002
IND|maharashtra,USA|idaho,0.013314670632490595,False,12925.79788536858
IND|maharashtra,USA|illinois,-0.20563380281690138,False,12979.172817253335
IND|maharashtra,USA|indiana,-0.09379756801679644,False,13079.053056931736
IND|maharashtra,USA|iowa,-0.1766599597585513,False,13128.452411136304
IND|maharashtra,USA|kansas,-0.1275303997900446,False,13453.101471834208
IND|maharashtra,USA|kentucky,-0.010585250634240224,False,13292.370364651282
IND|maharashtra,USA|louisiana,-0.06678330854693378,False,14178.753494322194
IND|maharashtra,USA|maine,-0.18064911206368645,False,11973.518698193764
IND|maharashtra,USA|maryland,-0.13389904645262882,False,12834.874675353902
IND|maharashtra,USA|massachusetts,0.156049339515353,False,12274.194450575851
IND|maharashtra,USA|michigan,-0.24146618843495754,False,12782.225926374025
IND|maharashtra,USA|minnesota,0.025702038316857665,False,12772.28438488865
IND|maharashtra,USA|mississippi,0.007925815764150117,False,13978.570566978655
IND|maharashtra,USA|missouri,0.03584988190009623,False,13410.911612504688
IND|maharashtra,USA|montana,-0.0810252821275479,False,12738.05685011149
IND|maharashtra,USA|nebraska,-0.08235499956259296,False,13245.144285353948
IND|maharashtra,USA|nevada,-0.05744029393753827,False,13698.051819689712
IND|maharashtra,USA|new hampshire,-0.13540372670807455,False,12224.26108386124
IND|maharashtra,USA|new jersey,0.13298923978654537,False,12581.439360725206
IND|maharashtra,USA|new mexico,-0.335526200682355,False,14065.548734889488
IND|maharashtra,USA|new york,-0.05939987752602572,False,12526.772286324813
IND|maharashtra,USA|north carolina,-0.03228064036392267,False,13336.232386545074
IND|maharashtra,USA|north dakota,0.09285276878663284,False,12675.051037911557
IND|maharashtra,USA|ohio,-0.047502405738780513,False,12989.533557781953
IND|maharashtra,USA|oklahoma,-0.26827049252033947,False,13808.681208727565
IND|maharashtra,USA|oregon,-0.17788469950135596,False,12692.963722622306
IND|maharashtra,USA|pennsylvania,-0.010515265506079959,False,12724.759126221554
IND|maharashtra,USA|rhode island,0.04477298574053014,False,12335.567363752585
IND|maharashtra,USA|south carolina,-0.15695914618143644,False,13511.372181391162
IND|maharashtra,USA|south dakota,0.02220278190884437,False,12990.557615035392
IND|maharashtra,USA|tennessee,-0.08564430058612545,False,13582.144350504092
IND|maharashtra,USA|texas,-0.2795405436249354,False,14313.842876956434
IND|maharashtra,USA|utah,0.0941824862216779,False,13389.701420760399
IND|maharashtra,USA|vermont,0.008975592686554108,False,12170.09080834069
IND|maharashtra,USA|virginia,-0.16052838771761,False,12915.848711450317
IND|maharashtra,USA|washington,-0.18425334616394015,False,12484.764258357847
IND|maharashtra,USA|washington dc,-0.05154449781054389,False,12868.464292930825
IND|maharashtra,USA|west virginia,-0.18831248359723557,False,12997.971836718729
IND|maharashtra,USA|wisconsin,-0.08662409238036917,False,12867.054182113252
IND|maharashtra,USA|wyoming,-0.1602834397690491,False,13308.51598282262
IND|odisha,IND|rajasthan,0.07791162550928443,False,1258.8860159731753
IND|odisha,IND|tamil nadu,0.029463996711797665,False,996.957698745554
IND|odisha,IND|telangana,0.4250758908035179,False,838.0445531860768
IND|odisha,IND|uttar pradesh,-0.23679675267070638,False,1261.6847813897903
IND|odisha,IND|west bengal,0.3349896770129825,False,364.1704343949087
IND|odisha,IRL,0.015781784462019888,False,8362.996116578934
IND|odisha,ITA,-0.004304123035096333,False,7278.928373624885
IND|odisha,LTU,0.021748449352140566,False,6337.660040096644
IND|odisha,LUX,-0.0845044928738835,False,7571.337576948182
IND|odisha,LVA,-0.2605219186690423,False,6420.897086688479
IND|odisha,MDA,0.22657755408132868,False,5889.070945891477
IND|odisha,MKD,0.12523948246024208,False,6420.994367743598
IND|odisha,MLT,-0.021500013818035357,False,7059.552431080269
IND|odisha,NLD,-0.08921432258518781,False,7607.516310111718
IND|odisha,NOR,0.10567434216996799,False,7260.92887272313
IND|odisha,POL,-0.14487048264470584,False,6613.700391168992
IND|odisha,PRT,-0.05989029735420629,False,8985.31211859296
IND|odisha,ROU,-0.08438530649703095,False,6118.350930508667
IND|odisha,SRB,0.008993167642437053,False,6488.252811595648
IND|odisha,SVK,0.12235257066840916,False,6691.529547603933
IND|odisha,SVN,0.1343026358430872,False,6987.983743757951
IND|odisha,SWE,0.10646673898589777,False,6912.002408812504
IND|odisha,TUR,-0.2189328924315464,False,5727.142979961204
IND|odisha,USA|alabama,-0.1275315154586064,False,13994.139104164016
IND|odisha,USA|arizona,0.056880910516659264,False,13755.761704001803
IND|odisha,USA|arkansas,0.040626722306884896,False,13875.062825062807
IND|odisha,USA|california,0.1530938071426541,False,13160.440205388475
IND|odisha,USA|colorado,0.2445126805506961,False,13259.457085182714
IND|odisha,USA|connecticut,0.08032613355336286,False,12818.590197502177
IND|odisha,USA|delaware,0.2062304805474816,False,13073.742900909878
IND|odisha,USA|florida,-0.14107375622756801,False,14547.61930340665
IND|odisha,USA|georgia,0.05877052550767717,False,13918.292939072364
IND|odisha,USA|idaho,0.0960729251451787,False,12501.478324565856
IND|odisha,USA|illinois,0.32399898521916215,False,13077.109639623704
IND|odisha,USA|indiana,0.2922604519441022,False,13215.939705111297
IND|odisha,USA|iowa,0.2889361292747189,False,13121.308326082622
IND|odisha,USA|kansas,0.16292680366998802,False,13426.860028235982
IND|odisha,USA|kentucky,-0.0023095294334663247,False,13454.431018465923
IND|odisha,USA|louisiana,-0.0345729557615868,False,14259.238093160158
IND|odisha,USA|maine,0.1682807128112054,False,12358.270122133557
IND|odisha,USA|maryland,0.05220936234442056,False,13160.5939836958
IND|odisha,USA|massachusetts,0.37955016666806807,False,12658.080214876158
IND|odisha,USA|michigan,0.15771286600958676,False,12950.136402446082
IND|odisha,USA|minnesota,0.42297631859127577,False,12752.811585356527
IND|odisha,USA|mississippi,0.13806436939002098,False,14091.227619097674
IND|odisha,USA|missouri,0.2637237662927115,False,13432.411388131835
IND|odisha,USA|montana,0.005143951919993179,False,12414.397628415047
IND|odisha,USA|nebraska,0.10812796893046885,False,13182.478122666691
IND|odisha,USA|nevada,0.19993176391075526,False,13216.222435025013
IND|odisha,USA|new hampshire,0.28031038676942416,False,12595.043810852321
IND|odisha,USA|new jersey,0.05565616005951803,False,12936.088862990327
IND|odisha,USA|new mexico,0.07617947843418468,False,13779.952440334186
IND|odisha,USA|new york,0.2505139577906882,False,12863.3628372434
IND|odisha,USA|north carolina,0.1476174229557226,False,13634.003876991015
IND|odisha,USA|north dakota,0.18341512917445063,False,12557.653529517143
IND|odisha,USA|ohio,0.11358685668229833,False,13192.935243311771
IND|odisha,USA|oklahoma,0.09141887340804203,False,13753.824710176134
IND|odisha,USA|oregon,-0.029463996711797665,False,12176.766206946115
IND|odisha,USA|pennsylvania,0.3636634035954361,False,13034.722968883949
IND|odisha,USA|rhode island,0.10497861061210569,False,12722.652123493608
IND|odisha,USA|south carolina,0.039891872032600154,False,13809.668213875726
IND|odisha,USA|south dakota,0.2760412566045319,False,12898.698385282625
IND|odisha,USA|tennessee,-0.038824589491377084,False,13734.663008344456
IND|odisha,USA|texas,-0.021275851209014242,False,14245.038213736285
IND|odisha,USA|utah,0.07017820119419264,False,13014.469663537064
IND|odisha,USA|vermont,0.28884864709920877,False,12501.26365914139
IND|odisha,USA|virginia,0.05178944790197213,False,13235.32179847113
IND|odisha,USA|washington,-0.09584547148885249,False,12000.596534992284
IND|odisha,USA|washington dc,-0.012720019596178746,False,13194.34051210572
IND|odisha,USA|west virginia,0.2548005843906825,False,13263.020073015152
IND|odisha,USA|wisconsin,0.3765232833954191,False,12949.393493792135
IND|odisha,USA|wyoming,0.08260067011662516,False,13072.224318236587
IND|rajasthan,IND|tamil nadu,0.10744466800804829,False,1617.667524455149
IND|rajasthan,IND|telangana,0.10328055288251246,False,1106.3683036271452
IND|rajasthan,IND|uttar pradesh,-0.27960808328230247,False,227.63837937282995
IND|rajasthan,IND|west bengal,0.28085277625758676,False,1352.2857334464632
IND|rajasthan,IRL,-0.2103577989677194,False,7140.505213515841
IND|rajasthan,ITA,0.13092467850581752,False,6020.745982732056
IND|rajasthan,LTU,-0.045648598530275176,False,5126.084070671727
IND|rajasthan,LUX,0.14130077692791326,False,6326.4566563562
IND|rajasthan,LVA,-0.15874376694952322,False,5225.621986859307
IND|rajasthan,MDA,0.3866168331141072,False,4637.8191305486025
IND|rajasthan,MKD,0.02489720934301461,False,5162.267950611633
IND|rajasthan,MLT,0.034616732029315714,False,5812.893650427327
IND|rajasthan,NLD,0.02195783396028344,False,6373.709202982453
IND|rajasthan,NOR,-0.18497878500703066,False,6083.589859314587
IND|rajasthan,POL,-0.16882162540460152,False,5380.643834213171
IND|rajasthan,PRT,-0.11647274954072259,False,7726.4441114793935
IND|rajasthan,ROU,-0.021677893447642375,False,4860.979777221148
IND|rajasthan,SRB,-0.10510016621467937,False,5230.321177085473
IND|rajasthan,SVK,0.053136208555681914,False,5441.865046648173
IND|rajasthan,SVN,0.1864228851369084,False,5732.275953757165
IND|rajasthan,SWE,0.12931615183901218,False,5724.819990034086
IND|rajasthan,TUR,0.16630216079083196,False,4469.102796874862
IND|rajasthan,USA|alabama,-0.029201294724870965,False,13048.672926577508
IND|rajasthan,USA|arizona,-0.14583151080395415,False,13245.076967988587
IND|rajasthan,USA|arkansas,0.06650336803429271,False,13013.0381448879
IND|rajasthan,USA|california,0.25290875688916103,False,12786.406889551336
IND|rajasthan,USA|colorado,0.13445892747791094,False,12601.951124752024
IND|rajasthan,USA|connecticut,-0.11465313620855569,False,11761.490929907817
IND|rajasthan,USA|delaware,0.1722159041203744,False,12030.534406027682
IND|rajasthan,USA|florida,-0.1415274254220978,False,13498.756715321102
IND|rajasthan,USA|georgia,-0.04963695214766862,False,12943.052194218797
IND|rajasthan,USA|idaho,0.0837896946898784,False,11995.719993295752
IND|rajasthan,USA|illinois,-0.002956871664771236,False,12178.31221132283
IND|rajasthan,USA|indiana,-0.04060887061499431,False,12293.334964182375
IND|rajasthan,USA|iowa,-0.13169451491558043,False,12292.720915189615
IND|rajasthan,USA|kansas,-0.06412387367684368,False,12613.40565006892
IND|rajasthan,USA|kentucky,0.07091243110838946,False,12517.83641982715
IND|rajasthan,USA|louisiana,-0.01499431370833698,False,13380.27997106584
IND|rajasthan,USA|maine,-0.03854430933426647,False,11288.877390471569
IND|rajasthan,USA|maryland,0.0860292187910069,False,12127.216394376768
IND|rajasthan,USA|massachusetts,0.2679555594436182,False,11590.88748205161
IND|rajasthan,USA|michigan,0.04491295599685067,False,12006.560313659742
IND|rajasthan,USA|minnesota,0.12662059312396118,False,11930.538162004375
IND|rajasthan,USA|mississippi,-0.06975767649374508,False,13190.273558500856
IND|rajasthan,USA|missouri,0.0292362872889511,False,12586.318395772945
IND|rajasthan,USA|montana,0.06321406701076021,False,11822.244178365214
IND|rajasthan,USA|nebraska,-0.04956696701950836,False,12393.087653363455
IND|rajasthan,USA|nevada,0.1186072959496107,False,12763.470919296657
IND|rajasthan,USA|new hampshire,-0.0027819088443705713,False,11534.229907585855
IND|rajasthan,USA|new jersey,-0.052996238299361384,False,11885.800409121553
IND|rajasthan,USA|new mexico,-0.11657772723296299,False,13162.513356100586
IND|rajasthan,USA|new york,0.014854343452016446,False,11822.220843305757
IND|rajasthan,USA|north carolina,0.10527512903508003,False,12619.21688664117
IND|rajasthan,USA|north dakota,0.01394453678593299,False,11804.420195420496
IND|rajasthan,USA|ohio,0.17543522001574666,False,12229.478978168605
IND|rajasthan,USA|oklahoma,-0.26876038841746125,False,12962.5590095932
IND|rajasthan,USA|oregon,0.0673431895722159,False,11753.587065049554
IND|rajasthan,USA|pennsylvania,0.1318694777359811,False,12009.116810304784
IND|rajasthan,USA|rhode island,-0.02171288601172251,False,11654.209492900101
IND|rajasthan,USA|south carolina,-0.23310296561980579,False,12795.876691668076
IND|rajasthan,USA|south dakota,-0.019998250371795992,False,12128.617139701086
IND|rajasthan,USA|tennessee,-0.1469162802904383,False,12805.97656360753
IND|rajasthan,USA|texas,-0.243357915833963,False,13467.151428069275
IND|rajasthan,USA|utah,0.20720846820050737,False,12467.783511303873
IND|rajasthan,USA|vermont,0.1263406526113201,False,11460.816062017811
IND|rajasthan,USA|virginia,-0.06233925290875689,False,12205.832535720094
IND|rajasthan,USA|washington,0.0991864228851369,False,11547.52813718964
IND|rajasthan,USA|washington dc,-0.029953896894654157,False,12161.100284072445
IND|rajasthan,USA|west virginia,-0.012334878838246872,False,12264.056283290769
IND|rajasthan,USA|wisconsin,0.13617356311783743,False,12059.866549958335
IND|rajasthan,USA|wyoming,-0.16892660309684193,False,12412.136032717135
IND|tamil nadu,IND|telangana,-0.05285626804304085,False,515.2416343776233
IND|tamil nadu,IND|uttar pradesh,-0.3054325955734406,False,1754.6913666210573
IND|tamil nadu,IND|west bengal,0.5546019998637542,False,1358.3607154263373
IND|tamil nadu,IRL,0.13613857055375733,False,8631.190184764198
IND|tamil nadu,ITA,-0.16444755489458487,False,7365.83617976893
IND|tamil nadu,LTU,-0.12536305422361887,False,6653.4151703856805
IND|tamil nadu,LUX,0.015290141816703644,False,7762.290246833265
IND|tamil nadu,LVA,-0.13284926953022483,False,6773.863966576018
IND|tamil nadu,MDA,0.1657037178848117,False,6066.072242663208
IND|tamil nadu,MKD,0.02465226139445368,False,6475.51273577947
IND|tamil nadu,MLT,0.022856143594684696,False,6988.0551491416045
IND|tamil nadu,NLD,-0.12070684979441867,False,7844.630188732966
IND|tamil nadu,NOR,-0.10604960423076171,False,7644.721514457409
IND|tamil nadu,POL,-0.11864228851369084,False,6863.569958644239
IND|tamil nadu,PRT,-0.2277141107514653,False,9023.300805232273
IND|tamil nadu,ROU,-0.1899221415449217,False,6237.098004387014
IND|tamil nadu,SRB,-0.43151080395415975,False,6591.876890802425
IND|tamil nadu,SVK,-0.00817076371271105,False,6867.041691075908
IND|tamil nadu,SVN,-0.18274866590849445,False,7113.810047740457
IND|tamil nadu,SWE,0.34817905853015046,False,7278.424066728205
IND|tamil nadu,TUR,-0.3111013909544222,False,5775.966257738372
IND|tamil nadu,USA|alabama,-0.1771848482197533,False,14666.148001940994
IND|tamil nadu,USA|arizona,-0.5259557344064386,False,14688.685422322193
IND|tamil nadu,USA|arkansas,-0.1460764587525151,False,14619.904672123503
IND|tamil nadu,USA|california,-0.4069810165339865,False,14127.90027907689
IND|tamil nadu,USA|colorado,-0.2208205756276791,False,14130.048939115562
IND|tamil nadu,USA|connecticut,-0.035709911643775696,False,13367.688123271328
IND|tamil nadu,USA|delaware,-0.10104102878138395,False,13639.773234319635
IND|tamil nadu,USA|florida,-0.18393841308721898,False,15102.174100452045
IND|tamil nadu,USA|georgia,0.027346688828623917,False,14560.35696676176
IND|tamil nadu,USA|idaho,-0.10300061236987139,False,13430.383582630295
IND|tamil nadu,USA|illinois,-0.34735368734143995,False,13790.40356938853
IND|tamil nadu,USA|indiana,-0.174210480272942,False,13908.697242944021
IND|tamil nadu,USA|iowa,-0.22879888023794942,False,13889.393650019316
IND|tamil nadu,USA|kansas,-0.2085031930714723,False,14206.54430654314
IND|tamil nadu,USA|kentucky,0.06891785495582188,False,14134.59194483362
IND|tamil nadu,USA|louisiana,0.07427171726008223,False,14991.234572429697
IND|tamil nadu,USA|maine,-0.2277141107514653,False,12892.486179130005
IND|tamil nadu,USA|maryland,-0.2926953022482722,False,13738.449730184657
IND|tamil nadu,USA|massachusetts,-0.23306797305572566,False,13194.426409879732
IND|tamil nadu,USA|michigan,-0.2854518414836847,False,13623.443723092701
IND|tamil nadu,USA|minnesota,-0.23478260869565218,False,13524.384954254207
IND|tamil nadu,USA|mississippi,0.043968156766687076,False,14804.21858444291
IND|tamil nadu,USA|missouri,-0.1714460677106115,False,14188.44408795037
IND|tamil nadu,USA|montana,-0.2803079345639051,False,13310.759018232346
IND|tamil nadu,USA|nebraska,-0.3488233750328055,False,13977.705160428415
IND|tamil nadu,USA|nevada,-0.39560843320794337,False,14164.414303157848
IND|tamil nadu,USA|new hampshire,-0.32408363222815156,False,13139.894731713084
IND|tamil nadu,USA|new jersey,-0.17298574053013735,False,13493.579220254107
IND|tamil nadu,USA|new mexico,-0.3410200332429359,False,14671.6559348203
IND|tamil nadu,USA|new york,-0.2225002187035255,False,13432.367538910721
IND|tamil nadu,USA|north carolina,-0.04697751727757851,False,14232.95146818042
IND|tamil nadu,USA|north dakota,-0.14817601259732308,False,13373.526265745606
IND|tamil nadu,USA|ohio,-0.21494182486221675,False,13847.13639311352
IND|tamil nadu,USA|oklahoma,-0.20955296999387626,False,14549.747417559332
IND|tamil nadu,USA|oregon,-0.3359811040153967,False,13128.852246519447
IND|tamil nadu,USA|pennsylvania,-0.12403114338203132,False,13622.030313532083
IND|tamil nadu,USA|rhode island,-0.32149418248622164,False,13257.165352442464
IND|tamil nadu,USA|south carolina,-0.13988277491033158,False,14409.479667904661
IND|tamil nadu,USA|south dakota,-0.09887148980841572,False,13705.387243630335
IND|tamil nadu,USA|tennessee,-0.08385967981803866,False,14422.377550172634
IND|tamil nadu,USA|texas,-0.2844220490183983,False,15051.678329420669
IND|tamil nadu,USA|utah,-0.3250634240223952,False,13931.238386432293
IND|tamil nadu,USA|vermont,-0.16059837284577028,False,13071.783618814448
IND|tamil nadu,USA|virginia,-0.03021607908319482,False,13817.698051113412
IND|tamil nadu,USA|washington,-0.3759076196308284,False,12943.820942646833
IND|tamil nadu,USA|washington dc,-0.0628821877566513,False,13772.297661174174
IND|tamil nadu,USA|west virginia,-0.1954159741055026,False,13880.204652367303
IND|tamil nadu,USA|wisconsin,-0.25588312483597236,False,13670.212290203126
IND|tamil nadu,USA|wyoming,-0.41020033242935877,False,13940.737486650909
IND|telangana,IND|uttar pradesh,-0.12144169364010148,False,1255.5288943961807
IND|telangana,IND|west bengal,0.3304726662069087,False,1181.8821002123348
IND|telangana,IRL,-0.13543871927215467,False,8136.600902346692
IND|telangana,ITA,-0.22459977254833344,False,6903.611459618273
IND|telangana,LTU,0.12147881165032601,False,6149.433933843644
IND|telangana,LUX,-0.08895598748349046,False,7279.180009461103
IND|telangana,LVA,-0.16707199720059487,False,6266.139291908084
IND|telangana,MDA,0.18775726648206104,False,5581.573950765469
IND|telangana,MKD,0.27943312046190183,False,6018.495619128651
IND|telangana,MLT,-0.03715435899809771,False,6567.503462347153
IND|telangana,NLD,-0.34259469862654185,False,7353.625657232337
IND|telangana,NOR,0.1963868599053076,False,7135.181858373042
IND|telangana,POL,-0.1869477735981104,False,6368.733720862725
IND|telangana,PRT,-0.11542297261831862,False,8577.321354082918
IND|telangana,ROU,-0.15730907182223777,False,5764.6280968310475
IND|telangana,SRB,-0.2579826786807803,False,6123.732247345265
IND|telangana,SVK,-0.2225002187035255,False,6384.852763429205
IND|telangana,SVN,0.04533286676581226,False,6642.228845715407
IND|telangana,SWE,-0.14669011189531567,False,6770.0328128668325
IND|telangana,TUR,-0.22064561280727843,False,5317.973713979684
IND|telangana,USA|alabama,-0.10440031493307672,False,14154.342885342709
IND|telangana,USA|arizona,0.15583938413087217,False,14262.415439385284
IND|telangana,USA|arkansas,-0.00418161140757589,False,14117.296051477288
IND|telangana,USA|california,-0.15220015746653834,False,13741.617281907515
IND|telangana,USA|colorado,0.0384743242061062,False,13666.393505383163
IND|telangana,USA|connecticut,-0.01548420960545884,False,12852.586624796493
IND|telangana,USA|delaware,0.13624354824599774,False,13124.541921852237
IND|telangana,USA|florida,-0.23985653048727146,False,14587.420604119208
IND|telangana,USA|georgia,-0.03368034292712798,False,14046.636272220232
IND|telangana,USA|idaho,-0.2661009535473712,False,13005.026953480974
IND|telangana,USA|illinois,0.210007873326918,False,13284.13049486841
IND|telangana,USA|indiana,0.1790744466800805,False,13399.70018121424
IND|telangana,USA|iowa,0.20209955384480796,False,13392.659993483663
IND|telangana,USA|kansas,0.1996850669232788,False,13711.83331552528
IND|telangana,USA|kentucky,-0.0096054588399965,False,13624.039932981488
IND|telangana,USA|louisiana,0.0813402152042691,False,14485.879984413277
IND|telangana,USA|maine,0.17151605283877175,False,12377.56433303772
IND|telangana,USA|maryland,0.18348350975417724,False,13223.220334922325
IND|telangana,USA|massachusetts,0.2732044440556382,False,12679.526532632906
IND|telangana,USA|michigan,0.33573615606683577,False,13112.727270202644
IND|telangana,USA|minnesota,0.24045140407663368,False,13029.084801142957
IND|telangana,USA|mississippi,-0.09974630391041904,False,14296.515829383077
IND|telangana,USA|missouri,0.25815764150118103,False,13688.675308055415
IND|telangana,USA|montana,-0.19482110051614032,False,12863.083801341798
IND|telangana,USA|nebraska,0.23408275741404952,False,13487.375329020308
IND|telangana,USA|nevada,0.06569853906044966,False,13754.418794308662
IND|telangana,USA|new hampshire,0.27386930277316074,False,12624.82115121575
IND|telangana,USA|new jersey,0.018843495757151604,False,12978.394017265706
IND|telangana,USA|new mexico,0.10174088006298661,False,14217.139740770152
IND|telangana,USA|new york,0.15195520951797745,False,12917.125906054147
IND|telangana,USA|north carolina,0.1493657597760476,False,13717.886192946535
IND|telangana,USA|north dakota,0.13921791619280902,False,12890.502439676127
IND|telangana,USA|ohio,-0.016953897296824425,False,13334.661275257184
IND|telangana,USA|oklahoma,0.15877875951360335,False,14058.334355666886
IND|telangana,USA|oregon,-0.24381069022832647,False,12726.417132642682
IND|telangana,USA|pennsylvania,0.1790744466800805,False,13106.894146224779
IND|telangana,USA|rhode island,0.003096841921091768,False,12742.323777021089
IND|telangana,USA|south carolina,0.1449217041378707,False,13894.393127074043
IND|telangana,USA|south dakota,0.05705537573265681,False,13218.851498702783
IND|telangana,USA|tennessee,0.07896072084682006,False,13912.268106199981
IND|telangana,USA|texas,0.007488474223663539,False,14561.906996383801
IND|telangana,USA|utah,-0.1372933251684017,False,13495.036113400327
IND|telangana,USA|vermont,0.15727407925815765,False,12556.55293714222
IND|telangana,USA|virginia,-0.011285101915842883,False,13302.489934223573
IND|telangana,USA|washington,-0.3235237512028694,False,12532.711926768101
IND|telangana,USA|washington dc,-0.09997463017292864,False,13257.067083590899
IND|telangana,USA|west virginia,0.20136470999912517,False,13365.730066795171
IND|telangana,USA|wisconsin,0.12431108389467238,False,13165.183925037376
IND|telangana,USA|wyoming,-0.08347476161315721,False,13476.643163469495
IND|uttar pradesh,IND|west bengal,-0.5049646134793303,False,1291.8958785803197
IND|uttar pradesh,IRL,0.019543347038754263,False,7103.076178447345
IND|uttar pradesh,ITA,0.19730557256582976,False,6033.111133443069
IND|uttar pradesh,LTU,0.13134688737707004,False,5079.9055529821635
IND|uttar pradesh,LUX,-0.08203817390052709,False,6310.752273272047
IND|uttar pradesh,LVA,0.3460589624704751,False,5168.864768305987
IND|uttar pradesh,MDA,-0.18669990456301483,False,4632.342308492359
IND|uttar pradesh,MKD,-0.05033680342927128,False,5187.512022986833
IND|uttar pradesh,MLT,0.14579979501326049,False,5866.841445974983
IND|uttar pradesh,NLD,-0.005756276791181873,False,6345.883593882816
IND|uttar pradesh,NOR,0.06624382141852234,False,6017.4739609102335
IND|uttar pradesh,POL,0.13753827311696265,False,5352.055469860709
IND|uttar pradesh,PRT,0.39270405038929224,False,7744.2147925229365
IND|uttar pradesh,ROU,0.32999737555769393,False,4870.5517113250635
IND|uttar pradesh,SRB,0.11293850056862915,False,5242.032408932071
IND|uttar pradesh,SVK,-0.15164027644125624,False,5433.261940024995
IND|uttar pradesh,SVN,0.08739392879013211,False,5735.730719307156
IND|uttar pradesh,SWE,-0.31647551812529456,False,5663.728893138201
IND|uttar pradesh,TUR,0.2809028081532674,False,4500.507876139926
IND|uttar pradesh,USA|alabama,0.2564779984253346,False,12917.56816353476
IND|uttar pradesh,USA|arizona,0.4487621380456653,False,13050.20519004908
IND|uttar pradesh,USA|arkansas,0.33153704837721987,False,12865.436046502919
IND|uttar pradesh,USA|california,0.19387630128597672,False,12578.707851509667
IND|uttar pradesh,USA|colorado,0.381856355524451,False,12422.364274022673
IND|uttar pradesh,USA|connecticut,-0.08987840083982154,False,11655.76553568998
IND|uttar pradesh,USA|delaware,0.07126235674919079,False,11921.291142301243
IND|uttar pradesh,USA|florida,0.25185897996675705,False,13393.41993133954
IND|uttar pradesh,USA|georgia,0.39063948910856444,False,12818.326384334052
IND|uttar pradesh,USA|idaho,0.15657422797655496,False,11798.122716180556
IND|uttar pradesh,USA|illinois,0.3679643075846383,False,12036.01937470715
IND|uttar pradesh,USA|indiana,0.4275916367771848,False,12156.020110987114
IND|uttar pradesh,USA|iowa,0.4414836847169976,False,12137.795341473386
IND|uttar pradesh,USA|kansas,0.4459627329192546,False,12456.550260958702
IND|uttar pradesh,USA|kentucky,0.07556644213104716,False,12383.838642449642
IND|uttar pradesh,USA|louisiana,0.26806053713585865,False,13236.589533910032
IND|uttar pradesh,USA|maine,0.31229113813314674,False,11186.139309085544
IND|uttar pradesh,USA|maryland,0.1987402676931152,False,12015.45703174162
IND|uttar pradesh,USA|massachusetts,0.13988277491033158,False,11487.876124761837
IND|uttar pradesh,USA|michigan,0.13988277491033158,False,11873.152378839988
IND|uttar pradesh,USA|minnesota,0.2950747966057213,False,11773.86850952376
IND|uttar pradesh,USA|mississippi,0.008485696789432246,False,13050.368545622187
IND|uttar pradesh,USA|missouri,0.21739130434782608,False,12435.00033765115
IND|uttar pradesh,USA|montana,0.13246435132534337,False,11633.399409361546
IND|uttar pradesh,USA|nebraska,0.358691278103403,False,12231.882123348103
IND|uttar pradesh,USA|nevada,0.23625229638701772,False,12562.237025312008
IND|uttar pradesh,USA|new hampshire,0.054675881375207756,False,11429.275130363847
IND|uttar pradesh,USA|new jersey,0.29720934301460933,False,11778.315288145453
IND|uttar pradesh,USA|new mexico,0.34028518939725305,False,12979.136652701656
IND|uttar pradesh,USA|new york,0.22099553844807976,False,11712.115026691306
IND|uttar pradesh,USA|north carolina,0.23047852331379579,False,12503.411368096986
IND|uttar pradesh,USA|north dakota,0.3352812527337941,False,11636.535136918108
IND|uttar pradesh,USA|ohio,0.08088531187122737,False,12100.81446999804
IND|uttar pradesh,USA|oklahoma,0.3897646750065611,False,12802.80556985435
IND|uttar pradesh,USA|oregon,0.08459452366372144,False,11548.236936028974
IND|uttar pradesh,USA|pennsylvania,0.07108739392879013,False,11895.129887779634
IND|uttar pradesh,USA|rhode island,0.28646662584200855,False,11551.650117666826
IND|uttar pradesh,USA|south carolina,0.25588312483597236,False,12680.118944659913
IND|uttar pradesh,USA|south dakota,0.33465138658035165,False,11963.883075391583
IND|uttar pradesh,USA|tennessee,0.3794068760388417,False,12670.866996329258
IND|uttar pradesh,USA|texas,0.46734727800999243,False,13306.41269919541
IND|uttar pradesh,USA|utah,0.1899221415449217,False,12275.119275866808
IND|uttar pradesh,USA|vermont,0.1372933251684017,False,11350.019728478748
IND|uttar pradesh,USA|virginia,0.24213104715248007,False,12093.160945808699
IND|uttar pradesh,USA|washington,0.06314408188259996,False,11344.40560172048
IND|uttar pradesh,USA|washington dc,0.14163364215083257,False,12049.354946192252
IND|uttar pradesh,USA|west virginia,0.3715335491208118,False,12143.745195343585
IND|uttar pradesh,USA|wisconsin,0.16570728720146968,False,11915.563305029364
IND|uttar pradesh,USA|wyoming,0.37202344501793366,False,12232.511147686524
IND|west bengal,IRL,-0.13255299233288542,False,8325.882628125728
IND|west bengal,ITA,-0.21767314910420116,False,7317.0136856443
IND|west bengal,LTU,-0.14062130928652755,False,6296.547021330699
IND|west bengal,LUX,-0.044478382846612693,False,7568.699167509529
IND|west bengal,LVA,-0.30478789947714685,False,6364.487088170337
IND|west bengal,MDA,0.3255287092628719,False,5905.146388188862
IND|west bengal,MKD,-0.025842234645680015,False,6477.582404317072
IND|west bengal,MLT,-0.040147359949998455,False,7156.202220136413
IND|west bengal,NLD,-0.19046619252056374,False,7587.188434190573
IND|west bengal,NOR,0.019614361714137614,False,7186.2006139250525
IND|west bengal,POL,-0.2372341635482568,False,6595.840651222244
IND|west bengal,PRT,-0.2948324279040988,False,9029.926339296482
IND|west bengal,ROU,-0.2802404010290161,False,6154.037405299235
IND|west bengal,SRB,-0.3175253042314156,False,6526.330704729011
IND|west bengal,SVK,-0.025037398630987206,False,6701.234216073422
IND|west bengal,SVN,-0.004426598080810456,False,7013.895364421408
IND|west bengal,SWE,0.30263848549532846,False,6846.565230193124
IND|west bengal,TUR,-0.41463051904761344,False,5792.035377840219
IND|west bengal,USA|alabama,-0.24370784453600333,False,13771.844927595035
IND|west bengal,USA|arizona,-0.36180878147462225,False,13431.990628735637
IND|west bengal,USA|arkansas,-0.24316545504784082,False,13626.032712541148
IND|west bengal,USA|california,-0.28314480925595104,False,12821.041049545716
IND|west bengal,USA|colorado,-0.20736774882911277,False,12963.122910732052
IND|west bengal,USA|connecticut,-0.06501675283909746,False,12649.05959456789
IND|west bengal,USA|delaware,-0.007733424315091785,False,12896.37477186744
IND|west bengal,USA|florida,-0.18750929498832278,False,14364.670506082277
IND|west bengal,USA|georgia,-0.07259270923827107,False,13707.57110790015
IND|west bengal,USA|idaho,-0.28108022991391296,False,12181.331145031007
IND|west bengal,USA|illinois,-0.15323377862347026,False,12843.697834714641
IND|west bengal,USA|indiana,-0.16840318785691952,False,12989.792414191126
IND|west bengal,USA|iowa,-0.2397186573327433,False,12866.432739575195
IND|west bengal,USA|kansas,-0.27663613539800047,False,13166.309771369495
IND|west bengal,USA|kentucky,0.10525855357373796,False,13231.930912736163
IND|west bengal,USA|louisiana,0.06709882861623755,False,14013.170793610885
IND|west bengal,USA|maine,-0.2372341635482568,False,12196.93235676521
IND|west bengal,USA|maryland,-0.08755216125049613,False,12978.278995409863
IND|west bengal,USA|massachusetts,-0.01929856791752543,False,12494.275515597468
IND|west bengal,USA|michigan,-0.24608735970987775,False,12732.678495479306
IND|west bengal,USA|minnesota,-0.1840624972732253,False,12497.892282358533
IND|west bengal,USA|mississippi,0.05080964753625915,False,13853.125749517621
IND|west bengal,USA|missouri,-0.14600775092633697,False,13181.009701706193
IND|west bengal,USA|montana,-0.3022334199522523,False,12108.913291227385
IND|west bengal,USA|nebraska,-0.2678354285416856,False,12916.71182789164
IND|west bengal,USA|nevada,-0.25882476446414654,False,12886.225497571275
IND|west bengal,USA|new hampshire,0.008450778154274507,False,12428.369650372182
IND|west bengal,USA|new jersey,-0.18761427359893487,False,12762.724464825356
IND|west bengal,USA|new mexico,-0.39965357060028633,False,13473.674311954343
IND|west bengal,USA|new york,-0.1701703278022233,False,12686.057997170175
IND|west bengal,USA|north carolina,-0.04136157258116964,False,13441.019088300425
IND|west bengal,USA|north dakota,-0.18336263986914458,False,12285.58132826941
IND|west bengal,USA|ohio,-0.04354862696892184,False,12981.594899707992
IND|west bengal,USA|oklahoma,-0.23389234444377147,False,13485.734194071782
IND|west bengal,USA|oregon,-0.24633230980130597,False,11845.977744164788
IND|west bengal,USA|pennsylvania,0.0930810347427337,False,12849.552912687715
IND|west bengal,USA|rhode island,-0.3787278342182733,False,12559.174834340367
IND|west bengal,USA|south carolina,-0.1247670787124876,False,13615.289828201494
IND|west bengal,USA|south dakota,-0.12179268474514461,False,12629.304283129284
IND|west bengal,USA|tennessee,-0.1310482989141119,False,13507.890186179133
IND|west bengal,USA|texas,-0.32345942541204464,False,13970.915055149873
IND|west bengal,USA|utah,-0.3841517290998987,False,12699.00893740435
IND|west bengal,USA|vermont,-0.08335301682601191,False,12325.338177752375
IND|west bengal,USA|virginia,-0.104296249643127,False,13050.879187919476
IND|west bengal,USA|washington,-0.28711650002410904,False,11674.319569551662
IND|west bengal,USA|washington dc,-0.1500332435175141,False,13011.794007287886
IND|west bengal,USA|west virginia,-0.07901390092071155,False,13065.321320578925
IND|west bengal,USA|wisconsin,-0.11188970247740264,False,12713.61359101591
IND|west bengal,USA|wyoming,-0.4341565406214651,False,12777.199862559646
IRL,ITA,0.05653043880784311,False,1622.1478511511566
IRL,LTU,0.13784201457052023,False,2029.3356219541772
IRL,LUX,0.047037666294961845,False,963.5309346102036
IRL,LVA,0.2320182310212221,False,1977.109228921546
IRL,MDA,0.06019410353427298,False,2585.0409690660285
IRL,MKD,-0.1374047293335939,False,2417.064579480181
IRL,MLT,0.012259958459236853,False,2528.9574644276763
IRL,NLD,0.27106537530266345,False,797.9735154043508
IRL,NOR,0.16942954353759299,False,1283.8045422804905
IRL,POL,0.2766486255519157,False,1767.9059532644635
IRL,PRT,0.13203959549921665,False,1550.1979320621078
IRL,ROU,-0.12003275886625837,False,2489.5590211919543
IRL,SRB,0.06328387458006719,False,2197.4568057371894
IRL,SVK,0.1198228881622896,False,1813.619378834347
IRL,SVN,0.04517133956386293,False,1692.1782823133208
IRL,SWE,-0.021770674397647082,False,1537.578916667465
IRL,TUR,-0.16229377440073883,False,3031.6830044218227
IRL,USA|alabama,0.045676145042160984,False,6476.59981071221
IRL,USA|arizona,0.0011047654518088735,False,8011.392744853246
IRL,USA|arkansas,0.147477664093068,False,6698.017361243383
IRL,USA|california,-0.11300196315464227,False,8224.760845241584
IRL,USA|colorado,0.06798903605130459,False,7080.374860536726
IRL,USA|connecticut,0.03680664532462913,False,4992.810893053179
IRL,USA|delaware,0.08030887384601032,False,5280.652145761033
IRL,USA|florida,0.16289649566352313,False,6611.53419998955
IRL,USA|georgia,0.09848931851944846,False,6298.582146698707
IRL,USA|idaho,-0.022497018391814703,False,7274.614243365178
IRL,USA|illinois,0.13009436528361892,False,5901.634626570905
IRL,USA|indiana,0.09729667524532883,False,5911.794719403386
IRL,USA|iowa,0.14773293160086204,False,6242.7785629191485
IRL,USA|kansas,0.061412759190676465,False,6541.264435322513
IRL,USA|kentucky,-0.07358302845925863,False,6051.781222078971
IRL,USA|louisiana,-0.03937607985274525,False,6948.978877701162
IRL,USA|maine,0.13628564852593475,False,4524.861493577404
IRL,USA|maryland,0.14486221831648988,False,5398.921142377812
IRL,USA|massachusetts,-0.06946844119718741,False,4804.617949885492
IRL,USA|michigan,-0.032400142280250246,False,5601.484321763909
IRL,USA|minnesota,-0.012173330822505386,False,5993.666008516167
IRL,USA|mississippi,0.17815589006545762,False,6726.764523463819
IRL,USA|missouri,0.04909406094416194,False,6409.040851029944
IRL,USA|montana,0.01011445190718306,False,6827.235288559182
IRL,USA|nebraska,-0.01527839604042435,False,6459.089807974073
IRL,USA|nevada,0.0003494235557508421,False,7922.898404551129
IRL,USA|new hampshire,0.02880756596154248,False,4775.625090425198
IRL,USA|new jersey,0.048906743665390336,False,5127.399755463501
IRL,USA|new mexico,0.1754817651120457,False,7599.527227811147
IRL,USA|new york,0.09472307660117589,False,5100.965406589641
IRL,USA|north carolina,0.15266155747787197,False,5896.29206331595
IRL,USA|north dakota,0.15647801795140442,False,6172.462762696525
IRL,USA|ohio,0.011798805159128034,False,5718.940755592354
IRL,USA|oklahoma,0.07568053899106564,False,6883.109962757347
IRL,USA|oregon,0.013912079174774548,False,7473.368095323401
IRL,USA|pennsylvania,0.021053303335901098,False,5319.113768880855
IRL,USA|rhode island,0.04159504696824716,False,4857.757938559887
IRL,USA|south carolina,0.10402987885255165,False,6057.56127787774
IRL,USA|south dakota,0.043397568681606095,False,6336.425298288294
IRL,USA|tennessee,0.10370666400241203,False,6319.784933754126
IRL,USA|texas,0.1785692241220655,False,7314.066215365604
IRL,USA|utah,-0.043149646993104786,False,7398.9254700795545
IRL,USA|vermont,-0.06459843972807056,False,4783.569458786004
IRL,USA|virginia,0.04741489339443014,False,5481.606329993969
IRL,USA|washington,-0.013744690645073547,False,7240.541978403925
IRL,USA|washington dc,0.01704749340646363,False,5429.690951838533
IRL,USA|west virginia,0.044671860598711075,False,5630.9634656282415
IRL,USA|wisconsin,0.021618239919154257,False,5840.661889823961
IRL,USA|wyoming,0.09804683638130166,False,6942.8183573669285
ITA,LTU,0.047621146887219516,False,1561.1668543277513
ITA,LUX,0.15061879429871752,False,710.3937434159359
ITA,LVA,0.22076309479850004,False,1714.0505064332192
ITA,MDA,-0.17567313026439016,False,1440.1502119047418
ITA,MKD,-0.08104358022278679,False,896.4501031148599
ITA,MLT,0.30950105801197936,True,963.1535841292067
ITA,NLD,0.2586900671309781,False,988.146764684094
ITA,NOR,-0.05927446217184525,False,1803.1028291471453
ITA,POL,0.08609123927620227,False,1111.5400779935785
ITA,PRT,0.3637521399140494,False,1713.9210355977386
ITA,ROU,0.453644403409547,False,1162.9773020543028
ITA,SRB,0.46517357222844347,False,791.0895727243797
ITA,SVK,0.4119506944473807,False,747.2983176939155
ITA,SVN,0.4696616059831235,True,354.16006404405556
ITA,SWE,0.09139201630392632,False,1682.6005122905083
ITA,TUR,0.31071323622014185,False,1591.0882085973806
ITA,USA|alabama,0.1215250140215395,False,8033.031236416727
ITA,USA|arizona,0.11013173781782726,False,9633.53434842381
ITA,USA|arkansas,0.08802603897545692,False,8286.161881007865
ITA,USA|california,0.394831390779292,False,9832.759475270394
ITA,USA|colorado,0.26567493895664174,False,8702.506274049003
ITA,USA|connecticut,-0.13051815895275864,False,6541.21909536534
ITA,USA|delaware,0.17024809580955647,False,6826.896944646157
ITA,USA|florida,-0.07781323549964435,False,8082.130290588389
ITA,USA|georgia,0.03330304596261374,False,7845.089647539526
ITA,USA|idaho,0.4600659791202377,False,8874.159996578319
ITA,USA|illinois,0.10707034588862684,False,7505.834391874127
ITA,USA|indiana,0.07053447004877747,False,7505.993933979006
ITA,USA|iowa,0.09691632113785494,False,7857.385073807264
ITA,USA|kansas,0.10965660979041535,False,8151.6308365997775
ITA,USA|kentucky,0.1146723943272173,False,7633.347619104651
ITA,USA|louisiana,-0.15328022022474952,False,8517.850172023773
ITA,USA|maine,0.023638843920513887,False,6085.658833575497
ITA,USA|maryland,-0.057020261516515174,False,6947.579312990536
ITA,USA|massachusetts,0.15694447845999362,False,6353.053952275186
ITA,USA|michigan,0.043574628163466966,False,7198.191100421275
ITA,USA|minnesota,0.18119521639197056,False,7613.977161198093
ITA,USA|mississippi,0.0509807475185886,False,8295.51913458639
ITA,USA|missouri,0.036433013071028246,False,8014.116220073247
ITA,USA|montana,0.41917557940029365,False,8433.937251094098
ITA,USA|nebraska,0.14625652078077933,False,8076.6299890899445
ITA,USA|nevada,0.2723414260216685,False,9537.699168857
ITA,USA|new hampshire,0.043422783123778626,False,6331.721529689096
ITA,USA|new jersey,-0.03806902091799295,False,6675.170618325496
ITA,USA|new mexico,0.19809409984115683,False,9219.831426234041
ITA,USA|new york,0.042526407566908744,False,6658.1193461359935
ITA,USA|north carolina,0.030050623177031232,False,7434.631400887054
ITA,USA|north dakota,0.21437090845032955,False,7794.053464729941
ITA,USA|ohio,0.0534004716994286,False,7300.630210490061
ITA,USA|oklahoma,0.018069559722912503,False,8488.866542336906
ITA,USA|oregon,0.40925666954968437,False,9046.847119308644
ITA,USA|pennsylvania,0.13335913066305663,False,6878.094454818512
ITA,USA|rhode island,0.15241360730817274,False,6402.163196876418
ITA,USA|south carolina,-0.1592021767725948,False,7588.307953601021
ITA,USA|south dakota,0.052817582676108844,False,7957.939062495219
ITA,USA|tennessee,0.1340448824551975,False,7893.376074260339
ITA,USA|texas,0.034826479880482965,False,8907.686318505735
ITA,USA|utah,0.3285926658855685,False,9015.705459499402
ITA,USA|vermont,0.11834116641517109,False,6356.9029119211655
ITA,USA|virginia,0.09976708930232635,False,7029.297202172702
ITA,USA|washington,0.445910102839615,False,8809.146198248261
ITA,USA|washington dc,0.2014890646812471,False,6976.899148596177
ITA,USA|west virginia,-0.01834386043976886,False,7194.413799274402
ITA,USA|wisconsin,0.13819857902473662,False,7449.9177895042285
ITA,USA|wyoming,0.10270112732727202,False,8564.721504574747
LTU,LUX,-0.030717926440913715,False,1388.1954275717474
LTU,LVA,0.27864661228595206,False,239.17779926988544
LTU,MDA,0.011178670088641547,False,921.0337614251636
LTU,MKD,0.20460430530882304,False,1449.6364880886338
LTU,MLT,0.0242352079671575,False,2252.0130666027303
LTU,NLD,0.15306798275278224,False,1321.0049757366723
LTU,NOR,-0.06722512529721424,False,1045.3275385080103
LTU,POL,0.4782969420360101,False,450.48978075903324
LTU,PRT,0.09784002052011534,False,3028.146760395785
LTU,ROU,0.11328675811942603,False,1129.9510795628473
LTU,SRB,-0.003093537516311817,False,1187.667945457701
LTU,SVK,-0.0916159103888153,False,848.7462028640795
LTU,SVN,-0.07326839853894998,False,1223.8761904915912
LTU,SWE,0.07417588776239578,False,673.2052198605817
LTU,TUR,-0.0072520806443757595,False,1609.2136480928111
LTU,USA|alabama,0.14179093849805263,False,8235.51729107709
LTU,USA|arizona,0.021941670481397637,False,9365.793781203873
LTU,USA|arkansas,0.14359982339903232,False,8365.134938182373
LTU,USA|california,0.08577604011751859,False,9367.445778545878
LTU,USA|colorado,0.17499181018453788,False,8473.356024645742
LTU,USA|connecticut,-0.10571294279583593,False,6802.812807845294
LTU,USA|delaware,0.0591520658936997,False,7087.5749513594865
LTU,USA|florida,-0.05935136521560876,False,8498.632780798633
LTU,USA|georgia,0.17875201186846415,False,8081.928349153591
LTU,USA|idaho,0.05658818670545084,False,8389.29153982824
LTU,USA|illinois,0.15127334103999923,False,7523.921229458509
LTU,USA|indiana,0.19231864862581174,False,7577.423292923381
LTU,USA|iowa,0.14129598770821764,False,7788.970576393908
LTU,USA|kansas,0.15479496932163095,False,8109.943381314683
LTU,USA|kentucky,0.10817345355681418,False,7756.506108456398
LTU,USA|louisiana,0.13628594626003182,False,8667.704379986608
LTU,USA|maine,0.11060903873844825,False,6323.103702818211
LTU,USA|maryland,0.07954820607851572,False,7198.460020483932
LTU,USA|massachusetts,0.14378524083720165,False,6619.405277949012
LTU,USA|michigan,0.11279892892368938,False,7266.08169787166
LTU,USA|minnesota,0.16957583787274635,False,7482.201896305601
LTU,USA|mississippi,0.14974219830885505,False,8450.830454907782
LTU,USA|missouri,0.030686948969769406,False,8012.377793604405
LTU,USA|montana,0.12968066773381665,False,8005.677018934932
LTU,USA|nebraska,0.12818358078945033,False,7970.815922990681
LTU,USA|nevada,0.21388995714969927,False,9135.711724623916
LTU,USA|new hampshire,0.07972624593097435,False,6576.4538584942675
LTU,USA|new jersey,-0.018042558648157528,False,6935.22214676137
LTU,USA|new mexico,0.17946061048124948,False,9039.604409134245
LTU,USA|new york,0.10865060036140332,False,6891.015916622627
LTU,USA|north carolina,0.16798416159176624,False,7703.513387080279
LTU,USA|north dakota,0.12026235953875514,False,7549.396685337142
LTU,USA|ohio,0.08017134556212092,False,7431.982645441707
LTU,USA|oklahoma,0.20045863068022027,False,8469.863566405325
LTU,USA|oregon,0.04221680981499026,False,8445.026144094953
LTU,USA|pennsylvania,0.11795140225384212,False,7099.735626402272
LTU,USA|rhode island,0.2174689453603372,False,6678.466101996451
LTU,USA|south carolina,0.05088378983267635,False,7874.398704805364
LTU,USA|south dakota,0.1971007990628505,False,7786.4987779698195
LTU,USA|tennessee,0.08300930081031148,False,8040.638159634711
LTU,USA|texas,0.1669734897811011,False,8945.666924049043
LTU,USA|utah,0.08739991917655064,False,8650.428570289681
LTU,USA|vermont,0.2267017049326223,False,6545.587176688788
LTU,USA|virginia,0.18050392401665705,False,7281.027499608185
LTU,USA|washington,0.03300858864582994,False,8198.62965461109
LTU,USA|washington dc,0.17629003457128772,False,7231.253850088853
LTU,USA|west virginia,0.14097195517674294,False,7393.8735045820185
LTU,USA|wisconsin,0.08959677535128077,False,7436.876558867125
LTU,USA|wyoming,0.1790546796176438,False,8307.63889110086
LUX,LVA,-0.12414141583704394,False,1445.5541741131992
LUX,MDA,-0.20849286608153925,False,1697.676891159177
LUX,MKD,-0.01653367561866506,False,1453.535832837864
LUX,MLT,-0.10258048009746165,False,1669.664894931215
LUX,NLD,0.17015373790759244,False,288.8449838300918
LUX,NOR,-0.07244353827336777,False,1215.4327623770848
LUX,POL,0.10002446522532192,False,994.7656318706128
LUX,PRT,0.04469859978301892,False,1644.124572456952
LUX,ROU,-0.02095547258644758,False,1550.6056972213398
LUX,SRB,0.08557352006249645,False,1239.053298594436
LUX,SVK,-0.032202217047981374,False,895.373137152875
LUX,SVN,0.376205204338656,False,728.6538857793415
LUX,SWE,-0.17152176359793728,False,1215.7582423849894
LUX,TUR,0.02584721899041954,False,2079.1227839100234
LUX,USA|alabama,0.008993123301625312,False,7436.573497760961
LUX,USA|arizona,0.12908656558603743,False,8953.101093405294
LUX,USA|arkansas,0.02721434462297066,False,7661.545069556312
LUX,USA|california,-0.03374023338460138,False,9131.77796297558
LUX,USA|colorado,0.03454128355992429,False,8024.061263510425
LUX,USA|connecticut,0.11023518479343807,False,5950.162441527494
LUX,USA|delaware,0.03103802412651206,False,6237.736206338814
LUX,USA|florida,-0.03496851032009652,False,7547.833859476239
LUX,USA|georgia,-0.24701183206257551,False,7256.4531369136575
LUX,USA|idaho,-0.10029148195042954,False,8170.024341322966
LUX,USA|illinois,-0.10566385845959528,False,6863.908783932858
LUX,USA|indiana,-0.10989340338530028,False,6875.242971058015
LUX,USA|iowa,-0.053681042415639924,False,7200.8553306857775
LUX,USA|kansas,0.02053892649527966,False,7501.478341685102
LUX,USA|kentucky,-0.10923120190703332,False,7015.000875460592
LUX,USA|louisiana,-0.25220263719866803,False,7911.094765534556
LUX,USA|maine,-0.09582696230662982,False,5484.555564670926
LUX,USA|maryland,-0.24835759635711802,False,6356.65258983002
LUX,USA|massachusetts,-0.10316458191258776,False,5761.812247155908
LUX,USA|michigan,-0.1494332400392396,False,6564.8180767446665
LUX,USA|minnesota,-0.02320909374635606,False,6945.554036979029
LUX,USA|mississippi,0.04961170752499949,False,7688.803636149126
LUX,USA|missouri,0.025868580328428155,False,7370.993029504268
LUX,USA|montana,0.08920494752396033,False,7732.986021411487
LUX,USA|nebraska,0.05647967407098151,False,7414.62780386028
LUX,USA|nevada,-0.13423464804611274,False,8841.554466384094
LUX,USA|new hampshire,0.1781215169848044,False,5734.5248961110665
LUX,USA|new jersey,0.1480981564137014,False,6084.714942206322
LUX,USA|new mexico,0.126555247032017,False,8550.592156948553
LUX,USA|new york,-0.053510151711571044,False,6060.315730499556
LUX,USA|north carolina,-0.3574179075600825,False,6851.981605622958
LUX,USA|north dakota,-0.024608261385920094,False,7110.1725895239115
LUX,USA|ohio,-0.18370750687405626,False,6682.121398011314
LUX,USA|oklahoma,-0.0675659121212372,False,7844.770835817486
LUX,USA|oregon,-0.18623882542807668,False,8337.52937164243
LUX,USA|pennsylvania,-0.031379805534649835,False,6278.963386738765
LUX,USA|rhode island,0.13365789191988023,False,5814.02602089081
LUX,USA|south carolina,-0.027972672122276356,False,7011.473604700944
LUX,USA|south dakota,-0.14405018286106958,False,7284.901527189655
LUX,USA|tennessee,-0.11889720735592989,False,7282.314185357932
LUX,USA|texas,-0.08595313484989105,False,8277.443454230244
LUX,USA|utah,-0.1158104940136856,False,8321.843666185634
LUX,USA|vermont,-0.06523752627829858,False,5745.587783872596
LUX,USA|virginia,-0.05464230262602743,False,6439.18061394473
LUX,USA|washington,-0.18750982503958905,False,8099.458701640678
LUX,USA|washington dc,-0.09025746704554263,False,6387.11590263124
LUX,USA|west virginia,-0.20247344231462117,False,6591.7938347089375
LUX,USA|wisconsin,-0.02417035395674356,False,6801.543987959031
LUX,USA|wyoming,-0.10149839754791606,False,7882.021805602474
LVA,MDA,0.02409274658398128,False,1156.1177612925949
LVA,MKD,-0.1386750048856752,False,1677.7937355716708
LVA,MLT,0.03696436175671412,False,2456.78605207732
LVA,NLD,0.245235721407207,False,1330.6598412584565
LVA,NOR,-0.06779745510814532,False,878.8781380937729
LVA,POL,0.4288990172340123,False,615.6570620448766
LVA,PRT,0.14354080615296969,False,3088.212949807397
LVA,ROU,0.22899159663865548,False,1368.314007683575
LVA,SRB,0.11760918253079507,False,1410.0538033553346
LVA,SVK,0.12050299192262356,False,1038.395479485058
LVA,SVN,0.08545426046748565,False,1392.446645607919
LVA,SWE,0.04506180642823419,False,506.0931085970932
LVA,TUR,0.24278997523193818,False,1846.72248119706
LVA,USA|alabama,0.17820823244552061,False,8070.16421206198
LVA,USA|arizona,0.11133405379246708,False,9153.237032939893
LVA,USA|arkansas,0.11536818117077341,False,8185.9701637558765
LVA,USA|california,0.2596496225608888,False,9142.293739832689
LVA,USA|colorado,0.2663010967098704,False,8265.865843613828
LVA,USA|connecticut,0.09797749608317903,False,6650.886229093732
LVA,USA|delaware,0.11836297956680839,False,6934.089120201887
LVA,USA|florida,0.07877795185870959,False,8358.022213159946
LVA,USA|georgia,0.26585244267198405,False,7921.127948398452
LVA,USA|idaho,0.2683592080900157,False,8164.644486557116
LVA,USA|illinois,0.2422090870246404,False,7341.697590610053
LVA,USA|indiana,0.2820894459478707,False,7400.472406611969
LVA,USA|iowa,0.28035180173764424,False,7597.369253325119
LVA,USA|kansas,0.18203959549921667,False,7919.763395984906
LVA,USA|kentucky,0.08745905141717705,False,7584.333635469037
LVA,USA|louisiana,0.21197122916963398,False,8494.889453053158
LVA,USA|maine,0.21970517020367472,False,6170.892534320841
LVA,USA|maryland,0.15019940179461616,False,7043.26153721874
LVA,USA|massachusetts,0.2062459162621063,False,6469.036100977976
LVA,USA|michigan,-0.011515453639082752,False,7090.04010978104
LVA,USA|minnesota,0.1793476712718986,False,7285.839925601115
LVA,USA|mississippi,0.014214499359065661,False,8279.417914534682
LVA,USA|missouri,0.14403931063951006,False,7826.3760875108055
LVA,USA|montana,0.22844324170346103,False,7785.132959032162
LVA,USA|nebraska,0.2371105204221826,False,7775.178868224883
LVA,USA|nevada,0.33029482979632535,False,8914.642583750878
LVA,USA|new hampshire,-0.04245833926791055,False,6423.702525743546
LVA,USA|new jersey,-0.13311494089161088,False,6782.425793030698
LVA,USA|new mexico,0.3135308360632389,False,8834.530216935753
LVA,USA|new york,0.08775815410910127,False,6735.1997564332805
LVA,USA|north carolina,0.21893604899586955,False,7548.112001028969
LVA,USA|north dakota,0.295805440820396,False,7343.205143526316
LVA,USA|ohio,0.10613160518444667,False,7262.056508382688
LVA,USA|oklahoma,0.26281868679675263,False,8280.636063419686
LVA,USA|oregon,0.14762854294260078,False,8214.34894842023
LVA,USA|pennsylvania,0.018658310781939896,False,6941.561037803583
LVA,USA|rhode island,0.11807455860038406,False,6528.989880229605
LVA,USA|south carolina,0.0832502492522433,False,7720.294176791861
LVA,USA|south dakota,0.17189146845178752,False,7585.680909730158
LVA,USA|tennessee,0.07568722404215926,False,7869.941261749608
LVA,USA|texas,0.3166832241980773,False,8760.374277136207
LVA,USA|utah,0.32693762807634086,False,8432.65411290725
LVA,USA|vermont,0.33602763139153974,False,6386.366504152765
LVA,USA|virginia,0.2511038313630537,False,7125.5347044912005
LVA,USA|washington,0.10888762284574847,False,7967.869850439722
LVA,USA|washington dc,0.29097402609009604,False,7076.311283419662
LVA,USA|west virginia,0.20717134311351662,False,7231.75295230676
LVA,USA|wisconsin,0.17749608317903437,False,7251.87870991286
LVA,USA|wyoming,0.18313630536960548,False,8098.4071795694
MDA,MKD,-0.12227635335255703,False,806.1207834918074
MDA,MLT,-0.02254531779929635,False,1715.424481655089
MDA,NLD,-0.10528303679645738,False,1788.5774110322502
MDA,NOR,-0.0358761338514766,False,1902.9809576500097
MDA,POL,-0.1481061945178285,False,862.8186234910157
MDA,PRT,-0.1262792234746605,False,3145.0224936902932
MDA,ROU,-0.38102792011343434,False,367.27213341941166
MDA,SRB,-0.26479363486971275,False,688.8351389974938
MDA,SVK,-0.00015105170272088577,False,805.1325059255017
MDA,SVN,0.07847135956350017,False,1114.0408098778823
MDA,SWE,0.28072958950676624,False,1554.2575009534428
MDA,TUR,-0.05755069873665748,False,695.1542638145073
MDA,USA|alabama,0.1313394555158102,False,9002.858343899485
MDA,USA|arizona,0.015709377082972122,False,10254.281034397998
MDA,USA|arkansas,-0.20626110006536955,False,9171.043126171378
MDA,USA|california,0.05588913000672774,False,10280.065716891217
MDA,USA|colorado,-0.045164459113544844,False,9351.539830086696
MDA,USA|connecticut,-0.0066462749197189735,False,7538.912312594256
MDA,USA|delaware,0.31192176611862915,False,7826.458518586488
MDA,USA|florida,0.091914961105659,False,9190.367121447769
MDA,USA|georgia,0.30603074971251454,False,8836.765258430743
MDA,USA|idaho,-0.14213965226035352,False,9301.46129411208
MDA,USA|illinois,0.11215588927025769,False,8341.016457894466
MDA,USA|indiana,0.2011253421728594,False,8380.110872645579
MDA,USA|iowa,0.008232317798288275,False,8629.764541878765
MDA,USA|kansas,0.02567878946255058,False,8946.218111650982
MDA,USA|kentucky,-0.05271704424958913,False,8545.295970997759
MDA,USA|louisiana,0.3034628707662595,False,9454.665187001596
MDA,USA|maine,0.05536044904720464,False,7063.108713332845
MDA,USA|maryland,0.3839734283164916,False,7941.663399686985
MDA,USA|massachusetts,0.14553831557157346,False,7352.179938924595
MDA,USA|michigan,0.10981458787808397,False,8067.509949735884
MDA,USA|minnesota,0.11359088044610612,False,8335.693460077056
MDA,USA|mississippi,-0.01412333420440282,False,9234.65120679419
MDA,USA|missouri,0.14062913523314466,False,8837.94964261038
MDA,USA|montana,-0.13904309235457535,False,8911.230458741564
MDA,USA|nebraska,-0.18911673180654898,False,8821.38062743865
MDA,USA|nevada,-0.06812431792711948,False,10041.579556948976
MDA,USA|new hampshire,0.15022091835592088,False,7316.3520118938895
MDA,USA|new jersey,-0.05981647427747077,False,7673.020951290168
MDA,USA|new mexico,0.09893886528218018,False,9911.290334188525
MDA,USA|new york,0.12703448198826495,False,7637.774338377277
MDA,USA|north carolina,0.36531854303046224,False,8444.500892289596
MDA,USA|north dakota,-0.06653827504855019,False,8425.995596429673
MDA,USA|ohio,0.03194743512546734,False,8215.891479939959
MDA,USA|oklahoma,-0.10120464082299346,False,9302.66945482453
MDA,USA|oregon,0.014954118569367693,False,9364.5320914763
MDA,USA|pennsylvania,0.12031268121718551,False,7852.064982037935
MDA,USA|rhode island,-0.10996563958080485,False,7408.273059774072
MDA,USA|south carolina,0.017144368258820535,False,8610.636618790606
MDA,USA|south dakota,0.13111287796172885,False,8650.159564601641
MDA,USA|tennessee,-0.13866546309777314,False,8824.10561478906
MDA,USA|texas,-0.09395415909239097,False,9766.548154057347
MDA,USA|utah,0.05875911235842456,False,9550.40260127742
MDA,USA|vermont,0.1211434655821504,False,7304.023835964702
MDA,USA|virginia,-0.12575054251513743,False,8024.615974456608
MDA,USA|washington,-0.053094673506391354,False,9118.221915633581
MDA,USA|washington dc,-0.10717118308046845,False,7973.528505155499
MDA,USA|west virginia,0.3448510373117822,False,8155.9346110181195
MDA,USA|wisconsin,0.1690268553446712,False,8261.591466624599
MDA,USA|wyoming,-0.1533930041130595,False,9189.987784473899
MKD,MLT,0.055849058371078966,False,909.3068418580847
MKD,NLD,-0.21282001172562048,False,1662.0393892466107
MKD,NOR,0.1882008062122579,False,2168.7443573314913
MKD,POL,-0.12945085010748486,False,1126.7626011341652
MKD,PRT,-0.03976939613054524,False,2567.0355026956745
MKD,ROU,-0.0160641000586281,False,439.1308313735126
MKD,SRB,-0.020930232558139538,False,283.8090561095258
MKD,SVK,-0.11233144420558921,False,749.1491695048304
MKD,SVN,-0.02423294899355091,False,724.887893728394
MKD,SWE,-0.12461524932439084,False,1903.0136413894604
MKD,TUR,-0.12535158053818057,False,700.5368482925762
MKD,USA|alabama,0.16486222395935116,False,8885.189092179837
MKD,USA|arizona,0.2501465702560094,False,10376.236935330595
MKD,USA|arkansas,0.15628297830760213,False,9115.062311671654
MKD,USA|california,0.16365057650967366,False,10504.886175886933
MKD,USA|colorado,-0.018760992769200704,False,9451.55228465518
MKD,USA|connecticut,0.08590971272229822,False,7396.193026297871
MKD,USA|delaware,0.23443423881180378,False,7683.254404206226
MKD,USA|florida,0.03234316982606997,False,8964.898715263389
MKD,USA|georgia,-0.022513191323040842,False,8702.358572070802
MKD,USA|idaho,0.11512605042016806,False,9531.936577836064
MKD,USA|illinois,0.0693765878444401,False,8316.051975586623
MKD,USA|indiana,0.09181160836427593,False,8328.715953136876
MKD,USA|iowa,0.048993550908735584,False,8647.80331318018
MKD,USA|kansas,0.05258940785616572,False,8950.984969400432
MKD,USA|kentucky,0.09564197772132109,False,8468.052391471138
MKD,USA|louisiana,0.1773109243697479,False,9362.534986373414
MKD,USA|maine,0.17545436779362908,False,6933.570474148244
MKD,USA|maryland,0.0839358999413719,False,7802.88615185892
MKD,USA|massachusetts,0.2432675395739691,False,7207.786519368046
MKD,USA|michigan,0.19032636310338089,False,8018.177631654244
MKD,USA|minnesota,0.17013875317568888,False,8385.039871780362
MKD,USA|mississippi,-0.04383427789720539,False,9140.167548110718
MKD,USA|missouri,0.05974203634942348,False,8822.688979742868
MKD,USA|montana,0.05290209106898574,False,9111.085891382472
MKD,USA|nebraska,0.056332110280671734,False,8858.265534982875
MKD,USA|nevada,0.12309947234707837,False,10232.466440145781
MKD,USA|new hampshire,0.26800859878835254,False,7182.502845950278
MKD,USA|new jersey,0.21358217705686927,False,7530.613313088035
MKD,USA|new mexico,0.11412937267930427,False,9987.338000610775
MKD,USA|new york,0.19017002149697088,False,7508.670422532669
MKD,USA|north carolina,0.1481141293726793,False,8295.327939730389
MKD,USA|north dakota,-0.015692788743404337,False,8531.743628762615
MKD,USA|ohio,0.10598006644518274,False,8135.131325088759
MKD,USA|oklahoma,0.15710377174125464,False,9296.035240670531
MKD,USA|oregon,0.18076998241156927,False,9655.49604236581
MKD,USA|pennsylvania,0.2393394567129177,False,7727.8338024931645
MKD,USA|rhode island,0.002853234316982607,False,7258.880870449172
MKD,USA|south carolina,0.18202071526284935,False,8452.415027223615
MKD,USA|south dakota,-0.0815516904436193,False,8719.72735919942
MKD,USA|tennessee,-0.03640805159273012,False,8734.400669311513
MKD,USA|texas,0.08343796872275037,False,9730.829585256464
MKD,USA|utah,0.06177447723275357,False,9720.543895161232
MKD,USA|vermont,0.1466484268125855,False,7197.2273583639835
MKD,USA|virginia,0.12714481141293726,False,7885.171222651427
MKD,USA|washington,0.10719171389486028,False,9412.254037211122
MKD,USA|washington dc,0.10186682561595886,False,7832.954355777579
MKD,USA|west virginia,0.05034199726402189,False,8041.783240342444
MKD,USA|wisconsin,0.13752198553840142,False,8252.049350434116
MKD,USA|wyoming,-0.0732264999022865,False,9303.830125784843
MLT,NLD,0.08810063171870204,False,1950.8558410148742
MLT,NOR,-0.08828881908150894,False,2729.6394601165853
MLT,POL,0.14834382020786588,False,1848.8573755715738
MLT,PRT,0.1586247429650645,False,2095.0293061106577
MLT,ROU,0.39746751781867873,False,1348.3207694449407
MLT,SRB,0.1561593340820169,False,1094.0526268647775
MLT,SVK,0.12664151344144664,False,1421.9320408937485
MLT,SVN,-0.16415933433517146,False,1129.7769278281876
MLT,SWE,-0.08101535682210495,False,2553.8530599648584
MLT,TUR,0.23060797375445516,False,1432.1010134495878
MLT,USA|alabama,0.00961006319718566,False,8777.362092191683
MLT,USA|arizona,-0.008000000253154555,False,10510.21021838422
MLT,USA|arkansas,0.30936688609997676,False,9072.592575984861
MLT,USA|california,0.10062893400194407,False,10752.809138671477
MLT,USA|colorado,0.08966038019573218,False,9578.226691396076
MLT,USA|connecticut,-0.10094759229295024,False,7290.68554564526
MLT,USA|delaware,0.1305995848455231,False,7570.865066329886
MLT,USA|florida,0.014088050760272173,False,8732.831340061752
MLT,USA|georgia,0.25922013398900795,False,8579.094909093907
MLT,USA|idaho,0.10584486708104485,False,9803.41832108674
MLT,USA|illinois,0.2541551443109101,False,8324.58689446243
MLT,USA|indiana,0.251303991180855,False,8307.139139377405
MLT,USA|iowa,0.16139203865011797,False,8698.032581851427
MLT,USA|kansas,0.09534591496684201,False,8980.26325177012
MLT,USA|kentucky,-0.06680084068829054,False,8414.369690819542
MLT,USA|louisiana,0.014004193315270553,False,9274.40911921894
MLT,USA|maine,0.1300964401755134,False,6853.965959852159
MLT,USA|maryland,0.12181132460935332,False,7692.992875815032
MLT,USA|massachusetts,0.17061635760029617,False,7104.648566363009
MLT,USA|michigan,-0.08062054762455753,False,8005.405475101139
MLT,USA|minnesota,0.165584910900199,False,8475.704092936407
MLT,USA|mississippi,0.160201262931095,False,9053.664531811075
MLT,USA|missouri,0.11000419635312521,False,8831.937926338276
MLT,USA|montana,0.019672956597380067,False,9355.871421661099
MLT,USA|nebraska,0.17214256309932569,False,8925.499751846792
MLT,USA|nevada,0.11154717334115502,False,10446.93168299776
MLT,USA|new hampshire,-0.014842767765286752,False,7092.050553471549
MLT,USA|new jersey,-0.134943400496607,False,7422.470346679344
MLT,USA|new mexico,0.143949690089781,False,10076.891867076394
MLT,USA|new york,0.1609727514251099,False,7416.245870013401
MLT,USA|north carolina,0.30428512493287857,False,8163.339886519786
MLT,USA|north dakota,0.2468763180847695,False,8682.544484488384
MLT,USA|ohio,0.211756820118091,False,8084.302422619858
MLT,USA|oklahoma,0.15379455413297122,False,9305.724720101414
MLT,USA|oregon,-0.07198323078939066,False,9992.58465585484
MLT,USA|pennsylvania,0.10921593637010997,False,7636.177182974823
MLT,USA|rhode island,0.2428343892356914,False,7148.826265308143
MLT,USA|south carolina,0.24008386503963827,False,8306.952861779759
MLT,USA|south dakota,0.09762683747088609,False,8826.364620285489
MLT,USA|tennessee,0.28140881393643663,False,8661.256575081376
MLT,USA|texas,0.13710807204651856,False,9699.333397540313
MLT,USA|utah,0.10457023391702024,False,9920.968748347923
MLT,USA|vermont,0.0029182390860563786,False,7137.381953880406
MLT,USA|virginia,0.4295849192542993,False,7772.766980819409
MLT,USA|washington,-0.06842767512132197,False,9756.809418994477
MLT,USA|washington dc,-0.08355625870773767,False,7720.36544532544
MLT,USA|west virginia,0.10178616674296645,False,7954.947612879679
MLT,USA|wisconsin,0.15330818095196183,False,8279.28797086153
MLT,USA|wyoming,0.08246541141459318,False,9448.824744797646
NLD,NOR,-0.02256829151656644,False,957.9389184931833
NLD,POL,0.334667426292551,False,993.8413580572483
NLD,PRT,0.12093718843469592,False,1785.983982353557
NLD,ROU,0.15141717704030763,False,1696.4708545088845
NLD,SRB,0.171486562150056,False,1422.3521650192206
NLD,SVK,0.3330051506292677,False,1017.9296390991867
NLD,SVN,0.1407257195477968,False,948.3034131880751
NLD,SWE,0.13158902066814654,False,1017.5910167547203
NLD,TUR,0.24096385542168672,False,2244.853575647052
NLD,USA|alabama,0.033349950149551354,False,7262.272366528874
NLD,USA|arizona,-0.00903006877595217,False,8718.8444908242
NLD,USA|arkansas,0.06495513459621138,False,7469.073107983076
NLD,USA|california,0.21068936048995873,False,8877.533869238705
NLD,USA|colorado,0.025843896880786213,False,7792.250955185236
NLD,USA|connecticut,-0.09777097279589804,False,5782.739585565987
NLD,USA|delaware,-0.08827105873653561,False,6070.704564160407
NLD,USA|florida,0.017504628970232163,False,7409.295891731899
NLD,USA|georgia,-0.03755875231448512,False,7087.291035710635
NLD,USA|idaho,0.09154678820680814,False,7912.09385444122
NLD,USA|illinois,-0.06995442244694489,False,6661.102571571256
NLD,USA|indiana,0.013459621136590232,False,6680.080955758159
NLD,USA|iowa,0.06271898589944454,False,6987.064648663599
NLD,USA|kansas,0.07621421449935908,False,7291.897771565445
NLD,USA|kentucky,0.04732231875801168,False,6827.769577823582
NLD,USA|louisiana,-0.2637088733798605,False,7729.529412912541
NLD,USA|maine,-0.1199757869249395,False,5312.124935649991
NLD,USA|maryland,-0.048732374305654476,False,6188.2210936853
NLD,USA|massachusetts,-0.015400255305990986,False,5594.81470405765
NLD,USA|michigan,-0.07797322318758013,False,6368.451996278725
NLD,USA|minnesota,0.002877083036604473,False,6723.013360359114
NLD,USA|mississippi,0.06140863124910983,False,7507.675803302219
NLD,USA|missouri,-0.09544936618715284,False,7166.548440621634
NLD,USA|montana,0.04983620566870817,False,7479.422371390407
NLD,USA|nebraska,-0.03426868371441786,False,7196.475241259227
NLD,USA|nevada,0.16931348810710728,False,8592.855012794178
NLD,USA|new hampshire,-0.07178464606181456,False,5563.855023234458
NLD,USA|new jersey,-0.15216493377011822,False,5917.293539591968
NLD,USA|new mexico,0.06526135878080046,False,8325.666730329682
NLD,USA|new york,-0.006986184304230167,False,5888.365152992365
NLD,USA|north carolina,-0.09512177752456916,False,6687.36375939325
NLD,USA|north dakota,0.021150833214641795,False,6874.485330008148
NLD,USA|ohio,0.00512747471870104,False,6495.447627426624
NLD,USA|oklahoma,-0.02415610311921379,False,7638.96075670663
NLD,USA|oregon,0.030593932488249542,False,8070.0623431712565
NLD,USA|pennsylvania,-0.01548924654607606,False,6105.615460723385
NLD,USA|rhode island,-0.013245999939488199,False,5648.8110026428585
NLD,USA|south carolina,-0.07300242130750606,False,6849.947740353878
NLD,USA|south dakota,0.06256231306081755,False,7058.2704569478565
NLD,USA|tennessee,-0.042144993590656606,False,7099.233314519911
NLD,USA|texas,0.041094719750722535,False,8080.316169190577
NLD,USA|utah,0.23670103386491342,False,8075.793357885432
NLD,USA|vermont,-0.13020225039168212,False,5565.793016517411
NLD,USA|virginia,0.029012961116650055,False,6271.038555788791
NLD,USA|washington,0.0450932915539097,False,7830.892568962422
NLD,USA|washington dc,0.078165642653668,False,6219.311500363252
NLD,USA|west virginia,-0.05708588520153825,False,6415.500931714624
NLD,USA|wisconsin,0.03424725822532403,False,6594.272268108899
NLD,USA|wyoming,-0.020075487822247547,False,7646.703622001559
NOR,POL,-0.029344476236671507,False,1081.9732711417291
NOR,PRT,-0.017757663268084072,False,2679.344171572585
NOR,ROU,-0.1603495272284664,False,1999.4757013018152
NOR,SRB,0.10630822318041562,False,1885.9935303447428
NOR,SVK,-0.07714110726985172,False,1420.0825018665053
NOR,SVN,-0.06800798423747141,False,1605.3048342931365
NOR,SWE,-0.13264822866258594,False,374.9462697940198
NOR,TUR,-0.10990591041917525,False,2543.917070174484
NOR,USA|alabama,0.02908809930559029,False,7194.426468536793
NOR,USA|arizona,0.15592018118225015,False,8351.348221164346
NOR,USA|arkansas,0.007271134628720207,False,7319.819969163942
NOR,USA|california,-0.07465909880527746,False,8395.567669361728
NOR,USA|colorado,0.07503298182977089,False,7449.436018455782
NOR,USA|connecticut,-0.08104003575663231,False,5772.013049291512
NOR,USA|delaware,0.09558959678079622,False,6055.286340733785
NOR,USA|florida,0.25231762967243576,False,7480.396047727109
NOR,USA|georgia,0.08174863310781513,False,7043.702415990294
NOR,USA|idaho,-0.088083279779947,False,7417.303392805485
NOR,USA|illinois,0.051713363473508106,False,6478.747242546105
NOR,USA|indiana,0.06958141125358548,False,6532.256007320431
NOR,USA|iowa,0.14122452032794913,False,6747.094034613336
NOR,USA|kansas,0.1465051729500804,False,7067.183766810952
NOR,USA|kentucky,-0.06389126769986614,False,6712.384168494404
NOR,USA|louisiana,-0.08898415982944073,False,7623.459281906652
NOR,USA|maine,0.14691822467237792,False,5292.019540836356
NOR,USA|maryland,0.1240971170154397,False,6164.620021865786
NOR,USA|massachusetts,0.02567690752044409,False,5590.174317798875
NOR,USA|michigan,0.14717460160345916,False,6221.023027141008
NOR,USA|minnesota,0.03364235062299144,False,6444.086116233665
NOR,USA|mississippi,0.21345159907866443,False,7407.015773097472
NOR,USA|missouri,0.027033523066231052,False,6967.943602680918
NOR,USA|montana,-0.08835389987386605,False,7017.178702688688
NOR,USA|nebraska,-0.0015631899045173976,False,6931.831839794608
NOR,USA|nevada,0.07993262984598981,False,8146.9445328458805
NOR,USA|new hampshire,0.19281681691733554,False,5544.8482401623105
NOR,USA|new jersey,0.17844546561394928,False,5903.5810826900115
NOR,USA|new mexico,0.0651589091924344,False,8011.168452270108
NOR,USA|new york,0.16808356464941657,False,5856.6179543805365
NOR,USA|north carolina,0.06296546211540618,False,6669.521885549382
NOR,USA|north dakota,0.02256829151656644,False,6524.079780788405
NOR,USA|ohio,0.12397605013131803,False,6388.624874283
NOR,USA|oklahoma,0.12662171762844787,False,7426.56693848178
NOR,USA|oregon,0.02783114018515041,False,7508.769111434181
NOR,USA|pennsylvania,0.11198330702185201,False,6063.393259690446
NOR,USA|rhode island,0.12689434403720784,False,5650.164502701621
NOR,USA|south carolina,0.10081666735698101,False,6841.568693315036
NOR,USA|south dakota,0.015856201029231676,False,6753.031688806187
NOR,USA|tennessee,-0.003272366661995039,False,6997.043515574864
NOR,USA|texas,0.14116805034111019,False,7900.948455838536
NOR,USA|utah,0.0466428805450419,False,7651.166333161346
NOR,USA|vermont,-0.0744525729441287,False,5508.379818288598
NOR,USA|virginia,-0.03299072592315999,False,6246.933530879563
NOR,USA|washington,0.04022625264478559,False,7263.836668776125
NOR,USA|washington dc,-0.10565597003836041,False,6197.642357689598
NOR,USA|west virginia,0.11678681368891544,False,6354.676250679826
NOR,USA|wisconsin,0.07877181207470538,False,6392.230612863951
NOR,USA|wyoming,0.13407801337406008,False,7287.197623125171
POL,PRT,0.18227460475715712,False,2612.097711093438
POL,ROU,0.3046859421734796,False,917.5069144128402
POL,SRB,0.11234602463605822,False,845.1488217230041
POL,SVK,0.0868894866998363,False,426.9253359564027
POL,SVN,-0.004065518525049472,False,779.456883350548
POL,SWE,-0.024929095756939357,False,780.5030325100652
POL,TUR,0.13702195541748874,False,1465.4620212198529
POL,USA|alabama,0.10552627830793336,False,8142.2093610885995
POL,USA|arizona,-0.002453358590942841,False,9416.539908157767
POL,USA|arkansas,0.1434339837629967,False,8308.25930596773
POL,USA|california,0.09293547927645635,False,9476.529090196134
POL,USA|colorado,0.2663651901438542,False,8507.175558436995
POL,USA|connecticut,0.03173337131462755,False,6682.381796470717
POL,USA|delaware,0.20089766574890436,False,6969.604617648944
POL,USA|florida,0.001317476142999573,False,8346.069767695495
POL,USA|georgia,0.1490884489388976,False,7977.767925672101
POL,USA|idaho,0.20900868822105118,False,8498.495254104228
POL,USA|illinois,0.19398946019085603,False,7478.879237063901
POL,USA|indiana,0.19219484403931064,False,7517.310792097741
POL,USA|iowa,0.22098703888334997,False,7771.017680240737
POL,USA|kansas,0.13492380002848597,False,8086.398176587393
POL,USA|kentucky,0.19549209514314203,False,7682.736864339738
POL,USA|louisiana,0.10895883777239712,False,8592.336895913111
POL,USA|maine,0.1077410625267056,False,6205.530109143271
POL,USA|maryland,0.12491098134168924,False,7084.103301789313
POL,USA|massachusetts,0.10173070383633814,False,6496.150234122314
POL,USA|michigan,-0.09151118074348384,False,7204.705663000966
POL,USA|minnesota,0.18740920096852304,False,7480.6347536881985
POL,USA|mississippi,0.1551417177040308,False,8372.488633368039
POL,USA|missouri,0.045655889474433844,False,7976.535308208133
POL,USA|montana,0.09604757157100129,False,8095.598229441915
POL,USA|nebraska,0.07719355717423781,False,7965.063098755638
POL,USA|nevada,0.2900583962398519,False,9224.68578888393
POL,USA|new hampshire,-0.027104401082466888,False,6458.9693204133955
POL,USA|new jersey,-0.023493804301381576,False,6816.265139246654
POL,USA|new mexico,0.1449651046859422,False,9062.630805687748
POL,USA|new york,0.1795185870958553,False,6779.427044069638
POL,USA|north carolina,0.11694203104970803,False,7587.650304670745
POL,USA|north dakota,0.22539524284289988,False,7581.614265810771
POL,USA|ohio,0.1605825380999858,False,7353.5336909721045
POL,USA|oklahoma,0.2670844609030053,False,8442.110365666435
POL,USA|oregon,0.038790770545506344,False,8589.629868002887
POL,USA|pennsylvania,0.056145848169776386,False,6992.960134627352
POL,USA|rhode island,0.22408172639568064,False,6552.876404483094
POL,USA|south carolina,0.18126335279874664,False,7754.805255755829
POL,USA|south dakota,0.275594644637516,False,7798.747902958025
POL,USA|tennessee,0.12084460903005272,False,7961.888160782022
POL,USA|texas,0.19698474927040305,False,8904.429986322028
POL,USA|utah,0.14612972890232695,False,8725.60401136058
POL,USA|vermont,0.09847600056971943,False,6443.78772846803
POL,USA|virginia,0.29560603902577987,False,7167.038873230341
POL,USA|washington,-0.04571286141575275,False,8344.463713047004
POL,USA|washington dc,0.1769195572562932,False,7116.152566056839
POL,USA|west virginia,0.08989460190856004,False,7295.615002728138
POL,USA|wisconsin,0.018800740635237147,False,7400.250580057179
POL,USA|wyoming,0.19344822674832649,False,8348.629987359314
PRT,ROU,0.304821250534112,False,2876.411310053505
PRT,SRB,0.34339305711086227,False,2503.7823877288747
PRT,SVK,0.12756752522368395,False,2382.392329209139
PRT,SVN,0.25096494837281297,False,2031.5307291366962
PRT,SWE,-0.36706054949412037,False,2801.741995861342
PRT,TUR,0.1855925443936023,False,3265.6620423255204
PRT,USA|alabama,0.21603047998860564,False,6766.911760084409
PRT,USA|arizona,0.27805917614909503,False,8692.47684835384
PRT,USA|arkansas,0.1750178037316622,False,7107.855644647473
PRT,USA|california,0.04769263637658454,False,9075.270368564705
PRT,USA|colorado,0.1658666856573138,False,7775.969520069328
PRT,USA|connecticut,-0.16397236860846034,False,5303.50854669929
PRT,USA|delaware,0.12310946287845834,False,5573.583873221293
PRT,USA|florida,0.15395954992166358,False,6657.885544958512
PRT,USA|georgia,0.17971086739780662,False,6560.557835773382
PRT,USA|idaho,0.2181740492807293,False,8194.296146020137
PRT,USA|illinois,0.18005982053838485,False,6421.3597429707725
PRT,USA|indiana,0.21563167639937336,False,6374.660235740694
PRT,USA|iowa,0.2372169206665717,False,6830.158899997796
PRT,USA|kansas,0.19058538669705172,False,7083.7987256959195
PRT,USA|kentucky,0.037686939182452646,False,6450.971497378396
PRT,USA|louisiana,0.10160945734225896,False,7271.6595670038205
PRT,USA|maine,0.06674262925509188,False,4898.2065034329
PRT,USA|maryland,0.008545791197835067,False,5695.729750454765
PRT,USA|massachusetts,-0.012978943489095292,False,5122.834274800988
PRT,USA|michigan,0.13107107249679534,False,6087.854441020669
PRT,USA|minnesota,0.06345962113659023,False,6660.340996388552
PRT,USA|mississippi,0.10392394245833927,False,7054.846767363089
PRT,USA|missouri,0.013644779945876657,False,6918.540345270795
PRT,USA|montana,0.03377011821677824,False,7722.178435208139
PRT,USA|nebraska,0.06529352174472988,False,7070.857571157305
PRT,USA|nevada,0.13463894032189147,False,8732.513629755224
PRT,USA|new hampshire,0.009072781655034896,False,5121.338632219582
PRT,USA|new jersey,0.04790628115653041,False,5430.909299724582
PRT,USA|new mexico,0.23743056544651767,False,8219.661684276027
PRT,USA|new york,0.1878151260504202,False,5437.607884126155
PRT,USA|north carolina,0.08404785643070789,False,6143.876093351629
PRT,USA|north dakota,0.16075345392394247,False,6937.651018625845
PRT,USA|ohio,-0.009101267625694347,False,6129.2824712896645
PRT,USA|oklahoma,0.21296111665004988,False,7383.42029954722
PRT,USA|oregon,0.2713715994872526,False,8483.76639693833
PRT,USA|pennsylvania,0.018501637943312922,False,5654.284101056286
PRT,USA|rhode island,0.21020903398593707,False,5160.485502415851
PRT,USA|south carolina,0.08288705312633529,False,6277.198978388371
PRT,USA|south dakota,0.06286853724540664,False,7020.438960711591
PRT,USA|tennessee,0.26363053696054695,False,6677.94772668125
PRT,USA|texas,0.35653167829480514,False,7733.972403825228
PRT,USA|utah,-0.0019477317115322702,False,8203.810665051273
PRT,USA|vermont,0.01506907847884917,False,5193.655180029625
PRT,USA|virginia,0.13091439965816837,False,5772.39685236194
PRT,USA|washington,0.2379931633670418,False,8270.999748831486
PRT,USA|washington dc,0.05682961264361066,False,5720.638201969961
PRT,USA|west virginia,0.10256373735935052,False,5971.6553298595245
PRT,USA|wisconsin,0.05635237145705741,False,6396.69468368836
PRT,USA|wyoming,0.18829226605896598,False,7672.872862018592
ROU,SRB,0.45694288913773795,False,372.97685678828464
ROU,SVK,0.13012770639478394,False,679.8846369559553
ROU,SVN,0.1995728756441153,False,877.623690684588
ROU,SWE,-0.0026492282878392915,False,1684.9538992387236
ROU,TUR,0.3683934343646362,False,560.2846123956989
ROU,USA|alabama,0.07798746617290986,False,8957.699259039688
ROU,USA|arizona,0.1848742787253299,False,10320.923530174403
ROU,USA|arkansas,0.24155390969947302,False,9154.432935928964
ROU,USA|california,0.3488534396809572,False,10393.359537587656
ROU,USA|colorado,0.25606751175046294,False,9406.44244330666
ROU,USA|connecticut,-0.04705170203674691,False,7479.209476960514
ROU,USA|delaware,0.19319219696690101,False,7767.174987204427
ROU,USA|florida,-0.05714285714285715,False,9096.178615076906
ROU,USA|georgia,0.20510611024070646,False,8783.614141658605
ROU,USA|idaho,0.3128258082894175,False,9415.522011311645
ROU,USA|illinois,0.24660304799886054,False,8336.857409543643
ROU,USA|indiana,0.25189431704885346,False,8363.964474998023
ROU,USA|iowa,0.20815410910126766,False,8645.843528756894
ROU,USA|kansas,0.17781655034895313,False,8956.89351945156
ROU,USA|kentucky,0.1763495228599915,False,8517.687345487187
ROU,USA|louisiana,0.20204386839481556,False,9422.091441431528
ROU,USA|maine,0.09029340549779234,False,7008.301617308478
ROU,USA|maryland,0.13085742771684947,False,7884.653136223327
ROU,USA|massachusetts,0.14351257568847645,False,7291.283844414582
ROU,USA|michigan,-0.019648198262355792,False,8051.633245960766
ROU,USA|minnesota,0.30360347528842047,False,8365.437691332507
ROU,USA|mississippi,0.08775103261643642,False,9200.56341609392
ROU,USA|missouri,0.04918814983620568,False,8839.261029423691
ROU,USA|montana,0.2697977496083179,False,9010.66670963252
ROU,USA|nebraska,0.18053728197094912,False,8846.453232911623
ROU,USA|nevada,0.37469733656174337,False,10139.07703047394
ROU,USA|new hampshire,-0.10349665289844752,False,7260.184476339564
ROU,USA|new jersey,0.03894744338413332,False,7613.762144589997
ROU,USA|new mexico,0.15670844609030055,False,9956.389296235599
ROU,USA|new york,0.09725110383136307,False,7584.511864625948
ROU,USA|north carolina,0.17563025210084035,False,8383.797740686989
ROU,USA|north dakota,0.2504415325452215,False,8481.644754742982
ROU,USA|ohio,0.13052271756160091,False,8185.980310002311
ROU,USA|oklahoma,0.17681241988320753,False,9308.864080618465
ROU,USA|oregon,0.19154678820680818,False,9506.085661705783
ROU,USA|pennsylvania,0.15311209229454495,False,7801.50465682132
ROU,USA|rhode island,0.19852620446941535,False,7345.2253027591705
ROU,USA|south carolina,0.263886910696482,False,8546.13219657108
ROU,USA|south dakota,0.20914399658168353,False,8689.782154285273
ROU,USA|tennessee,0.26415752741774673,False,8791.375719103422
ROU,USA|texas,0.1422736870600355,False,9760.388114548296
ROU,USA|utah,0.35710788546539557,False,9637.56588204371
ROU,USA|vermont,0.06713431135165931,False,7260.174212412896
ROU,USA|virginia,0.33639794901011255,False,7967.479460010768
ROU,USA|washington,0.17591511180743485,False,9260.734272503783
ROU,USA|washington dc,0.11552505968729976,False,7915.7660398251855
ROU,USA|west virginia,0.06796752599344824,False,8110.637835676228
ROU,USA|wisconsin,0.12788776527560178,False,8264.303805289574
ROU,USA|wyoming,0.15710724967953285,False,9250.86473997277
SRB,SVK,0.2576567749160134,False,468.0949947828536
SRB,SVN,0.3208986562150056,False,527.8965787910661
SRB,SWE,-0.2509815998213754,False,1619.6496484763834
SRB,TUR,0.20490323663993953,False,843.0007298501986
SRB,USA|alabama,0.06248600223964166,False,8673.93308083952
SRB,USA|arizona,0.2666433370660694,False,10119.897526675702
SRB,USA|arkansas,0.06562150055991041,False,8890.079260485521
SRB,USA|california,0.26802911534154533,False,10234.921548379674
SRB,USA|colorado,0.13992161254199328,False,9197.681845995514
SRB,USA|connecticut,0.05732082866741321,False,7188.704547306186
SRB,USA|delaware,0.17217245240761478,False,7476.36606505591
SRB,USA|florida,0.09637458006718926,False,8781.85102088977
SRB,USA|georgia,0.056592945128779396,False,8494.890488559282
SRB,USA|idaho,0.20515117581187012,False,9260.638427375421
SRB,USA|illinois,0.13360862262038076,False,8083.452887191044
SRB,USA|indiana,0.08607222844344906,False,8101.6459458952
SRB,USA|iowa,0.07221444568868982,False,8407.227219461185
SRB,USA|kansas,-0.018603023516237403,False,8713.330322120482
SRB,USA|kentucky,-0.05145576707726764,False,8246.831300339956
SRB,USA|louisiana,-0.07473404255319148,False,9145.969579475981
SRB,USA|maine,0.19741041433370662,False,6722.0450671066
SRB,USA|maryland,0.02694568868980963,False,7595.097908241397
SRB,USA|massachusetts,0.11605543113101904,False,7000.38832753855
SRB,USA|michigan,-0.042077267637178055,False,7790.218332349254
SRB,USA|minnesota,0.11630739081746921,False,8138.436274969949
SRB,USA|mississippi,0.07554591265397537,False,8923.82929733792
SRB,USA|missouri,-0.03737402015677491,False,8588.816034435584
SRB,USA|montana,0.32245240761478167,False,8842.954010464206
SRB,USA|nebraska,0.06044254074274391,False,8614.470641551436
SRB,USA|nevada,0.16676931690929453,False,9966.353635098434
SRB,USA|new hampshire,0.17877939529675252,False,6972.465953235492
SRB,USA|new jersey,0.06776315789473684,False,7323.274406637724
SRB,USA|new mexico,0.11872900335946249,False,9737.98905334073
SRB,USA|new york,0.1036394176931691,False,7298.03480411077
SRB,USA|north carolina,0.0188969764837626,False,8090.906450020318
SRB,USA|north dakota,0.029591265397536398,False,8275.984994453516
SRB,USA|ohio,0.10534714445688691,False,7914.206057626294
SRB,USA|oklahoma,0.06599944008958566,False,9061.059135677899
SRB,USA|oregon,0.3328247480403136,False,9378.500385178395
SRB,USA|pennsylvania,0.03124300111982083,False,7516.380524211621
SRB,USA|rhode island,0.37772956326987683,False,7052.81761590378
SRB,USA|south carolina,0.0037374020156774918,False,8250.52550722319
SRB,USA|south dakota,-0.005207166853303471,False,8470.039179134017
SRB,USA|tennessee,0.0625,False,8516.382484803258
SRB,USA|texas,0.1405030112795952,False,9502.359247186905
SRB,USA|utah,0.24364501679731246,False,9456.68159369101
SRB,USA|vermont,0.08489641657334827,False,6980.7622928702895
SRB,USA|virginia,0.08237681970884658,False,7677.680244466666
SRB,USA|washington,0.410540313549832,False,9134.881400342363
SRB,USA|washington dc,0.001763723977208368,False,7625.658367085458
SRB,USA|west virginia,-0.10940649496080627,False,7828.419315860223
SRB,USA|wisconsin,0.10727883538633819,False,8016.268388426424
SRB,USA|wyoming,0.251511758118701,False,9047.641061782877
SVK,SVN,0.13873704422108585,False,393.95442601943256
SVK,SWE,0.13670255950871849,False,1169.7273008339341
SVK,TUR,0.33625792368078583,False,1234.7203237022193
SVK,USA|alabama,-0.07026433247470984,False,8277.893271622783
SVK,USA|arizona,0.006256253583013756,False,9668.364265350456
SVK,USA|arkansas,0.056017761034416226,False,8475.885135840657
SVK,USA|california,0.22778134842179035,False,9771.191456121674
SVK,USA|colorado,-0.07210524160608495,False,8749.082842494709
SVK,USA|connecticut,0.07104769806252904,False,6800.145255171956
SVK,USA|delaware,-0.007933371077378855,False,7088.11700110487
SVK,USA|florida,-0.014727273051000859,False,8424.278805364853
SVK,USA|georgia,-0.099551523201132,False,8104.186799978522
SVK,USA|idaho,0.0786356620063595,False,8796.067341395043
SVK,USA|illinois,-0.08672925282960056,False,7660.478837147915
SVK,USA|indiana,-0.053087261585438056,False,7685.661778012513
SVK,USA|iowa,-0.08474235283867733,False,7974.183998178773
SVK,USA|kansas,-0.0903683420602879,False,8283.55848639206
SVK,USA|kentucky,0.018448259593142034,False,7838.23400600547
SVK,USA|louisiana,-0.23340377689072905,False,8742.310240575223
SVK,USA|maine,-0.04833365676844431,False,6328.782834492059
SVK,USA|maryland,-0.27949772022854485,False,7205.410160648349
SVK,USA|massachusetts,0.0197301656821168,False,6612.303998404374
SVK,USA|michigan,-0.09494034849101449,False,7373.449081864862
SVK,USA|minnesota,-0.08955292969842156,False,7698.484573415353
SVK,USA|mississippi,-0.06349890239808953,False,8520.748455087894
SVK,USA|missouri,-0.0714144555877353,False,8163.774092832236
SVK,USA|montana,0.006893617172808912,False,8380.825891800696
SVK,USA|nebraska,-0.11805340426365285,False,8177.467266064323
SVK,USA|nevada,0.07130051150223433,False,9505.70253961916
SVK,USA|new hampshire,0.07794487598800987,False,6580.790777153148
SVK,USA|new jersey,-0.18841366688120392,False,6934.677701528591
SVK,USA|new mexico,-0.0481306938661457,False,9294.015656495305
SVK,USA|new york,-0.07145362386712627,False,6904.962853237939
SVK,USA|north carolina,-0.03607754607174582,False,7704.982211324844
SVK,USA|north dakota,-0.11972318708747628,False,7825.784618296702
SVK,USA|ohio,0.002200545151237556,False,7506.42131970044
SVK,USA|oklahoma,-0.13196861552615904,False,8634.24636295025
SVK,USA|oregon,0.1453036342824449,False,8910.85038431555
SVK,USA|pennsylvania,-0.1044653618883615,False,7121.830425113682
SVK,USA|rhode island,0.028236818960329584,False,6666.483192197877
SVK,USA|south carolina,-0.16589190623140207,False,7867.793940367949
SVK,USA|south dakota,-0.2125982990287856,False,8026.370447011363
SVK,USA|tennessee,-0.08272696682637885,False,8111.627673732065
SVK,USA|texas,-0.011198607028612476,False,9083.147526170038
SVK,USA|utah,0.10350770370212116,False,8998.10453195737
SVK,USA|vermont,-0.03791133369777711,False,6580.292910114714
SVK,USA|virginia,-0.1626836680740153,False,7288.2585617649365
SVK,USA|washington,0.11765082903242731,False,8667.117617925634
SVK,USA|washington dc,-0.0030622527497961467,False,7236.591731210433
SVK,USA|west virginia,-0.17379677716303216,False,7430.799097335999
SVK,USA|wisconsin,0.04816986214553666,False,7589.395937075665
SVK,USA|wyoming,-0.11485563818498155,False,8596.671359275791
SVN,SWE,-0.0822565318377589,False,1426.8497705321488
SVN,TUR,0.06647495906972839,False,1369.5942582659916
SVN,USA|alabama,0.2310096200944376,False,8162.503340679318
SVN,USA|arizona,0.2841160681047826,False,9666.842958643158
SVN,USA|arkansas,0.007895922725758734,False,8390.175973292655
SVN,USA|california,0.21501204960912243,False,9820.6602966036
SVN,USA|colorado,0.12671682438919257,False,8739.749283812096
SVN,USA|connecticut,-0.04188953545328083,False,6674.593334643955
SVN,USA|delaware,0.15146297797557617,False,6961.913082953646
SVN,USA|florida,0.010041340935363154,False,8257.157996218917
SVN,USA|georgia,-0.10474343149356374,False,7980.922899054049
SVN,USA|idaho,0.07286584768510355,False,8852.538564925107
SVN,USA|illinois,0.10435157428633006,False,7591.920802817962
SVN,USA|indiana,0.0075530476694292605,False,7603.88040224002
SVN,USA|iowa,0.017280902839005467,False,7926.27378934416
SVN,USA|kansas,0.0792531201630126,False,8228.197974364595
SVN,USA|kentucky,0.09034267912772587,False,7743.345228112323
SVN,USA|louisiana,-0.017124159956111995,False,8638.557485725674
SVN,USA|maine,0.04536726816747977,False,6210.601669070082
SVN,USA|maryland,-0.038245263426007564,False,7081.228885985219
SVN,USA|massachusetts,0.1404419670304547,False,6486.195031822398
SVN,USA|michigan,0.06774231470052314,False,7293.408527534763
SVN,USA|minnesota,0.10228452751817238,False,7667.141547915901
SVN,USA|mississippi,-0.06493073923862144,False,8416.220582973749
SVN,USA|missouri,-0.003938164932698525,False,8098.793663192636
SVN,USA|montana,0.14709339916534414,False,8423.41280673477
SVN,USA|nebraska,0.09098456813583622,False,8138.38815733969
SVN,USA|nevada,0.054027312447344183,False,9539.15666418282
SVN,USA|new hampshire,0.18262505143125843,False,6460.010882712978
SVN,USA|new jersey,0.24239307196457613,False,6809.085443817842
SVN,USA|new mexico,0.05971903838241345,False,9271.030151332185
SVN,USA|new york,0.007337526205450733,False,6786.030482774901
SVN,USA|north carolina,-0.16184682301769235,False,7575.045651282656
SVN,USA|north dakota,0.060747663551401876,False,7822.5860900131975
SVN,USA|ohio,-0.003095671937146104,False,7410.439975792769
SVN,USA|oklahoma,-0.03575697016007367,False,8572.369483940864
SVN,USA|oregon,0.2181371108368111,False,8997.912544274945
SVN,USA|pennsylvania,0.15499911832128374,False,7004.9735897256305
SVN,USA|rhode island,0.1599858931064701,False,6537.798744478872
SVN,USA|south carolina,-0.18669056995630792,False,7733.270331129599
SVN,USA|south dakota,-0.1424792805501675,False,8004.158986618488
SVN,USA|tennessee,-0.056995630792139346,False,8010.119002704323
SVN,USA|texas,-0.10293134400034788,False,9006.047852157108
SVN,USA|utah,0.10909304649385763,False,9023.090673656474
SVN,USA|vermont,0.14804365289288585,False,6473.115170562143
SVN,USA|virginia,-0.07577538744881364,False,7163.631717429073
SVN,USA|washington,0.17609083250063676,False,8756.923065331193
SVN,USA|washington dc,-0.09991403611492797,False,7111.480043334626
SVN,USA|west virginia,-0.12000626971531574,False,7318.431020995397
SVN,USA|wisconsin,0.08463136033229492,False,7528.7387612322445
SVN,USA|wyoming,-0.03863712063324125,False,8594.79412857087
SWE,TUR,0.06348423389236629,False,2214.6438643860174
SWE,USA|alabama,-0.21409966298778643,False,7569.3672343315775
SWE,USA|arizona,-0.3456465695478446,False,8704.328098602411
SWE,USA|arkansas,-0.23815280423019827,False,7693.167808054462
SWE,USA|california,0.12412560334111543,False,8728.375262120975
SWE,USA|colorado,-0.20255201871700304,False,7807.211871938943
SWE,USA|connecticut,-0.03605656672400627,False,6145.868413605566
SWE,USA|delaware,-0.12188074179219534,False,6429.404076906181
SWE,USA|florida,-0.22895528182765942,False,7851.946392096981
SWE,USA|georgia,-0.1482036701184935,False,7418.558521099934
SWE,USA|idaho,0.012655050181425865,False,7749.686463420732
SWE,USA|illinois,-0.21592278783103067,False,6851.238072301076
SWE,USA|indiana,-0.2182159370479238,False,6906.034339189442
SWE,USA|iowa,-0.26150446970284624,False,7115.959897420384
SWE,USA|kansas,-0.26429612961906396,False,7436.797906889562
SWE,USA|kentucky,0.011846750690378122,False,7086.902074829163
SWE,USA|louisiana,-0.05307002473381291,False,7997.9128318116655
SWE,USA|maine,-0.2772182391036994,False,5665.885420478347
SWE,USA|maryland,-0.13957943502017794,False,6538.9740267134475
SWE,USA|massachusetts,0.009685367973319639,False,5963.7374830307035
SWE,USA|michigan,-0.21028605613795323,False,6594.960362541542
SWE,USA|minnesota,-0.13948685446173195,False,6810.184549820686
SWE,USA|mississippi,0.045296818615058645,False,7781.6214817253895
SWE,USA|missouri,-0.13986785906764435,False,7339.250009450274
SWE,USA|montana,-0.012964838973149007,False,7357.087833704817
SWE,USA|nebraska,-0.24731159824225818,False,7298.5488884621145
SWE,USA|nevada,-0.07366563819733772,False,8487.422460233856
SWE,USA|new hampshire,-0.18084187776141683,False,5918.822078501694
SWE,USA|new jersey,-0.31357035145659096,False,6277.585942442479
SWE,USA|new mexico,-0.1226977262666214,False,8371.50659791999
SWE,USA|new york,-0.24025367074878048,False,6231.034734407839
SWE,USA|north carolina,-0.05715781246827461,False,7043.919257296147
SWE,USA|north dakota,-0.1118622401377303,False,6882.479891711744
SWE,USA|ohio,-0.1594628903418105,False,6763.3581225559265
SWE,USA|oklahoma,-0.2661228152530177,False,7796.670299464407
SWE,USA|oregon,-0.11926512402270058,False,7825.169431270011
SWE,USA|pennsylvania,-0.03431177927637018,False,6438.058429414676
SWE,USA|rhode island,-0.2512213534020762,False,6023.561280210955
SWE,USA|south carolina,-0.16704381376225383,False,7215.810241736273
SWE,USA|south dakota,-0.052140658358643475,False,7116.17746252978
SWE,USA|tennessee,-0.1895373286739216,False,7371.714344085853
SWE,USA|texas,-0.31418748699326166,False,8272.619386526707
SWE,USA|utah,0.12196442052284719,False,7996.467628671428
SWE,USA|vermont,-0.11127470967066919,False,5883.1190547602455
SWE,USA|virginia,-0.15898930517745213,False,6621.326584438979
SWE,USA|washington,-0.16907346446664684,False,7579.409468007326
SWE,USA|washington dc,0.152954037240421,False,6571.965613864574
SWE,USA|west virginia,-0.05946164405729615,False,6729.582433961663
SWE,USA|wisconsin,-0.1482036701184935,False,6763.816600549147
SWE,USA|wyoming,-0.2968025880057372,False,7643.080834729229
TUR,USA|alabama,0.15077032870156581,False,9506.594630958482
TUR,USA|arizona,0.22614499811091054,False,10878.579911898722
TUR,USA|arkansas,0.1874816338524831,False,9710.317299165023
TUR,USA|california,0.4151588934133747,False,10939.096738134664
TUR,USA|colorado,0.2721338314932203,False,9965.430972342454
TUR,USA|connecticut,0.0777675160572604,False,8024.464548175395
TUR,USA|delaware,0.025040930271609082,False,8312.322850595083
TUR,USA|florida,0.15014063221527224,False,9624.69037319645
TUR,USA|georgia,0.1718441711095252,False,9330.05509202906
TUR,USA|idaho,0.1960245161831997,False,9960.635185604022
TUR,USA|illinois,0.18208723395323453,False,8895.009118952954
TUR,USA|indiana,0.1153184165232358,False,8920.23469351629
TUR,USA|iowa,0.14665631165778092,False,9205.799523051772
TUR,USA|kansas,0.1806599219176357,False,9516.466198626038
TUR,USA|kentucky,-0.11412199319927793,False,9071.541013139917
TUR,USA|louisiana,-0.07096679400528945,False,9974.266864403222
TUR,USA|maine,0.16825490113765165,False,7555.625680770486
TUR,USA|maryland,0.020381176273036396,False,8430.49285239003
TUR,USA|massachusetts,0.16519037823768942,False,7836.290231924612
TUR,USA|michigan,0.040111666176902726,False,8608.069852034338
TUR,USA|minnesota,0.18319969774568656,False,8925.717701285028
TUR,USA|mississippi,-0.13626631963393643,False,9752.465032353946
TUR,USA|missouri,0.08150371520926912,False,9397.963452198333
TUR,USA|montana,0.16892657738969816,False,9560.54842563983
TUR,USA|nebraska,0.31070437169507426,False,9406.704747381591
TUR,USA|nevada,0.3129591536879224,False,10689.898942638827
TUR,USA|new hampshire,-0.015385584148440452,False,7806.841892993269
TUR,USA|new jersey,-0.07636119390453801,False,8159.0532515677705
TUR,USA|new mexico,0.1794425087108014,False,10516.251456172899
TUR,USA|new york,0.13208933294152217,False,8131.853364939852
TUR,USA|north carolina,0.1251626715922925,False,8927.901982875535
TUR,USA|north dakota,0.18624323076277235,False,9040.402025545263
TUR,USA|ohio,0.1058309894630788,False,8739.466759584
TUR,USA|oklahoma,0.09774988455564418,False,9867.989968815751
TUR,USA|oregon,0.056168926577389686,False,10039.205946621272
TUR,USA|pennsylvania,-0.040804332311825696,False,8349.542110716287
TUR,USA|rhode island,0.2822299651567944,False,7889.410145055916
TUR,USA|south carolina,-0.005499349313630829,False,9088.667452645961
TUR,USA|south dakota,0.027454766802401238,False,9249.82571511029
TUR,USA|tennessee,0.0796566055161412,False,9343.85242145734
TUR,USA|texas,0.16827677405028948,False,10317.861057779231
TUR,USA|utah,0.38957222618697784,False,10190.997443990893
TUR,USA|vermont,0.12904579992443643,False,7810.620061777047
TUR,USA|virginia,0.10551614121993197,False,8513.206301742108
TUR,USA|washington,0.09019352672012089,False,9793.278295833787
TUR,USA|washington dc,0.18102819481061766,False,8461.319136852588
TUR,USA|west virginia,0.08731791276604677,False,8660.067684267573
TUR,USA|wisconsin,0.18353553587170984,False,8823.279375276234
TUR,USA|wyoming,0.14000251878594516,False,9809.123306827898
USA|alabama,USA|arizona,0.09638916586050543,False,2340.7269007411737
USA|alabama,USA|arkansas,0.19111934813154324,False,524.5937317790791
USA|alabama,USA|california,0.03957832796184406,False,3088.140966728586
USA|alabama,USA|colorado,0.20980117692297634,False,1771.9669747080309
USA|alabama,USA|connecticut,-0.0404590431060424,False,1492.049880500654
USA|alabama,USA|delaware,0.1575520915954248,False,1207.9016038115194
USA|alabama,USA|florida,0.1900029530955664,False,872.878529235012
USA|alabama,USA|georgia,0.2694884218282276,True,218.95053345782793
USA|alabama,USA|idaho,0.005206175937883255,False,2798.2842955245296
USA|alabama,USA|illinois,0.2317862817805031,False,947.3906393472007
USA|alabama,USA|indiana,0.17913892400668144,False,783.8015228686373
USA|alabama,USA|iowa,0.21577462572352776,False,1100.252266530492
USA|alabama,USA|kansas,0.10555578892091086,False,958.1578929235261
USA|alabama,USA|kentucky,0.1540874113960682,False,540.019090001337
USA|alabama,USA|louisiana,0.11612045834772969,False,507.4203621449565
USA|alabama,USA|maine,0.22343312770389068,False,1952.0180286091186
USA|alabama,USA|maryland,0.26061137295268116,False,1086.3694120280268
USA|alabama,USA|massachusetts,0.10456671297455071,False,1680.0562882677705
USA|alabama,USA|michigan,0.1973446011996913,False,1045.9628094068767
USA|alabama,USA|minnesota,0.14717751760434686,False,1419.991520983436
USA|alabama,USA|mississippi,0.08115745086086244,False,304.86816401530274
USA|alabama,USA|missouri,0.05892738304754088,False,808.720484380082
USA|alabama,USA|montana,0.11337950667218959,False,2498.560248851293
USA|alabama,USA|nebraska,0.17638692008878887,False,1211.422084735364
USA|alabama,USA|nevada,0.13129453515165518,False,2723.9626462470037
USA|alabama,USA|new hampshire,-0.04191489404904039,False,1702.7256658844628
USA|alabama,USA|new jersey,0.17722472867893538,False,1358.4684622666425
USA|alabama,USA|new mexico,0.12328475935710216,False,1830.6860150717691
USA|alabama,USA|new york,0.25066171768548196,False,1376.5197162010436
USA|alabama,USA|north carolina,0.3793910305626992,False,626.021681389008
USA|alabama,USA|north dakota,0.2689512057816544,False,1796.9334818292398
USA|alabama,USA|ohio,0.1883651320974786,False,821.6401485767791
USA|alabama,USA|oklahoma,0.10410473672668794,False,942.6425970714433
USA|alabama,USA|oregon,0.10939293533941521,False,3310.6353099191087
USA|alabama,USA|pennsylvania,0.14446355079462436,False,1157.6106458319582
USA|alabama,USA|rhode island,0.10928626106895549,False,1632.044754736601
USA|alabama,USA|south carolina,0.20313380804506315,False,522.1340249935593
USA|alabama,USA|south dakota,0.054418657361269426,False,1481.5256002345068
USA|alabama,USA|tennessee,0.256475583540811,True,274.59348099844976
USA|alabama,USA|texas,0.1071777108900386,False,1034.026112697892
USA|alabama,USA|utah,0.04001032504868628,False,2377.0383746732755
USA|alabama,USA|vermont,0.2267814638519618,False,1699.0849997493196
USA|alabama,USA|virginia,0.20744397878544218,False,1005.5008858989955
USA|alabama,USA|washington,0.10796141205865006,False,3295.4636078191056
USA|alabama,USA|washington dc,0.07092607080779115,False,1057.9713189591942
USA|alabama,USA|west virginia,0.2656233997978601,False,847.3616981693366
USA|alabama,USA|wisconsin,0.19189555157636468,False,1083.959762543148
USA|alabama,USA|wyoming,0.13266594474249507,False,1843.3128522529748
USA|arizona,USA|arkansas,0.0908631856697176,False,1833.5321303385424
USA|arizona,USA|california,0.24064549329208246,False,835.9837245666021
USA|arizona,USA|colorado,0.13450836162590163,False,932.0916165518051
USA|arizona,USA|connecticut,0.1819193141204048,False,3514.429265336588
USA|arizona,USA|delaware,0.10008443035904115,False,3294.66452858328
USA|arizona,USA|florida,0.14055445626980817,False,3032.7233314456935
USA|arizona,USA|georgia,-0.055401308752889525,False,2549.8613255792716
USA|arizona,USA|idaho,0.13856803964635442,False,1258.437471290054
USA|arizona,USA|illinois,0.0405836747519134,False,2301.064926133035
USA|arizona,USA|indiana,0.1477490904342907,False,2390.5303149092088
USA|arizona,USA|iowa,0.12470692716006603,False,1869.40568973293
USA|arizona,USA|kansas,0.174878056332929,False,1653.6994626767532
USA|arizona,USA|kentucky,0.00031929493181483685,False,2396.1785390043087
USA|arizona,USA|louisiana,0.04120298492385531,False,1924.4531226120462
USA|arizona,USA|maine,0.12458306720151596,False,3841.9378487555127
USA|arizona,USA|maryland,-0.06593105366739858,False,3184.21674618937
USA|arizona,USA|massachusetts,0.1078261990749589,False,3671.2458828181825
USA|arizona,USA|michigan,0.16587562126675756,False,2641.853366849755
USA|arizona,USA|minnesota,-0.03489626540746045,False,2040.6937740272458
USA|arizona,USA|mississippi,-0.09974231792042204,False,2052.6095859587695
USA|arizona,USA|missouri,0.18475697235929953,False,1840.833352797023
USA|arizona,USA|montana,0.10127909486820882,False,1449.2532858225918
USA|arizona,USA|nebraska,0.0792038748877367,False,1624.498294260212
USA|arizona,USA|nevada,0.12874606528942273,False,583.5271280783705
USA|arizona,USA|new hampshire,0.17226123936833196,False,3650.8245674917985
USA|arizona,USA|new jersey,0.2800270258334367,False,3408.0218650986144
USA|arizona,USA|new mexico,0.09373558034221181,False,517.906193268454
USA|arizona,USA|new york,-0.031167780983134222,False,3368.8184994748326
USA|arizona,USA|north carolina,-0.12726179261655154,False,2890.4730777703776
USA|arizona,USA|north dakota,-0.003058681842899618,False,1844.5326935897128
USA|arizona,USA|ohio,-0.06753010807421887,False,2668.4632500752273
USA|arizona,USA|oklahoma,0.14887201805005706,False,1440.3869462794012
USA|arizona,USA|oregon,0.18400541329002296,False,1602.6823875048522
USA|arizona,USA|pennsylvania,-0.0061399513468946105,False,3175.79362363376
USA|arizona,USA|rhode island,0.07543592501037888,False,3650.6162879599215
USA|arizona,USA|south carolina,0.07199512377556685,False,2842.8684771617714
USA|arizona,USA|south dakota,-0.07288091627931058,False,1685.429381427398
USA|arizona,USA|tennessee,0.05574663325493099,False,2271.4791211034553
USA|arizona,USA|texas,0.2809876263077366,False,1373.1978499302518
USA|arizona,USA|utah,0.2155046350425284,False,783.5450083685511
USA|arizona,USA|vermont,0.023621978295313626,False,3540.7980871672175
USA|arizona,USA|virginia,-0.0986937727010508,False,3126.314724431257
USA|arizona,USA|washington,0.11352499813449018,False,1758.8031690438836
USA|arizona,USA|washington dc,-0.05030202239613146,False,3170.280660657621
USA|arizona,USA|west virginia,0.02948592995307878,False,2890.0210868592885
USA|arizona,USA|wisconsin,0.23800998164055504,False,2306.5103014479864
USA|arizona,USA|wyoming,0.05972133529208311,False,1072.4096175409181
USA|arkansas,USA|california,0.11878447710039314,False,2565.8201855473094
USA|arkansas,USA|colorado,0.21703581404262443,False,1254.7646956145122
USA|arkansas,USA|connecticut,-0.011517195080629875,False,1805.843901194641
USA|arkansas,USA|delaware,0.09269645311407722,False,1545.4318945739585
USA|arkansas,USA|florida,0.11109223036380897,False,1352.1175177364348
USA|arkansas,USA|georgia,0.23107231070153494,False,721.0023595695994
USA|arkansas,USA|idaho,0.09429137935235497,False,2292.7142839138673
USA|arkansas,USA|illinois,0.29024967540712515,False,850.9269063262007
USA|arkansas,USA|indiana,0.3010435969566358,False,791.0809350883695
USA|arkansas,USA|iowa,0.24626167690584524,False,766.6935403150957
USA|arkansas,USA|kansas,0.21351923146965393,False,513.6822532782317
USA|arkansas,USA|kentucky,0.2127488224735654,False,658.8836460688132
USA|arkansas,USA|louisiana,0.09413430603986613,False,390.05823444327507
USA|arkansas,USA|maine,0.18006591479301634,False,2220.050488893579
USA|arkansas,USA|maryland,0.22020741202489405,False,1425.4237780619565
USA|arkansas,USA|massachusetts,0.13692613417812888,False,1985.0658801110883
USA|arkansas,USA|michigan,-0.019607935206046045,False,1103.7178861668726
USA|arkansas,USA|minnesota,0.24236637346393444,False,1132.4262968404137
USA|arkansas,USA|mississippi,0.08106024111064834,True,306.4331434899783
USA|arkansas,USA|missouri,0.20642985390113258,False,446.6192316302245
USA|arkansas,USA|montana,0.10982970281750769,False,2022.6432318618272
USA|arkansas,USA|nebraska,0.11122061658377971,False,786.5418079967236
USA|arkansas,USA|nevada,0.21353039916516572,False,2200.168904486571
USA|arkansas,USA|new hampshire,0.10428697318941221,False,1988.1240084405963
USA|arkansas,USA|new jersey,0.08917354103893398,False,1681.3928494356467
USA|arkansas,USA|new mexico,0.1326608011730152,False,1318.4602360347592
USA|arkansas,USA|new york,0.21020318733644414,False,1670.2727494952562
USA|arkansas,USA|north carolina,0.18118293829721124,False,1063.561505921009
USA|arkansas,USA|north dakota,0.19837058184225947,False,1423.7060724565881
USA|arkansas,USA|ohio,0.13964323758809083,False,988.4045902518632
USA|arkansas,USA|oklahoma,0.2882361540898126,False,418.0767741109787
USA|arkansas,USA|oregon,0.027892341865076175,False,2804.7714054546345
USA|arkansas,USA|pennsylvania,0.1501080601583577,False,1454.5220489038359
USA|arkansas,USA|rhode island,0.19422588433128157,False,1948.737915262124
USA|arkansas,USA|south carolina,0.19846926408685048,False,1009.5284729639734
USA|arkansas,USA|south dakota,0.02584915412955385,False,1081.3567587071007
USA|arkansas,USA|tennessee,0.095307421988875,True,450.2018428410369
USA|arkansas,USA|texas,0.35628905364644703,False,627.5496019643517
USA|arkansas,USA|utah,0.12523360168818684,False,1856.6079334112935
USA|arkansas,USA|vermont,0.09743538851159675,False,1935.4211641647157
USA|arkansas,USA|virginia,0.16039042258554453,False,1354.987839434351
USA|arkansas,USA|washington,0.07011536102558082,False,2803.0677677214567
USA|arkansas,USA|washington dc,0.05252024007923661,False,1404.4451363247413
USA|arkansas,USA|west virginia,0.18622963368791529,False,1139.5143406453335
USA|arkansas,USA|wisconsin,0.12439469179060463,False,958.1167099608991
USA|arkansas,USA|wyoming,0.15733666570771432,False,1339.4801833788292
USA|california,USA|colorado,0.25587846290788,False,1414.6130573206437
USA|california,USA|connecticut,0.10324541051840555,False,4099.200575415362
USA|california,USA|delaware,0.0057767479802323385,False,3913.298871924708
USA|california,USA|florida,-0.05856091660476885,False,3832.676427182984
USA|california,USA|georgia,0.023454202970686358,False,3285.9224156926375
USA|california,USA|idaho,0.5400230054615824,False,978.6892462473457
USA|california,USA|illinois,0.33148960509107445,False,2863.012467924182
USA|california,USA|indiana,0.12647283745472176,False,2992.802562772527
USA|california,USA|iowa,0.24233483158216923,False,2409.6259214316083
USA|california,USA|kansas,0.16708150023345514,False,2276.6149692446115
USA|california,USA|kentucky,0.17073626044927664,False,3050.8550760581593
USA|california,USA|louisiana,0.06891996246128639,False,2714.491245377685
USA|california,USA|maine,0.1736387395420232,False,4362.7608098274195
USA|california,USA|maryland,0.17773523334849453,False,3813.0560502005856
USA|california,USA|massachusetts,0.24784409377572023,False,4236.472206170073
USA|california,USA|michigan,0.12330284254798596,False,3196.6030213032827
USA|california,USA|minnesota,0.21626605927919343,False,2469.985213069595
USA|california,USA|mississippi,-0.10069386984343894,False,2817.307210534377
USA|california,USA|missouri,0.11205929442437079,False,2472.4516924211653
USA|california,USA|montana,0.4640098032099613,False,1398.8678660288979
USA|california,USA|nebraska,0.22584064246778526,False,2163.41059268594
USA|california,USA|nevada,0.4278097587180399,False,377.51200318672176
USA|california,USA|new hampshire,0.1509631887234854,False,4202.854615727039
USA|california,USA|new jersey,0.14316079192708225,False,4007.9797988034934
USA|california,USA|new mexico,0.21954837562615276,False,1278.4610221152425
USA|california,USA|new york,0.19278066495286153,False,3953.1874208031504
USA|california,USA|north carolina,0.11271587613292267,False,3587.915950215134
USA|california,USA|north dakota,0.22318875046574407,False,2142.2362749623635
USA|california,USA|ohio,0.04164374959866183,False,3279.7302088139627
USA|california,USA|oklahoma,0.264688697831013,False,2151.130679444244
USA|california,USA|oregon,0.532657095013688,False,1042.1317728422443
USA|california,USA|pennsylvania,0.1886625990848129,False,3781.461732684804
USA|california,USA|rhode island,0.13120652519884876,False,4226.298725341859
USA|california,USA|south carolina,-0.05452986129459738,False,3565.193650007664
USA|california,USA|south dakota,0.14997562776124088,False,2115.189710186195
USA|california,USA|tennessee,-0.06432521369338233,False,2977.3402825697717
USA|california,USA|texas,0.17534190319577228,False,2180.9925514386205
USA|california,USA|utah,0.37997442087184985,False,879.7635607233201
USA|california,USA|vermont,0.20672691812955152,False,4065.9610345027963
USA|california,USA|virginia,0.14227395687340758,False,3765.7440636730475
USA|california,USA|washington,0.4811532986534259,False,1268.2855744167553
USA|california,USA|washington dc,0.09397189065304362,False,3804.408523054274
USA|california,USA|west virginia,0.15479566322192387,False,3524.9710734568876
USA|california,USA|wisconsin,0.21989130272012955,False,2833.54966871539
USA|california,USA|wyoming,0.27408331845363526,False,1456.6329817099377
USA|colorado,USA|connecticut,0.003967579152341131,False,2686.3601679472645
USA|colorado,USA|delaware,0.1956738361607073,False,2498.998427246082
USA|colorado,USA|florida,0.09529807934527489,False,2601.072338266092
USA|colorado,USA|georgia,0.12658357645285828,False,1946.4319117845878
USA|colorado,USA|idaho,0.19759792991509384,False,1050.905280304924
USA|colorado,USA|illinois,0.3193494714188802,False,1450.3040192255473
USA|colorado,USA|indiana,0.30605556443911985,False,1578.6127598936348
USA|colorado,USA|iowa,0.4754226847454806,False,998.2417105371181
USA|colorado,USA|kansas,0.292611971087339,False,875.5084431146998
USA|colorado,USA|kentucky,0.1379889472697963,False,1649.3904245701767
USA|colorado,USA|louisiana,0.13505367539832952,False,1516.3787944070925
USA|colorado,USA|maine,0.28213213723884717,False,2968.5850506554766
USA|colorado,USA|maryland,0.21615917726551212,False,2399.875552803079
USA|colorado,USA|massachusetts,0.17258996884084604,False,2827.5032042635125
USA|colorado,USA|michigan,0.1536586458480477,False,1786.632762176909
USA|colorado,USA|minnesota,0.4538947977568304,False,1115.8473432020132
USA|colorado,USA|mississippi,0.0735367834935288,False,1547.1201919644575
USA|colorado,USA|missouri,0.23912767044516503,False,1070.3294578216226
USA|colorado,USA|montana,0.13825710322632673,False,888.4390806665457
USA|colorado,USA|nebraska,0.4089159869175474,False,750.3283813957364
USA|colorado,USA|nevada,0.45598499162867173,False,1037.3872714646348
USA|colorado,USA|new hampshire,-0.015627415173093462,False,2797.208584773577
USA|colorado,USA|new jersey,0.06685364947056915,False,2593.6131142466234
USA|colorado,USA|new mexico,0.3439983583483459,False,580.9285187137043
USA|colorado,USA|new york,0.18717062428322248,False,2540.1592550558285
USA|colorado,USA|north carolina,0.16161336712746965,False,2203.855181657808
USA|colorado,USA|north dakota,0.4564960876238398,False,925.6485479068444
USA|colorado,USA|ohio,0.09608592229511799,False,1865.7064813350194
USA|colorado,USA|oklahoma,0.42949693332505606,False,847.1624510479807
USA|colorado,USA|oregon,0.1454798666018106,False,1559.0087360785506
USA|colorado,USA|pennsylvania,0.13183951812390768,False,2366.849507208009
USA|colorado,USA|rhode island,0.2136402527258319,False,2815.138086636469
USA|colorado,USA|south carolina,0.1595343982919511,False,2203.010375756529
USA|colorado,USA|south dakota,0.24594393637762457,False,756.8587395660202
USA|colorado,USA|tennessee,0.2066171929043997,False,1613.0409338420905
USA|colorado,USA|texas,0.3066590997002374,False,1127.9241169406082
USA|colorado,USA|utah,0.2797050812044833,False,608.0487206080912
USA|colorado,USA|vermont,0.23054935198137363,False,2668.9319401890807
USA|colorado,USA|virginia,0.2201673377860366,False,2354.4778767083535
USA|colorado,USA|washington,0.0921708216215277,False,1584.0934934085315
USA|colorado,USA|washington dc,0.24211340237439347,False,2392.0378309352204
USA|colorado,USA|west virginia,0.36998216085298335,False,2113.6564858690554
USA|colorado,USA|wisconsin,0.23716666319791146,False,1429.1026879079936
USA|colorado,USA|wyoming,0.4266428422314652,True,189.85418041801321
USA|connecticut,USA|delaware,0.028821041164648956,False,287.9718527906094
USA|connecticut,USA|florida,0.11475704215745645,False,1737.7562811833438
USA|connecticut,USA|georgia,-0.02863067901255742,False,1306.3445480109406
USA|connecticut,USA|idaho,0.005902381638275949,False,3478.533296772447
USA|connecticut,USA|illinois,0.08248995002328152,False,1236.255940615664
USA|connecticut,USA|indiana,-0.020482470500755492,False,1124.0347283434098
USA|connecticut,USA|iowa,0.09003957934320729,False,1689.5922287700312
USA|connecticut,USA|kansas,0.05177497240119136,False,1860.9781071208338
USA|connecticut,USA|kentucky,-0.058267002865416875,False,1153.4914613790559
USA|connecticut,USA|louisiana,-0.005433340435822121,False,1983.9307462104023
USA|connecticut,USA|maine,0.31271259873896373,False,479.9937287328497
USA|connecticut,USA|maryland,0.08723774468839593,False,406.7003309607295
USA|connecticut,USA|massachusetts,0.31687768334161226,True,188.40712269868976
USA|connecticut,USA|michigan,0.0220998597819331,False,905.2415362900082
USA|connecticut,USA|minnesota,0.06421146541757876,False,1696.7264486107335
USA|connecticut,USA|mississippi,-0.04695892036742909,False,1762.9805488197776
USA|connecticut,USA|missouri,0.2258947043008165,False,1674.3799764314172
USA|connecticut,USA|montana,0.05740779987487289,False,3040.6218928941776
USA|connecticut,USA|nebraska,0.11131760075168773,False,1936.1941406412484
USA|connecticut,USA|nevada,0.06495996316690089,False,3722.840187536684
USA|connecticut,USA|new hampshire,0.3184253039707611,True,228.12761794221362
USA|connecticut,USA|new jersey,0.27246290515743565,False,134.58890253304642
USA|connecticut,USA|new mexico,-0.00045660657556617114,False,3006.035362130039
USA|connecticut,USA|new york,0.24807569770512883,True,146.360892490489
USA|connecticut,USA|north carolina,0.10037401641753392,False,905.6493788120574
USA|connecticut,USA|north dakota,0.05380294538003739,False,2127.254924875361
USA|connecticut,USA|ohio,0.13159135741430736,False,848.7142341709791
USA|connecticut,USA|oklahoma,0.028288537755065398,False,2111.2145258178903
USA|connecticut,USA|oregon,0.13556650131277706,False,3943.143795927229
USA|connecticut,USA|pennsylvania,0.11752861849970077,False,351.3655331873512
USA|connecticut,USA|rhode island,0.16517971018270827,True,143.0231293128063
USA|connecticut,USA|south carolina,0.16391289803331735,False,1072.8183657350603
USA|connecticut,USA|south dakota,-0.03818642162706036,False,2016.1406706785701
USA|connecticut,USA|tennessee,-0.018506657536225064,False,1375.3374107890843
USA|connecticut,USA|texas,0.19000061422382328,False,2430.7393441653603
USA|connecticut,USA|utah,0.06007134133280232,False,3245.490127224646
USA|connecticut,USA|vermont,0.17034477489846192,False,341.28947369201825
USA|connecticut,USA|virginia,0.11950298672440413,False,489.042902063744
USA|connecticut,USA|washington,0.04567563242485414,False,3832.0033751524347
USA|connecticut,USA|washington dc,-0.04689080421502257,False,436.9558845304214
USA|connecticut,USA|west virginia,0.025221510887067478,False,668.2133823825061
USA|connecticut,USA|wisconsin,0.1204479567424226,False,1274.0280338105733
USA|connecticut,USA|wyoming,0.016857395399541696,False,2650.9959934240455
USA|delaware,USA|florida,0.09941642401234752,False,1474.6996487961526
USA|delaware,USA|georgia,0.19138439991832507,False,1019.1059254452496
USA|delaware,USA|idaho,0.0891517245842917,False,3345.85807321543
USA|delaware,USA|illinois,0.25110036727768137,False,1064.7455743093133
USA|delaware,USA|indiana,0.26664915366530406,False,920.5008536386939
USA|delaware,USA|iowa,0.22666242632490802,False,1514.512346435931
USA|delaware,USA|kansas,0.1549744037622973,False,1648.7863805228849
USA|delaware,USA|kentucky,0.03338814393093547,False,906.2796115223307
USA|delaware,USA|louisiana,0.2190110569125106,False,1704.0380245551685
USA|delaware,USA|maine,0.20679128127527013,False,764.8873643212111
USA|delaware,USA|maryland,0.2990351743157176,False,122.34277646148391
USA|delaware,USA|massachusetts,0.28948623117623923,False,476.0346240470806
USA|delaware,USA|michigan,0.17557398479594158,False,764.050232394949
USA|delaware,USA|minnesota,0.18950414156579337,False,1578.2951709531599
USA|delaware,USA|mississippi,0.13756680633909701,False,1484.3250502367587
USA|delaware,USA|missouri,0.14748017288619344,False,1456.4992186448321
USA|delaware,USA|montana,0.0618931530596337,False,2925.5168608642693
USA|delaware,USA|nebraska,0.13056030887827058,False,1754.4320343692848
USA|delaware,USA|nevada,0.1147209426958757,False,3535.8411988133366
USA|delaware,USA|new hampshire,0.17207111284831395,False,511.3062692278323
USA|delaware,USA|new jersey,0.1328813968861676,False,153.49659680648273
USA|delaware,USA|new mexico,0.11166073953767595,False,2781.207224111784
USA|delaware,USA|new york,0.25490664882880876,False,210.43246078784375
USA|delaware,USA|north carolina,0.29232545519798053,False,618.0664487228927
USA|delaware,USA|north dakota,0.1926385550211195,False,2023.4642279884579
USA|delaware,USA|ohio,0.2861013844909367,False,633.7962862734604
USA|delaware,USA|oklahoma,0.22284428550217916,False,1872.437689909012
USA|delaware,USA|oregon,0.012340563616111896,False,3825.404500885238
USA|delaware,USA|pennsylvania,0.2900298583681859,True,147.14986018593672
USA|delaware,USA|rhode island,0.12915378889020107,False,424.7391441408734
USA|delaware,USA|south carolina,0.33949883424443156,False,786.8584565104201
USA|delaware,USA|south dakota,0.16727003964152332,False,1870.0372738450637
USA|delaware,USA|tennessee,0.30555769532658605,False,1105.8791470577407
USA|delaware,USA|texas,0.17726549595274488,False,2165.6408922341584
USA|delaware,USA|utah,0.1847714630608076,False,3075.756682693546
USA|delaware,USA|vermont,0.13050932592001352,False,572.5777376443923
USA|delaware,USA|virginia,0.23920521531447356,False,202.4880423594953
USA|delaware,USA|washington,0.011962127796794689,False,3730.814397808911
USA|delaware,USA|washington dc,0.17839764507392447,False,150.0359994279946
USA|delaware,USA|west virginia,0.27090630151989264,False,409.1899079077126
USA|delaware,USA|wisconsin,0.08991191223000183,False,1128.88520037791
USA|delaware,USA|wyoming,0.10476296230964108,False,2480.5349090426935
USA|florida,USA|georgia,0.20349610006061103,False,791.170692010553
USA|florida,USA|idaho,-0.17100770863268014,False,3644.311548017975
USA|florida,USA|illinois,0.11046329975663445,False,1744.6141545953371
USA|florida,USA|indiana,0.2123794886125899,False,1550.5791374514665
USA|florida,USA|iowa,0.09294765836725034,False,1967.3151342861177
USA|florida,USA|kansas,0.03364536909638237,False,1826.8356742967908
USA|florida,USA|kentucky,0.0336961570383241,False,1305.2260104275383
USA|florida,USA|louisiana,0.15513668763826882,False,1119.3272820277286
USA|florida,USA|maine,0.20680798465457442,False,2210.204463095409
USA|florida,USA|maryland,0.06916589698353631,False,1387.3685649876072
USA|florida,USA|massachusetts,0.14967517205881195,False,1908.1787867565915
USA|florida,USA|michigan,-0.004991963061301432,False,1724.9198972554648
USA|florida,USA|minnesota,-0.006897070724672248,False,2268.051405271875
USA|florida,USA|mississippi,0.07622150283577327,False,1053.9791723798692
USA|florida,USA|missouri,0.03898418030871888,False,1681.5808418054703
USA|florida,USA|montana,-0.07867290145888564,False,3365.234829607877
USA|florida,USA|nebraska,0.012828265458863487,False,2083.8863147864936
USA|florida,USA|nevada,0.0713161873564947,False,3486.1602093040046
USA|florida,USA|new hampshire,0.14295292039830454,False,1964.6578984567302
USA|florida,USA|new jersey,0.20624310108829383,False,1615.4639683150253
USA|florida,USA|new mexico,0.10246214846802014,False,2554.2206622675644
USA|florida,USA|new york,0.11475499710275738,False,1684.8677871862212
USA|florida,USA|north carolina,0.10182737902236375,False,933.8804348816365
USA|florida,USA|north dakota,0.05289508205916821,False,2663.4863866837723
USA|florida,USA|ohio,0.06339325021088621,False,1454.047702985102
USA|florida,USA|oklahoma,0.09261679162860831,False,1754.1656612326012
USA|florida,USA|oregon,-0.009343816086166258,False,4156.05031640006
USA|florida,USA|pennsylvania,0.0049115054636091875,False,1515.1357473475584
USA|florida,USA|rhode island,0.03473987008133361,False,1845.1792340699424
USA|florida,USA|south carolina,0.24787658164196236,False,767.2156399432415
USA|florida,USA|south dakota,-0.09978088459881188,False,2353.593627167277
USA|florida,USA|tennessee,0.15155033132552018,False,1121.034751844244
USA|florida,USA|texas,0.22549890156692035,False,1659.52592998075
USA|florida,USA|utah,0.014121061272527637,False,3194.3137906747525
USA|florida,USA|vermont,0.1258894983326497,False,2047.2472034491848
USA|florida,USA|virginia,0.022956478833974787,False,1313.8699135466177
USA|florida,USA|washington,-0.01960299832510095,False,4154.070124344492
USA|florida,USA|washington dc,-0.02414684258947298,False,1353.7005780011862
USA|florida,USA|west virginia,0.1690200508689588,False,1316.372362968161
USA|florida,USA|wisconsin,0.10081720943189479,False,1881.2799175285945
USA|florida,USA|wyoming,0.044963477786793736,False,2691.5975553443623
USA|georgia,USA|idaho,0.18145550859906354,False,2956.534569556257
USA|georgia,USA|illinois,0.38334921769013963,False,955.838706044405
USA|georgia,USA|indiana,0.4237516372436237,False,766.7734220173749
USA|georgia,USA|iowa,0.3500966830793789,False,1192.4894193124817
USA|georgia,USA|kansas,0.23349522263692168,False,1102.3347659921344
USA|georgia,USA|kentucky,0.09667933355197766,False,517.624974779644
USA|georgia,USA|louisiana,0.21307895005348496,False,722.2310780225046
USA|georgia,USA|maine,0.3128592620004242,False,1775.5074241859552
USA|georgia,USA|maryland,0.4456136966726609,False,899.8023670504557
USA|georgia,USA|massachusetts,0.20574430942244873,False,1494.7340263709784
USA|georgia,USA|michigan,-0.012533201689875597,False,980.0186934615473
USA|georgia,USA|minnesota,0.193506721112568,False,1478.760690012487
USA|georgia,USA|mississippi,0.24154798551804724,False,523.8185503544236
USA|georgia,USA|missouri,0.08105289086732637,False,932.230170501872
USA|georgia,USA|montana,0.13859033986724006,False,2634.6283535152497
USA|georgia,USA|nebraska,0.15964580121827027,False,1337.3396508058677
USA|georgia,USA|nevada,0.22731923242388516,False,2918.6062958322664
USA|georgia,USA|new hampshire,0.11932555748691923,False,1523.4365902046916
USA|georgia,USA|new jersey,0.12932142281535103,False,1171.8378249458565
USA|georgia,USA|new mexico,0.1700413839314608,False,2037.1821175910125
USA|georgia,USA|new york,0.40016700783134745,False,1199.57881302977
USA|georgia,USA|north carolina,0.5164603624755733,False,416.8149871473766
USA|georgia,USA|north dakota,0.3233138325812079,False,1884.039004390586
USA|georgia,USA|ohio,0.19058600623237865,False,726.0244795601407
USA|georgia,USA|oklahoma,0.2756116185150769,False,1135.102330970845
USA|georgia,USA|oregon,0.09527951483451554,False,3467.8433452598097
USA|georgia,USA|pennsylvania,0.3598072506027731,False,984.808842321924
USA|georgia,USA|rhode island,0.17399533367079525,False,1443.6159591508513
USA|georgia,USA|south carolina,0.22342071930383797,True,303.1964302746929
USA|georgia,USA|south dakota,0.21060525110185827,False,1588.305749457652
USA|georgia,USA|tennessee,0.36769905282678517,False,350.4975377797789
USA|georgia,USA|texas,0.31981766185087024,False,1252.8418975621537
USA|georgia,USA|utah,0.14043387799159285,False,2554.06919268233
USA|georgia,USA|vermont,0.2954453419074419,False,1536.5854061382474
USA|georgia,USA|virginia,0.35703934747155414,False,817.3018071037372
USA|georgia,USA|washington,0.1774473436744515,False,3440.603870629035
USA|georgia,USA|washington dc,0.1608390398959987,False,869.4447008669974
USA|georgia,USA|west virginia,0.3749365153858688,False,690.2221913926173
USA|georgia,USA|wisconsin,0.1998042099430857,False,1093.2109382483297
USA|georgia,USA|wyoming,0.2304493502808594,False,2004.307241855173
USA|idaho,USA|illinois,0.2132522220224181,False,2287.1994356286596
USA|idaho,USA|indiana,0.18066661573529413,False,2459.3960242215458
USA|idaho,USA|iowa,0.24622792000376434,False,1856.0099812681358
USA|idaho,USA|kansas,0.16786086980358064,False,1855.3310596498122
USA|idaho,USA|kentucky,0.1832889269042769,False,2590.3497519946036
USA|idaho,USA|louisiana,0.13607865816044376,False,2567.2840742422723
USA|idaho,USA|maine,0.1620539425142853,False,3658.312931846279
USA|idaho,USA|maryland,0.12764549064318542,False,3264.949803762662
USA|idaho,USA|massachusetts,0.17189295913423158,False,3586.4285676687186
USA|idaho,USA|michigan,0.10524867729433726,False,2585.6630732660224
USA|idaho,USA|minnesota,0.12591879665050398,False,1782.0102768697518
USA|idaho,USA|mississippi,-0.040625553626030445,False,2591.3268194011494
USA|idaho,USA|missouri,0.09508281103187219,False,2035.9618457393874
USA|idaho,USA|montana,0.5228450411377241,False,476.682466323709
USA|idaho,USA|nebraska,0.18405379784184853,False,1646.0345345093351
USA|idaho,USA|nevada,0.41690301782859474,False,791.0617799725853
USA|idaho,USA|new hampshire,0.046656087814624395,False,3538.4922531444176
USA|idaho,USA|new jersey,0.010881142597385247,False,3410.8263164153414
USA|idaho,USA|new mexico,0.1958961003295628,False,1353.761356008578
USA|idaho,USA|new york,0.12131340728801368,False,3338.1257154677355
USA|idaho,USA|north carolina,0.16036432073118473,False,3163.117735416157
USA|idaho,USA|north dakota,0.25635429425978457,False,1368.4240677783912
USA|idaho,USA|ohio,0.030710928333054163,False,2737.348688064168
USA|idaho,USA|oklahoma,0.3426380530039067,False,1894.599546619865
USA|idaho,USA|oregon,0.5717742261959339,False,512.4074872712155
USA|idaho,USA|pennsylvania,0.17075053268645848,False,3202.3953402895622
USA|idaho,USA|rhode island,0.04264570317029813,False,3589.335639420098
USA|idaho,USA|south carolina,0.0013627128366331357,False,3189.4304988352446
USA|idaho,USA|south dakota,0.21105650079804777,False,1477.0112158733618
USA|idaho,USA|tennessee,0.04097530047771396,False,2611.16550502354
USA|idaho,USA|texas,0.25833586510234946,False,2151.8667965831432
USA|idaho,USA|utah,0.3278400927123315,False,537.9576108969666
USA|idaho,USA|vermont,0.13921679906314946,False,3376.49421050437
USA|idaho,USA|virginia,0.2597905143636851,False,3235.6086166394552
USA|idaho,USA|washington,0.5703085748485015,True,550.1094628052289
USA|idaho,USA|washington dc,0.18910535567950215,False,3264.4553579910016
USA|idaho,USA|west virginia,0.18291840860696945,False,3001.323045829845
USA|idaho,USA|wisconsin,0.21506877651535555,False,2217.3791551485338
USA|idaho,USA|wyoming,0.30235104221942827,False,955.0342861195311
USA|illinois,USA|indiana,0.4152766146512146,True,203.8112672237609
USA|illinois,USA|iowa,0.5332152095421935,False,453.6923359920894
USA|illinois,USA|kansas,0.3743483077766512,False,662.4507626517433
USA|illinois,USA|kentucky,0.0862042796677959,False,439.39919732844834
USA|illinois,USA|louisiana,0.219739467716979,False,1202.2787149138035
USA|illinois,USA|maine,0.4615556426128441,False,1541.4648453838827
USA|illinois,USA|maryland,0.5213989570893935,False,978.3919169765045
USA|illinois,USA|massachusetts,0.3755466462128675,False,1378.9900480165877
USA|illinois,USA|michigan,0.2787307404817592,False,340.91900359858954
USA|illinois,USA|minnesota,0.43034993846980835,False,568.9285340816081
USA|illinois,USA|mississippi,0.13332052431850389,False,1016.2722442260331
USA|illinois,USA|missouri,0.23695932938971376,False,508.3799322246211
USA|illinois,USA|montana,0.1963044826495272,False,1882.6783239743634
USA|illinois,USA|nebraska,0.2875971669072187,False,700.0068603686822
USA|illinois,USA|nevada,0.36293568294908424,False,2486.584976891644
USA|illinois,USA|new hampshire,0.26223931838478276,False,1352.7810699391428
USA|illinois,USA|new jersey,0.24416341893965257,False,1147.204804139441
USA|illinois,USA|new mexico,0.23995903485717407,False,1806.0859574513838
USA|illinois,USA|new york,0.5327123417010687,False,1090.1828124201352
USA|illinois,USA|north carolina,0.45784492102597507,False,956.6130989249623
USA|illinois,USA|north dakota,0.49106996349053617,False,1014.6789187607876
USA|illinois,USA|ohio,0.29923507572788044,False,452.38282946763684
USA|illinois,USA|oklahoma,0.35694619873853556,False,983.1910464400289
USA|illinois,USA|oregon,0.20291748541981305,False,2775.162756794352
USA|illinois,USA|pennsylvania,0.48213288824979583,False,925.6643818494452
USA|illinois,USA|rhode island,0.2077022990909053,False,1365.0389421469736
USA|illinois,USA|south carolina,0.21223728465536845,False,1049.384662267553
USA|illinois,USA|south dakota,0.3041159308465749,False,810.4699815277507
USA|illinois,USA|tennessee,0.2342107761196075,False,673.8009464417395
USA|illinois,USA|texas,0.33789068721361804,False,1425.5508538318195
USA|illinois,USA|utah,0.12197797804914089,False,2014.0303161846991
USA|illinois,USA|vermont,0.2973232923855403,False,1240.4680885803186
USA|illinois,USA|virginia,0.4195335177441391,False,948.9003179777065
USA|illinois,USA|washington,0.13300016370828455,False,2696.641022788705
USA|illinois,USA|washington dc,0.15834583015174475,False,977.278721663603
USA|illinois,USA|west virginia,0.4862407488864621,False,718.2559291673738
USA|illinois,USA|wisconsin,0.3540827899550136,True,137.825719494253
USA|illinois,USA|wyoming,0.2866036046806241,False,1418.6057145547175
USA|indiana,USA|iowa,0.5036473998271601,False,605.2530861697892
USA|indiana,USA|kansas,0.28645302245832416,False,736.9465933801116
USA|indiana,USA|kentucky,0.18066779147587148,True,250.62900382540988
USA|indiana,USA|louisiana,0.1362634788262612,False,1103.191760553318
USA|indiana,USA|maine,0.29032926980951174,False,1477.4998188178943
USA|indiana,USA|maryland,0.31195448752225496,False,822.4002784420716
USA|indiana,USA|massachusetts,0.20729774479475388,False,1282.6158144256106
USA|indiana,USA|michigan,0.20619246963887558,True,312.6389032667383
USA|indiana,USA|minnesota,0.34009174272368703,False,770.6345304192637
USA|indiana,USA|mississippi,0.19059112486550334,False,899.6256442124856
USA|indiana,USA|missouri,0.2722790182260419,False,552.489651243851
USA|indiana,USA|montana,0.15708143112163597,False,2066.9768450419874
USA|indiana,USA|nebraska,0.2676589431793315,False,837.119673890925
USA|indiana,USA|nevada,0.3140301586540186,False,2615.3409103547806
USA|indiana,USA|new hampshire,0.10219899790131458,False,1267.5714100044213
USA|indiana,USA|new jersey,0.009710323570434796,False,1021.1432344340933
USA|indiana,USA|new mexico,0.30892765748045403,False,1883.7508533823159
USA|indiana,USA|new york,0.34248167575567134,False,978.2996220361376
USA|indiana,USA|north carolina,0.3666957280968811,False,754.0937420364335
USA|indiana,USA|north dakota,0.377210604556689,False,1213.1184247399099
USA|indiana,USA|ohio,0.24899071759690186,True,287.19431990279423
USA|indiana,USA|oklahoma,0.4679066714623897,False,1008.7707085177328
USA|indiana,USA|oregon,0.10569415011110334,False,2953.366085566636
USA|indiana,USA|pennsylvania,0.28113875119623216,False,791.0028190016914
USA|indiana,USA|rhode island,0.16184186848326346,False,1260.227268882452
USA|indiana,USA|south carolina,0.18214524115920075,False,845.8994202351239
USA|indiana,USA|south dakota,0.17791900136321118,False,988.5762174729548
USA|indiana,USA|tennessee,0.31197119136281115,False,518.7250943350792
USA|indiana,USA|texas,0.4593317441334545,False,1402.498570534075
USA|indiana,USA|utah,0.19064612348248414,False,2159.818474451167
USA|indiana,USA|vermont,0.2889266532468809,False,1181.0291216231192
USA|indiana,USA|virginia,0.26177641182062084,False,782.2312602301967
USA|indiana,USA|washington,0.11671297247509822,False,2882.680769550256
USA|indiana,USA|washington dc,0.1573472776980516,False,816.4429825101744
USA|indiana,USA|west virginia,0.43699609624697666,False,543.7416099806022
USA|indiana,USA|wisconsin,0.39563672451053783,False,334.14605775173413
USA|indiana,USA|wyoming,0.3705421303966034,False,1565.9100765786102
USA|iowa,USA|kansas,0.5294646395771344,False,327.12141426273735
USA|iowa,USA|kentucky,0.13773310525832982,False,747.2252912858972
USA|iowa,USA|louisiana,0.1817591591330173,False,1156.694717236407
USA|iowa,USA|maine,0.4390350193683449,False,1977.4621358548063
USA|iowa,USA|maryland,0.38081648311666405,False,1422.979944873272
USA|iowa,USA|massachusetts,0.2509973835852834,False,1829.269031677058
USA|iowa,USA|michigan,0.2721017316404648,False,788.4003239789278
USA|iowa,USA|minnesota,0.559259733980401,False,368.6137305493461
USA|iowa,USA|mississippi,0.18734836353816775,False,1036.0630408021884
USA|iowa,USA|missouri,0.22276901663049303,False,321.65813714555634
USA|iowa,USA|montana,0.1851738670815695,False,1477.0947874208211
USA|iowa,USA|nebraska,0.4872076537322707,True,248.9075413868289
USA|iowa,USA|nevada,0.4214026908315388,False,2033.4467212831066
USA|iowa,USA|new hampshire,0.12471931643542745,False,1799.7179821690468
USA|iowa,USA|new jersey,0.17852454146128716,False,1600.648265717408
USA|iowa,USA|new mexico,0.3720993331234344,False,1390.0864796766853
USA|iowa,USA|new york,0.4557898107189382,False,1543.639606859739
USA|iowa,USA|north carolina,0.3433483911151811,False,1319.9578243817382
USA|iowa,USA|north dakota,0.6083326797689396,False,696.7745057406175
USA|iowa,USA|ohio,0.1837503794481969,False,888.5802059915538
USA|iowa,USA|oklahoma,0.5535243601734725,False,689.341514480176
USA|iowa,USA|oregon,0.23791899025707103,False,2353.567363996338
USA|iowa,USA|pennsylvania,0.2531788603565441,False,1377.5677607988787
USA|iowa,USA|rhode island,0.2009211084370978,False,1817.2053418762641
USA|iowa,USA|south carolina,0.2016153062462468,False,1371.3950445257233
USA|iowa,USA|south dakota,0.34434506461973186,False,401.78745321244503
USA|iowa,USA|tennessee,0.2246933863223852,False,847.6339284214539
USA|iowa,USA|texas,0.43405216130639324,False,1189.2655028453278
USA|iowa,USA|utah,0.1577206154827241,False,1561.5479498345176
USA|iowa,USA|vermont,0.3116634216876377,False,1676.6652755491461
USA|iowa,USA|virginia,0.3703322516742147,False,1386.5795234291647
USA|iowa,USA|washington,0.16953022950000957,False,2293.128256404031
USA|iowa,USA|washington dc,0.1592525578732326,False,1419.0738200449475
USA|iowa,USA|west virginia,0.46899253679747127,False,1148.9305006690272
USA|iowa,USA|wisconsin,0.4231593727204568,True,437.3685419702515
USA|iowa,USA|wyoming,0.4403286096906802,False,966.1547133433876
USA|kansas,USA|kentucky,0.06491228782630618,False,775.2391019598949
USA|kansas,USA|louisiana,0.1823121910164036,False,889.9087595920242
USA|kansas,USA|maine,0.348933085055097,False,2198.897902963889
USA|kansas,USA|maryland,0.1938463451808215,False,1543.0020260655172
USA|kansas,USA|massachusetts,0.16593628218138198,False,2017.997374792092
USA|kansas,USA|michigan,0.1870589235609217,False,998.3350368739627
USA|kansas,USA|minnesota,0.31080458043031667,False,682.8726427633118
USA|kansas,USA|mississippi,0.01822848025226954,False,814.0149915759865
USA|kansas,USA|missouri,0.09229825833355472,True,195.88857073616518
USA|kansas,USA|montana,0.12054004437382386,False,1540.4057391174981
USA|kansas,USA|nebraska,0.38080100062577493,False,272.9454152231666
USA|kansas,USA|nevada,0.2679633039631365,False,1899.7364543521699
USA|kansas,USA|new hampshire,0.17221068720541377,False,1999.53163898156
USA|kansas,USA|new jersey,0.1056329609498634,False,1756.5277664051061
USA|kansas,USA|new mexico,0.2257610848909944,False,1149.415895784458
USA|kansas,USA|new york,0.27607511291429937,False,1715.2284617932867
USA|kansas,USA|north carolina,0.17756792657340006,False,1329.5257537859916
USA|kansas,USA|north dakota,0.421565998512442,False,914.746394453466
USA|kansas,USA|ohio,0.20587154729177803,False,1017.4899495358794
USA|kansas,USA|oklahoma,0.44457504443918283,False,362.6323024935533
USA|kansas,USA|oregon,0.08264757734520693,False,2366.0152438543846
USA|kansas,USA|pennsylvania,0.2023751917703217,False,1525.0464471259527
USA|kansas,USA|rhode island,0.17912055488363143,False,1996.916829375409
USA|kansas,USA|south carolina,0.2412743156009339,False,1338.1695277998779
USA|kansas,USA|south dakota,0.2254110791167875,False,569.2139447441307
USA|kansas,USA|tennessee,0.18823284857056588,False,755.8349165375782
USA|kansas,USA|texas,0.43791587800053616,False,862.6022337198976
USA|kansas,USA|utah,0.1509497941906669,False,1478.949752681267
USA|kansas,USA|vermont,0.19380327104507103,False,1898.6794570190998
USA|kansas,USA|virginia,0.2630345090674729,False,1491.6914924802154
USA|kansas,USA|washington,0.03869987702842814,False,2340.1635298210836
USA|kansas,USA|washington dc,0.13589878073800624,False,1532.194511513754
USA|kansas,USA|west virginia,0.2886253591752206,False,1251.539637877377
USA|kansas,USA|wisconsin,0.2987514132531923,False,701.9691754408068
USA|kansas,USA|wyoming,0.28890668953003684,False,907.3815667275015
USA|kentucky,USA|louisiana,0.07636885011439001,False,911.267234713775
USA|kentucky,USA|maine,0.018281028489966007,False,1561.215374594626
USA|kentucky,USA|maryland,0.0627576821122983,False,791.2585749000355
USA|kentucky,USA|massachusetts,0.005285879371999835,False,1329.4432962928208
USA|kentucky,USA|michigan,0.05022307491602834,False,511.40200536925084
USA|kentucky,USA|minnesota,0.014539589193475422,False,982.8013135632661
USA|kentucky,USA|mississippi,-0.05032766440931239,False,695.320520402493
USA|kentucky,USA|missouri,0.08905842374631365,False,579.50555891337
USA|kentucky,USA|montana,0.09346200728061846,False,2223.8787403563088
USA|kentucky,USA|nebraska,-0.005416591633637361,False,944.693146591127
USA|kentucky,USA|nevada,0.21384417294517882,False,2674.3428624306184
USA|kentucky,USA|new hampshire,-0.0737355271949747,False,1330.0003922955282
USA|kentucky,USA|new jersey,0.006255184099625868,False,1033.3741866703806
USA|kentucky,USA|new mexico,0.09725167845539238,False,1880.2441679431124
USA|kentucky,USA|new york,0.0489292708605265,False,1014.9034457323598
USA|kentucky,USA|north carolina,0.05282173053009726,False,573.9712243485505
USA|kentucky,USA|north dakota,0.10343558090682806,False,1409.8440411526021
USA|kentucky,USA|ohio,0.05468981107403108,True,332.96348306798717
USA|kentucky,USA|oklahoma,0.23927973385340282,False,966.4706573165404
USA|kentucky,USA|oregon,0.169638757633087,False,3093.5075362858556
USA|kentucky,USA|pennsylvania,0.11063466458746497,False,802.7675271130619
USA|kentucky,USA|rhode island,-0.08238114715147758,False,1295.7612390307688
USA|kentucky,USA|south carolina,0.06411152072061427,False,630.5190573962348
USA|kentucky,USA|south dakota,0.12669558763962036,False,1148.1221098781514
USA|kentucky,USA|tennessee,0.19627399566137066,False,289.7942347384495
USA|kentucky,USA|texas,0.19285307008666175,False,1286.4260151525602
USA|kentucky,USA|utah,0.16318642249817036,False,2248.640940269011
USA|kentucky,USA|vermont,0.07079629957940127,False,1278.2299888129098
USA|kentucky,USA|virginia,0.12862885341314856,False,730.3742355546855
USA|kentucky,USA|washington,0.17821398948007316,False,3039.5221373951754
USA|kentucky,USA|washington dc,0.10775726961704343,False,775.3564226258577
USA|kentucky,USA|west virginia,0.2861931740884697,False,497.36586978925186
USA|kentucky,USA|wisconsin,0.03392254408484688,False,576.1841993310402
USA|kentucky,USA|wyoming,0.1538687235560072,False,1664.7182194391248
USA|louisiana,USA|maine,0.17885606444880497,False,2432.194096171803
USA|louisiana,USA|maryland,0.2373293562785646,False,1581.773310495287
USA|louisiana,USA|massachusetts,0.09550670024084167,False,2170.588272798292
USA|louisiana,USA|michigan,-0.0029066476748088594,False,1408.3483500287075
USA|louisiana,USA|minnesota,0.12674500045623505,False,1522.3657715720733
USA|louisiana,USA|mississippi,-0.013050731199075218,False,222.41455738730798
USA|louisiana,USA|missouri,0.05983579667925832,False,836.5598984190569
USA|louisiana,USA|montana,-0.08711896098780954,False,2342.671697756987
USA|louisiana,USA|nebraska,0.13529035451994414,False,1161.3056142037492
USA|louisiana,USA|nevada,0.1821213248749911,False,2366.8499741908076
USA|louisiana,USA|new hampshire,0.08890579272321035,False,2187.2932317152913
USA|louisiana,USA|new jersey,0.04870360772541017,False,1851.9387726750772
USA|louisiana,USA|new mexico,0.07713784038006978,False,1436.4431069458165
USA|louisiana,USA|new york,0.06693843094833785,False,1861.2924068873224
USA|louisiana,USA|north carolina,0.1299440713910537,False,1133.4280317846435
USA|louisiana,USA|north dakota,0.15136477591938563,False,1804.5934729397204
USA|louisiana,USA|ohio,0.024706774724384692,False,1238.808020403992
USA|louisiana,USA|oklahoma,0.2861765849153284,False,682.9953025952393
USA|louisiana,USA|oregon,0.028333603642498494,False,3074.3238030506946
USA|louisiana,USA|pennsylvania,0.1018769733042457,False,1641.0486693208866
USA|louisiana,USA|rhode island,0.04176448469285504,False,2125.6034557741486
USA|louisiana,USA|south carolina,0.36469879504311725,False,1022.0716698413706
USA|louisiana,USA|south dakota,0.11667378184508034,False,1458.7533434196364
USA|louisiana,USA|tennessee,0.2488423026482938,False,630.9086901940326
USA|louisiana,USA|texas,0.20910896547314584,False,561.7333594115617
USA|louisiana,USA|utah,0.03812249020065727,False,2092.115837636184
USA|louisiana,USA|vermont,0.1555587564000157,False,2165.5073096026977
USA|louisiana,USA|virginia,0.16650708279542403,False,1502.7321696112717
USA|louisiana,USA|washington,0.03633512642597684,False,3096.054672446499
USA|louisiana,USA|washington dc,0.020641371044249377,False,1554.9936106162556
USA|louisiana,USA|west virginia,0.20723946872158558,False,1323.642961716343
USA|louisiana,USA|wisconsin,0.18116447904514274,False,1321.026241927754
USA|louisiana,USA|wyoming,0.03227136915053461,False,1632.2235019019754
USA|maine,USA|maryland,0.3891442865357311,False,878.5952520214041
USA|maine,USA|massachusetts,0.4710731792808217,False,302.0297300157501
USA|maine,USA|michigan,0.18921126734467442,False,1201.4614365870857
USA|maine,USA|minnesota,0.382376105189565,False,1900.1280272605045
USA|maine,USA|mississippi,0.0033089395174995162,False,2209.8797767889396
USA|maine,USA|missouri,0.1404589875005534,False,2025.6169117924028
USA|maine,USA|montana,0.1788098026997965,False,3198.262788197875
USA|maine,USA|nebraska,0.3745920616944345,False,2225.8597878906894
USA|maine,USA|nevada,0.32237870959530174,False,3991.6239206139476
USA|maine,USA|new hampshire,0.4108636309990018,False,253.6049162918969
USA|maine,USA|new jersey,0.264136878417651,False,612.1581995401824
USA|maine,USA|new mexico,0.2653294109331027,False,3346.8431619353064
USA|maine,USA|new york,0.5958165040561002,False,576.2492446937856
USA|maine,USA|north carolina,0.36119132960095274,False,1382.4731864812272
USA|maine,USA|north dakota,0.39544834899477993,False,2289.920702813639
USA|maine,USA|ohio,0.22376147608641817,False,1233.7531316806253
USA|maine,USA|oklahoma,0.35253881091948086,False,2486.0055411132344
USA|maine,USA|oregon,0.18857526402412786,False,4091.948737384005
USA|maine,USA|pennsylvania,0.3410960691219701,False,794.4094064372327
USA|maine,USA|rhode island,0.34006822969108685,False,365.5111640822653
USA|maine,USA|south carolina,0.2492112812042029,False,1551.6492247251972
USA|maine,USA|south dakota,0.14035994760826723,False,2248.671182890122
USA|maine,USA|tennessee,0.20252321517609537,False,1809.7816898742888
USA|maine,USA|texas,0.3947915852355321,False,2847.529099370069
USA|maine,USA|utah,0.1652721417527216,False,3490.356777771349
USA|maine,USA|vermont,0.492426901675755,False,301.1462652751776
USA|maine,USA|virginia,0.35050197528640564,False,961.5412681885033
USA|maine,USA|washington,0.12086216154101138,False,3954.375073185878
USA|maine,USA|washington dc,0.17088724436988192,False,910.6330384169745
USA|maine,USA|west virginia,0.41192909367326164,False,1108.8995042376823
USA|maine,USA|wisconsin,0.3485809660770968,False,1541.1400767695234
USA|maine,USA|wyoming,0.23310424734435595,False,2906.319076922911
USA|maryland,USA|massachusetts,0.3166507357737567,False,595.102721887927
USA|maryland,USA|michigan,0.12934147390756448,False,697.2592732111136
USA|maryland,USA|minnesota,0.28593056916794934,False,1508.9432166464103
USA|maryland,USA|mississippi,0.07371951836243455,False,1361.9926573849557
USA|maryland,USA|missouri,0.10998485126716769,False,1349.3535176377684
USA|maryland,USA|montana,0.14924609806429692,False,2852.001069695469
USA|maryland,USA|nebraska,0.17118279504392916,False,1659.2505772992654
USA|maryland,USA|nevada,0.25423871205997056,False,3435.5460257098957
USA|maryland,USA|new hampshire,0.24395221698426478,False,625.3349223898176
USA|maryland,USA|new jersey,0.35549418962495577,False,272.43001822980693
USA|maryland,USA|new mexico,0.1660293888097139,False,2669.626570468652
USA|maryland,USA|new york,0.5894198762162322,False,308.3928721803303
USA|maryland,USA|north carolina,0.5133547270900103,False,505.0552299143493
USA|maryland,USA|north dakota,0.34548501897306105,False,1957.329520624893
USA|maryland,USA|ohio,0.2238952063265494,False,535.4880778481335
USA|maryland,USA|oklahoma,0.3086530223654702,False,1757.6925169841593
USA|maryland,USA|oregon,0.1608265519168647,False,3749.3521202672464
USA|maryland,USA|pennsylvania,0.465448600731818,False,137.39055420583904
USA|maryland,USA|rhode island,0.19252917725043783,False,545.6985881184798
USA|maryland,USA|south carolina,0.3172837010361493,False,677.4804532665966
USA|maryland,USA|south dakota,0.16581288777606737,False,1787.9418270426368
USA|maryland,USA|tennessee,0.24579777224695423,False,984.4118169050452
USA|maryland,USA|texas,0.18938801616528972,False,2044.4736477757006
USA|maryland,USA|utah,0.18787276177958606,False,2981.8765964722315
USA|maryland,USA|vermont,0.27888364105639846,False,666.6700519981566
USA|maryland,USA|virginia,0.45721078428822365,True,82.95347685717707
USA|maryland,USA|washington,0.16718524544186644,False,3661.1354774047954
USA|maryland,USA|washington dc,0.08843024366486463,True,33.89816491138592
USA|maryland,USA|west virginia,0.4474197644580346,False,294.37696996753033
USA|maryland,USA|wisconsin,0.16032677700606573,False,1052.899162393696
USA|maryland,USA|wyoming,0.22563657808397114,False,2387.4168571958044
USA|massachusetts,USA|michigan,0.08976368639678012,False,1040.8706223034756
USA|massachusetts,USA|minnesota,0.2682059815969216,False,1806.5010478773254
USA|massachusetts,USA|mississippi,0.01840539146292496,False,1949.3059555640332
USA|massachusetts,USA|missouri,0.12451964595840259,False,1835.010695695776
USA|massachusetts,USA|montana,0.1557584269484796,False,3139.6761784931064
USA|massachusetts,USA|nebraska,0.13667032704993737,False,2077.5944988938886
USA|massachusetts,USA|nevada,0.2391428384333419,False,3861.3518994563424
USA|massachusetts,USA|new hampshire,0.3700774721001341,True,82.80381104536897
USA|massachusetts,USA|new jersey,0.3123783291801436,False,322.9065209996107
USA|massachusetts,USA|new mexico,0.11926811464354864,False,3166.274906149764
USA|massachusetts,USA|new york,0.5247306173149263,False,314.7983175785822
USA|massachusetts,USA|north carolina,0.29420699613331275,False,1092.919115867022
USA|massachusetts,USA|north dakota,0.26737716953272894,False,2224.793254486237
USA|massachusetts,USA|ohio,0.3079978674756371,False,1015.7518071977597
USA|massachusetts,USA|oklahoma,0.18393630655536344,False,2280.1335004328876
USA|massachusetts,USA|oregon,0.11754463844943557,False,4040.949747616926
USA|massachusetts,USA|pennsylvania,0.43943241681617573,False,532.5776935251743
USA|massachusetts,USA|rhode island,0.29399431689945904,True,65.02752466391505
USA|massachusetts,USA|south carolina,0.12800266806533767,False,1258.655353664097
USA|massachusetts,USA|south dakota,0.17084220192521543,False,2138.158739989735
USA|massachusetts,USA|tennessee,0.04845298130704254,False,1558.8044000446916
USA|massachusetts,USA|texas,0.24262934520563859,False,2611.255900078083
USA|massachusetts,USA|utah,0.20496523860885868,False,3375.325879925205
USA|massachusetts,USA|vermont,0.358419338402374,False,275.14641991553583
USA|massachusetts,USA|virginia,0.3120968127769863,False,677.4367223189965
USA|massachusetts,USA|washington,0.07131591544427117,False,3920.144156336931
USA|massachusetts,USA|washington dc,0.16054411457607765,False,625.3123934725281
USA|massachusetts,USA|west virginia,0.2822938478603231,False,851.3186545367325
USA|massachusetts,USA|wisconsin,0.20673673806931173,False,1403.4457229620982
USA|massachusetts,USA|wyoming,0.060074640882128834,False,2783.0668467683195
USA|michigan,USA|minnesota,0.1729355721686321,False,814.3421371547838
USA|michigan,USA|mississippi,-0.025664392558911807,False,1199.0236019531078
USA|michigan,USA|missouri,0.06212059162927947,False,831.3007126954229
USA|michigan,USA|montana,0.09767291875717334,False,2161.571987714519
USA|michigan,USA|nebraska,0.17500722410486916,False,1036.829077488932
USA|michigan,USA|nevada,0.08971950044861147,False,2821.005459694884
USA|michigan,USA|new hampshire,0.14754632404515372,False,1012.5134350357588
USA|michigan,USA|new jersey,0.11006501376291743,False,826.4579166468649
USA|michigan,USA|new mexico,0.14455263855875797,False,2145.3980995546817
USA|michigan,USA|new york,0.16979594841031642,False,760.4993584220853
USA|michigan,USA|north carolina,0.18853257585881342,False,831.7283351118645
USA|michigan,USA|north dakota,0.22284931966492932,False,1260.924746161516
USA|michigan,USA|ohio,0.1339396042952782,True,272.9514648707414
USA|michigan,USA|oklahoma,0.15409490840649676,False,1301.6488385781893
USA|michigan,USA|oregon,0.15114364859919463,False,3061.9587199931234
USA|michigan,USA|pennsylvania,0.19788044699728038,False,618.4486986279161
USA|michigan,USA|rhode island,0.09906235584302177,False,1029.756925202464
USA|michigan,USA|south carolina,0.07263927864790705,False,969.9760842648753
USA|michigan,USA|south dakota,0.18488832937599228,False,1114.1826976215489
USA|michigan,USA|tennessee,0.21461603163911558,False,800.5536480376701
USA|michigan,USA|texas,0.10660055724307069,False,1712.6574366592295
USA|michigan,USA|utah,0.08917310131584,False,2340.2783033862215
USA|michigan,USA|vermont,0.06927629616084124,False,900.753961245244
USA|michigan,USA|virginia,0.1222816972511362,False,688.2100455607904
USA|michigan,USA|washington,0.14947378573504386,False,2967.130322308402
USA|michigan,USA|washington dc,0.07862451024930489,False,704.2683705245282
USA|michigan,USA|west virginia,0.19720624549018764,False,494.96571225275784
USA|michigan,USA|wisconsin,0.2814493489676057,True,370.07426984095207
USA|michigan,USA|wyoming,0.17075417272326376,False,1745.9947414492422
USA|minnesota,USA|mississippi,0.13461824487417007,False,1391.0528089827078
USA|minnesota,USA|missouri,0.2940622863226007,False,685.8163205900154
USA|minnesota,USA|montana,0.12133648871453752,False,1348.3295377375566
USA|minnesota,USA|nebraska,0.44566496655403115,False,490.0135561016973
USA|minnesota,USA|nevada,0.35378624853122875,False,2104.1247716597086
USA|minnesota,USA|new hampshire,0.047136298660688906,False,1761.6647201003059
USA|minnesota,USA|new jersey,0.08665598713481547,False,1632.6143689258106
USA|minnesota,USA|new mexico,0.28998012784727295,False,1605.8925060473498
USA|minnesota,USA|new york,0.3330427617406454,False,1557.1242124304981
USA|minnesota,USA|north carolina,0.271882911773934,False,1524.7261591354822
USA|minnesota,USA|north dakota,0.5132083430839858,False,450.30015845359804
USA|minnesota,USA|ohio,0.195774902771246,False,1009.1285563536843
USA|minnesota,USA|oklahoma,0.3587738481031164,False,1036.615403318476
USA|minnesota,USA|oregon,0.06059618503810591,False,2249.9943041018746
USA|minnesota,USA|pennsylvania,0.21589264797516391,False,1432.2916930240906
USA|minnesota,USA|rhode island,0.17439151172341638,False,1807.7617485054525
USA|minnesota,USA|south carolina,0.20956970102299316,False,1609.4876010932853
USA|minnesota,USA|south dakota,0.2917017296349164,False,360.7385653673032
USA|minnesota,USA|tennessee,0.09527341127118413,False,1152.3633785108418
USA|minnesota,USA|texas,0.26472277574270997,False,1541.577968232391
USA|minnesota,USA|utah,0.25582643156629625,False,1592.9982923467421
USA|minnesota,USA|vermont,0.34002726949237544,False,1608.6235582150118
USA|minnesota,USA|virginia,0.29918455528211624,False,1491.948472001369
USA|minnesota,USA|washington,0.06821634516605721,False,2152.8705809437965
USA|minnesota,USA|washington dc,0.14133406711156685,False,1513.377116277661
USA|minnesota,USA|west virginia,0.342563823762134,False,1273.153062312503
USA|minnesota,USA|wisconsin,0.33173186867297105,False,461.3080065566899
USA|minnesota,USA|wyoming,0.26737151781881907,False,1021.0095396907253
USA|mississippi,USA|missouri,0.08355194962755703,False,716.2380312462104
USA|mississippi,USA|montana,-0.10692488757427265,False,2328.6850621033745
USA|mississippi,USA|nebraska,-0.06268812185385081,False,1085.3536854103804
USA|mississippi,USA|nevada,-0.02545931295541087,False,2459.068284802482
USA|mississippi,USA|new hampshire,-0.09681481974064772,False,1965.2915220344419
USA|mississippi,USA|new jersey,0.03667422305478264,False,1631.4058947324706
USA|mississippi,USA|new mexico,-0.004149308611427372,False,1548.50283890069
USA|mississippi,USA|new york,0.12169088640710174,False,1639.4289943400586
USA|mississippi,USA|north carolina,0.18559934902446912,False,924.7746643290416
USA|mississippi,USA|north dakota,0.07489773935184668,False,1713.7431623961488
USA|mississippi,USA|ohio,0.058588843307156246,False,1019.5950183206254
USA|mississippi,USA|oklahoma,-0.01745562235306705,False,700.4994668294343
USA|mississippi,USA|oregon,-0.07138041070500632,False,3102.685952563221
USA|mississippi,USA|pennsylvania,0.07268270805620533,False,1419.1805495624476
USA|mississippi,USA|rhode island,0.14386361571274622,False,1904.91217564247
USA|mississippi,USA|south carolina,0.08378848066705973,False,826.9977734756617
USA|mississippi,USA|south dakota,0.09262465978170101,False,1376.4461451150935
USA|mississippi,USA|tennessee,0.10405622431348845,True,410.7049221662587
USA|mississippi,USA|texas,0.09026655542952694,False,729.4540782894748
USA|mississippi,USA|utah,-0.001065754704841312,False,2142.5203026249383
USA|mississippi,USA|vermont,0.05956447979305227,False,1943.232234994183
USA|mississippi,USA|virginia,0.21118780162310008,False,1283.620160564894
USA|mississippi,USA|washington,-0.10205223006937278,False,3106.0744761231285
USA|mississippi,USA|washington dc,0.02531687386761265,False,1335.7362534047074
USA|mississippi,USA|west virginia,0.1541994596604133,False,1101.490965251165
USA|mississippi,USA|wisconsin,0.0887814589740514,False,1141.962266641066
USA|mississippi,USA|wyoming,0.02516211259002874,False,1640.5946148806938
USA|missouri,USA|montana,-0.004294234370424018,False,1702.4025190476534
USA|missouri,USA|nebraska,0.1335138186360065,False,405.64871667687277
USA|missouri,USA|nevada,0.18461352203027098,False,2095.6094305817574
USA|missouri,USA|new hampshire,0.0034508192269215054,False,1819.7163463248912
USA|missouri,USA|new jersey,0.06764200461759554,False,1567.2242097214619
USA|missouri,USA|new mexico,0.1719173686561078,False,1331.8043813017155
USA|missouri,USA|new york,0.09695823546261066,False,1529.209596942987
USA|missouri,USA|north carolina,0.11191104011159941,False,1137.4157395570198
USA|missouri,USA|north dakota,0.17439323825893444,False,1001.650806787327
USA|missouri,USA|ohio,0.1325002899797019,False,827.6473783445899
USA|missouri,USA|oklahoma,0.31850000533007955,False,474.81225062484896
USA|missouri,USA|oregon,0.07622490994452379,False,2544.779326509793
USA|missouri,USA|pennsylvania,0.11787687760172952,False,1335.1178365060543
USA|missouri,USA|rhode island,0.1264292781134919,False,1811.758789003414
USA|missouri,USA|south carolina,0.08249759577130132,False,1153.5185729248826
USA|missouri,USA|south dakota,0.11721111536528053,False,674.5688875726095
USA|missouri,USA|tennessee,0.030117013425991677,False,581.9666353451286
USA|missouri,USA|texas,0.2215361131958981,False,934.162619957423
USA|missouri,USA|utah,0.15668929227441292,False,1671.9889264441151
USA|missouri,USA|vermont,0.17674949719944405,False,1726.8851808727982
USA|missouri,USA|virginia,0.07848456344701202,False,1296.8881001466905
USA|missouri,USA|washington,0.012985752170691133,False,2509.757367370842
USA|missouri,USA|washington dc,0.0048741006320806,False,1337.9311749532665
USA|missouri,USA|west virginia,0.2974472005146884,False,1057.0940712231618
USA|missouri,USA|wisconsin,0.21269321077288042,False,576.3960302813626
USA|missouri,USA|wyoming,0.13587825067517148,False,1094.7135686257525
USA|montana,USA|nebraska,0.21561117125029408,False,1297.8869534859743
USA|montana,USA|nevada,0.24479842373054275,False,1130.353777499945
USA|montana,USA|new hampshire,0.13894185083209473,False,3088.3731587529523
USA|montana,USA|new jersey,0.008755219469963474,False,2980.4646208736817
USA|montana,USA|new mexico,0.1382342426671717,False,1365.555102315833
USA|montana,USA|new york,0.1710294495937828,False,2903.0840648287344
USA|montana,USA|north carolina,0.21258777111805832,False,2797.0472797047573
USA|montana,USA|north dakota,0.21047179978144478,False,914.8987332325572
USA|montana,USA|ohio,0.08536135005343937,False,2335.017335567414
USA|montana,USA|oklahoma,0.143364257693526,False,1659.9895297294881
USA|montana,USA|oregon,0.5770329430603897,False,902.531678819017
USA|montana,USA|pennsylvania,0.16496718854499398,False,2779.9865753363097
USA|montana,USA|rhode island,0.05117555447724315,False,3146.039357085799
USA|montana,USA|south carolina,-0.0729448582273589,False,2842.3287742368843
USA|montana,USA|south dakota,0.0965990433092123,False,1079.547219064611
USA|montana,USA|tennessee,-0.039636699544119657,False,2284.328387456599
USA|montana,USA|texas,0.15112287442455816,False,2010.258647383898
USA|montana,USA|utah,0.21905448645960482,False,669.9587647645521
USA|montana,USA|vermont,0.16973812251679501,False,2921.2009221696867
USA|montana,USA|virginia,0.16319503667064642,False,2829.219913513761
USA|montana,USA|washington,0.6002336840285886,False,816.3216101438412
USA|montana,USA|washington dc,0.08803263441937371,False,2854.2816430176117
USA|montana,USA|west virginia,0.1276161780986111,False,2600.933575650419
USA|montana,USA|wisconsin,0.13173643727625373,False,1799.1090267951179
USA|montana,USA|wyoming,0.38060515488403596,False,726.6692631065423
USA|nebraska,USA|nevada,0.3480337046212345,False,1786.7474344389573
USA|nebraska,USA|new hampshire,0.19867815078168174,False,2048.529695406117
USA|nebraska,USA|new jersey,0.013310881183430948,False,1844.903229576099
USA|nebraska,USA|new mexico,0.3345938872841695,False,1153.7867897032759
USA|nebraska,USA|new york,0.23130587577027167,False,1790.0511657943866
USA|nebraska,USA|north carolina,0.19926361710627644,False,1517.0833076962167
USA|nebraska,USA|north dakota,0.47026764160711865,False,645.4899352489659
USA|nebraska,USA|ohio,0.08683347834430749,False,1123.762840128796
USA|nebraska,USA|oklahoma,0.35818585839615263,False,572.6728574221155
USA|nebraska,USA|oregon,0.18749732704879565,False,2151.0585000978363
USA|nebraska,USA|pennsylvania,0.17458693470499762,False,1619.753577549109
USA|nebraska,USA|rhode island,0.09442053114196969,False,2064.8251147269493
USA|nebraska,USA|south carolina,0.21087129885932104,False,1548.7923780039587
USA|nebraska,USA|south dakota,0.23223914001616203,False,297.76256043286463
USA|nebraska,USA|tennessee,0.09957033538764125,False,986.8661771208692
USA|nebraska,USA|texas,0.31630495145605575,False,1074.53170655408
USA|nebraska,USA|utah,0.19807651502617318,False,1322.7023269571862
USA|nebraska,USA|vermont,0.215531076289883,False,1925.1851522900758
USA|nebraska,USA|virginia,0.25896061737059944,False,1618.7399554674096
USA|nebraska,USA|washington,0.131263476588254,False,2107.8409895505533
USA|nebraska,USA|washington dc,0.15396068695345327,False,1653.5576568642032
USA|nebraska,USA|west virginia,0.2504315748717875,False,1378.990033932239
USA|nebraska,USA|wisconsin,0.33588354525735714,False,684.9540511087116
USA|nebraska,USA|wyoming,0.31937602991931746,False,729.1950268517321
USA|nevada,USA|new hampshire,0.1260340429430898,False,3828.6655247839276
USA|nevada,USA|new jersey,0.08543059720528384,False,3630.9574831484856
USA|nevada,USA|new mexico,0.3288320746408253,False,940.7022293740624
USA|nevada,USA|new york,0.2323766762649638,False,3576.7507336335634
USA|nevada,USA|north carolina,0.25048182907609456,False,3214.0602092397266
USA|nevada,USA|north dakota,0.4314633736838765,False,1794.897435902129
USA|nevada,USA|ohio,0.1222690997879017,False,2902.244813644656
USA|nevada,USA|oklahoma,0.4822327675161219,False,1783.595374956222
USA|nevada,USA|oregon,0.31620428159457503,False,1040.3824450614054
USA|nevada,USA|pennsylvania,0.2478262011716205,False,3404.193408400237
USA|nevada,USA|rhode island,0.16195323391132355,False,3850.5112480110947
USA|nevada,USA|south carolina,0.1331440916086306,False,3194.7376798399096
USA|nevada,USA|south dakota,0.2336744134103735,False,1746.8653815693037
USA|nevada,USA|tennessee,0.1437902259276471,False,2605.644436049526
USA|nevada,USA|texas,0.26413345913926434,False,1847.7126401471687
USA|nevada,USA|utah,0.3292995501827154,False,529.9284952426656
USA|nevada,USA|vermont,0.24981995254490247,False,3693.966490369336
USA|nevada,USA|virginia,0.3427104326961725,False,3388.3340323233824
USA|nevada,USA|washington,0.27907287810585707,False,1221.7982925031395
USA|nevada,USA|washington dc,0.25464863135045324,False,3426.927499025942
USA|nevada,USA|west virginia,0.3568724934524804,False,3147.547373022267
USA|nevada,USA|wisconsin,0.23863873879121789,False,2459.1326329975927
USA|nevada,USA|wyoming,0.39049953387537256,False,1085.8721779519742
USA|new hampshire,USA|new jersey,0.23989250585447594,False,358.79817381476556
USA|new hampshire,USA|new mexico,0.07989978516145824,False,3148.8707787987605
USA|new hampshire,USA|new york,0.391117062703187,False,326.4178700261357
USA|new hampshire,USA|north carolina,0.11277114977785532,False,1128.8928033028833
USA|new hampshire,USA|north dakota,0.10528526619990423,False,2173.9282164142433
USA|new hampshire,USA|ohio,0.08944644490150014,False,1009.115045251392
USA|new hampshire,USA|oklahoma,0.16645854145854144,False,2271.2191414741515
USA|new hampshire,USA|oregon,0.1982235999101144,False,3988.5638083635686
USA|new hampshire,USA|pennsylvania,0.381634722400255,False,546.4198884126494
USA|new hampshire,USA|rhode island,0.1968482672783865,False,141.5566176066445
USA|new hampshire,USA|south carolina,0.11597044113672302,False,1298.1213870901147
USA|new hampshire,USA|south dakota,0.04224586925344371,False,2098.36817827895
USA|new hampshire,USA|tennessee,0.05882102862370347,False,1569.2091725494106
USA|new hampshire,USA|texas,0.28447564971290756,False,2615.4144075538197
USA|new hampshire,USA|utah,0.06130383435456136,False,3338.1028095482097
USA|new hampshire,USA|vermont,0.17101733176243228,False,196.42325757131704
USA|new hampshire,USA|virginia,0.09801631295533736,False,708.2878580057218
USA|new hampshire,USA|washington,0.15700155497469565,False,3864.1438353125736
USA|new hampshire,USA|washington dc,-0.008621101761493232,False,657.2031782351054
USA|new hampshire,USA|west virginia,0.1729512302435828,False,863.9483044004509
USA|new hampshire,USA|wisconsin,0.20948924284284556,False,1369.5377718702937
USA|new hampshire,USA|wyoming,0.07806756129261114,False,2747.596803215278
USA|new jersey,USA|new mexico,-0.05346255712340432,False,2897.198924207894
USA|new jersey,USA|new york,0.41406139949009313,True,103.1856721405832
USA|new jersey,USA|north carolina,0.17161884290208518,False,771.4807377009752
USA|new jersey,USA|north dakota,0.12001446217303778,False,2070.838977806541
USA|new jersey,USA|ohio,-0.012751614399487838,False,739.5782923696878
USA|new jersey,USA|oklahoma,-0.014304802705526639,False,1995.865614460024
USA|new jersey,USA|oregon,0.15576783773535796,False,3882.5298761827476
USA|new jersey,USA|pennsylvania,0.3763260531361656,True,232.63222276137193
USA|new jersey,USA|rhode island,0.23090399506124118,False,273.7886822987485
USA|new jersey,USA|south carolina,0.22707458715367154,False,939.5525359776278
USA|new jersey,USA|south dakota,0.028877126145482098,False,1940.6037314601188
USA|new jersey,USA|tennessee,0.10239790818831306,False,1247.0420056301143
USA|new jersey,USA|texas,0.11498775676996782,False,2304.677874205679
USA|new jersey,USA|utah,0.08703220169382828,False,3160.992788928729
USA|new jersey,USA|vermont,0.1383888839748284,False,438.7699906371889
USA|new jersey,USA|virginia,0.19964184692871403,False,354.5597771200422
USA|new jersey,USA|washington,0.09559599333491543,False,3778.8520909952954
USA|new jersey,USA|washington dc,0.02329703378017396,False,302.40596143086367
USA|new jersey,USA|west virginia,0.20269948889978318,False,541.9306172451692
USA|new jersey,USA|wisconsin,0.034102343579569934,False,1196.433652940585
USA|new jersey,USA|wyoming,0.014809135079202495,False,2565.6527460695615
USA|new mexico,USA|new york,0.187908429961408,False,2860.990274208243
USA|new mexico,USA|north carolina,0.20280971676052142,False,2372.9803620002986
USA|new mexico,USA|north dakota,0.359637288294359,False,1491.883776415427
USA|new mexico,USA|ohio,0.01037987325925209,False,2158.212045254785
USA|new mexico,USA|oklahoma,0.48049086082754794,False,922.4808747665635
USA|new mexico,USA|oregon,0.10651675891017807,False,1804.2684538046635
USA|new mexico,USA|pennsylvania,0.09648307605113818,False,2664.670888825356
USA|new mexico,USA|rhode island,0.12318729215217271,False,3143.5589813543966
USA|new mexico,USA|south carolina,0.14676538404382222,False,2327.9534635589994
USA|new mexico,USA|south dakota,0.1513766090049709,False,1267.9518743836977
USA|new mexico,USA|tennessee,0.09952222549921207,False,1754.028405065335
USA|new mexico,USA|texas,0.3894137780280015,True,907.1388213740563
USA|new mexico,USA|utah,0.12305667673243072,False,815.9421432320912
USA|new mexico,USA|vermont,0.22561116831034447,False,3046.1245400286325
USA|new mexico,USA|virginia,0.26513175152233037,False,2610.6042955894027
USA|new mexico,USA|washington,0.09357870117146602,False,1901.258294001641
USA|new mexico,USA|washington dc,0.18752742433193823,False,2655.080455097482
USA|new mexico,USA|west virginia,0.30052835950695844,False,2375.2764479133943
USA|new mexico,USA|wisconsin,0.1792775996656812,False,1823.097289682064
USA|new mexico,USA|wyoming,0.33937759855311556,False,765.1678875296727
USA|new york,USA|north carolina,0.49423385084194055,False,812.9123218281721
USA|new york,USA|north dakota,0.3865187064705814,False,1991.0657540470265
USA|new york,USA|ohio,0.22443709378274324,False,704.906636602255
USA|new york,USA|oklahoma,0.25692273388739695,False,1968.717585038109
USA|new york,USA|oregon,0.24232004901605733,False,3805.5630877319372
USA|new york,USA|pennsylvania,0.5462854775885279,False,220.24920304196675
USA|new york,USA|rhode island,0.37320953240958477,False,283.1672452950431
USA|new york,USA|south carolina,0.1710170562480177,False,985.865647143622
USA|new york,USA|south dakota,0.14158837645798725,False,1872.9211674792195
USA|new york,USA|tennessee,0.21404724038525197,False,1245.549777007061
USA|new york,USA|texas,0.33924997446029065,False,2296.5583140353283
USA|new york,USA|utah,0.11150356002294162,False,3100.4065628461103
USA|new york,USA|vermont,0.3763944239160655,False,362.43077030715716
USA|new york,USA|virginia,0.45724454118602054,False,390.3540750477637
USA|new york,USA|washington,0.19215240860572574,False,3697.750316017931
USA|new york,USA|washington dc,0.24740258264088638,False,341.8040743609488
USA|new york,USA|west virginia,0.431493597223118,False,538.7162471991458
USA|new york,USA|wisconsin,0.21078370719107306,False,1129.9150661403876
USA|new york,USA|wyoming,0.24112085154750665,False,2505.700347797774
USA|north carolina,USA|north dakota,0.399613648252407,False,1965.5816153843814
USA|north carolina,USA|ohio,0.26808597204219164,False,561.4910632047245
USA|north carolina,USA|oklahoma,0.17622143512520444,False,1451.8705629771866
USA|north carolina,USA|oregon,0.17151583903637094,False,3667.164948979854
USA|north carolina,USA|pennsylvania,0.47847552776264785,False,611.7771438664194
USA|north carolina,USA|rhode island,0.16826504653539176,False,1038.6010921041768
USA|north carolina,USA|south carolina,0.29500189597084625,True,176.71436516437456
USA|north carolina,USA|south dakota,0.27481903569716926,False,1719.4975642639731
USA|north carolina,USA|tennessee,0.3842166371589805,False,618.9957748044994
USA|north carolina,USA|texas,0.16305662128180964,False,1644.566091839786
USA|north carolina,USA|utah,0.08561340652580894,False,2808.475418045679
USA|north carolina,USA|vermont,0.31882877196136095,False,1166.217331254189
USA|north carolina,USA|virginia,0.4814658109842069,True,422.5928512694695
USA|north carolina,USA|washington,0.15619828197651636,False,3612.978429451724
USA|north carolina,USA|washington dc,0.24560200047756642,False,472.3168556903151
USA|north carolina,USA|west virginia,0.44369970485537497,False,382.93580274901643
USA|north carolina,USA|wisconsin,0.18966535987658675,False,1077.9055834996773
USA|north carolina,USA|wyoming,0.15412294499970344,False,2231.220435288559
USA|north dakota,USA|ohio,0.20649168729097697,False,1459.0048129567417
USA|north dakota,USA|oklahoma,0.3861102749437417,False,1201.9826254790257
USA|north dakota,USA|oregon,0.17453801556245077,False,1816.7586125820085
USA|north dakota,USA|pennsylvania,0.29026914924696356,False,1876.8286664938632
USA|north dakota,USA|rhode island,0.12758615263347153,False,2231.310897148047
USA|north dakota,USA|south carolina,0.1884169096276571,False,2040.2853288200372
USA|north dakota,USA|south dakota,0.4624809022792218,False,348.45131400208277
USA|north dakota,USA|tennessee,0.19899731784745203,False,1542.8142742186294
USA|north dakota,USA|texas,0.2595629212795942,False,1687.4157412189325
USA|north dakota,USA|utah,0.09859132050790038,False,1266.3742575667268
USA|north dakota,USA|vermont,0.34578160232207056,False,2008.834670049265
USA|north dakota,USA|virginia,0.4150884253391582,False,1941.811070430095
USA|north dakota,USA|washington,0.1535472616479552,False,1708.3556853697507
USA|north dakota,USA|washington dc,0.2568679404795029,False,1962.4946148269555
USA|north dakota,USA|west virginia,0.4197521808449448,False,1723.3612466117424
USA|north dakota,USA|wisconsin,0.33208052015098793,False,911.554459067711
USA|north dakota,USA|wyoming,0.3779730688211234,False,772.2203680334843
USA|ohio,USA|oklahoma,0.15806309396636453,False,1264.4003837076373
USA|ohio,USA|oregon,-0.018981294471745364,False,3227.1547655976733
USA|ohio,USA|pennsylvania,0.2033027473570872,True,507.6309669314935
USA|ohio,USA|rhode island,0.013543405014065741,False,988.07388054596
USA|ohio,USA|south carolina,0.0663008904722299,False,697.0342427950742
USA|ohio,USA|south dakota,0.04379389748429313,False,1261.751727694696
USA|ohio,USA|tennessee,0.15541272735326603,False,608.9409525147624
USA|ohio,USA|texas,0.17560921133116578,False,1615.1129243459748
USA|ohio,USA|utah,0.07228021817646506,False,2446.398573814673
USA|ohio,USA|vermont,0.19267647073007738,False,947.0172100356494
USA|ohio,USA|virginia,0.1373548738011933,True,498.64663538717264
USA|ohio,USA|washington,0.04951531530046246,False,3148.652727882988
USA|ohio,USA|washington dc,0.09057877089990184,False,530.5450263375443
USA|ohio,USA|west virginia,0.1515030031636471,True,265.9898184627745
USA|ohio,USA|wisconsin,0.18457247485491976,False,548.2113635559009
USA|ohio,USA|wyoming,0.08161742954602946,False,1852.0500407369855
USA|oklahoma,USA|oregon,0.11386661377239457,False,2404.8485269415946
USA|oklahoma,USA|pennsylvania,0.21404312507694348,False,1763.6283099760344
USA|oklahoma,USA|rhode island,0.08149945887352814,False,2251.7488085534183
USA|oklahoma,USA|south carolina,0.20294954104573446,False,1415.7721191056426
USA|oklahoma,USA|south dakota,0.2729907634274746,False,856.4976144561381
USA|oklahoma,USA|tennessee,0.23712932283520644,False,833.6382146349158
USA|oklahoma,USA|texas,0.5531228576731207,False,505.3123219793215
USA|oklahoma,USA|utah,0.22107533300699592,False,1442.8217191428241
USA|oklahoma,USA|vermont,0.27932371455972155,False,2189.768044122031
USA|oklahoma,USA|virginia,0.3398638962663353,False,1695.2522601008732
USA|oklahoma,USA|washington,0.11785802077216843,False,2416.9117058195643
USA|oklahoma,USA|washington dc,0.10839261263944334,False,1741.2581805585878
USA|oklahoma,USA|west virginia,0.3814231288033765,False,1463.804224887977
USA|oklahoma,USA|wisconsin,0.21883076751266908,False,1044.9502220124202
USA|oklahoma,USA|wyoming,0.4276501113534884,False,950.9030295860891
USA|oregon,USA|pennsylvania,0.1671905122256519,False,3680.363259485888
USA|oregon,USA|rhode island,0.07318131442309708,False,4048.059130535132
USA|oregon,USA|south carolina,-0.066239442873846,False,3697.6885127265205
USA|oregon,USA|south dakota,0.02071989023166445,False,1965.7011979122021
USA|oregon,USA|tennessee,-0.015371454286151569,False,3121.7129598945617
USA|oregon,USA|texas,0.21493609723926962,False,2642.658048115549
USA|oregon,USA|utah,0.18069197395945885,False,1003.9217192042493
USA|oregon,USA|vermont,0.08845189606674807,False,3818.9453933518266
USA|oregon,USA|virginia,0.11345746991479996,False,3723.8224930967776
USA|oregon,USA|washington,0.8364914234604199,False,246.5713732123197
USA|oregon,USA|washington dc,0.11040000559761269,False,3750.5354207824316
USA|oregon,USA|west virginia,0.18622716647255477,False,3492.4282483761995
USA|oregon,USA|wisconsin,0.2193965964146367,False,2697.2632793641014
USA|oregon,USA|wyoming,0.32534038658536274,False,1467.4343961443708
USA|pennsylvania,USA|rhode island,0.15669985763720357,False,494.215946795175
USA|pennsylvania,USA|south carolina,0.15678079886617394,False,787.8032234508847
USA|pennsylvania,USA|south dakota,0.24878916134265885,False,1727.6074504298122
USA|pennsylvania,USA|tennessee,0.3353442386781429,False,1026.2543693994244
USA|pennsylvania,USA|texas,0.19941740111253223,False,2079.737070173817
USA|pennsylvania,USA|utah,0.1745387991468098,False,2939.0801281811982
USA|pennsylvania,USA|vermont,0.19611716747468166,False,555.6913570477462
USA|pennsylvania,USA|virginia,0.4097661509644327,False,201.46771575857363
USA|pennsylvania,USA|washington,0.15311523579897202,False,3584.4670599672736
USA|pennsylvania,USA|washington dc,0.17676371270364677,False,167.80371133269506
USA|pennsylvania,USA|west virginia,0.40130212956817995,True,318.87188781381434
USA|pennsylvania,USA|wisconsin,0.1125366567054169,False,985.019659440675
USA|pennsylvania,USA|wyoming,0.1319171077169565,False,2343.6437341134483
USA|rhode island,USA|south carolina,0.12614484989208796,False,1202.420372748479
USA|rhode island,USA|south dakota,0.05349743110764904,False,2134.4621004769515
USA|rhode island,USA|tennessee,0.12679817758038886,False,1518.2548909481022
USA|rhode island,USA|texas,0.15695197243614994,False,2573.7449707791725
USA|rhode island,USA|utah,0.15003369353489623,False,3368.554165703392
USA|rhode island,USA|vermont,0.23165638136377648,False,321.6295714473902
USA|rhode island,USA|virginia,0.2351522667424151,False,627.1448614610688
USA|rhode island,USA|washington,0.052508834236258115,False,3930.9828420160275
USA|rhode island,USA|washington dc,0.055979933031255966,False,574.7367689348345
USA|rhode island,USA|west virginia,0.15509222450645074,False,811.2217367157375
USA|rhode island,USA|wisconsin,0.15843161561140226,False,1395.7922857429915
USA|rhode island,USA|wyoming,0.14460857191349308,False,2775.08687100126
USA|south carolina,USA|south dakota,0.049528488354311874,False,1773.1766915404141
USA|south carolina,USA|tennessee,0.3863659120134927,False,590.8720896681785
USA|south carolina,USA|texas,0.2104188600209615,False,1556.000200516147
USA|south carolina,USA|utah,0.13602036786423446,False,2810.7206376739814
USA|south carolina,USA|vermont,0.1133623338264926,False,1341.3302111840937
USA|south carolina,USA|virginia,0.3596277603564642,False,595.8216485028671
USA|south carolina,USA|washington,-0.12530284450160378,False,3655.5822872572576
USA|south carolina,USA|washington dc,0.054306694336629754,False,644.2056024103298
USA|south carolina,USA|west virginia,0.30567810777384913,False,551.7030749166273
USA|south carolina,USA|wisconsin,0.056427341168659176,False,1178.6189087780838
USA|south carolina,USA|wyoming,0.008774769618515674,False,2245.517179589185
USA|south dakota,USA|tennessee,0.12026572018719485,False,1240.0823977014295
USA|south dakota,USA|texas,0.12292088760406365,False,1348.5044595876102
USA|south dakota,USA|utah,0.13491525552788203,False,1241.890521598216
USA|south dakota,USA|vermont,0.1399588343305896,False,1953.5926012728592
USA|south dakota,USA|virginia,0.22974589304825097,False,1759.3098745657373
USA|south dakota,USA|washington,0.02596362630347963,False,1895.826377653064
USA|south dakota,USA|washington dc,0.19813769086190824,False,1787.5554933161873
USA|south dakota,USA|west virginia,0.25855858897034617,False,1526.7820988524318
USA|south dakota,USA|wisconsin,0.22128515080644287,False,744.1731494770676
USA|south dakota,USA|wyoming,0.2491169266076673,False,661.7802277700428
USA|tennessee,USA|texas,0.1997822804787487,False,1060.295591745925
USA|tennessee,USA|utah,0.012515192205753723,False,2221.001443431636
USA|tennessee,USA|vermont,0.168958478349567,False,1537.4197665358104
USA|tennessee,USA|virginia,0.25796266410014523,False,910.9934082253626
USA|tennessee,USA|washington,0.012640059452772967,False,3091.2232681729824
USA|tennessee,USA|washington dc,0.2001525075141779,False,961.5370861819489
USA|tennessee,USA|west virginia,0.3143838849929717,False,707.5117677606768
USA|tennessee,USA|wisconsin,0.080436382999866,False,809.8963840269108
USA|tennessee,USA|wyoming,0.11937541054008423,False,1661.5808415735817
USA|texas,USA|utah,0.18285718274182536,False,1640.2023459055004
USA|texas,USA|vermont,0.16777451178714078,False,2561.9521633492704
USA|texas,USA|virginia,0.21849204034694236,False,1971.260220444667
USA|texas,USA|washington,0.19399304429711775,False,2697.576420392244
USA|texas,USA|washington dc,0.11801961727449894,False,2021.8279348590681
USA|texas,USA|west virginia,0.3655254149916945,False,1762.9886948172166
USA|texas,USA|wisconsin,0.3219763691353464,False,1508.806639913218
USA|texas,USA|wyoming,0.32433770088076685,False,1284.306368827801
USA|utah,USA|vermont,0.17122533364163528,False,3195.4649408714963
USA|utah,USA|virginia,0.16347714542358632,False,2941.1000003465356
USA|utah,USA|washington,0.1815325516363907,False,1085.6598503638022
USA|utah,USA|washington dc,0.13967423854150776,False,2976.245902575826
USA|utah,USA|west virginia,0.1597234569104606,False,2700.9721097422475
USA|utah,USA|wisconsin,0.17596471208134792,False,1972.7620674833847
USA|utah,USA|wyoming,0.21887441923150852,False,595.4508990177642
USA|vermont,USA|virginia,0.22864875401469065,False,746.4247560615487
USA|vermont,USA|washington,0.0659990834870738,False,3689.0232466120633
USA|vermont,USA|washington dc,0.12732980630579552,False,700.5141474665406
USA|vermont,USA|west virginia,0.3171898126604173,False,851.9142689049686
USA|vermont,USA|wisconsin,0.30269550269003015,False,1240.7101673169655
USA|vermont,USA|wyoming,0.1298729432224911,False,2609.328378770107
USA|virginia,USA|washington,0.07391542323472107,False,3640.8881916717432
USA|virginia,USA|washington dc,0.264092073462502,False,52.472162335951616
USA|virginia,USA|west virginia,0.31907661338802973,True,240.83832813305688
USA|virginia,USA|wisconsin,0.09532365381662695,False,1032.352508808008
USA|virginia,USA|wyoming,0.22303853605655447,False,2347.8457267617314
USA|washington,USA|washington dc,0.047361268812905574,False,3664.547237659336
USA|washington,USA|west virginia,0.15390599480049588,False,3414.6425269580714
USA|washington,USA|wisconsin,0.16023464349470914,False,2608.9677118459304
USA|washington,USA|wyoming,0.37703864507345464,False,1466.6087239823696
USA|washington dc,USA|west virginia,0.18702931651148794,False,280.9195065500292
USA|washington dc,USA|wisconsin,0.05466718072570192,False,1055.6300094679498
USA|washington dc,USA|wyoming,0.13882133877947503,False,2382.2799049142736
USA|west virginia,USA|wisconsin,0.27672074418582515,False,811.8461803807301
USA|west virginia,USA|wyoming,0.3463754042268721,False,2108.182437641637
USA|wisconsin,USA|wyoming,0.19018447651071543,False,1379.6836080311405
