region_id,resource,model,timestamp,value
AUT,electricity,SARIMA,2025-05-01,6472.432930752735
AUT,electricity,SARIMA,2025-06-01,5805.656499963359
AUT,electricity,SARIMA,2025-07-01,5715.113684910341
AUT,electricity,SARIMA,2025-08-01,5605.097697419171
AUT,electricity,SARIMA,2025-09-01,5263.204589947701
AUT,electricity,SARIMA,2025-10-01,5262.7992513248555
AUT,electricity,SARIMA,2025-11-01,5844.850689397865
AUT,electricity,SARIMA,2025-12-01,6119.703164224608
AUT,electricity,SARIMA,2026-01-01,6581.428262645624
AUT,electricity,SARIMA,2026-02-01,5519.19808108579
AUT,electricity,SARIMA,2026-03-01,5671.306875167861
AUT,electricity,SARIMA,2026-04-01,6041.127228895351
BEL,electricity,SARIMA,2025-05-01,5061.159420825463
BEL,electricity,SARIMA,2025-06-01,5360.002546106292
BEL,electricity,SARIMA,2025-07-01,5707.856929023324
BEL,electricity,SARIMA,2025-08-01,5320.463544694762
BEL,electricity,SARIMA,2025-09-01,4521.3317462356545
BEL,electricity,SARIMA,2025-10-01,4728.414214178778
BEL,electricity,SARIMA,2025-11-01,5382.098693625764
BEL,electricity,SARIMA,2025-12-01,5920.66724512072
BEL,electricity,SARIMA,2026-01-01,6085.739474416647
BEL,electricity,SARIMA,2026-02-01,5137.506080412104
BEL,electricity,SARIMA,2026-03-01,4821.726124225061
BEL,electricity,SARIMA,2026-04-01,4895.989992209828
BGR,electricity,SARIMA,2025-05-01,2410.2920109591846
BGR,electricity,SARIMA,2025-06-01,2616.4460985836845
BGR,electricity,SARIMA,2025-07-01,3269.3598504788697
BGR,electricity,SARIMA,2025-08-01,3142.5783073074654
BGR,electricity,SARIMA,2025-09-01,2954.572157028926
BGR,electricity,SARIMA,2025-10-01,2638.2750736107487
BGR,electricity,SARIMA,2025-11-01,2831.908491449546
BGR,electricity,SARIMA,2025-12-01,3523.237687006266
BGR,electricity,SARIMA,2026-01-01,3651.2134136165255
BGR,electricity,SARIMA,2026-02-01,3354.9940549400694
BGR,electricity,SARIMA,2026-03-01,3140.652379708985
BGR,electricity,SARIMA,2026-04-01,3018.2743153324914
BIH,electricity,SARIMA,2025-05-01,907.9950733137426
BIH,electricity,SARIMA,2025-06-01,973.7904197710226
BIH,electricity,SARIMA,2025-07-01,970.5101911727036
BIH,electricity,SARIMA,2025-08-01,929.8914779131212
BIH,electricity,SARIMA,2025-09-01,823.8261001431856
BIH,electricity,SARIMA,2025-10-01,888.3703773036585
BIH,electricity,SARIMA,2025-11-01,1009.6476583415971
BIH,electricity,SARIMA,2025-12-01,1281.048577154644
BIH,electricity,SARIMA,2026-01-01,1227.2266825021013
BIH,electricity,SARIMA,2026-02-01,978.9267473505336
BIH,electricity,SARIMA,2026-03-01,1097.5818614942878
BIH,electricity,SARIMA,2026-04-01,855.3916630144745
CHE,electricity,SARIMA,2025-05-01,5838.517640901171
CHE,electricity,SARIMA,2025-06-01,6836.517621073452
CHE,electricity,SARIMA,2025-07-01,8144.757161392646
CHE,electricity,SARIMA,2025-08-01,7465.862279074467
CHE,electricity,SARIMA,2025-09-01,6694.014261028886
CHE,electricity,SARIMA,2025-10-01,6537.961678705985
CHE,electricity,SARIMA,2025-11-01,6393.575780200641
CHE,electricity,SARIMA,2025-12-01,6056.057130632226
CHE,electricity,SARIMA,2026-01-01,6542.055010231648
CHE,electricity,SARIMA,2026-02-01,5802.925101237487
CHE,electricity,SARIMA,2026-03-01,6030.21091306547
CHE,electricity,SARIMA,2026-04-01,6247.983095718952
CYP,electricity,SARIMA,2025-03-01,492.92971363211433
CYP,electricity,SARIMA,2025-04-01,468.9049517459876
CYP,electricity,SARIMA,2025-05-01,497.4700956553484
CYP,electricity,SARIMA,2025-06-01,633.3145656700545
CYP,electricity,SARIMA,2025-07-01,776.2556224589464
CYP,electricity,SARIMA,2025-08-01,756.7111780921305
CYP,electricity,SARIMA,2025-09-01,631.948285084875
CYP,electricity,SARIMA,2025-10-01,551.4194513492195
CYP,electricity,SARIMA,2025-11-01,506.6767907139156
CYP,electricity,SARIMA,2025-12-01,550.3743141828153
CYP,electricity,SARIMA,2026-01-01,566.1547955467291
CYP,electricity,SARIMA,2026-02-01,555.6340915455588
CZE,electricity,SARIMA,2025-05-01,4886.005309313208
CZE,electricity,SARIMA,2025-06-01,4914.676679382589
CZE,electricity,SARIMA,2025-07-01,5192.078245702662
CZE,electricity,SARIMA,2025-08-01,5422.314215535171
CZE,electricity,SARIMA,2025-09-01,5473.230489524315
CZE,electricity,SARIMA,2025-10-01,6041.36071757417
CZE,electricity,SARIMA,2025-11-01,6242.038171919253
CZE,electricity,SARIMA,2025-12-01,6491.856337464964
CZE,electricity,SARIMA,2026-01-01,6851.134047543413
CZE,electricity,SARIMA,2026-02-01,6045.78878175671
CZE,electricity,SARIMA,2026-03-01,6265.048253872958
CZE,electricity,SARIMA,2026-04-01,5265.044965208009
DEU,electricity,SARIMA,2025-05-01,33424.42211932916
DEU,electricity,SARIMA,2025-06-01,31940.44084327488
DEU,electricity,SARIMA,2025-07-01,33053.610178918476
DEU,electricity,SARIMA,2025-08-01,31571.52949280146
DEU,electricity,SARIMA,2025-09-01,32456.54008686261
DEU,electricity,SARIMA,2025-10-01,36416.262689897005
DEU,electricity,SARIMA,2025-11-01,39767.960216946674
DEU,electricity,SARIMA,2025-12-01,41640.7017016812
DEU,electricity,SARIMA,2026-01-01,44066.00450037944
DEU,electricity,SARIMA,2026-02-01,38965.10557977217
DEU,electricity,SARIMA,2026-03-01,38080.73675899435
DEU,electricity,SARIMA,2026-04-01,34928.484806658285
DNK,electricity,SARIMA,2025-05-01,2233.628754952586
DNK,electricity,SARIMA,2025-06-01,1757.9335331676934
DNK,electricity,SARIMA,2025-07-01,1980.3569021896822
DNK,electricity,SARIMA,2025-08-01,1751.1328105451448
DNK,electricity,SARIMA,2025-09-01,1716.071558762363
DNK,electricity,SARIMA,2025-10-01,2465.5047018101473
DNK,electricity,SARIMA,2025-11-01,2496.3608331085197
DNK,electricity,SARIMA,2025-12-01,3113.2363779754783
DNK,electricity,SARIMA,2026-01-01,3301.856530861389
DNK,electricity,SARIMA,2026-02-01,2784.718543441009
DNK,electricity,SARIMA,2026-03-01,2892.6776257316124
DNK,electricity,SARIMA,2026-04-01,2130.4425716558912
ESP,electricity,SARIMA,2025-05-01,19988.98883061997
ESP,electricity,SARIMA,2025-06-01,19946.1129183337
ESP,electricity,SARIMA,2025-07-01,22593.787413124985
ESP,electricity,SARIMA,2025-08-01,22172.68007978819
ESP,electricity,SARIMA,2025-09-01,19812.65561925278
ESP,electricity,SARIMA,2025-10-01,19733.824736715687
ESP,electricity,SARIMA,2025-11-01,19776.86804039466
ESP,electricity,SARIMA,2025-12-01,21087.081286264536
ESP,electricity,SARIMA,2026-01-01,22235.333684028563
ESP,electricity,SARIMA,2026-02-01,20669.028104446625
ESP,electricity,SARIMA,2026-03-01,21724.524859313962
ESP,electricity,SARIMA,2026-04-01,19961.30799317551
EST,electricity,SARIMA,2025-05-01,532.1446249023417
EST,electricity,SARIMA,2025-06-01,537.5435131289154
EST,electricity,SARIMA,2025-07-01,450.7331170156043
EST,electricity,SARIMA,2025-08-01,462.1712483371363
EST,electricity,SARIMA,2025-09-01,491.4520645649335
EST,electricity,SARIMA,2025-10-01,490.01370528806274
EST,electricity,SARIMA,2025-11-01,512.8904236876474
EST,electricity,SARIMA,2025-12-01,581.4520644871303
EST,electricity,SARIMA,2026-01-01,620.4075522884814
EST,electricity,SARIMA,2026-02-01,539.2945256863926
EST,electricity,SARIMA,2026-03-01,563.215756286024
EST,electricity,SARIMA,2026-04-01,542.4965766857782
FIN,electricity,SARIMA,2025-05-01,6058.459182497052
FIN,electricity,SARIMA,2025-06-01,5818.966711278529
FIN,electricity,SARIMA,2025-07-01,6030.721341124823
FIN,electricity,SARIMA,2025-08-01,6098.382457494299
FIN,electricity,SARIMA,2025-09-01,6159.728035373779
FIN,electricity,SARIMA,2025-10-01,7371.2281505770525
FIN,electricity,SARIMA,2025-11-01,7763.081146167549
FIN,electricity,SARIMA,2025-12-01,8513.216695880568
FIN,electricity,SARIMA,2026-01-01,8984.04586694479
FIN,electricity,SARIMA,2026-02-01,8008.121044938577
FIN,electricity,SARIMA,2026-03-01,7113.88719733419
FIN,electricity,SARIMA,2026-04-01,6309.184762370614
FRA,electricity,SARIMA,2025-05-01,40034.62554179459
FRA,electricity,SARIMA,2025-06-01,37418.959684686924
FRA,electricity,SARIMA,2025-07-01,38796.6230343885
FRA,electricity,SARIMA,2025-08-01,37529.59355004759
FRA,electricity,SARIMA,2025-09-01,38141.781639012035
FRA,electricity,SARIMA,2025-10-01,41149.69481890203
FRA,electricity,SARIMA,2025-11-01,45591.01355052646
FRA,electricity,SARIMA,2025-12-01,50967.34593517607
FRA,electricity,SARIMA,2026-01-01,55199.69678305928
FRA,electricity,SARIMA,2026-02-01,47132.077873912036
FRA,electricity,SARIMA,2026-03-01,46896.59198706605
FRA,electricity,SARIMA,2026-04-01,40223.98919563989
GBR,electricity,SARIMA,2025-05-01,15477.750948464669
GBR,electricity,SARIMA,2025-06-01,15625.999530267585
GBR,electricity,SARIMA,2025-07-01,16416.483587920546
GBR,electricity,SARIMA,2025-08-01,17015.273029150838
GBR,electricity,SARIMA,2025-09-01,17365.36599109289
GBR,electricity,SARIMA,2025-10-01,19079.88645423875
GBR,electricity,SARIMA,2025-11-01,20595.478252983063
GBR,electricity,SARIMA,2025-12-01,22346.66930020865
GBR,electricity,SARIMA,2026-01-01,23733.512592802206
GBR,electricity,SARIMA,2026-02-01,20261.6564701302
GBR,electricity,SARIMA,2026-03-01,19505.377800298433
GBR,electricity,SARIMA,2026-04-01,18073.34748252242
GRC,electricity,SARIMA,2025-05-01,3500.6676086665525
GRC,electricity,SARIMA,2025-06-01,4338.6507179874325
GRC,electricity,SARIMA,2025-07-01,5572.518042591928
GRC,electricity,SARIMA,2025-08-01,5105.181471196476
GRC,electricity,SARIMA,2025-09-01,4324.783098041593
GRC,electricity,SARIMA,2025-10-01,4171.865111755244
GRC,electricity,SARIMA,2025-11-01,4231.317731666938
GRC,electricity,SARIMA,2025-12-01,4492.339734980758
GRC,electricity,SARIMA,2026-01-01,4773.157269999002
GRC,electricity,SARIMA,2026-02-01,4356.148339021625
GRC,electricity,SARIMA,2026-03-01,4129.14429802329
GRC,electricity,SARIMA,2026-04-01,3800.983727781996
HRV,electricity,SARIMA,2025-05-01,1136.1808878047304
HRV,electricity,SARIMA,2025-06-01,1009.9198638010529
HRV,electricity,SARIMA,2025-07-01,1171.9918545240942
HRV,electricity,SARIMA,2025-08-01,1166.4125652963262
HRV,electricity,SARIMA,2025-09-01,1062.413233271541
HRV,electricity,SARIMA,2025-10-01,1130.4577775422401
HRV,electricity,SARIMA,2025-11-01,1283.3893139365766
HRV,electricity,SARIMA,2025-12-01,1368.0889956404164
HRV,electricity,SARIMA,2026-01-01,1356.9133991618685
HRV,electricity,SARIMA,2026-02-01,1102.1098288743683
HRV,electricity,SARIMA,2026-03-01,1319.2584508605316
HRV,electricity,SARIMA,2026-04-01,1116.4075094659904
HUN,electricity,SARIMA,2025-05-01,2955.191340237626
HUN,electricity,SARIMA,2025-06-01,2973.6708176592138
HUN,electricity,SARIMA,2025-07-01,3354.2334918968886
HUN,electricity,SARIMA,2025-08-01,3220.3466052092317
HUN,electricity,SARIMA,2025-09-01,2970.4683622180664
HUN,electricity,SARIMA,2025-10-01,3029.5330382703783
HUN,electricity,SARIMA,2025-11-01,2958.505789329449
HUN,electricity,SARIMA,2025-12-01,2795.8205614018875
HUN,electricity,SARIMA,2026-01-01,3167.702365340456
HUN,electricity,SARIMA,2026-02-01,2897.3979437598045
HUN,electricity,SARIMA,2026-03-01,3040.2002284309706
HUN,electricity,SARIMA,2026-04-01,3274.196224323443
IND|delhi,electricity,SARIMA,2024-12-01,220.92369186312246
IND|delhi,electricity,SARIMA,2025-01-01,338.0170849384503
IND|delhi,electricity,SARIMA,2025-02-01,277.8384032074282
IND|delhi,electricity,SARIMA,2025-03-01,175.14450270114943
IND|delhi,electricity,SARIMA,2025-04-01,241.68908664280255
IND|delhi,electricity,SARIMA,2025-05-01,532.459188085179
IND|delhi,electricity,SARIMA,2025-06-01,568.0944190992484
IND|delhi,electricity,SARIMA,2025-07-01,389.3381281833796
IND|delhi,electricity,SARIMA,2025-08-01,471.115540378437
IND|delhi,electricity,SARIMA,2025-09-01,382.27266640127675
IND|delhi,electricity,SARIMA,2025-10-01,416.09493055236993
IND|delhi,electricity,SARIMA,2025-11-01,197.89953724079166
IND|gujarat,electricity,SARIMA,2024-12-01,11380.500054138853
IND|gujarat,electricity,SARIMA,2025-01-01,11779.182868645736
IND|gujarat,electricity,SARIMA,2025-02-01,10851.512973757684
IND|gujarat,electricity,SARIMA,2025-03-01,11355.465393508264
IND|gujarat,electricity,SARIMA,2025-04-01,13652.750349071375
IND|gujarat,electricity,SARIMA,2025-05-01,16261.60482374232
IND|gujarat,electricity,SARIMA,2025-06-01,14672.576090236733
IND|gujarat,electricity,SARIMA,2025-07-01,13438.07953192091
IND|gujarat,electricity,SARIMA,2025-08-01,15860.38852026028
IND|gujarat,electricity,SARIMA,2025-09-01,13675.921475494586
IND|gujarat,electricity,SARIMA,2025-10-01,14619.699321427972
IND|gujarat,electricity,SARIMA,2025-11-01,11861.862704554233
IND|karnataka,electricity,SARIMA,2024-12-01,7807.574039158407
IND|karnataka,electricity,SARIMA,2025-01-01,8882.182151942883
IND|karnataka,electricity,SARIMA,2025-02-01,8652.236109359732
IND|karnataka,electricity,SARIMA,2025-03-01,8974.431908269236
IND|karnataka,electricity,SARIMA,2025-04-01,8728.643394922852
IND|karnataka,electricity,SARIMA,2025-05-01,8503.153332759328
IND|karnataka,electricity,SARIMA,2025-06-01,8815.11171214148
IND|karnataka,electricity,SARIMA,2025-07-01,9097.293392680853
IND|karnataka,electricity,SARIMA,2025-08-01,9170.490325265273
IND|karnataka,electricity,SARIMA,2025-09-01,8673.791349265333
IND|karnataka,electricity,SARIMA,2025-10-01,8504.707395374702
IND|karnataka,electricity,SARIMA,2025-11-01,7964.660598257191
IND|kerala,electricity,SARIMA,2024-12-01,621.2412937826613
IND|kerala,electricity,SARIMA,2025-01-01,620.3915687482296
IND|kerala,electricity,SARIMA,2025-02-01,586.495823948516
IND|kerala,electricity,SARIMA,2025-03-01,595.2513156471496
IND|kerala,electricity,SARIMA,2025-04-01,723.1264164339391
IND|kerala,electricity,SARIMA,2025-05-01,767.9962753736736
IND|kerala,electricity,SARIMA,2025-06-01,700.9196756617496
IND|kerala,electricity,SARIMA,2025-07-01,772.3751492714316
IND|kerala,electricity,SARIMA,2025-08-01,834.4103794331197
IND|kerala,electricity,SARIMA,2025-09-01,650.4102016010465
IND|kerala,electricity,SARIMA,2025-10-01,659.1866408913954
IND|kerala,electricity,SARIMA,2025-11-01,537.967680062264
IND|maharashtra,electricity,SARIMA,2024-12-01,14097.250050927772
IND|maharashtra,electricity,SARIMA,2025-01-01,15244.87835529082
IND|maharashtra,electricity,SARIMA,2025-02-01,15153.57581580431
IND|maharashtra,electricity,SARIMA,2025-03-01,16056.115843799857
IND|maharashtra,electricity,SARIMA,2025-04-01,15923.194943845147
IND|maharashtra,electricity,SARIMA,2025-05-01,16559.815130263934
IND|maharashtra,electricity,SARIMA,2025-06-01,15298.283984298381
IND|maharashtra,electricity,SARIMA,2025-07-01,14605.491032149006
IND|maharashtra,electricity,SARIMA,2025-08-01,14793.642315562596
IND|maharashtra,electricity,SARIMA,2025-09-01,14176.829443045652
IND|maharashtra,electricity,SARIMA,2025-10-01,14661.389224795845
IND|maharashtra,electricity,SARIMA,2025-11-01,14088.105206092047
IND|odisha,electricity,SARIMA,2024-12-01,6792.380736078749
IND|odisha,electricity,SARIMA,2025-01-01,6808.192330982275
IND|odisha,electricity,SARIMA,2025-02-01,6523.017143715426
IND|odisha,electricity,SARIMA,2025-03-01,7011.003128795137
IND|odisha,electricity,SARIMA,2025-04-01,6678.455620646948
IND|odisha,electricity,SARIMA,2025-05-01,6903.826937356774
IND|odisha,electricity,SARIMA,2025-06-01,6191.169809425078
IND|odisha,electricity,SARIMA,2025-07-01,6225.377855584547
IND|odisha,electricity,SARIMA,2025-08-01,6136.8653014726615
IND|odisha,electricity,SARIMA,2025-09-01,6705.533522004612
IND|odisha,electricity,SARIMA,2025-10-01,7496.447949035226
IND|odisha,electricity,SARIMA,2025-11-01,7079.900836820635
IND|rajasthan,electricity,SARIMA,2024-12-01,10886.774803381812
IND|rajasthan,electricity,SARIMA,2025-01-01,11287.253429568513
IND|rajasthan,electricity,SARIMA,2025-02-01,10949.35256656884
IND|rajasthan,electricity,SARIMA,2025-03-01,11563.456943874677
IND|rajasthan,electricity,SARIMA,2025-04-01,11681.11818695864
IND|rajasthan,electricity,SARIMA,2025-05-01,12458.236685923093
IND|rajasthan,electricity,SARIMA,2025-06-01,12539.812251055657
IND|rajasthan,electricity,SARIMA,2025-07-01,11596.199253624882
IND|rajasthan,electricity,SARIMA,2025-08-01,12126.213178456599
IND|rajasthan,electricity,SARIMA,2025-09-01,11688.013105803831
IND|rajasthan,electricity,SARIMA,2025-10-01,11980.378834613352
IND|rajasthan,electricity,SARIMA,2025-11-01,10736.80207018441
IND|tamil nadu,electricity,SARIMA,2024-12-01,9833.309457360912
IND|tamil nadu,electricity,SARIMA,2025-01-01,10547.663979556324
IND|tamil nadu,electricity,SARIMA,2025-02-01,10446.363360035344
IND|tamil nadu,electricity,SARIMA,2025-03-01,11401.426620535385
IND|tamil nadu,electricity,SARIMA,2025-04-01,11336.958864660797
IND|tamil nadu,electricity,SARIMA,2025-05-01,11363.42674805608
IND|tamil nadu,electricity,SARIMA,2025-06-01,12206.694283243001
IND|tamil nadu,electricity,SARIMA,2025-07-01,13455.945632404444
IND|tamil nadu,electricity,SARIMA,2025-08-01,12424.830668328212
IND|tamil nadu,electricity,SARIMA,2025-09-01,13304.344432796719
IND|tamil nadu,electricity,SARIMA,2025-10-01,11417.737984437059
IND|tamil nadu,electricity,SARIMA,2025-11-01,10093.557946705914
IND|telangana,electricity,SARIMA,2024-12-01,5581.47900637092
IND|telangana,electricity,SARIMA,2025-01-01,6249.701127086005
IND|telangana,electricity,SARIMA,2025-02-01,5733.846007189716
IND|telangana,electricity,SARIMA,2025-03-01,6506.798944206366
IND|telangana,electricity,SARIMA,2025-04-01,6120.214236789219
IND|telangana,electricity,SARIMA,2025-05-01,6167.049608322562
IND|telangana,electricity,SARIMA,2025-06-01,5505.899259017171
IND|telangana,electricity,SARIMA,2025-07-01,5298.02230676761
IND|telangana,electricity,SARIMA,2025-08-01,6124.590460903233
IND|telangana,electricity,SARIMA,2025-09-01,5968.574851029277
IND|telangana,electricity,SARIMA,2025-10-01,6712.339829845868
IND|telangana,electricity,SARIMA,2025-11-01,5504.009056271015
IND|uttar pradesh,electricity,SARIMA,2024-12-01,13661.935371991969
IND|uttar pradesh,electricity,SARIMA,2025-01-01,15043.094756586992
IND|uttar pradesh,electricity,SARIMA,2025-02-01,13571.338788069988
IND|uttar pradesh,electricity,SARIMA,2025-03-01,14984.161849869492
IND|uttar pradesh,electricity,SARIMA,2025-04-01,15784.074291361083
IND|uttar pradesh,electricity,SARIMA,2025-05-01,16803.322754430887
IND|uttar pradesh,electricity,SARIMA,2025-06-01,16508.929582206132
IND|uttar pradesh,electricity,SARIMA,2025-07-01,16420.10174940444
IND|uttar pradesh,electricity,SARIMA,2025-08-01,15888.945081010037
IND|uttar pradesh,electricity,SARIMA,2025-09-01,14993.67094739628
IND|uttar pradesh,electricity,SARIMA,2025-10-01,15889.714640642307
IND|uttar pradesh,electricity,SARIMA,2025-11-01,13515.894018797462
IND|west bengal,electricity,SARIMA,2024-12-01,7242.03225010113
IND|west bengal,electricity,SARIMA,2025-01-01,8017.478545433278
IND|west bengal,electricity,SARIMA,2025-02-01,7557.489100784628
IND|west bengal,electricity,SARIMA,2025-03-01,8488.912124536964
IND|west bengal,electricity,SARIMA,2025-04-01,8251.089728522233
IND|west bengal,electricity,SARIMA,2025-05-01,8184.442790166995
IND|west bengal,electricity,SARIMA,2025-06-01,8168.985283573211
IND|west bengal,electricity,SARIMA,2025-07-01,7965.669517494764
IND|west bengal,electricity,SARIMA,2025-08-01,7739.564431251283
IND|west bengal,electricity,SARIMA,2025-09-01,7735.060312861425
IND|west bengal,electricity,SARIMA,2025-10-01,8348.62084662101
IND|west bengal,electricity,SARIMA,2025-11-01,7766.7247422120345
IRL,electricity,SARIMA,2025-04-01,2216.422167606247
IRL,electricity,SARIMA,2025-05-01,2108.0868621751706
IRL,electricity,SARIMA,2025-06-01,1950.4034008785002
IRL,electricity,SARIMA,2025-07-01,2065.481394866299
IRL,electricity,SARIMA,2025-08-01,2091.174883723285
IRL,electricity,SARIMA,2025-09-01,2134.5758735180675
IRL,electricity,SARIMA,2025-10-01,2314.786260278251
IRL,electricity,SARIMA,2025-11-01,2529.152174056217
IRL,electricity,SARIMA,2025-12-01,2643.4687349587757
IRL,electricity,SARIMA,2026-01-01,2757.7667274153264
IRL,electricity,SARIMA,2026-02-01,2433.485694968953
IRL,electricity,SARIMA,2026-03-01,2453.4866105141036
ITA,electricity,SARIMA,2025-05-01,19895.150085436224
ITA,electricity,SARIMA,2025-06-01,21803.383876863933
ITA,electricity,SARIMA,2025-07-01,25787.478344782878
ITA,electricity,SARIMA,2025-08-01,22714.946562005654
ITA,electricity,SARIMA,2025-09-01,21548.418936789778
ITA,electricity,SARIMA,2025-10-01,20372.544850025664
ITA,electricity,SARIMA,2025-11-01,20582.51567994266
ITA,electricity,SARIMA,2025-12-01,20415.912232156854
ITA,electricity,SARIMA,2026-01-01,20938.230242719448
ITA,electricity,SARIMA,2026-02-01,19316.36606324994
ITA,electricity,SARIMA,2026-03-01,20355.631835314838
ITA,electricity,SARIMA,2026-04-01,19210.32142795623
LTU,electricity,SARIMA,2025-05-01,786.3626299699915
LTU,electricity,SARIMA,2025-06-01,769.1753604162933
LTU,electricity,SARIMA,2025-07-01,786.3043927613509
LTU,electricity,SARIMA,2025-08-01,793.7963783750479
LTU,electricity,SARIMA,2025-09-01,808.190080529551
LTU,electricity,SARIMA,2025-10-01,879.4917562391521
LTU,electricity,SARIMA,2025-11-01,816.9761708923415
LTU,electricity,SARIMA,2025-12-01,960.3470509770214
LTU,electricity,SARIMA,2026-01-01,1049.261173948419
LTU,electricity,SARIMA,2026-02-01,881.5466662173525
LTU,electricity,SARIMA,2026-03-01,1009.1472428300801
LTU,electricity,SARIMA,2026-04-01,1035.7759378918843
LUX,electricity,SARIMA,2025-05-01,117.30696233562198
LUX,electricity,SARIMA,2025-06-01,95.71656259678032
LUX,electricity,SARIMA,2025-07-01,99.84191052855887
LUX,electricity,SARIMA,2025-08-01,109.8762014750634
LUX,electricity,SARIMA,2025-09-01,97.90569354708704
LUX,electricity,SARIMA,2025-10-01,109.88937889671631
LUX,electricity,SARIMA,2025-11-01,113.85161680404141
LUX,electricity,SARIMA,2025-12-01,101.87120912604234
LUX,electricity,SARIMA,2026-01-01,121.87128759679345
LUX,electricity,SARIMA,2026-02-01,105.83265567175312
LUX,electricity,SARIMA,2026-03-01,123.9003091406866
LUX,electricity,SARIMA,2026-04-01,127.8616559991806
LVA,electricity,SARIMA,2025-05-01,144.25171105312677
LVA,electricity,SARIMA,2025-06-01,-33.624661216123
LVA,electricity,SARIMA,2025-07-01,2.098458743758343
LVA,electricity,SARIMA,2025-08-01,54.09402333509422
LVA,electricity,SARIMA,2025-09-01,62.91681238779607
LVA,electricity,SARIMA,2025-10-01,5.322395206758763
LVA,electricity,SARIMA,2025-11-01,166.82049131003362
LVA,electricity,SARIMA,2025-12-01,215.40272816914148
LVA,electricity,SARIMA,2026-01-01,451.8389594828048
LVA,electricity,SARIMA,2026-02-01,504.7204120694675
LVA,electricity,SARIMA,2026-03-01,456.10158755643323
LVA,electricity,SARIMA,2026-04-01,329.67174927940715
MKD,electricity,SARIMA,2024-03-01,712.1230813975708
MKD,electricity,SARIMA,2024-04-01,630.2874916673727
MKD,electricity,SARIMA,2024-05-01,500.5174284826182
MKD,electricity,SARIMA,2024-06-01,535.603947595911
MKD,electricity,SARIMA,2024-07-01,567.9292506467746
MKD,electricity,SARIMA,2024-08-01,596.4239240461525
MKD,electricity,SARIMA,2024-09-01,547.9204497223749
MKD,electricity,SARIMA,2024-10-01,573.3423268310438
MKD,electricity,SARIMA,2024-11-01,637.8494403095157
MKD,electricity,SARIMA,2024-12-01,679.5662896246079
MKD,electricity,SARIMA,2025-01-01,730.8310364606332
MKD,electricity,SARIMA,2025-02-01,723.5774516817424
MLT,electricity,SARIMA,2025-04-01,239.3728071912607
MLT,electricity,SARIMA,2025-05-01,253.29525636632292
MLT,electricity,SARIMA,2025-06-01,267.7687385485187
MLT,electricity,SARIMA,2025-07-01,297.81855538063184
MLT,electricity,SARIMA,2025-08-01,306.27619916126605
MLT,electricity,SARIMA,2025-09-01,265.15892750711805
MLT,electricity,SARIMA,2025-10-01,247.83087679159422
MLT,electricity,SARIMA,2025-11-01,230.50250916577468
MLT,electricity,SARIMA,2025-12-01,216.2786738121477
MLT,electricity,SARIMA,2026-01-01,237.83097471643998
MLT,electricity,SARIMA,2026-02-01,227.83097534438045
MLT,electricity,SARIMA,2026-03-01,239.38327322738945
NLD,electricity,SARIMA,2025-05-01,10150.501883485405
NLD,electricity,SARIMA,2025-06-01,10385.141456056916
NLD,electricity,SARIMA,2025-07-01,10427.856125985336
NLD,electricity,SARIMA,2025-08-01,10724.087769196998
NLD,electricity,SARIMA,2025-09-01,10043.619106422642
NLD,electricity,SARIMA,2025-10-01,9933.848558119613
NLD,electricity,SARIMA,2025-11-01,11057.694791990853
NLD,electricity,SARIMA,2025-12-01,11476.452735816094
NLD,electricity,SARIMA,2026-01-01,12265.875634172957
NLD,electricity,SARIMA,2026-02-01,11377.594309096054
NLD,electricity,SARIMA,2026-03-01,11667.88957684744
NLD,electricity,SARIMA,2026-04-01,10688.411471446067
NOR,electricity,SARIMA,2025-05-01,11663.252226831055
NOR,electricity,SARIMA,2025-06-01,11424.393311659358
NOR,electricity,SARIMA,2025-07-01,11339.509911532388
NOR,electricity,SARIMA,2025-08-01,11665.210779898458
NOR,electricity,SARIMA,2025-09-01,11823.598270310953
NOR,electricity,SARIMA,2025-10-01,13095.339823212957
NOR,electricity,SARIMA,2025-11-01,14419.925972424953
NOR,electricity,SARIMA,2025-12-01,14945.72910328103
NOR,electricity,SARIMA,2026-01-01,16358.700316785702
NOR,electricity,SARIMA,2026-02-01,14981.808407854769
NOR,electricity,SARIMA,2026-03-01,14745.058380223905
NOR,electricity,SARIMA,2026-04-01,12674.745019741036
POL,electricity,SARIMA,2025-05-01,12417.915239487516
POL,electricity,SARIMA,2025-06-01,12241.877085243135
POL,electricity,SARIMA,2025-07-01,12593.822791599363
POL,electricity,SARIMA,2025-08-01,12824.287549347988
POL,electricity,SARIMA,2025-09-01,12757.79158575088
POL,electricity,SARIMA,2025-10-01,13766.614734456762
POL,electricity,SARIMA,2025-11-01,14314.370610732112
POL,electricity,SARIMA,2025-12-01,15052.21420078645
POL,electricity,SARIMA,2026-01-01,15670.181335224543
POL,electricity,SARIMA,2026-02-01,13822.910064006846
POL,electricity,SARIMA,2026-03-01,13987.222078000912
POL,electricity,SARIMA,2026-04-01,12917.441479129355
PRT,electricity,SARIMA,2025-05-01,3430.556351024714
PRT,electricity,SARIMA,2025-06-01,3002.4097079708754
PRT,electricity,SARIMA,2025-07-01,3189.34394234977
PRT,electricity,SARIMA,2025-08-01,3032.4755202428323
PRT,electricity,SARIMA,2025-09-01,2846.7951625656724
PRT,electricity,SARIMA,2025-10-01,3419.3161024662895
PRT,electricity,SARIMA,2025-11-01,3735.469825754243
PRT,electricity,SARIMA,2025-12-01,3488.6378726504363
PRT,electricity,SARIMA,2026-01-01,4324.27735447933
PRT,electricity,SARIMA,2026-02-01,3952.9919069558755
PRT,electricity,SARIMA,2026-03-01,4644.037963864887
PRT,electricity,SARIMA,2026-04-01,3863.4650630367855
ROU,electricity,SARIMA,2025-05-01,3520.698120238943
ROU,electricity,SARIMA,2025-06-01,3782.2189587130733
ROU,electricity,SARIMA,2025-07-01,4140.160652738985
ROU,electricity,SARIMA,2025-08-01,3874.974488732891
ROU,electricity,SARIMA,2025-09-01,3833.9704566520804
ROU,electricity,SARIMA,2025-10-01,4017.4740654064676
ROU,electricity,SARIMA,2025-11-01,4193.615087347714
ROU,electricity,SARIMA,2025-12-01,4557.793562623744
ROU,electricity,SARIMA,2026-01-01,4629.862647306711
ROU,electricity,SARIMA,2026-02-01,4364.242037445586
ROU,electricity,SARIMA,2026-03-01,4464.681597970114
ROU,electricity,SARIMA,2026-04-01,3788.483872835892
SRB,electricity,SARIMA,2025-05-01,2396.978870100228
SRB,electricity,SARIMA,2025-06-01,2397.7402241271543
SRB,electricity,SARIMA,2025-07-01,2674.300893274229
SRB,electricity,SARIMA,2025-08-01,2462.159802250364
SRB,electricity,SARIMA,2025-09-01,2393.5685120501385
SRB,electricity,SARIMA,2025-10-01,2855.082523113646
SRB,electricity,SARIMA,2025-11-01,3139.140414103573
SRB,electricity,SARIMA,2025-12-01,3241.68740846372
SRB,electricity,SARIMA,2026-01-01,3413.352382007318
SRB,electricity,SARIMA,2026-02-01,3175.4594064792695
SRB,electricity,SARIMA,2026-03-01,3131.4109157310827
SRB,electricity,SARIMA,2026-04-01,2665.402800517991
SVK,electricity,SARIMA,2025-05-01,2017.3001866786767
SVK,electricity,SARIMA,2025-06-01,1879.3889725401332
SVK,electricity,SARIMA,2025-07-01,2003.3232194969298
SVK,electricity,SARIMA,2025-08-01,2198.0042899097425
SVK,electricity,SARIMA,2025-09-01,2048.237187773356
SVK,electricity,SARIMA,2025-10-01,2310.5811235709934
SVK,electricity,SARIMA,2025-11-01,2395.6597369759575
SVK,electricity,SARIMA,2025-12-01,2597.613050799615
SVK,electricity,SARIMA,2026-01-01,2686.8317251531157
SVK,electricity,SARIMA,2026-02-01,2452.8083821860937
SVK,electricity,SARIMA,2026-03-01,2432.8083821859805
SVK,electricity,SARIMA,2026-04-01,2039.292416861981
SVN,electricity,SARIMA,2025-05-01,1463.2090023907406
SVN,electricity,SARIMA,2025-06-01,1602.615770145916
SVN,electricity,SARIMA,2025-07-01,1544.0091930824003
SVN,electricity,SARIMA,2025-08-01,1440.5924164213627
SVN,electricity,SARIMA,2025-09-01,1387.556704275942
SVN,electricity,SARIMA,2025-10-01,1376.5317123478767
SVN,electricity,SARIMA,2025-11-01,1350.6282124158927
SVN,electricity,SARIMA,2025-12-01,1410.2587880333729
SVN,electricity,SARIMA,2026-01-01,1426.6476985812117
SVN,electricity,SARIMA,2026-02-01,1334.8473892807765
SVN,electricity,SARIMA,2026-03-01,1534.9563727624668
SVN,electricity,SARIMA,2026-04-01,1235.1883381533846
SWE,electricity,SARIMA,2025-05-01,12704.271221737334
SWE,electricity,SARIMA,2025-06-01,11001.150931017475
SWE,electricity,SARIMA,2025-07-01,11098.783770237449
SWE,electricity,SARIMA,2025-08-01,12274.21286933939
SWE,electricity,SARIMA,2025-09-01,11752.20173090046
SWE,electricity,SARIMA,2025-10-01,14000.821730424725
SWE,electricity,SARIMA,2025-11-01,15349.891936470518
SWE,electricity,SARIMA,2025-12-01,16209.415187919663
SWE,electricity,SARIMA,2026-01-01,16989.563450152502
SWE,electricity,SARIMA,2026-02-01,15613.554214421918
SWE,electricity,SARIMA,2026-03-01,15848.358952436001
SWE,electricity,SARIMA,2026-04-01,13608.198396911272
TUR,electricity,SARIMA,2025-04-01,24889.172924542465
TUR,electricity,SARIMA,2025-05-01,27475.992615448835
TUR,electricity,SARIMA,2025-06-01,28227.245164846263
TUR,electricity,SARIMA,2025-07-01,34256.970544790645
TUR,electricity,SARIMA,2025-08-01,34155.17537102954
TUR,electricity,SARIMA,2025-09-01,29028.371791200738
TUR,electricity,SARIMA,2025-10-01,27609.470315821116
TUR,electricity,SARIMA,2025-11-01,28268.602027389603
TUR,electricity,SARIMA,2025-12-01,30306.093893302175
TUR,electricity,SARIMA,2026-01-01,30501.47994187673
TUR,electricity,SARIMA,2026-02-01,28711.42468978329
TUR,electricity,SARIMA,2026-03-01,28844.005972140585
USA|alabama,electricity,SARIMA,2025-01-01,12478.1515222324
USA|alabama,electricity,SARIMA,2025-02-01,10243.558036321143
USA|alabama,electricity,SARIMA,2025-03-01,10702.459353662509
USA|alabama,electricity,SARIMA,2025-04-01,10442.682695350637
USA|alabama,electricity,SARIMA,2025-05-01,11702.15768429165
USA|alabama,electricity,SARIMA,2025-06-01,12500.569422593135
USA|alabama,electricity,SARIMA,2025-07-01,14026.826345881946
USA|alabama,electricity,SARIMA,2025-08-01,14034.1931440082
USA|alabama,electricity,SARIMA,2025-09-01,11812.440103460884
USA|alabama,electricity,SARIMA,2025-10-01,10798.64018125338
USA|alabama,electricity,SARIMA,2025-11-01,11530.172359937842
USA|alabama,electricity,SARIMA,2025-12-01,12155.283597116942
USA|arizona,electricity,SARIMA,2025-01-01,9643.560203754523
USA|arizona,electricity,SARIMA,2025-02-01,8592.586917506707
USA|arizona,electricity,SARIMA,2025-03-01,8624.12292897491
USA|arizona,electricity,SARIMA,2025-04-01,8543.625162946724
USA|arizona,electricity,SARIMA,2025-05-01,9438.124378061631
USA|arizona,electricity,SARIMA,2025-06-01,11131.021716964573
USA|arizona,electricity,SARIMA,2025-07-01,13295.384132581818
USA|arizona,electricity,SARIMA,2025-08-01,13086.131241042665
USA|arizona,electricity,SARIMA,2025-09-01,11438.143448278888
USA|arizona,electricity,SARIMA,2025-10-01,10583.038966587466
USA|arizona,electricity,SARIMA,2025-11-01,9241.580871714787
USA|arizona,electricity,SARIMA,2025-12-01,9980.401420351187
USA|arkansas,electricity,SARIMA,2025-01-01,5631.483634830382
USA|arkansas,electricity,SARIMA,2025-02-01,3969.046451904258
USA|arkansas,electricity,SARIMA,2025-03-01,4476.430081486042
USA|arkansas,electricity,SARIMA,2025-04-01,3616.011480167394
USA|arkansas,electricity,SARIMA,2025-05-01,4801.397122782616
USA|arkansas,electricity,SARIMA,2025-06-01,5921.751856766757
USA|arkansas,electricity,SARIMA,2025-07-01,6680.366928420318
USA|arkansas,electricity,SARIMA,2025-08-01,6675.927488688169
USA|arkansas,electricity,SARIMA,2025-09-01,5352.181588706478
USA|arkansas,electricity,SARIMA,2025-10-01,4585.753115801383
USA|arkansas,electricity,SARIMA,2025-11-01,4277.842662926597
USA|arkansas,electricity,SARIMA,2025-12-01,4706.71581453678
USA|california,electricity,SARIMA,2025-01-01,19155.084171197006
USA|california,electricity,SARIMA,2025-02-01,17900.713263548627
USA|california,electricity,SARIMA,2025-03-01,19551.560518021488
USA|california,electricity,SARIMA,2025-04-01,19731.807712712754
USA|california,electricity,SARIMA,2025-05-01,20192.6942293283
USA|california,electricity,SARIMA,2025-06-01,21909.957488081443
USA|california,electricity,SARIMA,2025-07-01,28063.0603783069
USA|california,electricity,SARIMA,2025-08-01,26541.210866470687
USA|california,electricity,SARIMA,2025-09-01,22546.631812168052
USA|california,electricity,SARIMA,2025-10-01,21539.82001004376
USA|california,electricity,SARIMA,2025-11-01,18499.648160474164
USA|california,electricity,SARIMA,2025-12-01,19056.637455781576
USA|colorado,electricity,SARIMA,2025-01-01,5101.569560813093
USA|colorado,electricity,SARIMA,2025-02-01,4725.586580690322
USA|colorado,electricity,SARIMA,2025-03-01,4949.220121832324
USA|colorado,electricity,SARIMA,2025-04-01,4321.952888923008
USA|colorado,electricity,SARIMA,2025-05-01,4452.835781915416
USA|colorado,electricity,SARIMA,2025-06-01,5137.028317842673
USA|colorado,electricity,SARIMA,2025-07-01,5920.4853802292455
USA|colorado,electricity,SARIMA,2025-08-01,5751.909312320008
USA|colorado,electricity,SARIMA,2025-09-01,4985.713012389078
USA|colorado,electricity,SARIMA,2025-10-01,4751.870216422817
USA|colorado,electricity,SARIMA,2025-11-01,4850.436506754257
USA|colorado,electricity,SARIMA,2025-12-01,5151.558179361991
USA|connecticut,electricity,SARIMA,2025-01-01,4015.285775113721
USA|connecticut,electricity,SARIMA,2025-02-01,3623.0544352573397
USA|connecticut,electricity,SARIMA,2025-03-01,4038.931609517275
USA|connecticut,electricity,SARIMA,2025-04-01,3299.3946616956514
USA|connecticut,electricity,SARIMA,2025-05-01,3227.2952749583856
USA|connecticut,electricity,SARIMA,2025-06-01,3491.1257104431074
USA|connecticut,electricity,SARIMA,2025-07-01,4564.69758535937
USA|connecticut,electricity,SARIMA,2025-08-01,4374.310769063917
USA|connecticut,electricity,SARIMA,2025-09-01,3776.580781247122
USA|connecticut,electricity,SARIMA,2025-10-01,3378.631964576391
USA|connecticut,electricity,SARIMA,2025-11-01,3463.6880901420054
USA|connecticut,electricity,SARIMA,2025-12-01,3919.037522966366
USA|delaware,electricity,SARIMA,2025-01-01,408.65722374306904
USA|delaware,electricity,SARIMA,2025-02-01,298.46926955716697
USA|delaware,electricity,SARIMA,2025-03-01,237.66887436372315
USA|delaware,electricity,SARIMA,2025-04-01,411.06977974672196
USA|delaware,electricity,SARIMA,2025-05-01,306.41766640649655
USA|delaware,electricity,SARIMA,2025-06-01,512.308592256659
USA|delaware,electricity,SARIMA,2025-07-01,793.579351157764
USA|delaware,electricity,SARIMA,2025-08-01,524.9728819683567
USA|delaware,electricity,SARIMA,2025-09-01,386.0401347416737
USA|delaware,electricity,SARIMA,2025-10-01,464.043373390331
USA|delaware,electricity,SARIMA,2025-11-01,293.12458107571916
USA|delaware,electricity,SARIMA,2025-12-01,281.9080027700414
USA|florida,electricity,SARIMA,2025-01-01,19875.810919752013
USA|florida,electricity,SARIMA,2025-02-01,17824.33288071414
USA|florida,electricity,SARIMA,2025-03-01,20176.285759598424
USA|florida,electricity,SARIMA,2025-04-01,20998.04941380222
USA|florida,electricity,SARIMA,2025-05-01,24742.783109206517
USA|florida,electricity,SARIMA,2025-06-01,25540.112495523004
USA|florida,electricity,SARIMA,2025-07-01,28267.797580073817
USA|florida,electricity,SARIMA,2025-08-01,28678.39010310072
USA|florida,electricity,SARIMA,2025-09-01,25686.78189812948
USA|florida,electricity,SARIMA,2025-10-01,22429.487132604845
USA|florida,electricity,SARIMA,2025-11-01,20142.825377562953
USA|florida,electricity,SARIMA,2025-12-01,19434.817145225163
USA|georgia,electricity,SARIMA,2025-01-01,12304.047299219363
USA|georgia,electricity,SARIMA,2025-02-01,10157.978518997188
USA|georgia,electricity,SARIMA,2025-03-01,10482.574845785177
USA|georgia,electricity,SARIMA,2025-04-01,10884.17887984113
USA|georgia,electricity,SARIMA,2025-05-01,12942.06080462818
USA|georgia,electricity,SARIMA,2025-06-01,13421.409648508778
USA|georgia,electricity,SARIMA,2025-07-01,14567.880063401835
USA|georgia,electricity,SARIMA,2025-08-01,15458.42366685115
USA|georgia,electricity,SARIMA,2025-09-01,12092.399474936472
USA|georgia,electricity,SARIMA,2025-10-01,11673.080157813365
USA|georgia,electricity,SARIMA,2025-11-01,10814.233151569142
USA|georgia,electricity,SARIMA,2025-12-01,12102.547918886634
USA|idaho,electricity,SARIMA,2025-01-01,1580.5991444655638
USA|idaho,electricity,SARIMA,2025-02-01,1395.4793479291036
USA|idaho,electricity,SARIMA,2025-03-01,1459.2041532912722
USA|idaho,electricity,SARIMA,2025-04-01,1225.7829159264961
USA|idaho,electricity,SARIMA,2025-05-01,1316.8494841086992
USA|idaho,electricity,SARIMA,2025-06-01,1565.6136407561023
USA|idaho,electricity,SARIMA,2025-07-01,1671.993602310694
USA|idaho,electricity,SARIMA,2025-08-01,1596.0590183511729
USA|idaho,electricity,SARIMA,2025-09-01,1304.5039131858073
USA|idaho,electricity,SARIMA,2025-10-01,1191.7326055276337
USA|idaho,electricity,SARIMA,2025-11-01,1492.9556158927103
USA|idaho,electricity,SARIMA,2025-12-01,1560.22070786115
USA|illinois,electricity,SARIMA,2025-01-01,16508.458418779377
USA|illinois,electricity,SARIMA,2025-02-01,14653.018564301969
USA|illinois,electricity,SARIMA,2025-03-01,15063.747576358583
USA|illinois,electricity,SARIMA,2025-04-01,14051.509787473373
USA|illinois,electricity,SARIMA,2025-05-01,14350.40746645497
USA|illinois,electricity,SARIMA,2025-06-01,16231.9232395885
USA|illinois,electricity,SARIMA,2025-07-01,17688.254256113698
USA|illinois,electricity,SARIMA,2025-08-01,17444.599803311892
USA|illinois,electricity,SARIMA,2025-09-01,14865.591934380232
USA|illinois,electricity,SARIMA,2025-10-01,15664.94608172704
USA|illinois,electricity,SARIMA,2025-11-01,15069.354566038228
USA|illinois,electricity,SARIMA,2025-12-01,16546.3287313686
USA|indiana,electricity,SARIMA,2025-01-01,9542.816032204677
USA|indiana,electricity,SARIMA,2025-02-01,7651.835645533041
USA|indiana,electricity,SARIMA,2025-03-01,7563.093552318616
USA|indiana,electricity,SARIMA,2025-04-01,6725.88360586699
USA|indiana,electricity,SARIMA,2025-05-01,6839.784237438961
USA|indiana,electricity,SARIMA,2025-06-01,8659.188506247112
USA|indiana,electricity,SARIMA,2025-07-01,9550.631456510006
USA|indiana,electricity,SARIMA,2025-08-01,9249.038383451734
USA|indiana,electricity,SARIMA,2025-09-01,7145.85019564518
USA|indiana,electricity,SARIMA,2025-10-01,7274.944761709992
USA|indiana,electricity,SARIMA,2025-11-01,7602.248822912514
USA|indiana,electricity,SARIMA,2025-12-01,8936.732822067694
USA|iowa,electricity,SARIMA,2025-01-01,6088.816600395457
USA|iowa,electricity,SARIMA,2025-02-01,5773.339473530955
USA|iowa,electricity,SARIMA,2025-03-01,6449.121784672343
USA|iowa,electricity,SARIMA,2025-04-01,5912.482400956401
USA|iowa,electricity,SARIMA,2025-05-01,5674.395600592564
USA|iowa,electricity,SARIMA,2025-06-01,5576.749265948494
USA|iowa,electricity,SARIMA,2025-07-01,5594.219995742821
USA|iowa,electricity,SARIMA,2025-08-01,5869.022233549494
USA|iowa,electricity,SARIMA,2025-09-01,5447.334301940129
USA|iowa,electricity,SARIMA,2025-10-01,5934.877039859028
USA|iowa,electricity,SARIMA,2025-11-01,5914.363268924633
USA|iowa,electricity,SARIMA,2025-12-01,6158.872313566909
USA|kansas,electricity,SARIMA,2025-01-01,5212.180813696163
USA|kansas,electricity,SARIMA,2025-02-01,4532.671071231928
USA|kansas,electricity,SARIMA,2025-03-01,5128.306595050053
USA|kansas,electricity,SARIMA,2025-04-01,4156.669878603847
USA|kansas,electricity,SARIMA,2025-05-01,4510.586338994501
USA|kansas,electricity,SARIMA,2025-06-01,5118.153756041768
USA|kansas,electricity,SARIMA,2025-07-01,5639.817866559158
USA|kansas,electricity,SARIMA,2025-08-01,5706.643108866063
USA|kansas,electricity,SARIMA,2025-09-01,5051.485020242983
USA|kansas,electricity,SARIMA,2025-10-01,4984.444226238092
USA|kansas,electricity,SARIMA,2025-11-01,4830.671635635049
USA|kansas,electricity,SARIMA,2025-12-01,5174.803596128818
USA|kentucky,electricity,SARIMA,2025-01-01,6222.508252236434
USA|kentucky,electricity,SARIMA,2025-02-01,4739.859311520848
USA|kentucky,electricity,SARIMA,2025-03-01,4585.7461849025685
USA|kentucky,electricity,SARIMA,2025-04-01,4296.906849494376
USA|kentucky,electricity,SARIMA,2025-05-01,5214.967210613179
USA|kentucky,electricity,SARIMA,2025-06-01,5664.205503979207
USA|kentucky,electricity,SARIMA,2025-07-01,6840.604037148507
USA|kentucky,electricity,SARIMA,2025-08-01,6619.667319280054
USA|kentucky,electricity,SARIMA,2025-09-01,5218.059367915475
USA|kentucky,electricity,SARIMA,2025-10-01,4387.724416555829
USA|kentucky,electricity,SARIMA,2025-11-01,4499.711454887616
USA|kentucky,electricity,SARIMA,2025-12-01,5742.627776954803
USA|louisiana,electricity,SARIMA,2025-01-01,7760.187132947109
USA|louisiana,electricity,SARIMA,2025-02-01,6834.863904613084
USA|louisiana,electricity,SARIMA,2025-03-01,7000.29802063565
USA|louisiana,electricity,SARIMA,2025-04-01,6798.150812438008
USA|louisiana,electricity,SARIMA,2025-05-01,8283.863722339807
USA|louisiana,electricity,SARIMA,2025-06-01,8955.093037002587
USA|louisiana,electricity,SARIMA,2025-07-01,10071.948025976459
USA|louisiana,electricity,SARIMA,2025-08-01,10359.399114941494
USA|louisiana,electricity,SARIMA,2025-09-01,8702.202135362411
USA|louisiana,electricity,SARIMA,2025-10-01,7672.8974624644125
USA|louisiana,electricity,SARIMA,2025-11-01,7780.321172019751
USA|louisiana,electricity,SARIMA,2025-12-01,7769.168581807731
USA|maine,electricity,SARIMA,2025-01-01,1176.7965550089848
USA|maine,electricity,SARIMA,2025-02-01,1050.6948414035792
USA|maine,electricity,SARIMA,2025-03-01,1221.8841944676765
USA|maine,electricity,SARIMA,2025-04-01,1070.0548672452815
USA|maine,electricity,SARIMA,2025-05-01,1127.6248709141983
USA|maine,electricity,SARIMA,2025-06-01,1142.8059310455944
USA|maine,electricity,SARIMA,2025-07-01,1288.4414479391646
USA|maine,electricity,SARIMA,2025-08-01,1237.8751519273749
USA|maine,electricity,SARIMA,2025-09-01,1113.5746408397245
USA|maine,electricity,SARIMA,2025-10-01,1132.6519889929807
USA|maine,electricity,SARIMA,2025-11-01,1186.4424168370138
USA|maine,electricity,SARIMA,2025-12-01,1137.860037513213
USA|maryland,electricity,SARIMA,2025-01-01,3026.4646161371334
USA|maryland,electricity,SARIMA,2025-02-01,2205.711316879439
USA|maryland,electricity,SARIMA,2025-03-01,2916.919578167791
USA|maryland,electricity,SARIMA,2025-04-01,3484.6380301242248
USA|maryland,electricity,SARIMA,2025-05-01,3079.0179809825167
USA|maryland,electricity,SARIMA,2025-06-01,3092.732191978194
USA|maryland,electricity,SARIMA,2025-07-01,3861.4795218827026
USA|maryland,electricity,SARIMA,2025-08-01,3569.0315698154814
USA|maryland,electricity,SARIMA,2025-09-01,2877.688840164863
USA|maryland,electricity,SARIMA,2025-10-01,3241.1873231512445
USA|maryland,electricity,SARIMA,2025-11-01,2599.8984495776563
USA|maryland,electricity,SARIMA,2025-12-01,3011.5391491072055
USA|massachusetts,electricity,SARIMA,2025-01-01,2089.322775458185
USA|massachusetts,electricity,SARIMA,2025-02-01,1941.4468828754893
USA|massachusetts,electricity,SARIMA,2025-03-01,1991.1155931326725
USA|massachusetts,electricity,SARIMA,2025-04-01,1779.4532896607507
USA|massachusetts,electricity,SARIMA,2025-05-01,1842.467408898448
USA|massachusetts,electricity,SARIMA,2025-06-01,2038.973267308837
USA|massachusetts,electricity,SARIMA,2025-07-01,2849.551957678271
USA|massachusetts,electricity,SARIMA,2025-08-01,2340.5088353569176
USA|massachusetts,electricity,SARIMA,2025-09-01,1891.0260238729377
USA|massachusetts,electricity,SARIMA,2025-10-01,1859.4891062423153
USA|massachusetts,electricity,SARIMA,2025-11-01,1901.4421863576279
USA|massachusetts,electricity,SARIMA,2025-12-01,1968.8295816319633
USA|michigan,electricity,SARIMA,2025-01-01,10710.15905554339
USA|michigan,electricity,SARIMA,2025-02-01,9703.5946548472
USA|michigan,electricity,SARIMA,2025-03-01,9528.706817613578
USA|michigan,electricity,SARIMA,2025-04-01,8980.20414374137
USA|michigan,electricity,SARIMA,2025-05-01,9652.388667816265
USA|michigan,electricity,SARIMA,2025-06-01,10476.511163848769
USA|michigan,electricity,SARIMA,2025-07-01,12032.875137479246
USA|michigan,electricity,SARIMA,2025-08-01,11802.283217162212
USA|michigan,electricity,SARIMA,2025-09-01,10667.160661223768
USA|michigan,electricity,SARIMA,2025-10-01,10084.153960677088
USA|michigan,electricity,SARIMA,2025-11-01,9739.77737652974
USA|michigan,electricity,SARIMA,2025-12-01,10809.087025807914
USA|minnesota,electricity,SARIMA,2025-01-01,5314.2906856654845
USA|minnesota,electricity,SARIMA,2025-02-01,4493.445774533899
USA|minnesota,electricity,SARIMA,2025-03-01,4960.31945940116
USA|minnesota,electricity,SARIMA,2025-04-01,4752.91657212686
USA|minnesota,electricity,SARIMA,2025-05-01,4676.233144326855
USA|minnesota,electricity,SARIMA,2025-06-01,5096.397816612479
USA|minnesota,electricity,SARIMA,2025-07-01,5835.029663233397
USA|minnesota,electricity,SARIMA,2025-08-01,5651.618762536179
USA|minnesota,electricity,SARIMA,2025-09-01,4643.116810895045
USA|minnesota,electricity,SARIMA,2025-10-01,4288.572462879943
USA|minnesota,electricity,SARIMA,2025-11-01,4534.476106992503
USA|minnesota,electricity,SARIMA,2025-12-01,4958.804512107102
USA|mississippi,electricity,SARIMA,2025-01-01,6554.810641245145
USA|mississippi,electricity,SARIMA,2025-02-01,5480.691237430271
USA|mississippi,electricity,SARIMA,2025-03-01,5348.555752606086
USA|mississippi,electricity,SARIMA,2025-04-01,5827.917223528448
USA|mississippi,electricity,SARIMA,2025-05-01,6405.458023119269
USA|mississippi,electricity,SARIMA,2025-06-01,6992.2821005539245
USA|mississippi,electricity,SARIMA,2025-07-01,7942.753285558003
USA|mississippi,electricity,SARIMA,2025-08-01,7891.874383274803
USA|mississippi,electricity,SARIMA,2025-09-01,6749.435760803946
USA|mississippi,electricity,SARIMA,2025-10-01,6058.244422191377
USA|mississippi,electricity,SARIMA,2025-11-01,4957.7932978199005
USA|mississippi,electricity,SARIMA,2025-12-01,5966.40944749439
USA|missouri,electricity,SARIMA,2025-01-01,6471.039010053328
USA|missouri,electricity,SARIMA,2025-02-01,4107.2623201900515
USA|missouri,electricity,SARIMA,2025-03-01,4223.920373132843
USA|missouri,electricity,SARIMA,2025-04-01,4342.737410752823
USA|missouri,electricity,SARIMA,2025-05-01,4937.944841770472
USA|missouri,electricity,SARIMA,2025-06-01,5858.785863640077
USA|missouri,electricity,SARIMA,2025-07-01,6811.502315416141
USA|missouri,electricity,SARIMA,2025-08-01,6546.313538977014
USA|missouri,electricity,SARIMA,2025-09-01,5152.810406845257
USA|missouri,electricity,SARIMA,2025-10-01,4440.562801082169
USA|missouri,electricity,SARIMA,2025-11-01,4336.537682951476
USA|missouri,electricity,SARIMA,2025-12-01,5298.897049627985
USA|montana,electricity,SARIMA,2025-01-01,2567.4377702160136
USA|montana,electricity,SARIMA,2025-02-01,2367.6031202793456
USA|montana,electricity,SARIMA,2025-03-01,2168.7421572332964
USA|montana,electricity,SARIMA,2025-04-01,2004.187159992739
USA|montana,electricity,SARIMA,2025-05-01,1714.6677691117968
USA|montana,electricity,SARIMA,2025-06-01,1798.2766834351987
USA|montana,electricity,SARIMA,2025-07-01,2168.6782572720194
USA|montana,electricity,SARIMA,2025-08-01,2240.652167641154
USA|montana,electricity,SARIMA,2025-09-01,2020.2650753881155
USA|montana,electricity,SARIMA,2025-10-01,1993.1566837099065
USA|montana,electricity,SARIMA,2025-11-01,2370.1152284395325
USA|montana,electricity,SARIMA,2025-12-01,2660.5187332403966
USA|nebraska,electricity,SARIMA,2025-01-01,3588.905968951891
USA|nebraska,electricity,SARIMA,2025-02-01,3212.714682613016
USA|nebraska,electricity,SARIMA,2025-03-01,3258.8178753975744
USA|nebraska,electricity,SARIMA,2025-04-01,2987.9234466188404
USA|nebraska,electricity,SARIMA,2025-05-01,2932.558942787242
USA|nebraska,electricity,SARIMA,2025-06-01,3086.804752467396
USA|nebraska,electricity,SARIMA,2025-07-01,3425.4901159291803
USA|nebraska,electricity,SARIMA,2025-08-01,3703.281472509778
USA|nebraska,electricity,SARIMA,2025-09-01,3413.998177462929
USA|nebraska,electricity,SARIMA,2025-10-01,2968.100945187027
USA|nebraska,electricity,SARIMA,2025-11-01,3142.994568491788
USA|nebraska,electricity,SARIMA,2025-12-01,3561.9356301027556
USA|nevada,electricity,SARIMA,2025-01-01,3623.321277940239
USA|nevada,electricity,SARIMA,2025-02-01,3227.3754612244015
USA|nevada,electricity,SARIMA,2025-03-01,3497.841924028905
USA|nevada,electricity,SARIMA,2025-04-01,3436.6305160119077
USA|nevada,electricity,SARIMA,2025-05-01,3896.733406794564
USA|nevada,electricity,SARIMA,2025-06-01,4162.487983689623
USA|nevada,electricity,SARIMA,2025-07-01,5296.44095007563
USA|nevada,electricity,SARIMA,2025-08-01,4709.666874065046
USA|nevada,electricity,SARIMA,2025-09-01,4093.7963051119964
USA|nevada,electricity,SARIMA,2025-10-01,4038.8624341789364
USA|nevada,electricity,SARIMA,2025-11-01,3203.536911788502
USA|nevada,electricity,SARIMA,2025-12-01,3428.085680719684
USA|new hampshire,electricity,SARIMA,2025-01-01,1492.5873785940826
USA|new hampshire,electricity,SARIMA,2025-02-01,1281.4069493371846
USA|new hampshire,electricity,SARIMA,2025-03-01,1373.056936437017
USA|new hampshire,electricity,SARIMA,2025-04-01,1015.530676122559
USA|new hampshire,electricity,SARIMA,2025-05-01,1235.7664829914697
USA|new hampshire,electricity,SARIMA,2025-06-01,1558.0050619701085
USA|new hampshire,electricity,SARIMA,2025-07-01,1586.3397774837367
USA|new hampshire,electricity,SARIMA,2025-08-01,1602.694315313936
USA|new hampshire,electricity,SARIMA,2025-09-01,1587.9525860635172
USA|new hampshire,electricity,SARIMA,2025-10-01,1216.5795979264417
USA|new hampshire,electricity,SARIMA,2025-11-01,1050.836555639161
USA|new hampshire,electricity,SARIMA,2025-12-01,1356.4148530394043
USA|new jersey,electricity,SARIMA,2025-01-01,5274.058960780818
USA|new jersey,electricity,SARIMA,2025-02-01,4367.509899745127
USA|new jersey,electricity,SARIMA,2025-03-01,4550.011281193677
USA|new jersey,electricity,SARIMA,2025-04-01,4546.295499882979
USA|new jersey,electricity,SARIMA,2025-05-01,4912.595963152728
USA|new jersey,electricity,SARIMA,2025-06-01,5663.526968085117
USA|new jersey,electricity,SARIMA,2025-07-01,7046.526673549159
USA|new jersey,electricity,SARIMA,2025-08-01,6068.435117310599
USA|new jersey,electricity,SARIMA,2025-09-01,5088.7142552861
USA|new jersey,electricity,SARIMA,2025-10-01,4696.131622442763
USA|new jersey,electricity,SARIMA,2025-11-01,4706.7398775341
USA|new jersey,electricity,SARIMA,2025-12-01,4896.904123688762
USA|new mexico,electricity,SARIMA,2025-01-01,3529.1734327111008
USA|new mexico,electricity,SARIMA,2025-02-01,3517.9262664009234
USA|new mexico,electricity,SARIMA,2025-03-01,3635.458074336495
USA|new mexico,electricity,SARIMA,2025-04-01,3042.9721948516844
USA|new mexico,electricity,SARIMA,2025-05-01,3413.2715131927125
USA|new mexico,electricity,SARIMA,2025-06-01,3735.733637375949
USA|new mexico,electricity,SARIMA,2025-07-01,3852.491285239168
USA|new mexico,electricity,SARIMA,2025-08-01,3565.5297304405644
USA|new mexico,electricity,SARIMA,2025-09-01,3310.457118289723
USA|new mexico,electricity,SARIMA,2025-10-01,2989.2301155425957
USA|new mexico,electricity,SARIMA,2025-11-01,2767.4143470438357
USA|new mexico,electricity,SARIMA,2025-12-01,3314.8187785111277
USA|new york,electricity,SARIMA,2025-01-01,11315.777616442661
USA|new york,electricity,SARIMA,2025-02-01,10392.781119794116
USA|new york,electricity,SARIMA,2025-03-01,10159.00062893285
USA|new york,electricity,SARIMA,2025-04-01,9622.027387250151
USA|new york,electricity,SARIMA,2025-05-01,10622.260615028606
USA|new york,electricity,SARIMA,2025-06-01,11619.272104269492
USA|new york,electricity,SARIMA,2025-07-01,13909.69436928354
USA|new york,electricity,SARIMA,2025-08-01,12493.256228365733
USA|new york,electricity,SARIMA,2025-09-01,10717.339343151309
USA|new york,electricity,SARIMA,2025-10-01,10346.595424916668
USA|new york,electricity,SARIMA,2025-11-01,10849.585804269103
USA|new york,electricity,SARIMA,2025-12-01,11222.160655554684
USA|north carolina,electricity,SARIMA,2025-01-01,12054.543349763007
USA|north carolina,electricity,SARIMA,2025-02-01,9821.834238968058
USA|north carolina,electricity,SARIMA,2025-03-01,9892.67937063237
USA|north carolina,electricity,SARIMA,2025-04-01,9422.440916404432
USA|north carolina,electricity,SARIMA,2025-05-01,11087.949703148099
USA|north carolina,electricity,SARIMA,2025-06-01,12333.257192800582
USA|north carolina,electricity,SARIMA,2025-07-01,14341.808458099349
USA|north carolina,electricity,SARIMA,2025-08-01,13970.104374646451
USA|north carolina,electricity,SARIMA,2025-09-01,11012.525767728253
USA|north carolina,electricity,SARIMA,2025-10-01,10008.833271330706
USA|north carolina,electricity,SARIMA,2025-11-01,10459.435017420763
USA|north carolina,electricity,SARIMA,2025-12-01,11791.628699695399
USA|north dakota,electricity,SARIMA,2025-01-01,3988.4068550022603
USA|north dakota,electricity,SARIMA,2025-02-01,3752.388268828998
USA|north dakota,electricity,SARIMA,2025-03-01,3705.9844350002513
USA|north dakota,electricity,SARIMA,2025-04-01,3309.0651570677996
USA|north dakota,electricity,SARIMA,2025-05-01,3032.0543280361107
USA|north dakota,electricity,SARIMA,2025-06-01,3211.280202568621
USA|north dakota,electricity,SARIMA,2025-07-01,3602.0252618585337
USA|north dakota,electricity,SARIMA,2025-08-01,3553.774064204962
USA|north dakota,electricity,SARIMA,2025-09-01,3273.418254581023
USA|north dakota,electricity,SARIMA,2025-10-01,3421.3109627187546
USA|north dakota,electricity,SARIMA,2025-11-01,3804.3441135492644
USA|north dakota,electricity,SARIMA,2025-12-01,4036.2200939493027
USA|ohio,electricity,SARIMA,2025-01-01,13173.462456575062
USA|ohio,electricity,SARIMA,2025-02-01,11203.775122022042
USA|ohio,electricity,SARIMA,2025-03-01,10883.647107620629
USA|ohio,electricity,SARIMA,2025-04-01,9708.508823496795
USA|ohio,electricity,SARIMA,2025-05-01,11066.87087546357
USA|ohio,electricity,SARIMA,2025-06-01,12383.975773688671
USA|ohio,electricity,SARIMA,2025-07-01,14115.023295585144
USA|ohio,electricity,SARIMA,2025-08-01,13651.084443548032
USA|ohio,electricity,SARIMA,2025-09-01,12553.863430903664
USA|ohio,electricity,SARIMA,2025-10-01,10779.502424404289
USA|ohio,electricity,SARIMA,2025-11-01,11947.619082405039
USA|ohio,electricity,SARIMA,2025-12-01,13454.128129007422
USA|oklahoma,electricity,SARIMA,2025-01-01,8236.549898441392
USA|oklahoma,electricity,SARIMA,2025-02-01,7034.0562652256085
USA|oklahoma,electricity,SARIMA,2025-03-01,7262.3832308086985
USA|oklahoma,electricity,SARIMA,2025-04-01,7489.835740859672
USA|oklahoma,electricity,SARIMA,2025-05-01,7802.996554711536
USA|oklahoma,electricity,SARIMA,2025-06-01,8952.013999523853
USA|oklahoma,electricity,SARIMA,2025-07-01,9910.765183729649
USA|oklahoma,electricity,SARIMA,2025-08-01,10265.997490572236
USA|oklahoma,electricity,SARIMA,2025-09-01,8006.331316817986
USA|oklahoma,electricity,SARIMA,2025-10-01,7463.160564103392
USA|oklahoma,electricity,SARIMA,2025-11-01,7148.519403666353
USA|oklahoma,electricity,SARIMA,2025-12-01,7641.06676307949
USA|oregon,electricity,SARIMA,2025-01-01,5679.638878261796
USA|oregon,electricity,SARIMA,2025-02-01,5336.949257599217
USA|oregon,electricity,SARIMA,2025-03-01,5524.756054894835
USA|oregon,electricity,SARIMA,2025-04-01,4755.469463542223
USA|oregon,electricity,SARIMA,2025-05-01,4840.025341787886
USA|oregon,electricity,SARIMA,2025-06-01,5108.490079859721
USA|oregon,electricity,SARIMA,2025-07-01,5467.09358545019
USA|oregon,electricity,SARIMA,2025-08-01,5446.70056553205
USA|oregon,electricity,SARIMA,2025-09-01,4797.502191183744
USA|oregon,electricity,SARIMA,2025-10-01,4513.645585003725
USA|oregon,electricity,SARIMA,2025-11-01,5206.392533984355
USA|oregon,electricity,SARIMA,2025-12-01,5503.697430315564
USA|pennsylvania,electricity,SARIMA,2025-01-01,22421.176149906863
USA|pennsylvania,electricity,SARIMA,2025-02-01,20437.994554558863
USA|pennsylvania,electricity,SARIMA,2025-03-01,20810.864021691872
USA|pennsylvania,electricity,SARIMA,2025-04-01,16592.276207365456
USA|pennsylvania,electricity,SARIMA,2025-05-01,18934.5777440379
USA|pennsylvania,electricity,SARIMA,2025-06-01,21688.47444593671
USA|pennsylvania,electricity,SARIMA,2025-07-01,24533.698778748345
USA|pennsylvania,electricity,SARIMA,2025-08-01,23704.522397420733
USA|pennsylvania,electricity,SARIMA,2025-09-01,19944.41413826672
USA|pennsylvania,electricity,SARIMA,2025-10-01,17492.561663364508
USA|pennsylvania,electricity,SARIMA,2025-11-01,18499.8136746049
USA|pennsylvania,electricity,SARIMA,2025-12-01,21715.22813267529
USA|rhode island,electricity,SARIMA,2025-01-01,736.7572855897996
USA|rhode island,electricity,SARIMA,2025-02-01,642.2755664379615
USA|rhode island,electricity,SARIMA,2025-03-01,699.9421952874673
USA|rhode island,electricity,SARIMA,2025-04-01,692.19523365688
USA|rhode island,electricity,SARIMA,2025-05-01,877.7557342045712
USA|rhode island,electricity,SARIMA,2025-06-01,1019.3168635408325
USA|rhode island,electricity,SARIMA,2025-07-01,1179.661565384564
USA|rhode island,electricity,SARIMA,2025-08-01,1112.9216757556233
USA|rhode island,electricity,SARIMA,2025-09-01,1001.4684786100067
USA|rhode island,electricity,SARIMA,2025-10-01,994.1466212540046
USA|rhode island,electricity,SARIMA,2025-11-01,865.5432250724764
USA|rhode island,electricity,SARIMA,2025-12-01,716.7770180772964
USA|south carolina,electricity,SARIMA,2025-01-01,9036.314736926142
USA|south carolina,electricity,SARIMA,2025-02-01,7988.546201941007
USA|south carolina,electricity,SARIMA,2025-03-01,8211.698665965392
USA|south carolina,electricity,SARIMA,2025-04-01,7706.996050733334
USA|south carolina,electricity,SARIMA,2025-05-01,8207.52577443622
USA|south carolina,electricity,SARIMA,2025-06-01,8838.002473642167
USA|south carolina,electricity,SARIMA,2025-07-01,10058.789451116345
USA|south carolina,electricity,SARIMA,2025-08-01,9925.218279391982
USA|south carolina,electricity,SARIMA,2025-09-01,8583.322025440115
USA|south carolina,electricity,SARIMA,2025-10-01,7912.2769194460325
USA|south carolina,electricity,SARIMA,2025-11-01,7494.650684883181
USA|south carolina,electricity,SARIMA,2025-12-01,8806.215229778973
USA|south dakota,electricity,SARIMA,2025-01-01,1670.455612252053
USA|south dakota,electricity,SARIMA,2025-02-01,1724.4486542635154
USA|south dakota,electricity,SARIMA,2025-03-01,1827.2614647840367
USA|south dakota,electricity,SARIMA,2025-04-01,1774.7623747833786
USA|south dakota,electricity,SARIMA,2025-05-01,1756.5185122883545
USA|south dakota,electricity,SARIMA,2025-06-01,1645.9325660215927
USA|south dakota,electricity,SARIMA,2025-07-01,1708.3301525226475
USA|south dakota,electricity,SARIMA,2025-08-01,1741.591909662518
USA|south dakota,electricity,SARIMA,2025-09-01,1513.4529975121345
USA|south dakota,electricity,SARIMA,2025-10-01,1661.4643660836616
USA|south dakota,electricity,SARIMA,2025-11-01,1775.1046788680144
USA|south dakota,electricity,SARIMA,2025-12-01,1890.718262397191
USA|tennessee,electricity,SARIMA,2025-01-01,7314.407559319922
USA|tennessee,electricity,SARIMA,2025-02-01,6442.90016480443
USA|tennessee,electricity,SARIMA,2025-03-01,6080.344445495319
USA|tennessee,electricity,SARIMA,2025-04-01,5132.703677822217
USA|tennessee,electricity,SARIMA,2025-05-01,6161.0256053236435
USA|tennessee,electricity,SARIMA,2025-06-01,6926.760043414124
USA|tennessee,electricity,SARIMA,2025-07-01,7576.552939965037
USA|tennessee,electricity,SARIMA,2025-08-01,7163.9370317796465
USA|tennessee,electricity,SARIMA,2025-09-01,6416.816445170811
USA|tennessee,electricity,SARIMA,2025-10-01,5299.69605506867
USA|tennessee,electricity,SARIMA,2025-11-01,4893.230034846891
USA|tennessee,electricity,SARIMA,2025-12-01,6480.062697152037
USA|texas,electricity,SARIMA,2025-01-01,47308.23249944274
USA|texas,electricity,SARIMA,2025-02-01,40942.567948789154
USA|texas,electricity,SARIMA,2025-03-01,42944.36367709999
USA|texas,electricity,SARIMA,2025-04-01,42545.46190275893
USA|texas,electricity,SARIMA,2025-05-01,48641.004513133914
USA|texas,electricity,SARIMA,2025-06-01,54507.101009424805
USA|texas,electricity,SARIMA,2025-07-01,57751.6911766967
USA|texas,electricity,SARIMA,2025-08-01,61308.61023017789
USA|texas,electricity,SARIMA,2025-09-01,52980.13297308791
USA|texas,electricity,SARIMA,2025-10-01,48582.16708778637
USA|texas,electricity,SARIMA,2025-11-01,43615.39571263572
USA|texas,electricity,SARIMA,2025-12-01,45632.264610297105
USA|utah,electricity,SARIMA,2025-01-01,3314.4846365610374
USA|utah,electricity,SARIMA,2025-02-01,2748.776237914822
USA|utah,electricity,SARIMA,2025-03-01,2675.6585048870065
USA|utah,electricity,SARIMA,2025-04-01,2313.6367673589934
USA|utah,electricity,SARIMA,2025-05-01,2399.772744929419
USA|utah,electricity,SARIMA,2025-06-01,2730.2565510424447
USA|utah,electricity,SARIMA,2025-07-01,3804.573274664885
USA|utah,electricity,SARIMA,2025-08-01,3673.558467281292
USA|utah,electricity,SARIMA,2025-09-01,3369.394941836993
USA|utah,electricity,SARIMA,2025-10-01,3288.4877844996854
USA|utah,electricity,SARIMA,2025-11-01,2839.028086925407
USA|utah,electricity,SARIMA,2025-12-01,2952.7053125345665
USA|vermont,electricity,SARIMA,2025-01-01,249.79931081673197
USA|vermont,electricity,SARIMA,2025-02-01,243.01120422650166
USA|vermont,electricity,SARIMA,2025-03-01,263.00913159819265
USA|vermont,electricity,SARIMA,2025-04-01,231.6766585009406
USA|vermont,electricity,SARIMA,2025-05-01,221.34379259883855
USA|vermont,electricity,SARIMA,2025-06-01,229.41276159698432
USA|vermont,electricity,SARIMA,2025-07-01,256.49396066211676
USA|vermont,electricity,SARIMA,2025-08-01,263.80250559834167
USA|vermont,electricity,SARIMA,2025-09-01,236.27935296890615
USA|vermont,electricity,SARIMA,2025-10-01,174.33335558635488
USA|vermont,electricity,SARIMA,2025-11-01,235.56653009827107
USA|vermont,electricity,SARIMA,2025-12-01,245.22794153359106
USA|virginia,electricity,SARIMA,2025-01-01,9602.284389663042
USA|virginia,electricity,SARIMA,2025-02-01,8829.998424149348
USA|virginia,electricity,SARIMA,2025-03-01,8534.90744560511
USA|virginia,electricity,SARIMA,2025-04-01,6841.223452778151
USA|virginia,electricity,SARIMA,2025-05-01,7219.347289995217
USA|virginia,electricity,SARIMA,2025-06-01,9484.091129451177
USA|virginia,electricity,SARIMA,2025-07-01,10886.842135756135
USA|virginia,electricity,SARIMA,2025-08-01,10903.144410621362
USA|virginia,electricity,SARIMA,2025-09-01,9133.401649021751
USA|virginia,electricity,SARIMA,2025-10-01,7828.8751660946655
USA|virginia,electricity,SARIMA,2025-11-01,7624.120204176221
USA|virginia,electricity,SARIMA,2025-12-01,8992.371037929137
USA|washington,electricity,SARIMA,2025-01-01,8986.991097644608
USA|washington,electricity,SARIMA,2025-02-01,7995.4515935516065
USA|washington,electricity,SARIMA,2025-03-01,8376.9573705121
USA|washington,electricity,SARIMA,2025-04-01,7003.196199665842
USA|washington,electricity,SARIMA,2025-05-01,8854.61218618848
USA|washington,electricity,SARIMA,2025-06-01,8120.227555786944
USA|washington,electricity,SARIMA,2025-07-01,9352.908148648989
USA|washington,electricity,SARIMA,2025-08-01,9046.607608364058
USA|washington,electricity,SARIMA,2025-09-01,6753.6177618808215
USA|washington,electricity,SARIMA,2025-10-01,7051.372034741919
USA|washington,electricity,SARIMA,2025-11-01,8289.778542511807
USA|washington,electricity,SARIMA,2025-12-01,8646.634908472077
USA|washington dc,electricity,SARIMA,2025-01-01,37.89396122849753
USA|washington dc,electricity,SARIMA,2025-02-01,38.957493525103914
USA|washington dc,electricity,SARIMA,2025-03-01,41.71055518409424
USA|washington dc,electricity,SARIMA,2025-04-01,34.68512462950635
USA|washington dc,electricity,SARIMA,2025-05-01,38.26058426055351
USA|washington dc,electricity,SARIMA,2025-06-01,51.15965975439683
USA|washington dc,electricity,SARIMA,2025-07-01,51.35018013713389
USA|washington dc,electricity,SARIMA,2025-08-01,49.281803547472265
USA|washington dc,electricity,SARIMA,2025-09-01,43.582108557257804
USA|washington dc,electricity,SARIMA,2025-10-01,34.48738587780977
USA|washington dc,electricity,SARIMA,2025-11-01,38.208630444807994
USA|washington dc,electricity,SARIMA,2025-12-01,37.34299589778119
USA|west virginia,electricity,SARIMA,2025-01-01,4852.573168134249
USA|west virginia,electricity,SARIMA,2025-02-01,3071.291505995795
USA|west virginia,electricity,SARIMA,2025-03-01,3600.9191516012706
USA|west virginia,electricity,SARIMA,2025-04-01,3532.199453826539
USA|west virginia,electricity,SARIMA,2025-05-01,3733.299707160558
USA|west virginia,electricity,SARIMA,2025-06-01,4843.6273895719005
USA|west virginia,electricity,SARIMA,2025-07-01,4935.075653175907
USA|west virginia,electricity,SARIMA,2025-08-01,4992.509498444399
USA|west virginia,electricity,SARIMA,2025-09-01,3341.411021286626
USA|west virginia,electricity,SARIMA,2025-10-01,2532.1002203669527
USA|west virginia,electricity,SARIMA,2025-11-01,2980.5039580296025
USA|west virginia,electricity,SARIMA,2025-12-01,4050.2302502632283
USA|wisconsin,electricity,SARIMA,2025-01-01,6437.4967345095765
USA|wisconsin,electricity,SARIMA,2025-02-01,5033.631894681611
USA|wisconsin,electricity,SARIMA,2025-03-01,5196.91324886763
USA|wisconsin,electricity,SARIMA,2025-04-01,4282.689614422733
USA|wisconsin,electricity,SARIMA,2025-05-01,5138.474590957682
USA|wisconsin,electricity,SARIMA,2025-06-01,5915.796285432564
USA|wisconsin,electricity,SARIMA,2025-07-01,6992.377686232599
USA|wisconsin,electricity,SARIMA,2025-08-01,6831.417847008476
USA|wisconsin,electricity,SARIMA,2025-09-01,5803.375584829891
USA|wisconsin,electricity,SARIMA,2025-10-01,4750.3560940555035
USA|wisconsin,electricity,SARIMA,2025-11-01,5030.848643157227
USA|wisconsin,electricity,SARIMA,2025-12-01,5848.711189786334
USA|wyoming,electricity,SARIMA,2025-01-01,4127.057750187852
USA|wyoming,electricity,SARIMA,2025-02-01,3401.000306808777
USA|wyoming,electricity,SARIMA,2025-03-01,3173.938882519738
USA|wyoming,electricity,SARIMA,2025-04-01,2734.301097187516
USA|wyoming,electricity,SARIMA,2025-05-01,2645.8786855286717
USA|wyoming,electricity,SARIMA,2025-06-01,3097.964858908869
USA|wyoming,electricity,SARIMA,2025-07-01,3876.35806985611
USA|wyoming,electricity,SARIMA,2025-08-01,3907.1400148953458
USA|wyoming,electricity,SARIMA,2025-09-01,3336.358785564189
USA|wyoming,electricity,SARIMA,2025-10-01,3415.9640119109604
USA|wyoming,electricity,SARIMA,2025-11-01,3607.5022929910233
USA|wyoming,electricity,SARIMA,2025-12-01,4117.231995859047
AUT,carbon,SARIMA,2025-01-01,129.450039931295
AUT,carbon,SARIMA,2025-02-01,111.64938239876979
AUT,carbon,SARIMA,2025-03-01,88.25052713899345
AUT,carbon,SARIMA,2025-04-01,65.41680163212531
AUT,carbon,SARIMA,2025-05-01,38.57150582431952
AUT,carbon,SARIMA,2025-06-01,32.62157516756796
AUT,carbon,SARIMA,2025-07-01,36.68668024314051
AUT,carbon,SARIMA,2025-08-01,37.92125470318517
AUT,carbon,SARIMA,2025-09-01,47.558612984147075
AUT,carbon,SARIMA,2025-10-01,65.96658914951377
AUT,carbon,SARIMA,2025-11-01,124.84781787588297
AUT,carbon,SARIMA,2025-12-01,125.11549876498654
BEL,carbon,SARIMA,2025-01-01,156.55249509443786
BEL,carbon,SARIMA,2025-02-01,151.06383403762445
BEL,carbon,SARIMA,2025-03-01,153.3956875403032
BEL,carbon,SARIMA,2025-04-01,152.62002728431432
BEL,carbon,SARIMA,2025-05-01,150.54517064286063
BEL,carbon,SARIMA,2025-06-01,150.2849464199615
BEL,carbon,SARIMA,2025-07-01,128.19755149610472
BEL,carbon,SARIMA,2025-08-01,140.19848345377073
BEL,carbon,SARIMA,2025-09-01,160.7411799671609
BEL,carbon,SARIMA,2025-10-01,150.60937478487858
BEL,carbon,SARIMA,2025-11-01,161.92901891591055
BEL,carbon,SARIMA,2025-12-01,145.91687179107953
BGR,carbon,SARIMA,2025-01-01,382.6705761790003
BGR,carbon,SARIMA,2025-02-01,324.32922107814255
BGR,carbon,SARIMA,2025-03-01,263.81711027277964
BGR,carbon,SARIMA,2025-04-01,206.84810431410753
BGR,carbon,SARIMA,2025-05-01,222.76868333399162
BGR,carbon,SARIMA,2025-06-01,136.4606372977923
BGR,carbon,SARIMA,2025-07-01,234.93335639828706
BGR,carbon,SARIMA,2025-08-01,208.11918776385266
BGR,carbon,SARIMA,2025-09-01,227.92565437846173
BGR,carbon,SARIMA,2025-10-01,294.8989681962478
BGR,carbon,SARIMA,2025-11-01,383.88130413714384
BGR,carbon,SARIMA,2025-12-01,351.4115180432903
BIH,carbon,SARIMA,2025-01-01,649.2730040228442
BIH,carbon,SARIMA,2025-02-01,578.6236595568696
BIH,carbon,SARIMA,2025-03-01,526.1874647089485
BIH,carbon,SARIMA,2025-04-01,636.3901443580531
BIH,carbon,SARIMA,2025-05-01,570.7288088766209
BIH,carbon,SARIMA,2025-06-01,585.4165331762085
BIH,carbon,SARIMA,2025-07-01,693.886339916596
BIH,carbon,SARIMA,2025-08-01,784.4014804607182
BIH,carbon,SARIMA,2025-09-01,807.4493995205193
BIH,carbon,SARIMA,2025-10-01,731.6041705042112
BIH,carbon,SARIMA,2025-11-01,624.0390967742189
BIH,carbon,SARIMA,2025-12-01,584.2375469569416
CHE,carbon,SARIMA,2025-01-01,51.946421050869745
CHE,carbon,SARIMA,2025-02-01,56.49387052066247
CHE,carbon,SARIMA,2025-03-01,51.38772322540191
CHE,carbon,SARIMA,2025-04-01,49.4336184381055
CHE,carbon,SARIMA,2025-05-01,53.85446721133314
CHE,carbon,SARIMA,2025-06-01,47.21749601591405
CHE,carbon,SARIMA,2025-07-01,41.662026447127204
CHE,carbon,SARIMA,2025-08-01,43.819516166285766
CHE,carbon,SARIMA,2025-09-01,46.026695233341975
CHE,carbon,SARIMA,2025-10-01,48.65564236708637
CHE,carbon,SARIMA,2025-11-01,49.03901636673567
CHE,carbon,SARIMA,2025-12-01,51.224259183208616
CYP,carbon,SARIMA,2025-01-01,575.4133168684851
CYP,carbon,SARIMA,2025-02-01,563.9642526630145
CYP,carbon,SARIMA,2025-03-01,515.5445371613155
CYP,carbon,SARIMA,2025-04-01,491.41466806968884
CYP,carbon,SARIMA,2025-05-01,492.5414868592711
CYP,carbon,SARIMA,2025-06-01,522.9993531848827
CYP,carbon,SARIMA,2025-07-01,543.4497293343885
CYP,carbon,SARIMA,2025-08-01,542.8600172761178
CYP,carbon,SARIMA,2025-09-01,521.9726124104725
CYP,carbon,SARIMA,2025-10-01,511.89858658186483
CYP,carbon,SARIMA,2025-11-01,521.7877661710977
CYP,carbon,SARIMA,2025-12-01,554.6229928246607
CZE,carbon,SARIMA,2025-01-01,428.91870600870004
CZE,carbon,SARIMA,2025-02-01,444.5897988130989
CZE,carbon,SARIMA,2025-03-01,402.7066221116473
CZE,carbon,SARIMA,2025-04-01,395.79339083898407
CZE,carbon,SARIMA,2025-05-01,340.28007081133603
CZE,carbon,SARIMA,2025-06-01,321.02809885295187
CZE,carbon,SARIMA,2025-07-01,342.9638003696428
CZE,carbon,SARIMA,2025-08-01,368.911273680844
CZE,carbon,SARIMA,2025-09-01,398.206025286709
CZE,carbon,SARIMA,2025-10-01,441.3517488790345
CZE,carbon,SARIMA,2025-11-01,483.52266575519735
CZE,carbon,SARIMA,2025-12-01,445.54971151650034
DEU,carbon,SARIMA,2025-01-01,359.879464208278
DEU,carbon,SARIMA,2025-02-01,358.64744651527997
DEU,carbon,SARIMA,2025-03-01,338.92776976240606
DEU,carbon,SARIMA,2025-04-01,306.13986248778383
DEU,carbon,SARIMA,2025-05-01,284.4122612052885
DEU,carbon,SARIMA,2025-06-01,306.1340549635958
DEU,carbon,SARIMA,2025-07-01,281.01477988028824
DEU,carbon,SARIMA,2025-08-01,322.7166853775256
DEU,carbon,SARIMA,2025-09-01,330.53611708369857
DEU,carbon,SARIMA,2025-10-01,357.5194588848841
DEU,carbon,SARIMA,2025-11-01,377.53977269297684
DEU,carbon,SARIMA,2025-12-01,338.48010315981355
DNK,carbon,SARIMA,2025-01-01,182.70986102136
DNK,carbon,SARIMA,2025-02-01,168.48837934992707
DNK,carbon,SARIMA,2025-03-01,173.27447526087283
DNK,carbon,SARIMA,2025-04-01,133.74116441578857
DNK,carbon,SARIMA,2025-05-01,92.6244747494123
DNK,carbon,SARIMA,2025-06-01,119.10650320111264
DNK,carbon,SARIMA,2025-07-01,122.81348309661416
DNK,carbon,SARIMA,2025-08-01,157.2766234402634
DNK,carbon,SARIMA,2025-09-01,116.15425826139426
DNK,carbon,SARIMA,2025-10-01,107.05622220340875
DNK,carbon,SARIMA,2025-11-01,183.02815735538684
DNK,carbon,SARIMA,2025-12-01,155.53520791452573
ESP,carbon,SARIMA,2025-01-01,128.76804421871017
ESP,carbon,SARIMA,2025-02-01,131.0727881944709
ESP,carbon,SARIMA,2025-03-01,109.22462113935742
ESP,carbon,SARIMA,2025-04-01,106.89967319973074
ESP,carbon,SARIMA,2025-05-01,116.94505293514283
ESP,carbon,SARIMA,2025-06-01,133.97948263950468
ESP,carbon,SARIMA,2025-07-01,138.90473877497615
ESP,carbon,SARIMA,2025-08-01,145.51005484172842
ESP,carbon,SARIMA,2025-09-01,148.91474295132062
ESP,carbon,SARIMA,2025-10-01,135.3633866362052
ESP,carbon,SARIMA,2025-11-01,140.4055269423598
ESP,carbon,SARIMA,2025-12-01,147.3740658106889
EST,carbon,SARIMA,2025-01-01,301.16332777267365
EST,carbon,SARIMA,2025-02-01,287.8292554959068
EST,carbon,SARIMA,2025-03-01,249.6335521964039
EST,carbon,SARIMA,2025-04-01,150.86795245551127
EST,carbon,SARIMA,2025-05-01,155.8018931105353
EST,carbon,SARIMA,2025-06-01,172.30103186704673
EST,carbon,SARIMA,2025-07-01,109.92152099964781
EST,carbon,SARIMA,2025-08-01,114.91735139313623
EST,carbon,SARIMA,2025-09-01,145.5595185657807
EST,carbon,SARIMA,2025-10-01,122.45366381188504
EST,carbon,SARIMA,2025-11-01,233.48562329662545
EST,carbon,SARIMA,2025-12-01,239.23940702813178
FIN,carbon,SARIMA,2025-01-01,78.65362951145516
FIN,carbon,SARIMA,2025-02-01,82.17182720502908
FIN,carbon,SARIMA,2025-03-01,91.08002110012984
FIN,carbon,SARIMA,2025-04-01,64.20116544854928
FIN,carbon,SARIMA,2025-05-01,36.418694238320924
FIN,carbon,SARIMA,2025-06-01,20.929608964112372
FIN,carbon,SARIMA,2025-07-01,20.28796798273312
FIN,carbon,SARIMA,2025-08-01,33.032321587213644
FIN,carbon,SARIMA,2025-09-01,25.10942204747864
FIN,carbon,SARIMA,2025-10-01,33.99206474264163
FIN,carbon,SARIMA,2025-11-01,64.84002420351122
FIN,carbon,SARIMA,2025-12-01,74.96789308363068
FRA,carbon,SARIMA,2025-01-01,28.325959936224578
FRA,carbon,SARIMA,2025-02-01,34.448261174868904
FRA,carbon,SARIMA,2025-03-01,25.29277232390579
FRA,carbon,SARIMA,2025-04-01,6.8571617583322855
FRA,carbon,SARIMA,2025-05-01,1.5711742744102222
FRA,carbon,SARIMA,2025-06-01,7.32137202419384
FRA,carbon,SARIMA,2025-07-01,8.365039895469005
FRA,carbon,SARIMA,2025-08-01,8.02111500620798
FRA,carbon,SARIMA,2025-09-01,4.388567741876188
FRA,carbon,SARIMA,2025-10-01,2.009039617860046
FRA,carbon,SARIMA,2025-11-01,18.75346704320904
FRA,carbon,SARIMA,2025-12-01,15.930906516735298
GBR,carbon,SARIMA,2025-01-01,201.34075943295528
GBR,carbon,SARIMA,2025-02-01,190.37885308411362
GBR,carbon,SARIMA,2025-03-01,184.83717147277318
GBR,carbon,SARIMA,2025-04-01,158.94890995679398
GBR,carbon,SARIMA,2025-05-01,191.97124953435272
GBR,carbon,SARIMA,2025-06-01,176.7378060709103
GBR,carbon,SARIMA,2025-07-01,172.83597577713056
GBR,carbon,SARIMA,2025-08-01,159.45746621033646
GBR,carbon,SARIMA,2025-09-01,184.78543104307997
GBR,carbon,SARIMA,2025-10-01,179.72861921027683
GBR,carbon,SARIMA,2025-11-01,220.81826849231334
GBR,carbon,SARIMA,2025-12-01,162.41384440478814
GRC,carbon,SARIMA,2025-01-01,311.0002548422057
GRC,carbon,SARIMA,2025-02-01,335.4429274673648
GRC,carbon,SARIMA,2025-03-01,307.7051879198431
GRC,carbon,SARIMA,2025-04-01,285.9453254087573
GRC,carbon,SARIMA,2025-05-01,253.10357329054563
GRC,carbon,SARIMA,2025-06-01,290.8292449251323
GRC,carbon,SARIMA,2025-07-01,326.8820736728486
GRC,carbon,SARIMA,2025-08-01,284.57286805237516
GRC,carbon,SARIMA,2025-09-01,260.2722438198247
GRC,carbon,SARIMA,2025-10-01,265.4808204327306
GRC,carbon,SARIMA,2025-11-01,298.8152379393085
GRC,carbon,SARIMA,2025-12-01,320.502545478969
HRV,carbon,SARIMA,2025-01-01,174.0342040017504
HRV,carbon,SARIMA,2025-02-01,186.66669051042007
HRV,carbon,SARIMA,2025-03-01,176.20738156865585
HRV,carbon,SARIMA,2025-04-01,145.44630559884015
HRV,carbon,SARIMA,2025-05-01,108.29831718055408
HRV,carbon,SARIMA,2025-06-01,161.0495028771192
HRV,carbon,SARIMA,2025-07-01,222.39070843360594
HRV,carbon,SARIMA,2025-08-01,238.95654136041296
HRV,carbon,SARIMA,2025-09-01,234.9448783523028
HRV,carbon,SARIMA,2025-10-01,239.5732152636596
HRV,carbon,SARIMA,2025-11-01,192.8293313700575
HRV,carbon,SARIMA,2025-12-01,172.32334144509412
HUN,carbon,SARIMA,2025-01-01,216.88061699310214
HUN,carbon,SARIMA,2025-02-01,224.22694027492315
HUN,carbon,SARIMA,2025-03-01,204.94982201961938
HUN,carbon,SARIMA,2025-04-01,168.95960034918153
HUN,carbon,SARIMA,2025-05-01,163.73976419558875
HUN,carbon,SARIMA,2025-06-01,154.45277619592412
HUN,carbon,SARIMA,2025-07-01,156.1297384481385
HUN,carbon,SARIMA,2025-08-01,153.16947519470784
HUN,carbon,SARIMA,2025-09-01,170.49909926501476
HUN,carbon,SARIMA,2025-10-01,174.6342091485587
HUN,carbon,SARIMA,2025-11-01,221.99375959306818
HUN,carbon,SARIMA,2025-12-01,233.05845330689414
IND|delhi,carbon,SARIMA,2024-12-01,357.277109087733
IND|delhi,carbon,SARIMA,2025-01-01,386.76055902392756
IND|delhi,carbon,SARIMA,2025-02-01,379.05943729077137
IND|delhi,carbon,SARIMA,2025-03-01,335.9695039288409
IND|delhi,carbon,SARIMA,2025-04-01,360.0966373775969
IND|delhi,carbon,SARIMA,2025-05-01,410.8075262425252
IND|delhi,carbon,SARIMA,2025-06-01,418.2060651676607
IND|delhi,carbon,SARIMA,2025-07-01,402.2822276161106
IND|delhi,carbon,SARIMA,2025-08-01,415.3464872629171
IND|delhi,carbon,SARIMA,2025-09-01,396.7103814171657
IND|delhi,carbon,SARIMA,2025-10-01,405.5303153289
IND|delhi,carbon,SARIMA,2025-11-01,336.0511712945046
IND|gujarat,carbon,SARIMA,2024-12-01,499.3968403155882
IND|gujarat,carbon,SARIMA,2025-01-01,485.75608649499395
IND|gujarat,carbon,SARIMA,2025-02-01,491.151928761588
IND|gujarat,carbon,SARIMA,2025-03-01,483.8139450357412
IND|gujarat,carbon,SARIMA,2025-04-01,517.8327134786297
IND|gujarat,carbon,SARIMA,2025-05-01,455.9929707672608
IND|gujarat,carbon,SARIMA,2025-06-01,480.7736788963063
IND|gujarat,carbon,SARIMA,2025-07-01,473.8324984822465
IND|gujarat,carbon,SARIMA,2025-08-01,410.19510666670885
IND|gujarat,carbon,SARIMA,2025-09-01,453.9720350441189
IND|gujarat,carbon,SARIMA,2025-10-01,549.2949797353921
IND|gujarat,carbon,SARIMA,2025-11-01,531.6497406289212
IND|karnataka,carbon,SARIMA,2024-12-01,404.2454542824727
IND|karnataka,carbon,SARIMA,2025-01-01,463.4950574546861
IND|karnataka,carbon,SARIMA,2025-02-01,476.30763020565985
IND|karnataka,carbon,SARIMA,2025-03-01,486.17426237434904
IND|karnataka,carbon,SARIMA,2025-04-01,504.5685016746829
IND|karnataka,carbon,SARIMA,2025-05-01,480.65248433965627
IND|karnataka,carbon,SARIMA,2025-06-01,463.9147992304114
IND|karnataka,carbon,SARIMA,2025-07-01,364.185331663662
IND|karnataka,carbon,SARIMA,2025-08-01,367.4166013202925
IND|karnataka,carbon,SARIMA,2025-09-01,382.6236492517427
IND|karnataka,carbon,SARIMA,2025-10-01,461.5708338731542
IND|karnataka,carbon,SARIMA,2025-11-01,446.40073546005397
IND|kerala,carbon,SARIMA,2024-12-01,31.21080829382852
IND|kerala,carbon,SARIMA,2025-01-01,32.52793964751134
IND|kerala,carbon,SARIMA,2025-02-01,30.90890526066834
IND|kerala,carbon,SARIMA,2025-03-01,31.92268125690482
IND|kerala,carbon,SARIMA,2025-04-01,32.21450619020644
IND|kerala,carbon,SARIMA,2025-05-01,30.751973990905142
IND|kerala,carbon,SARIMA,2025-06-01,30.893114274295485
IND|kerala,carbon,SARIMA,2025-07-01,28.714968030637138
IND|kerala,carbon,SARIMA,2025-08-01,28.07702654624128
IND|kerala,carbon,SARIMA,2025-09-01,30.83599137338168
IND|kerala,carbon,SARIMA,2025-10-01,30.439991464091907
IND|kerala,carbon,SARIMA,2025-11-01,31.681845220436852
IND|maharashtra,carbon,SARIMA,2024-12-01,674.063873791491
IND|maharashtra,carbon,SARIMA,2025-01-01,673.0119776764964
IND|maharashtra,carbon,SARIMA,2025-02-01,682.1846453471018
IND|maharashtra,carbon,SARIMA,2025-03-01,680.2101549618479
IND|maharashtra,carbon,SARIMA,2025-04-01,683.8767588523224
IND|maharashtra,carbon,SARIMA,2025-05-01,654.6223088918309
IND|maharashtra,carbon,SARIMA,2025-06-01,655.2423401918538
IND|maharashtra,carbon,SARIMA,2025-07-01,618.7599135729234
IND|maharashtra,carbon,SARIMA,2025-08-01,626.0730779500634
IND|maharashtra,carbon,SARIMA,2025-09-01,649.3625343233632
IND|maharashtra,carbon,SARIMA,2025-10-01,673.9704745298211
IND|maharashtra,carbon,SARIMA,2025-11-01,673.348641698542
IND|odisha,carbon,SARIMA,2024-12-01,771.1582909882563
IND|odisha,carbon,SARIMA,2025-01-01,753.2048293554444
IND|odisha,carbon,SARIMA,2025-02-01,751.0131908205141
IND|odisha,carbon,SARIMA,2025-03-01,760.3982165831388
IND|odisha,carbon,SARIMA,2025-04-01,751.2606353114829
IND|odisha,carbon,SARIMA,2025-05-01,755.4836483056848
IND|odisha,carbon,SARIMA,2025-06-01,748.6402616485133
IND|odisha,carbon,SARIMA,2025-07-01,721.349788830532
IND|odisha,carbon,SARIMA,2025-08-01,693.8114499110152
IND|odisha,carbon,SARIMA,2025-09-01,693.5545736922636
IND|odisha,carbon,SARIMA,2025-10-01,695.1657525781673
IND|odisha,carbon,SARIMA,2025-11-01,749.5587471105048
IND|rajasthan,carbon,SARIMA,2024-12-01,440.39386934759204
IND|rajasthan,carbon,SARIMA,2025-01-01,465.62934939523535
IND|rajasthan,carbon,SARIMA,2025-02-01,434.77237559995575
IND|rajasthan,carbon,SARIMA,2025-03-01,413.9714757557865
IND|rajasthan,carbon,SARIMA,2025-04-01,415.06307553208836
IND|rajasthan,carbon,SARIMA,2025-05-01,397.2655042713069
IND|rajasthan,carbon,SARIMA,2025-06-01,401.11666188836085
IND|rajasthan,carbon,SARIMA,2025-07-01,396.80456826318374
IND|rajasthan,carbon,SARIMA,2025-08-01,395.5250363487387
IND|rajasthan,carbon,SARIMA,2025-09-01,410.79742380196603
IND|rajasthan,carbon,SARIMA,2025-10-01,408.5142252675134
IND|rajasthan,carbon,SARIMA,2025-11-01,433.24029314642803
IND|tamil nadu,carbon,SARIMA,2024-12-01,496.9944140324595
IND|tamil nadu,carbon,SARIMA,2025-01-01,512.4547900375178
IND|tamil nadu,carbon,SARIMA,2025-02-01,554.0526284958495
IND|tamil nadu,carbon,SARIMA,2025-03-01,583.2759952472752
IND|tamil nadu,carbon,SARIMA,2025-04-01,584.9856264947862
IND|tamil nadu,carbon,SARIMA,2025-05-01,541.593020395474
IND|tamil nadu,carbon,SARIMA,2025-06-01,472.3407781813714
IND|tamil nadu,carbon,SARIMA,2025-07-01,397.1214114422414
IND|tamil nadu,carbon,SARIMA,2025-08-01,431.42806168835
IND|tamil nadu,carbon,SARIMA,2025-09-01,412.2899700187343
IND|tamil nadu,carbon,SARIMA,2025-10-01,523.923121956138
IND|tamil nadu,carbon,SARIMA,2025-11-01,517.4933505555206
IND|telangana,carbon,SARIMA,2024-12-01,692.8817585653898
IND|telangana,carbon,SARIMA,2025-01-01,698.2202677386431
IND|telangana,carbon,SARIMA,2025-02-01,688.56505198901
IND|telangana,carbon,SARIMA,2025-03-01,705.8625565747674
IND|telangana,carbon,SARIMA,2025-04-01,709.5475773056877
IND|telangana,carbon,SARIMA,2025-05-01,706.4865389427498
IND|telangana,carbon,SARIMA,2025-06-01,702.1750380574279
IND|telangana,carbon,SARIMA,2025-07-01,701.4380782873114
IND|telangana,carbon,SARIMA,2025-08-01,631.4630631865106
IND|telangana,carbon,SARIMA,2025-09-01,652.2594131145931
IND|telangana,carbon,SARIMA,2025-10-01,647.2284927000755
IND|telangana,carbon,SARIMA,2025-11-01,688.4378688963058
IND|uttar pradesh,carbon,SARIMA,2024-12-01,749.2463030899763
IND|uttar pradesh,carbon,SARIMA,2025-01-01,747.9756895853515
IND|uttar pradesh,carbon,SARIMA,2025-02-01,733.9947301788196
IND|uttar pradesh,carbon,SARIMA,2025-03-01,738.7462574038811
IND|uttar pradesh,carbon,SARIMA,2025-04-01,748.6223858640909
IND|uttar pradesh,carbon,SARIMA,2025-05-01,755.5149671468185
IND|uttar pradesh,carbon,SARIMA,2025-06-01,758.8689501104668
IND|uttar pradesh,carbon,SARIMA,2025-07-01,761.6894206361508
IND|uttar pradesh,carbon,SARIMA,2025-08-01,757.0285523928069
IND|uttar pradesh,carbon,SARIMA,2025-09-01,752.7209522627185
IND|uttar pradesh,carbon,SARIMA,2025-10-01,753.7334945412192
IND|uttar pradesh,carbon,SARIMA,2025-11-01,751.5122504585313
IND|west bengal,carbon,SARIMA,2024-12-01,786.0063848531582
IND|west bengal,carbon,SARIMA,2025-01-01,789.3256581047846
IND|west bengal,carbon,SARIMA,2025-02-01,792.3258216253973
IND|west bengal,carbon,SARIMA,2025-03-01,796.889289506761
IND|west bengal,carbon,SARIMA,2025-04-01,795.0587224760817
IND|west bengal,carbon,SARIMA,2025-05-01,789.8019605831325
IND|west bengal,carbon,SARIMA,2025-06-01,783.9355911540861
IND|west bengal,carbon,SARIMA,2025-07-01,777.3460934308869
IND|west bengal,carbon,SARIMA,2025-08-01,773.7289528225907
IND|west bengal,carbon,SARIMA,2025-09-01,776.1063601656056
IND|west bengal,carbon,SARIMA,2025-10-01,782.4734981464528
IND|west bengal,carbon,SARIMA,2025-11-01,792.3668001430025
IRL,carbon,SARIMA,2025-01-01,264.6794956387386
IRL,carbon,SARIMA,2025-02-01,244.90925759582888
IRL,carbon,SARIMA,2025-03-01,247.93812740444858
IRL,carbon,SARIMA,2025-04-01,267.1232293419332
IRL,carbon,SARIMA,2025-05-01,334.3210579239098
IRL,carbon,SARIMA,2025-06-01,326.841991111444
IRL,carbon,SARIMA,2025-07-01,312.66636365725225
IRL,carbon,SARIMA,2025-08-01,258.90463986116515
IRL,carbon,SARIMA,2025-09-01,298.251402108039
IRL,carbon,SARIMA,2025-10-01,280.3741334411582
IRL,carbon,SARIMA,2025-11-01,280.74715666872595
IRL,carbon,SARIMA,2025-12-01,212.76509807660022
ITA,carbon,SARIMA,2025-01-01,336.6902636136708
ITA,carbon,SARIMA,2025-02-01,334.6221193485869
ITA,carbon,SARIMA,2025-03-01,289.2518772253642
ITA,carbon,SARIMA,2025-04-01,236.7997516795816
ITA,carbon,SARIMA,2025-05-01,217.40391186400296
ITA,carbon,SARIMA,2025-06-01,234.56120751657608
ITA,carbon,SARIMA,2025-07-01,269.5466396325959
ITA,carbon,SARIMA,2025-08-01,268.17735806579987
ITA,carbon,SARIMA,2025-09-01,280.88040216859747
ITA,carbon,SARIMA,2025-10-01,269.84368291456053
ITA,carbon,SARIMA,2025-11-01,282.79177164877575
ITA,carbon,SARIMA,2025-12-01,304.8177477497016
LTU,carbon,SARIMA,2025-01-01,133.682997979018
LTU,carbon,SARIMA,2025-02-01,122.20825406848843
LTU,carbon,SARIMA,2025-03-01,105.00910466822396
LTU,carbon,SARIMA,2025-04-01,130.0654881165841
LTU,carbon,SARIMA,2025-05-01,125.28151191612574
LTU,carbon,SARIMA,2025-06-01,151.87732115862633
LTU,carbon,SARIMA,2025-07-01,121.17330477517766
LTU,carbon,SARIMA,2025-08-01,161.78476773719123
LTU,carbon,SARIMA,2025-09-01,156.64716323106808
LTU,carbon,SARIMA,2025-10-01,154.54561627116988
LTU,carbon,SARIMA,2025-11-01,154.30646783237214
LTU,carbon,SARIMA,2025-12-01,180.95069808517536
LUX,carbon,SARIMA,2025-01-01,125.64586610301198
LUX,carbon,SARIMA,2025-02-01,103.61486729166646
LUX,carbon,SARIMA,2025-03-01,93.69887950129957
LUX,carbon,SARIMA,2025-04-01,76.25659176611015
LUX,carbon,SARIMA,2025-05-01,77.9607771525928
LUX,carbon,SARIMA,2025-06-01,91.24128695793745
LUX,carbon,SARIMA,2025-07-01,83.23304979245334
LUX,carbon,SARIMA,2025-08-01,135.32036847529855
LUX,carbon,SARIMA,2025-09-01,143.05992707718406
LUX,carbon,SARIMA,2025-10-01,134.70216456259777
LUX,carbon,SARIMA,2025-11-01,56.52024129026945
LUX,carbon,SARIMA,2025-12-01,56.449624835426114
LVA,carbon,SARIMA,2025-01-01,139.81157172243283
LVA,carbon,SARIMA,2025-02-01,151.20031932957008
LVA,carbon,SARIMA,2025-03-01,78.93778430743276
LVA,carbon,SARIMA,2025-04-01,20.29780680592716
LVA,carbon,SARIMA,2025-05-01,25.72557567779964
LVA,carbon,SARIMA,2025-06-01,81.18319756192275
LVA,carbon,SARIMA,2025-07-01,79.6109611270677
LVA,carbon,SARIMA,2025-08-01,142.8923707904537
LVA,carbon,SARIMA,2025-09-01,186.8073910835105
LVA,carbon,SARIMA,2025-10-01,140.57080617133073
LVA,carbon,SARIMA,2025-11-01,170.14593571586045
LVA,carbon,SARIMA,2025-12-01,134.61023748966724
MKD,carbon,SARIMA,2024-03-01,609.3610121452508
MKD,carbon,SARIMA,2024-04-01,583.5243854480865
MKD,carbon,SARIMA,2024-05-01,624.5985823625119
MKD,carbon,SARIMA,2024-06-01,676.591093019025
MKD,carbon,SARIMA,2024-07-01,612.8245986119506
MKD,carbon,SARIMA,2024-08-01,614.497363583057
MKD,carbon,SARIMA,2024-09-01,605.9015682853011
MKD,carbon,SARIMA,2024-10-01,666.2641547052668
MKD,carbon,SARIMA,2024-11-01,600.746025481413
MKD,carbon,SARIMA,2024-12-01,587.6810852236382
MKD,carbon,SARIMA,2025-01-01,567.856751321516
MKD,carbon,SARIMA,2025-02-01,627.4462078481722
MLT,carbon,SARIMA,2025-01-01,491.29736395091544
MLT,carbon,SARIMA,2025-02-01,496.94469882819254
MLT,carbon,SARIMA,2025-03-01,468.13162260920836
MLT,carbon,SARIMA,2025-04-01,430.4406902787391
MLT,carbon,SARIMA,2025-05-01,459.543837282098
MLT,carbon,SARIMA,2025-06-01,451.04256330251746
MLT,carbon,SARIMA,2025-07-01,467.1766402853895
MLT,carbon,SARIMA,2025-08-01,481.04329465160777
MLT,carbon,SARIMA,2025-09-01,458.96287705735733
MLT,carbon,SARIMA,2025-10-01,486.77502776326315
MLT,carbon,SARIMA,2025-11-01,478.4720666668529
MLT,carbon,SARIMA,2025-12-01,509.48219936148314
NLD,carbon,SARIMA,2025-01-01,273.0668710032169
NLD,carbon,SARIMA,2025-02-01,265.55308480764324
NLD,carbon,SARIMA,2025-03-01,234.2008061901796
NLD,carbon,SARIMA,2025-04-01,192.54984706304182
NLD,carbon,SARIMA,2025-05-01,169.71435702719242
NLD,carbon,SARIMA,2025-06-01,148.33845928238222
NLD,carbon,SARIMA,2025-07-01,141.13798721086522
NLD,carbon,SARIMA,2025-08-01,181.63389324672457
NLD,carbon,SARIMA,2025-09-01,198.903121524776
NLD,carbon,SARIMA,2025-10-01,222.58732821676276
NLD,carbon,SARIMA,2025-11-01,253.08887276209754
NLD,carbon,SARIMA,2025-12-01,231.81960754559887
NOR,carbon,SARIMA,2025-01-01,26.482095908573058
NOR,carbon,SARIMA,2025-02-01,26.10556881739013
NOR,carbon,SARIMA,2025-03-01,27.164637195955383
NOR,carbon,SARIMA,2025-04-01,28.40529571140597
NOR,carbon,SARIMA,2025-05-01,27.293610813243074
NOR,carbon,SARIMA,2025-06-01,26.424699452700505
NOR,carbon,SARIMA,2025-07-01,28.80512144797308
NOR,carbon,SARIMA,2025-08-01,29.15342630877491
NOR,carbon,SARIMA,2025-09-01,27.95857793546093
NOR,carbon,SARIMA,2025-10-01,27.837863053546556
NOR,carbon,SARIMA,2025-11-01,27.028324511108845
NOR,carbon,SARIMA,2025-12-01,26.94105705300183
POL,carbon,SARIMA,2025-01-01,644.1162924529157
POL,carbon,SARIMA,2025-02-01,621.0302468730935
POL,carbon,SARIMA,2025-03-01,608.0081416366131
POL,carbon,SARIMA,2025-04-01,590.2365531201181
POL,carbon,SARIMA,2025-05-01,571.2479760122629
POL,carbon,SARIMA,2025-06-01,594.0284353886551
POL,carbon,SARIMA,2025-07-01,576.7682311890313
POL,carbon,SARIMA,2025-08-01,588.3073006623534
POL,carbon,SARIMA,2025-09-01,579.3209164466736
POL,carbon,SARIMA,2025-10-01,593.7272594227367
POL,carbon,SARIMA,2025-11-01,634.4722429393953
POL,carbon,SARIMA,2025-12-01,619.5354414693721
PRT,carbon,SARIMA,2025-01-01,64.5286157090336
PRT,carbon,SARIMA,2025-02-01,91.9590930077301
PRT,carbon,SARIMA,2025-03-01,53.21548113308483
PRT,carbon,SARIMA,2025-04-01,51.64432892975038
PRT,carbon,SARIMA,2025-05-01,60.910815062069744
PRT,carbon,SARIMA,2025-06-01,99.75977232892257
PRT,carbon,SARIMA,2025-07-01,113.01542409161642
PRT,carbon,SARIMA,2025-08-01,100.88844406745298
PRT,carbon,SARIMA,2025-09-01,112.46124182837578
PRT,carbon,SARIMA,2025-10-01,60.05122758865733
PRT,carbon,SARIMA,2025-11-01,46.23416326829964
PRT,carbon,SARIMA,2025-12-01,59.16985896548914
ROU,carbon,SARIMA,2025-01-01,247.87062292993778
ROU,carbon,SARIMA,2025-02-01,237.02843779428173
ROU,carbon,SARIMA,2025-03-01,217.4932637512404
ROU,carbon,SARIMA,2025-04-01,172.8377655254342
ROU,carbon,SARIMA,2025-05-01,191.7253698482304
ROU,carbon,SARIMA,2025-06-01,200.38983691643458
ROU,carbon,SARIMA,2025-07-01,235.51147004362335
ROU,carbon,SARIMA,2025-08-01,252.58821047830722
ROU,carbon,SARIMA,2025-09-01,235.76469020817814
ROU,carbon,SARIMA,2025-10-01,248.52554918628186
ROU,carbon,SARIMA,2025-11-01,263.79458379928144
ROU,carbon,SARIMA,2025-12-01,258.87926145692745
SRB,carbon,SARIMA,2025-01-01,697.9807102066112
SRB,carbon,SARIMA,2025-02-01,689.8035173495741
SRB,carbon,SARIMA,2025-03-01,643.8247982602319
SRB,carbon,SARIMA,2025-04-01,625.3079797760688
SRB,carbon,SARIMA,2025-05-01,558.0533825783808
SRB,carbon,SARIMA,2025-06-01,542.8948662072173
SRB,carbon,SARIMA,2025-07-01,725.8856436748503
SRB,carbon,SARIMA,2025-08-01,756.592801818292
SRB,carbon,SARIMA,2025-09-01,763.6414920750009
SRB,carbon,SARIMA,2025-10-01,783.6168544450666
SRB,carbon,SARIMA,2025-11-01,691.612902665798
SRB,carbon,SARIMA,2025-12-01,637.498236511369
SVK,carbon,SARIMA,2025-01-01,105.42729244313531
SVK,carbon,SARIMA,2025-02-01,100.88973057036623
SVK,carbon,SARIMA,2025-03-01,93.61402437644023
SVK,carbon,SARIMA,2025-04-01,70.91057350622471
SVK,carbon,SARIMA,2025-05-01,64.20075754970398
SVK,carbon,SARIMA,2025-06-01,72.82008224039863
SVK,carbon,SARIMA,2025-07-01,76.13416754021486
SVK,carbon,SARIMA,2025-08-01,68.44040212559332
SVK,carbon,SARIMA,2025-09-01,65.76760680597545
SVK,carbon,SARIMA,2025-10-01,72.08823402709659
SVK,carbon,SARIMA,2025-11-01,89.7855913424369
SVK,carbon,SARIMA,2025-12-01,81.31240087504337
SVN,carbon,SARIMA,2025-01-01,252.20402592599834
SVN,carbon,SARIMA,2025-02-01,269.33411025480757
SVN,carbon,SARIMA,2025-03-01,217.3993388546878
SVN,carbon,SARIMA,2025-04-01,231.25132104315307
SVN,carbon,SARIMA,2025-05-01,66.35219501730839
SVN,carbon,SARIMA,2025-06-01,195.15376776720842
SVN,carbon,SARIMA,2025-07-01,189.06621698079863
SVN,carbon,SARIMA,2025-08-01,218.5005517162089
SVN,carbon,SARIMA,2025-09-01,193.26840853466138
SVN,carbon,SARIMA,2025-10-01,272.13509331816533
SVN,carbon,SARIMA,2025-11-01,301.149909186364
SVN,carbon,SARIMA,2025-12-01,255.6634935071915
SWE,carbon,SARIMA,2025-01-01,20.72852386651427
SWE,carbon,SARIMA,2025-02-01,20.776403465069365
SWE,carbon,SARIMA,2025-03-01,24.836979221217753
SWE,carbon,SARIMA,2025-04-01,25.131155831328556
SWE,carbon,SARIMA,2025-05-01,24.54204098499819
SWE,carbon,SARIMA,2025-06-01,21.512909609455384
SWE,carbon,SARIMA,2025-07-01,21.06374844359276
SWE,carbon,SARIMA,2025-08-01,18.65465416810973
SWE,carbon,SARIMA,2025-09-01,18.44156231366073
SWE,carbon,SARIMA,2025-10-01,18.377231961745643
SWE,carbon,SARIMA,2025-11-01,22.590092729357796
SWE,carbon,SARIMA,2025-12-01,22.195904675079582
TUR,carbon,SARIMA,2025-01-01,486.50846243124647
TUR,carbon,SARIMA,2025-02-01,492.3643172448295
TUR,carbon,SARIMA,2025-03-01,476.6979337642228
TUR,carbon,SARIMA,2025-04-01,357.13098782947384
TUR,carbon,SARIMA,2025-05-01,402.83381629353
TUR,carbon,SARIMA,2025-06-01,432.4804979875035
TUR,carbon,SARIMA,2025-07-01,468.4966387161323
TUR,carbon,SARIMA,2025-08-01,492.025090162156
TUR,carbon,SARIMA,2025-09-01,513.6739766119822
TUR,carbon,SARIMA,2025-10-01,521.1538816975789
TUR,carbon,SARIMA,2025-11-01,520.5038848328611
TUR,carbon,SARIMA,2025-12-01,500.00972498040926
USA|alabama,carbon,SARIMA,2025-01-01,322.3670573793351
USA|alabama,carbon,SARIMA,2025-02-01,312.4700872364767
USA|alabama,carbon,SARIMA,2025-03-01,316.50990970453563
USA|alabama,carbon,SARIMA,2025-04-01,322.9020922237546
USA|alabama,carbon,SARIMA,2025-05-01,324.47012101344757
USA|alabama,carbon,SARIMA,2025-06-01,360.8391028152002
USA|alabama,carbon,SARIMA,2025-07-01,364.3664855070032
USA|alabama,carbon,SARIMA,2025-08-01,354.6394501355743
USA|alabama,carbon,SARIMA,2025-09-01,343.10000383660457
USA|alabama,carbon,SARIMA,2025-10-01,316.10190949917717
USA|alabama,carbon,SARIMA,2025-11-01,324.62940636082095
USA|alabama,carbon,SARIMA,2025-12-01,316.83827904687564
USA|arizona,carbon,SARIMA,2025-01-01,301.06717926306544
USA|arizona,carbon,SARIMA,2025-02-01,278.1445168200453
USA|arizona,carbon,SARIMA,2025-03-01,231.01442863822737
USA|arizona,carbon,SARIMA,2025-04-01,265.21344980039265
USA|arizona,carbon,SARIMA,2025-05-01,254.37794992653647
USA|arizona,carbon,SARIMA,2025-06-01,274.3550996459446
USA|arizona,carbon,SARIMA,2025-07-01,318.8474574088994
USA|arizona,carbon,SARIMA,2025-08-01,321.0739174811711
USA|arizona,carbon,SARIMA,2025-09-01,306.16923150908804
USA|arizona,carbon,SARIMA,2025-10-01,329.2775425509433
USA|arizona,carbon,SARIMA,2025-11-01,296.14244555964285
USA|arizona,carbon,SARIMA,2025-12-01,291.15361602764403
USA|arkansas,carbon,SARIMA,2025-01-01,426.2957878289436
USA|arkansas,carbon,SARIMA,2025-02-01,357.44988298637725
USA|arkansas,carbon,SARIMA,2025-03-01,334.14034705461313
USA|arkansas,carbon,SARIMA,2025-04-01,316.1204661249771
USA|arkansas,carbon,SARIMA,2025-05-01,427.27129426224525
USA|arkansas,carbon,SARIMA,2025-06-01,438.9075740444911
USA|arkansas,carbon,SARIMA,2025-07-01,447.22186125436764
USA|arkansas,carbon,SARIMA,2025-08-01,437.58468518865925
USA|arkansas,carbon,SARIMA,2025-09-01,421.66036744758145
USA|arkansas,carbon,SARIMA,2025-10-01,424.25117875620083
USA|arkansas,carbon,SARIMA,2025-11-01,348.3137228062683
USA|arkansas,carbon,SARIMA,2025-12-01,378.68136577862566
USA|california,carbon,SARIMA,2025-01-01,222.96519737873342
USA|california,carbon,SARIMA,2025-02-01,191.67936107312002
USA|california,carbon,SARIMA,2025-03-01,154.24283830065355
USA|california,carbon,SARIMA,2025-04-01,133.2048237545405
USA|california,carbon,SARIMA,2025-05-01,107.23184347133079
USA|california,carbon,SARIMA,2025-06-01,133.77443793062798
USA|california,carbon,SARIMA,2025-07-01,207.2357093209534
USA|california,carbon,SARIMA,2025-08-01,204.8075161059562
USA|california,carbon,SARIMA,2025-09-01,193.6890173083616
USA|california,carbon,SARIMA,2025-10-01,224.53794075556607
USA|california,carbon,SARIMA,2025-11-01,227.63315945477012
USA|california,carbon,SARIMA,2025-12-01,242.63989275903717
USA|colorado,carbon,SARIMA,2025-01-01,417.39224859943687
USA|colorado,carbon,SARIMA,2025-02-01,366.7067875970493
USA|colorado,carbon,SARIMA,2025-03-01,325.5434239479285
USA|colorado,carbon,SARIMA,2025-04-01,273.4552751764849
USA|colorado,carbon,SARIMA,2025-05-01,281.92926368294695
USA|colorado,carbon,SARIMA,2025-06-01,350.95661098478877
USA|colorado,carbon,SARIMA,2025-07-01,391.7694322359741
USA|colorado,carbon,SARIMA,2025-08-01,382.9296612555339
USA|colorado,carbon,SARIMA,2025-09-01,371.3466395808292
USA|colorado,carbon,SARIMA,2025-10-01,349.8137554257129
USA|colorado,carbon,SARIMA,2025-11-01,360.39296748781885
USA|colorado,carbon,SARIMA,2025-12-01,367.8024592954224
USA|connecticut,carbon,SARIMA,2025-01-01,296.9537824572369
USA|connecticut,carbon,SARIMA,2025-02-01,275.4049266962957
USA|connecticut,carbon,SARIMA,2025-03-01,279.24292235615474
USA|connecticut,carbon,SARIMA,2025-04-01,278.0964178184124
USA|connecticut,carbon,SARIMA,2025-05-01,278.07159837970596
USA|connecticut,carbon,SARIMA,2025-06-01,375.03451995440184
USA|connecticut,carbon,SARIMA,2025-07-01,308.97429450250786
USA|connecticut,carbon,SARIMA,2025-08-01,297.67451157098924
USA|connecticut,carbon,SARIMA,2025-09-01,313.93690150971184
USA|connecticut,carbon,SARIMA,2025-10-01,314.09861552456687
USA|connecticut,carbon,SARIMA,2025-11-01,340.9349586356034
USA|connecticut,carbon,SARIMA,2025-12-01,302.024684880237
USA|delaware,carbon,SARIMA,2025-01-01,502.91331380757214
USA|delaware,carbon,SARIMA,2025-02-01,462.2375038912803
USA|delaware,carbon,SARIMA,2025-03-01,453.1413394075588
USA|delaware,carbon,SARIMA,2025-04-01,458.7381761605687
USA|delaware,carbon,SARIMA,2025-05-01,448.7379814514487
USA|delaware,carbon,SARIMA,2025-06-01,467.00036898982023
USA|delaware,carbon,SARIMA,2025-07-01,481.77787053632795
USA|delaware,carbon,SARIMA,2025-08-01,470.8565765996948
USA|delaware,carbon,SARIMA,2025-09-01,463.3529325398497
USA|delaware,carbon,SARIMA,2025-10-01,466.64642185599564
USA|delaware,carbon,SARIMA,2025-11-01,468.2717068243159
USA|delaware,carbon,SARIMA,2025-12-01,494.78549638766975
USA|florida,carbon,SARIMA,2025-01-01,386.8802278152822
USA|florida,carbon,SARIMA,2025-02-01,372.425370658627
USA|florida,carbon,SARIMA,2025-03-01,387.2642588220263
USA|florida,carbon,SARIMA,2025-04-01,385.19115128155704
USA|florida,carbon,SARIMA,2025-05-01,391.5926518387512
USA|florida,carbon,SARIMA,2025-06-01,406.1589065613227
USA|florida,carbon,SARIMA,2025-07-01,412.7106673278468
USA|florida,carbon,SARIMA,2025-08-01,413.0068061100826
USA|florida,carbon,SARIMA,2025-09-01,418.53872875163114
USA|florida,carbon,SARIMA,2025-10-01,406.8347710923716
USA|florida,carbon,SARIMA,2025-11-01,396.88745010188796
USA|florida,carbon,SARIMA,2025-12-01,383.7778390920866
USA|georgia,carbon,SARIMA,2025-01-01,315.8543992770354
USA|georgia,carbon,SARIMA,2025-02-01,308.6101880992997
USA|georgia,carbon,SARIMA,2025-03-01,292.0982841113369
USA|georgia,carbon,SARIMA,2025-04-01,281.9634934305103
USA|georgia,carbon,SARIMA,2025-05-01,290.5749913490479
USA|georgia,carbon,SARIMA,2025-06-01,331.895166617946
USA|georgia,carbon,SARIMA,2025-07-01,350.1103354067101
USA|georgia,carbon,SARIMA,2025-08-01,341.8183924279845
USA|georgia,carbon,SARIMA,2025-09-01,331.8321907180873
USA|georgia,carbon,SARIMA,2025-10-01,279.68990001329706
USA|georgia,carbon,SARIMA,2025-11-01,285.92843440833695
USA|georgia,carbon,SARIMA,2025-12-01,294.35990716117135
USA|idaho,carbon,SARIMA,2025-01-01,184.93349945428977
USA|idaho,carbon,SARIMA,2025-02-01,174.46314999215926
USA|idaho,carbon,SARIMA,2025-03-01,173.944402887573
USA|idaho,carbon,SARIMA,2025-04-01,136.80077715018282
USA|idaho,carbon,SARIMA,2025-05-01,67.15871392739626
USA|idaho,carbon,SARIMA,2025-06-01,165.2012523329399
USA|idaho,carbon,SARIMA,2025-07-01,211.0441310387404
USA|idaho,carbon,SARIMA,2025-08-01,211.66046565761542
USA|idaho,carbon,SARIMA,2025-09-01,220.4712255405621
USA|idaho,carbon,SARIMA,2025-10-01,172.46783629867653
USA|idaho,carbon,SARIMA,2025-11-01,189.88738475517195
USA|idaho,carbon,SARIMA,2025-12-01,196.10847342052938
USA|illinois,carbon,SARIMA,2025-01-01,201.0844418090523
USA|illinois,carbon,SARIMA,2025-02-01,175.54046569150066
USA|illinois,carbon,SARIMA,2025-03-01,157.24342394495636
USA|illinois,carbon,SARIMA,2025-04-01,146.6880646261783
USA|illinois,carbon,SARIMA,2025-05-01,166.74009580879968
USA|illinois,carbon,SARIMA,2025-06-01,208.2946369122104
USA|illinois,carbon,SARIMA,2025-07-01,253.31892895418278
USA|illinois,carbon,SARIMA,2025-08-01,249.533693607318
USA|illinois,carbon,SARIMA,2025-09-01,216.97184832548533
USA|illinois,carbon,SARIMA,2025-10-01,197.20725450382795
USA|illinois,carbon,SARIMA,2025-11-01,165.20686691583205
USA|illinois,carbon,SARIMA,2025-12-01,179.9237369694312
USA|indiana,carbon,SARIMA,2025-01-01,581.7515637972901
USA|indiana,carbon,SARIMA,2025-02-01,532.2779695963401
USA|indiana,carbon,SARIMA,2025-03-01,502.59352540924044
USA|indiana,carbon,SARIMA,2025-04-01,498.68157679103797
USA|indiana,carbon,SARIMA,2025-05-01,522.1928770534805
USA|indiana,carbon,SARIMA,2025-06-01,554.5892443834197
USA|indiana,carbon,SARIMA,2025-07-01,579.2977254093744
USA|indiana,carbon,SARIMA,2025-08-01,583.2824853151365
USA|indiana,carbon,SARIMA,2025-09-01,560.6501313649927
USA|indiana,carbon,SARIMA,2025-10-01,521.0889770200486
USA|indiana,carbon,SARIMA,2025-11-01,530.8806226634307
USA|indiana,carbon,SARIMA,2025-12-01,556.2673516702655
USA|iowa,carbon,SARIMA,2025-01-01,291.7089458807184
USA|iowa,carbon,SARIMA,2025-02-01,174.3999195789366
USA|iowa,carbon,SARIMA,2025-03-01,172.99136183946104
USA|iowa,carbon,SARIMA,2025-04-01,85.87302798177566
USA|iowa,carbon,SARIMA,2025-05-01,236.40586711531344
USA|iowa,carbon,SARIMA,2025-06-01,335.36710870453226
USA|iowa,carbon,SARIMA,2025-07-01,442.43338372780875
USA|iowa,carbon,SARIMA,2025-08-01,398.51800834373324
USA|iowa,carbon,SARIMA,2025-09-01,315.5786492223657
USA|iowa,carbon,SARIMA,2025-10-01,186.53278060817183
USA|iowa,carbon,SARIMA,2025-11-01,203.39430677674008
USA|iowa,carbon,SARIMA,2025-12-01,250.12258118762492
USA|kansas,carbon,SARIMA,2025-01-01,299.9555737561001
USA|kansas,carbon,SARIMA,2025-02-01,163.15971178914722
USA|kansas,carbon,SARIMA,2025-03-01,155.11409038668674
USA|kansas,carbon,SARIMA,2025-04-01,103.19418239238493
USA|kansas,carbon,SARIMA,2025-05-01,203.8373909914175
USA|kansas,carbon,SARIMA,2025-06-01,264.6163051325107
USA|kansas,carbon,SARIMA,2025-07-01,333.1333109167931
USA|kansas,carbon,SARIMA,2025-08-01,340.3011610770405
USA|kansas,carbon,SARIMA,2025-09-01,270.3139622283366
USA|kansas,carbon,SARIMA,2025-10-01,154.76073881693105
USA|kansas,carbon,SARIMA,2025-11-01,172.78213502970894
USA|kansas,carbon,SARIMA,2025-12-01,211.95520235237507
USA|kentucky,carbon,SARIMA,2025-01-01,679.5033576925553
USA|kentucky,carbon,SARIMA,2025-02-01,672.0513485947696
USA|kentucky,carbon,SARIMA,2025-03-01,674.6445639180154
USA|kentucky,carbon,SARIMA,2025-04-01,687.4671716868381
USA|kentucky,carbon,SARIMA,2025-05-01,656.8914560613931
USA|kentucky,carbon,SARIMA,2025-06-01,680.6574456589186
USA|kentucky,carbon,SARIMA,2025-07-01,677.5789990256088
USA|kentucky,carbon,SARIMA,2025-08-01,671.4976166026341
USA|kentucky,carbon,SARIMA,2025-09-01,662.4671808573993
USA|kentucky,carbon,SARIMA,2025-10-01,666.451059597001
USA|kentucky,carbon,SARIMA,2025-11-01,671.6295222278268
USA|kentucky,carbon,SARIMA,2025-12-01,679.5207305608944
USA|louisiana,carbon,SARIMA,2025-01-01,411.15450013542994
USA|louisiana,carbon,SARIMA,2025-02-01,399.55580697813815
USA|louisiana,carbon,SARIMA,2025-03-01,413.1436618248148
USA|louisiana,carbon,SARIMA,2025-04-01,422.5574488173337
USA|louisiana,carbon,SARIMA,2025-05-01,437.33961830620603
USA|louisiana,carbon,SARIMA,2025-06-01,434.60546486462795
USA|louisiana,carbon,SARIMA,2025-07-01,420.26798969840075
USA|louisiana,carbon,SARIMA,2025-08-01,423.9045038094732
USA|louisiana,carbon,SARIMA,2025-09-01,408.3355683286709
USA|louisiana,carbon,SARIMA,2025-10-01,415.13814047639556
USA|louisiana,carbon,SARIMA,2025-11-01,444.6124619241944
USA|louisiana,carbon,SARIMA,2025-12-01,440.70675622773587
USA|maine,carbon,SARIMA,2025-01-01,183.88409140825397
USA|maine,carbon,SARIMA,2025-02-01,160.93651074090246
USA|maine,carbon,SARIMA,2025-03-01,168.17279073465653
USA|maine,carbon,SARIMA,2025-04-01,150.79463651035002
USA|maine,carbon,SARIMA,2025-05-01,174.0139014373826
USA|maine,carbon,SARIMA,2025-06-01,215.92606482684508
USA|maine,carbon,SARIMA,2025-07-01,234.91712266249056
USA|maine,carbon,SARIMA,2025-08-01,211.07752487728763
USA|maine,carbon,SARIMA,2025-09-01,209.87439163978982
USA|maine,carbon,SARIMA,2025-10-01,175.64272965543415
USA|maine,carbon,SARIMA,2025-11-01,179.20838238976967
USA|maine,carbon,SARIMA,2025-12-01,174.1197905675426
USA|maryland,carbon,SARIMA,2025-01-01,230.1485313881903
USA|maryland,carbon,SARIMA,2025-02-01,234.13739206344565
USA|maryland,carbon,SARIMA,2025-03-01,210.07782207893632
USA|maryland,carbon,SARIMA,2025-04-01,235.11461519281562
USA|maryland,carbon,SARIMA,2025-05-01,220.7118707613509
USA|maryland,carbon,SARIMA,2025-06-01,242.17068630625582
USA|maryland,carbon,SARIMA,2025-07-01,314.0753087691279
USA|maryland,carbon,SARIMA,2025-08-01,273.07471381008213
USA|maryland,carbon,SARIMA,2025-09-01,238.61175500386906
USA|maryland,carbon,SARIMA,2025-10-01,254.90885615973858
USA|maryland,carbon,SARIMA,2025-11-01,201.52606131416954
USA|maryland,carbon,SARIMA,2025-12-01,225.51118047783217
USA|massachusetts,carbon,SARIMA,2025-01-01,388.2465918284199
USA|massachusetts,carbon,SARIMA,2025-02-01,370.50580618228344
USA|massachusetts,carbon,SARIMA,2025-03-01,339.2418149465947
USA|massachusetts,carbon,SARIMA,2025-04-01,314.972748098825
USA|massachusetts,carbon,SARIMA,2025-05-01,302.4726523446067
USA|massachusetts,carbon,SARIMA,2025-06-01,322.21292742598666
USA|massachusetts,carbon,SARIMA,2025-07-01,363.2861664605022
USA|massachusetts,carbon,SARIMA,2025-08-01,340.90794997334456
USA|massachusetts,carbon,SARIMA,2025-09-01,329.6147227348341
USA|massachusetts,carbon,SARIMA,2025-10-01,354.46726215255524
USA|massachusetts,carbon,SARIMA,2025-11-01,377.5869146659574
USA|massachusetts,carbon,SARIMA,2025-12-01,390.2754184734617
USA|michigan,carbon,SARIMA,2025-01-01,412.7282072468239
USA|michigan,carbon,SARIMA,2025-02-01,364.61455017907235
USA|michigan,carbon,SARIMA,2025-03-01,351.4882624915153
USA|michigan,carbon,SARIMA,2025-04-01,389.81042116846754
USA|michigan,carbon,SARIMA,2025-05-01,365.9060656543117
USA|michigan,carbon,SARIMA,2025-06-01,401.7140285647964
USA|michigan,carbon,SARIMA,2025-07-01,428.13390909721346
USA|michigan,carbon,SARIMA,2025-08-01,430.6010772618575
USA|michigan,carbon,SARIMA,2025-09-01,423.7520226434458
USA|michigan,carbon,SARIMA,2025-10-01,397.26829313962827
USA|michigan,carbon,SARIMA,2025-11-01,372.6875830983404
USA|michigan,carbon,SARIMA,2025-12-01,390.5709938111388
USA|minnesota,carbon,SARIMA,2025-01-01,367.9349265710282
USA|minnesota,carbon,SARIMA,2025-02-01,246.39526666259255
USA|minnesota,carbon,SARIMA,2025-03-01,239.30896471327264
USA|minnesota,carbon,SARIMA,2025-04-01,212.97062074648875
USA|minnesota,carbon,SARIMA,2025-05-01,233.81352002044522
USA|minnesota,carbon,SARIMA,2025-06-01,310.6933029801371
USA|minnesota,carbon,SARIMA,2025-07-01,355.487425434315
USA|minnesota,carbon,SARIMA,2025-08-01,325.0664773354634
USA|minnesota,carbon,SARIMA,2025-09-01,279.77664874500846
USA|minnesota,carbon,SARIMA,2025-10-01,263.5453999417339
USA|minnesota,carbon,SARIMA,2025-11-01,308.0979144560728
USA|minnesota,carbon,SARIMA,2025-12-01,336.08926818346106
USA|mississippi,carbon,SARIMA,2025-01-01,407.94347625216074
USA|mississippi,carbon,SARIMA,2025-02-01,390.4535908390666
USA|mississippi,carbon,SARIMA,2025-03-01,443.8667580556905
USA|mississippi,carbon,SARIMA,2025-04-01,399.0607912033147
USA|mississippi,carbon,SARIMA,2025-05-01,407.2496562260097
USA|mississippi,carbon,SARIMA,2025-06-01,418.28199230032016
USA|mississippi,carbon,SARIMA,2025-07-01,427.13004103882355
USA|mississippi,carbon,SARIMA,2025-08-01,428.6344062145124
USA|mississippi,carbon,SARIMA,2025-09-01,415.82409268592045
USA|mississippi,carbon,SARIMA,2025-10-01,394.6976438453271
USA|mississippi,carbon,SARIMA,2025-11-01,404.5492912950024
USA|mississippi,carbon,SARIMA,2025-12-01,426.0105333094582
USA|missouri,carbon,SARIMA,2025-01-01,583.6179676555727
USA|missouri,carbon,SARIMA,2025-02-01,495.67476436552784
USA|missouri,carbon,SARIMA,2025-03-01,432.1616939070391
USA|missouri,carbon,SARIMA,2025-04-01,459.3973765797717
USA|missouri,carbon,SARIMA,2025-05-01,537.6080808312341
USA|missouri,carbon,SARIMA,2025-06-01,560.9932189092492
USA|missouri,carbon,SARIMA,2025-07-01,573.6084192030919
USA|missouri,carbon,SARIMA,2025-08-01,567.2585462115441
USA|missouri,carbon,SARIMA,2025-09-01,537.3528939335242
USA|missouri,carbon,SARIMA,2025-10-01,561.3655948735634
USA|missouri,carbon,SARIMA,2025-11-01,499.81453171668164
USA|missouri,carbon,SARIMA,2025-12-01,525.7902011584107
USA|montana,carbon,SARIMA,2025-01-01,358.2749187262696
USA|montana,carbon,SARIMA,2025-02-01,365.0152890715647
USA|montana,carbon,SARIMA,2025-03-01,379.82991399320986
USA|montana,carbon,SARIMA,2025-04-01,348.4762165797297
USA|montana,carbon,SARIMA,2025-05-01,188.80077457182725
USA|montana,carbon,SARIMA,2025-06-01,262.90229488041325
USA|montana,carbon,SARIMA,2025-07-01,388.3605629663707
USA|montana,carbon,SARIMA,2025-08-01,400.31272338751955
USA|montana,carbon,SARIMA,2025-09-01,434.02634392398255
USA|montana,carbon,SARIMA,2025-10-01,407.452806869805
USA|montana,carbon,SARIMA,2025-11-01,360.4011863398009
USA|montana,carbon,SARIMA,2025-12-01,373.96094611739636
USA|nebraska,carbon,SARIMA,2025-01-01,431.6311302243507
USA|nebraska,carbon,SARIMA,2025-02-01,334.6121265130823
USA|nebraska,carbon,SARIMA,2025-03-01,307.27177902629126
USA|nebraska,carbon,SARIMA,2025-04-01,214.80620111902977
USA|nebraska,carbon,SARIMA,2025-05-01,311.15180475987313
USA|nebraska,carbon,SARIMA,2025-06-01,391.1336008085708
USA|nebraska,carbon,SARIMA,2025-07-01,460.53690211910657
USA|nebraska,carbon,SARIMA,2025-08-01,463.3582504149527
USA|nebraska,carbon,SARIMA,2025-09-01,424.2798484294621
USA|nebraska,carbon,SARIMA,2025-10-01,371.14172696865126
USA|nebraska,carbon,SARIMA,2025-11-01,348.5454853568449
USA|nebraska,carbon,SARIMA,2025-12-01,383.73660740641014
USA|nevada,carbon,SARIMA,2025-01-01,341.89380741323316
USA|nevada,carbon,SARIMA,2025-02-01,314.7794999717076
USA|nevada,carbon,SARIMA,2025-03-01,285.8745296045773
USA|nevada,carbon,SARIMA,2025-04-01,236.3136466331173
USA|nevada,carbon,SARIMA,2025-05-01,239.11123454096483
USA|nevada,carbon,SARIMA,2025-06-01,258.8268988464175
USA|nevada,carbon,SARIMA,2025-07-01,310.85516237082396
USA|nevada,carbon,SARIMA,2025-08-01,306.45677128073453
USA|nevada,carbon,SARIMA,2025-09-01,292.1747369803442
USA|nevada,carbon,SARIMA,2025-10-01,295.79832978904614
USA|nevada,carbon,SARIMA,2025-11-01,297.62363911325394
USA|nevada,carbon,SARIMA,2025-12-01,320.76159917895126
USA|new hampshire,carbon,SARIMA,2025-01-01,137.78912867357525
USA|new hampshire,carbon,SARIMA,2025-02-01,122.61238417954
USA|new hampshire,carbon,SARIMA,2025-03-01,105.005517804696
USA|new hampshire,carbon,SARIMA,2025-04-01,240.89562923704858
USA|new hampshire,carbon,SARIMA,2025-05-01,133.92036121844689
USA|new hampshire,carbon,SARIMA,2025-06-01,176.62120202324962
USA|new hampshire,carbon,SARIMA,2025-07-01,167.1712688737296
USA|new hampshire,carbon,SARIMA,2025-08-01,184.06818325745408
USA|new hampshire,carbon,SARIMA,2025-09-01,173.13505076034767
USA|new hampshire,carbon,SARIMA,2025-10-01,255.30631937178106
USA|new hampshire,carbon,SARIMA,2025-11-01,83.6607999938958
USA|new hampshire,carbon,SARIMA,2025-12-01,137.96204828376852
USA|new jersey,carbon,SARIMA,2025-01-01,235.8836691242969
USA|new jersey,carbon,SARIMA,2025-02-01,208.38466092201148
USA|new jersey,carbon,SARIMA,2025-03-01,196.18386107961274
USA|new jersey,carbon,SARIMA,2025-04-01,275.8392038426685
USA|new jersey,carbon,SARIMA,2025-05-01,230.5524483152454
USA|new jersey,carbon,SARIMA,2025-06-01,251.1626800133056
USA|new jersey,carbon,SARIMA,2025-07-01,288.0305881679005
USA|new jersey,carbon,SARIMA,2025-08-01,257.2396774833189
USA|new jersey,carbon,SARIMA,2025-09-01,232.62170512417595
USA|new jersey,carbon,SARIMA,2025-10-01,279.8991005659225
USA|new jersey,carbon,SARIMA,2025-11-01,275.83920437315
USA|new jersey,carbon,SARIMA,2025-12-01,229.99573036919645
USA|new mexico,carbon,SARIMA,2025-01-01,248.58949528880044
USA|new mexico,carbon,SARIMA,2025-02-01,277.86846420410143
USA|new mexico,carbon,SARIMA,2025-03-01,249.76737302382654
USA|new mexico,carbon,SARIMA,2025-04-01,150.83194622677917
USA|new mexico,carbon,SARIMA,2025-05-01,252.49624420520038
USA|new mexico,carbon,SARIMA,2025-06-01,315.52965672619223
USA|new mexico,carbon,SARIMA,2025-07-01,322.60560810011316
USA|new mexico,carbon,SARIMA,2025-08-01,305.01318888504477
USA|new mexico,carbon,SARIMA,2025-09-01,303.70168549748826
USA|new mexico,carbon,SARIMA,2025-10-01,221.58681072641986
USA|new mexico,carbon,SARIMA,2025-11-01,159.83466391838033
USA|new mexico,carbon,SARIMA,2025-12-01,233.82499535637987
USA|new york,carbon,SARIMA,2025-01-01,246.70338486614423
USA|new york,carbon,SARIMA,2025-02-01,241.9078008527938
USA|new york,carbon,SARIMA,2025-03-01,234.93746049150462
USA|new york,carbon,SARIMA,2025-04-01,225.00829813473294
USA|new york,carbon,SARIMA,2025-05-01,229.9870890978487
USA|new york,carbon,SARIMA,2025-06-01,264.9280406455868
USA|new york,carbon,SARIMA,2025-07-01,298.76602777717653
USA|new york,carbon,SARIMA,2025-08-01,280.3112192665178
USA|new york,carbon,SARIMA,2025-09-01,274.2314318372481
USA|new york,carbon,SARIMA,2025-10-01,242.12111231979395
USA|new york,carbon,SARIMA,2025-11-01,251.20047246020437
USA|new york,carbon,SARIMA,2025-12-01,253.09247280873396
USA|north carolina,carbon,SARIMA,2025-01-01,313.4229711359852
USA|north carolina,carbon,SARIMA,2025-02-01,294.9312062193066
USA|north carolina,carbon,SARIMA,2025-03-01,282.8497791450058
USA|north carolina,carbon,SARIMA,2025-04-01,250.92850293872056
USA|north carolina,carbon,SARIMA,2025-05-01,277.5773168567942
USA|north carolina,carbon,SARIMA,2025-06-01,312.6424131964683
USA|north carolina,carbon,SARIMA,2025-07-01,349.0661960164872
USA|north carolina,carbon,SARIMA,2025-08-01,333.5636194844766
USA|north carolina,carbon,SARIMA,2025-09-01,302.8064008439458
USA|north carolina,carbon,SARIMA,2025-10-01,256.5971803154925
USA|north carolina,carbon,SARIMA,2025-11-01,282.46659175482523
USA|north carolina,carbon,SARIMA,2025-12-01,322.57987061120645
USA|north dakota,carbon,SARIMA,2025-01-01,520.260740566031
USA|north dakota,carbon,SARIMA,2025-02-01,460.735843577036
USA|north dakota,carbon,SARIMA,2025-03-01,444.3313150062152
USA|north dakota,carbon,SARIMA,2025-04-01,369.15072210595974
USA|north dakota,carbon,SARIMA,2025-05-01,429.28825458619065
USA|north dakota,carbon,SARIMA,2025-06-01,494.46050437769964
USA|north dakota,carbon,SARIMA,2025-07-01,568.8846277885702
USA|north dakota,carbon,SARIMA,2025-08-01,523.88833403609
USA|north dakota,carbon,SARIMA,2025-09-01,494.88053358956864
USA|north dakota,carbon,SARIMA,2025-10-01,445.1200377635689
USA|north dakota,carbon,SARIMA,2025-11-01,461.1937412202597
USA|north dakota,carbon,SARIMA,2025-12-01,469.49126555689406
USA|ohio,carbon,SARIMA,2025-01-01,496.8460609634957
USA|ohio,carbon,SARIMA,2025-02-01,454.948217287862
USA|ohio,carbon,SARIMA,2025-03-01,463.64036210598834
USA|ohio,carbon,SARIMA,2025-04-01,446.70795242704634
USA|ohio,carbon,SARIMA,2025-05-01,448.4243347914657
USA|ohio,carbon,SARIMA,2025-06-01,451.8861840395786
USA|ohio,carbon,SARIMA,2025-07-01,468.1609738002802
USA|ohio,carbon,SARIMA,2025-08-01,472.58734936343393
USA|ohio,carbon,SARIMA,2025-09-01,453.1027669597341
USA|ohio,carbon,SARIMA,2025-10-01,446.13003503863143
USA|ohio,carbon,SARIMA,2025-11-01,452.68581572998306
USA|ohio,carbon,SARIMA,2025-12-01,470.15700530670006
USA|oklahoma,carbon,SARIMA,2025-01-01,316.78852152761243
USA|oklahoma,carbon,SARIMA,2025-02-01,231.04355008433117
USA|oklahoma,carbon,SARIMA,2025-03-01,216.2622651286866
USA|oklahoma,carbon,SARIMA,2025-04-01,238.55490592214255
USA|oklahoma,carbon,SARIMA,2025-05-01,320.8289077999702
USA|oklahoma,carbon,SARIMA,2025-06-01,363.85788749325246
USA|oklahoma,carbon,SARIMA,2025-07-01,368.1853236745188
USA|oklahoma,carbon,SARIMA,2025-08-01,387.6487297314841
USA|oklahoma,carbon,SARIMA,2025-09-01,348.29053332837213
USA|oklahoma,carbon,SARIMA,2025-10-01,272.5458373615111
USA|oklahoma,carbon,SARIMA,2025-11-01,286.6365194927463
USA|oklahoma,carbon,SARIMA,2025-12-01,274.3176939139913
USA|oregon,carbon,SARIMA,2025-01-01,206.812278772965
USA|oregon,carbon,SARIMA,2025-02-01,201.7893718913857
USA|oregon,carbon,SARIMA,2025-03-01,200.92747761506814
USA|oregon,carbon,SARIMA,2025-04-01,201.44839580130503
USA|oregon,carbon,SARIMA,2025-05-01,103.67867188020699
USA|oregon,carbon,SARIMA,2025-06-01,179.447375581514
USA|oregon,carbon,SARIMA,2025-07-01,218.86234679881042
USA|oregon,carbon,SARIMA,2025-08-01,228.17409773423614
USA|oregon,carbon,SARIMA,2025-09-01,237.26903399094633
USA|oregon,carbon,SARIMA,2025-10-01,235.40367061450334
USA|oregon,carbon,SARIMA,2025-11-01,206.81236316926575
USA|oregon,carbon,SARIMA,2025-12-01,214.91585017390497
USA|pennsylvania,carbon,SARIMA,2025-01-01,353.27503590984725
USA|pennsylvania,carbon,SARIMA,2025-02-01,337.67312664565026
USA|pennsylvania,carbon,SARIMA,2025-03-01,335.3588465959627
USA|pennsylvania,carbon,SARIMA,2025-04-01,332.29733450041675
USA|pennsylvania,carbon,SARIMA,2025-05-01,323.4613539585487
USA|pennsylvania,carbon,SARIMA,2025-06-01,338.85430725268753
USA|pennsylvania,carbon,SARIMA,2025-07-01,373.2100002014226
USA|pennsylvania,carbon,SARIMA,2025-08-01,359.27927585502016
USA|pennsylvania,carbon,SARIMA,2025-09-01,324.903383425514
USA|pennsylvania,carbon,SARIMA,2025-10-01,306.57240160207306
USA|pennsylvania,carbon,SARIMA,2025-11-01,314.40035968224544
USA|pennsylvania,carbon,SARIMA,2025-12-01,334.59155797388286
USA|rhode island,carbon,SARIMA,2025-01-01,428.97098604269223
USA|rhode island,carbon,SARIMA,2025-02-01,403.04177825854777
USA|rhode island,carbon,SARIMA,2025-03-01,382.5420209593247
USA|rhode island,carbon,SARIMA,2025-04-01,378.37290379253113
USA|rhode island,carbon,SARIMA,2025-05-01,392.0698009387107
USA|rhode island,carbon,SARIMA,2025-06-01,408.2407623290784
USA|rhode island,carbon,SARIMA,2025-07-01,417.49047831238005
USA|rhode island,carbon,SARIMA,2025-08-01,415.18411256903204
USA|rhode island,carbon,SARIMA,2025-09-01,414.069855648149
USA|rhode island,carbon,SARIMA,2025-10-01,421.8275152056839
USA|rhode island,carbon,SARIMA,2025-11-01,422.7552467497416
USA|rhode island,carbon,SARIMA,2025-12-01,417.17604870044573
USA|south carolina,carbon,SARIMA,2025-01-01,241.96880273119802
USA|south carolina,carbon,SARIMA,2025-02-01,214.67156869318526
USA|south carolina,carbon,SARIMA,2025-03-01,212.21402454495603
USA|south carolina,carbon,SARIMA,2025-04-01,236.99474843839405
USA|south carolina,carbon,SARIMA,2025-05-01,261.624797444416
USA|south carolina,carbon,SARIMA,2025-06-01,272.3762368218416
USA|south carolina,carbon,SARIMA,2025-07-01,291.4329570109646
USA|south carolina,carbon,SARIMA,2025-08-01,270.30386351784483
USA|south carolina,carbon,SARIMA,2025-09-01,250.19702815223667
USA|south carolina,carbon,SARIMA,2025-10-01,260.9601247773787
USA|south carolina,carbon,SARIMA,2025-11-01,243.15454533866932
USA|south carolina,carbon,SARIMA,2025-12-01,245.04740262554367
USA|south dakota,carbon,SARIMA,2025-01-01,151.46845636083526
USA|south dakota,carbon,SARIMA,2025-02-01,115.11758027703662
USA|south dakota,carbon,SARIMA,2025-03-01,109.94641211553889
USA|south dakota,carbon,SARIMA,2025-04-01,87.54914786518533
USA|south dakota,carbon,SARIMA,2025-05-01,87.75235308726275
USA|south dakota,carbon,SARIMA,2025-06-01,146.66272692437917
USA|south dakota,carbon,SARIMA,2025-07-01,215.33343537797109
USA|south dakota,carbon,SARIMA,2025-08-01,175.6782990763837
USA|south dakota,carbon,SARIMA,2025-09-01,143.09144176838015
USA|south dakota,carbon,SARIMA,2025-10-01,72.6415733032317
USA|south dakota,carbon,SARIMA,2025-11-01,112.40826581292444
USA|south dakota,carbon,SARIMA,2025-12-01,130.8919893862433
USA|tennessee,carbon,SARIMA,2025-01-01,334.42257293373456
USA|tennessee,carbon,SARIMA,2025-02-01,286.4283670202612
USA|tennessee,carbon,SARIMA,2025-03-01,239.02720657112985
USA|tennessee,carbon,SARIMA,2025-04-01,246.9572729194204
USA|tennessee,carbon,SARIMA,2025-05-01,237.67514054807714
USA|tennessee,carbon,SARIMA,2025-06-01,296.4758804653644
USA|tennessee,carbon,SARIMA,2025-07-01,349.5928635888261
USA|tennessee,carbon,SARIMA,2025-08-01,333.101863841048
USA|tennessee,carbon,SARIMA,2025-09-01,296.13178520129236
USA|tennessee,carbon,SARIMA,2025-10-01,241.26324000372745
USA|tennessee,carbon,SARIMA,2025-11-01,263.1064511767283
USA|tennessee,carbon,SARIMA,2025-12-01,291.0138821898698
USA|texas,carbon,SARIMA,2025-01-01,346.77142134784424
USA|texas,carbon,SARIMA,2025-02-01,295.30854338625323
USA|texas,carbon,SARIMA,2025-03-01,295.40868444991247
USA|texas,carbon,SARIMA,2025-04-01,295.2102517582049
USA|texas,carbon,SARIMA,2025-05-01,343.0794509559742
USA|texas,carbon,SARIMA,2025-06-01,353.7387778176922
USA|texas,carbon,SARIMA,2025-07-01,370.3649732739722
USA|texas,carbon,SARIMA,2025-08-01,383.55103477322
USA|texas,carbon,SARIMA,2025-09-01,379.52659675512143
USA|texas,carbon,SARIMA,2025-10-01,341.7985598623269
USA|texas,carbon,SARIMA,2025-11-01,335.2712530697794
USA|texas,carbon,SARIMA,2025-12-01,332.5029768776024
USA|utah,carbon,SARIMA,2025-01-01,591.6535664006176
USA|utah,carbon,SARIMA,2025-02-01,544.6382528841058
USA|utah,carbon,SARIMA,2025-03-01,505.7043700991233
USA|utah,carbon,SARIMA,2025-04-01,457.3539828338819
USA|utah,carbon,SARIMA,2025-05-01,429.84865331663775
USA|utah,carbon,SARIMA,2025-06-01,451.9946154083499
USA|utah,carbon,SARIMA,2025-07-01,537.9894347095317
USA|utah,carbon,SARIMA,2025-08-01,541.6593503555171
USA|utah,carbon,SARIMA,2025-09-01,533.5121305754379
USA|utah,carbon,SARIMA,2025-10-01,554.1522389835604
USA|utah,carbon,SARIMA,2025-11-01,548.6533092964803
USA|utah,carbon,SARIMA,2025-12-01,543.496080943517
USA|vermont,carbon,SARIMA,2025-01-01,73.28664043129044
USA|vermont,carbon,SARIMA,2025-02-01,65.99443463580853
USA|vermont,carbon,SARIMA,2025-03-01,54.098888584210115
USA|vermont,carbon,SARIMA,2025-04-01,43.347696055403226
USA|vermont,carbon,SARIMA,2025-05-01,27.84956112952095
USA|vermont,carbon,SARIMA,2025-06-01,59.619694376412234
USA|vermont,carbon,SARIMA,2025-07-01,64.4308029347074
USA|vermont,carbon,SARIMA,2025-08-01,57.549217619974314
USA|vermont,carbon,SARIMA,2025-09-01,60.9059442004846
USA|vermont,carbon,SARIMA,2025-10-01,35.489073692528564
USA|vermont,carbon,SARIMA,2025-11-01,58.099003869905424
USA|vermont,carbon,SARIMA,2025-12-01,62.715470931825955
USA|virginia,carbon,SARIMA,2025-01-01,318.0919285308891
USA|virginia,carbon,SARIMA,2025-02-01,305.5276155677467
USA|virginia,carbon,SARIMA,2025-03-01,297.0394198257891
USA|virginia,carbon,SARIMA,2025-04-01,263.09342544176366
USA|virginia,carbon,SARIMA,2025-05-01,274.47636683232435
USA|virginia,carbon,SARIMA,2025-06-01,310.4694176677133
USA|virginia,carbon,SARIMA,2025-07-01,327.3513697123344
USA|virginia,carbon,SARIMA,2025-08-01,322.88808171997727
USA|virginia,carbon,SARIMA,2025-09-01,311.5621936442098
USA|virginia,carbon,SARIMA,2025-10-01,259.7130742827112
USA|virginia,carbon,SARIMA,2025-11-01,284.8166960944577
USA|virginia,carbon,SARIMA,2025-12-01,313.4266891466867
USA|washington,carbon,SARIMA,2025-01-01,138.01589959605764
USA|washington,carbon,SARIMA,2025-02-01,140.07355192437862
USA|washington,carbon,SARIMA,2025-03-01,139.57829433529048
USA|washington,carbon,SARIMA,2025-04-01,129.06890493978028
USA|washington,carbon,SARIMA,2025-05-01,57.32486213717571
USA|washington,carbon,SARIMA,2025-06-01,88.1289414926566
USA|washington,carbon,SARIMA,2025-07-01,145.60363205341588
USA|washington,carbon,SARIMA,2025-08-01,153.1988706350233
USA|washington,carbon,SARIMA,2025-09-01,174.37795615887603
USA|washington,carbon,SARIMA,2025-10-01,169.18486055517934
USA|washington,carbon,SARIMA,2025-11-01,134.0316449778336
USA|washington,carbon,SARIMA,2025-12-01,135.81421361093868
USA|washington dc,carbon,SARIMA,2025-01-01,211.46035687435665
USA|washington dc,carbon,SARIMA,2025-02-01,203.20237142024172
USA|washington dc,carbon,SARIMA,2025-03-01,159.59316898624309
USA|washington dc,carbon,SARIMA,2025-04-01,83.47755036762332
USA|washington dc,carbon,SARIMA,2025-05-01,80.13958622954186
USA|washington dc,carbon,SARIMA,2025-06-01,167.86502266814907
USA|washington dc,carbon,SARIMA,2025-07-01,169.08559292602064
USA|washington dc,carbon,SARIMA,2025-08-01,166.7191042910769
USA|washington dc,carbon,SARIMA,2025-09-01,183.67111190193307
USA|washington dc,carbon,SARIMA,2025-10-01,78.1372741963027
USA|washington dc,carbon,SARIMA,2025-11-01,173.57254148308775
USA|washington dc,carbon,SARIMA,2025-12-01,195.40413130857283
USA|west virginia,carbon,SARIMA,2025-01-01,732.7346678592295
USA|west virginia,carbon,SARIMA,2025-02-01,712.4604629370639
USA|west virginia,carbon,SARIMA,2025-03-01,711.0215486073491
USA|west virginia,carbon,SARIMA,2025-04-01,720.9566342204217
USA|west virginia,carbon,SARIMA,2025-05-01,726.4977510776891
USA|west virginia,carbon,SARIMA,2025-06-01,741.0079121944151
USA|west virginia,carbon,SARIMA,2025-07-01,751.6170254552262
USA|west virginia,carbon,SARIMA,2025-08-01,750.6772257328795
USA|west virginia,carbon,SARIMA,2025-09-01,731.9518054665626
USA|west virginia,carbon,SARIMA,2025-10-01,702.5820502662896
USA|west virginia,carbon,SARIMA,2025-11-01,682.4170900615745
USA|west virginia,carbon,SARIMA,2025-12-01,724.5997287452618
USA|wisconsin,carbon,SARIMA,2025-01-01,518.0129355690684
USA|wisconsin,carbon,SARIMA,2025-02-01,449.13091978011823
USA|wisconsin,carbon,SARIMA,2025-03-01,459.6490571232832
USA|wisconsin,carbon,SARIMA,2025-04-01,399.71506463428693
USA|wisconsin,carbon,SARIMA,2025-05-01,417.71738416320517
USA|wisconsin,carbon,SARIMA,2025-06-01,465.18891145972356
USA|wisconsin,carbon,SARIMA,2025-07-01,490.1996696360681
USA|wisconsin,carbon,SARIMA,2025-08-01,494.29888984612575
USA|wisconsin,carbon,SARIMA,2025-09-01,491.6361979582443
USA|wisconsin,carbon,SARIMA,2025-10-01,482.07123458321337
USA|wisconsin,carbon,SARIMA,2025-11-01,457.82346621311314
USA|wisconsin,carbon,SARIMA,2025-12-01,487.41088766840386
USA|wyoming,carbon,SARIMA,2025-01-01,560.9177129730547
USA|wyoming,carbon,SARIMA,2025-02-01,519.5813640020677
USA|wyoming,carbon,SARIMA,2025-03-01,498.1827325321331
USA|wyoming,carbon,SARIMA,2025-04-01,466.75400464551535
USA|wyoming,carbon,SARIMA,2025-05-01,488.01646233755787
USA|wyoming,carbon,SARIMA,2025-06-01,529.168794449678
USA|wyoming,carbon,SARIMA,2025-07-01,607.4026837156342
USA|wyoming,carbon,SARIMA,2025-08-01,598.5394524242233
USA|wyoming,carbon,SARIMA,2025-09-01,581.9905664935546
USA|wyoming,carbon,SARIMA,2025-10-01,568.284069671099
USA|wyoming,carbon,SARIMA,2025-11-01,511.72392235686414
USA|wyoming,carbon,SARIMA,2025-12-01,511.4669677581135
Albany River,water,SARIMA,2022-10-16,-55.40284257297722
Albany River,water,SARIMA,2022-11-16,-28.74990846764095
Albany River,water,SARIMA,2022-12-16,-35.18831464515097
Albany River,water,SARIMA,2023-01-16,19.629262815153073
Albany River,water,SARIMA,2023-02-16,25.7203322507831
Albany River,water,SARIMA,2023-03-16,24.027732411188495
Albany River,water,SARIMA,2023-04-16,85.62250689779839
Albany River,water,SARIMA,2023-05-16,43.47702554986731
Albany River,water,SARIMA,2023-06-16,7.0643810088514325
Albany River,water,SARIMA,2023-07-16,-35.16858378442513
Albany River,water,SARIMA,2023-08-16,-60.61863426010403
Albany River,water,SARIMA,2023-09-16,-56.58680613466315
Bravo,water,SARIMA,2022-10-16,-89.83414949961745
Bravo,water,SARIMA,2022-11-16,-103.06329166688369
Bravo,water,SARIMA,2022-12-16,-114.5553383662955
Bravo,water,SARIMA,2023-01-16,-109.75551205985823
Bravo,water,SARIMA,2023-02-16,-105.98639278029978
Bravo,water,SARIMA,2023-03-16,-103.49822935777054
Bravo,water,SARIMA,2023-04-16,-120.20555528887337
Bravo,water,SARIMA,2023-05-16,-127.83932948831767
Bravo,water,SARIMA,2023-06-16,-114.38963125638216
Bravo,water,SARIMA,2023-07-16,-104.23500215535073
Bravo,water,SARIMA,2023-08-16,-101.63457972858288
Bravo,water,SARIMA,2023-09-16,-95.28112067817548
Brazos River,water,SARIMA,2022-10-16,-164.63265902497508
Brazos River,water,SARIMA,2022-11-16,-162.41388526584223
Brazos River,water,SARIMA,2022-12-16,-169.43900226012119
Brazos River,water,SARIMA,2023-01-16,-137.63050931890018
Brazos River,water,SARIMA,2023-02-16,-149.05983267013437
Brazos River,water,SARIMA,2023-03-16,-137.76745313867252
Brazos River,water,SARIMA,2023-04-16,-139.50424532937052
Brazos River,water,SARIMA,2023-05-16,-115.44077903019921
Brazos River,water,SARIMA,2023-06-16,-122.473503482316
Brazos River,water,SARIMA,2023-07-16,-154.4561741915694
Brazos River,water,SARIMA,2023-08-16,-170.02350144582243
Brazos River,water,SARIMA,2023-09-16,-196.58944179773812
Colorado River (Pacific Ocean),water,SARIMA,2022-10-16,-117.62099723538186
Colorado River (Pacific Ocean),water,SARIMA,2022-11-16,-114.47033849561171
Colorado River (Pacific Ocean),water,SARIMA,2022-12-16,-110.55179297176694
Colorado River (Pacific Ocean),water,SARIMA,2023-01-16,-78.26374553971837
Colorado River (Pacific Ocean),water,SARIMA,2023-02-16,-71.85767165478546
Colorado River (Pacific Ocean),water,SARIMA,2023-03-16,-75.73019644820472
Colorado River (Pacific Ocean),water,SARIMA,2023-04-16,-81.14211194072912
Colorado River (Pacific Ocean),water,SARIMA,2023-05-16,-78.89831998603327
Colorado River (Pacific Ocean),water,SARIMA,2023-06-16,-115.29356870461586
Colorado River (Pacific Ocean),water,SARIMA,2023-07-16,-107.93569509096947
Colorado River (Pacific Ocean),water,SARIMA,2023-08-16,-113.29547198839815
Colorado River (Pacific Ocean),water,SARIMA,2023-09-16,-120.31022185220131
Columbia River,water,SARIMA,2022-10-16,-178.71875234707613
Columbia River,water,SARIMA,2022-11-16,-135.88563136435923
Columbia River,water,SARIMA,2022-12-16,-99.89909465888218
Columbia River,water,SARIMA,2023-01-16,-41.88629666064376
Columbia River,water,SARIMA,2023-02-16,-7.356412428369859
Columbia River,water,SARIMA,2023-03-16,6.1380757523497
Columbia River,water,SARIMA,2023-04-16,2.064121999902989
Columbia River,water,SARIMA,2023-05-16,-0.9683434894956022
Columbia River,water,SARIMA,2023-06-16,-48.104875690544304
Columbia River,water,SARIMA,2023-07-16,-121.54211509401802
Columbia River,water,SARIMA,2023-08-16,-168.16200655496505
Columbia River,water,SARIMA,2023-09-16,-217.46711647258346
Danube,water,SARIMA,2022-10-16,-159.14179524411838
Danube,water,SARIMA,2022-11-16,-140.05061689347536
Danube,water,SARIMA,2022-12-16,-97.82023253666353
Danube,water,SARIMA,2023-01-16,-51.049870102176286
Danube,water,SARIMA,2023-02-16,-33.86094703197918
Danube,water,SARIMA,2023-03-16,-35.2042630590489
Danube,water,SARIMA,2023-04-16,-38.7842102928993
Danube,water,SARIMA,2023-05-16,-64.03486688659844
Danube,water,SARIMA,2023-06-16,-103.99993145729357
Danube,water,SARIMA,2023-07-16,-152.27808222679545
Danube,water,SARIMA,2023-08-16,-186.94607345527356
Danube,water,SARIMA,2023-09-16,-184.17475187253854
Dniepr,water,SARIMA,2022-10-16,-176.60968928097614
Dniepr,water,SARIMA,2022-11-16,-171.44934196520836
Dniepr,water,SARIMA,2022-12-16,-135.25342378716186
Dniepr,water,SARIMA,2023-01-16,-88.6514166910551
Dniepr,water,SARIMA,2023-02-16,-38.87365641182563
Dniepr,water,SARIMA,2023-03-16,-39.609939621182534
Dniepr,water,SARIMA,2023-04-16,-35.12450893597314
Dniepr,water,SARIMA,2023-05-16,-36.20220736013177
Dniepr,water,SARIMA,2023-06-16,-63.10774481870429
Dniepr,water,SARIMA,2023-07-16,-114.53284263822488
Dniepr,water,SARIMA,2023-08-16,-157.4083970002864
Dniepr,water,SARIMA,2023-09-16,-159.93632640806078
Elbe River,water,SARIMA,2022-10-16,-164.74673504704504
Elbe River,water,SARIMA,2022-11-16,-108.03838770266984
Elbe River,water,SARIMA,2022-12-16,-103.93831717058399
Elbe River,water,SARIMA,2023-01-16,-52.199700350792995
Elbe River,water,SARIMA,2023-02-16,-22.72867765830594
Elbe River,water,SARIMA,2023-03-16,-3.6854186963382247
Elbe River,water,SARIMA,2023-04-16,-31.635452855289728
Elbe River,water,SARIMA,2023-05-16,-60.401374699727384
Elbe River,water,SARIMA,2023-06-16,-88.85081533171036
Elbe River,water,SARIMA,2023-07-16,-102.88452309721409
Elbe River,water,SARIMA,2023-08-16,-118.81035017221637
Elbe River,water,SARIMA,2023-09-16,-111.41735655885691
Ganges,water,SARIMA,2022-10-16,-33.74398490126541
Ganges,water,SARIMA,2022-11-16,-116.13072423944102
Ganges,water,SARIMA,2022-12-16,-170.45426428905284
Ganges,water,SARIMA,2023-01-16,-183.05705870650473
Ganges,water,SARIMA,2023-02-16,-213.87474181791077
Ganges,water,SARIMA,2023-03-16,-266.8287615598099
Ganges,water,SARIMA,2023-04-16,-318.42994283141826
Ganges,water,SARIMA,2023-05-16,-331.3872264789792
Ganges,water,SARIMA,2023-06-16,-289.50538404500793
Ganges,water,SARIMA,2023-07-16,-186.76193472333304
Ganges,water,SARIMA,2023-08-16,-51.53708014442134
Ganges,water,SARIMA,2023-09-16,-9.709448928185948
Godavari,water,SARIMA,2022-10-16,257.74962384783527
Godavari,water,SARIMA,2022-11-16,177.77328809796663
Godavari,water,SARIMA,2022-12-16,103.57571878113617
Godavari,water,SARIMA,2023-01-16,64.13468165471065
Godavari,water,SARIMA,2023-02-16,12.781715219596219
Godavari,water,SARIMA,2023-03-16,-42.35761903208322
Godavari,water,SARIMA,2023-04-16,-81.09588751789722
Godavari,water,SARIMA,2023-05-16,-123.43435480146495
Godavari,water,SARIMA,2023-06-16,-99.33834124521034
Godavari,water,SARIMA,2023-07-16,81.96565810940217
Godavari,water,SARIMA,2023-08-16,198.23535327257744
Godavari,water,SARIMA,2023-09-16,270.824934168185
Grisalva,water,SARIMA,2022-10-16,157.8143311855332
Grisalva,water,SARIMA,2022-11-16,157.10674075818446
Grisalva,water,SARIMA,2022-12-16,112.13110001647624
Grisalva,water,SARIMA,2023-01-16,87.7895202124147
Grisalva,water,SARIMA,2023-02-16,49.43860791104957
Grisalva,water,SARIMA,2023-03-16,-2.7884395266760063
Grisalva,water,SARIMA,2023-04-16,-50.8689194029149
Grisalva,water,SARIMA,2023-05-16,-74.44554165154776
Grisalva,water,SARIMA,2023-06-16,2.9544480073143475
Grisalva,water,SARIMA,2023-07-16,38.49746425047035
Grisalva,water,SARIMA,2023-08-16,61.1913947801545
Grisalva,water,SARIMA,2023-09-16,152.39693447633204
Indus,water,SARIMA,2022-10-16,-171.97913253340877
Indus,water,SARIMA,2022-11-16,-194.33904463344322
Indus,water,SARIMA,2022-12-16,-207.4048129160227
Indus,water,SARIMA,2023-01-16,-183.56730352555672
Indus,water,SARIMA,2023-02-16,-189.73950448965184
Indus,water,SARIMA,2023-03-16,-189.89674570149566
Indus,water,SARIMA,2023-04-16,-201.66540383568966
Indus,water,SARIMA,2023-05-16,-216.1979976770882
Indus,water,SARIMA,2023-06-16,-234.74874320512043
Indus,water,SARIMA,2023-07-16,-220.63848769013796
Indus,water,SARIMA,2023-08-16,-165.90844022545207
Indus,water,SARIMA,2023-09-16,-174.60901591805333
Krishna,water,SARIMA,2022-10-16,259.6582084306867
Krishna,water,SARIMA,2022-11-16,229.52059418489824
Krishna,water,SARIMA,2022-12-16,173.66700022854906
Krishna,water,SARIMA,2023-01-16,130.0274180399684
Krishna,water,SARIMA,2023-02-16,70.36454826938461
Krishna,water,SARIMA,2023-03-16,32.05623396237998
Krishna,water,SARIMA,2023-04-16,-5.026101002232723
Krishna,water,SARIMA,2023-05-16,-25.73678555273283
Krishna,water,SARIMA,2023-06-16,5.252367576472704
Krishna,water,SARIMA,2023-07-16,131.53355435843554
Krishna,water,SARIMA,2023-08-16,214.1785852839715
Krishna,water,SARIMA,2023-09-16,252.13285195371955
Loire,water,SARIMA,2022-10-16,-149.65670157079282
Loire,water,SARIMA,2022-11-16,-114.3073160222356
Loire,water,SARIMA,2022-12-16,-48.71487805709184
Loire,water,SARIMA,2023-01-16,-9.287462512711677
Loire,water,SARIMA,2023-02-16,-20.609920296760976
Loire,water,SARIMA,2023-03-16,-54.299235549784854
Loire,water,SARIMA,2023-04-16,-80.45623099200745
Loire,water,SARIMA,2023-05-16,-107.18989289878162
Loire,water,SARIMA,2023-06-16,-117.18657356970502
Loire,water,SARIMA,2023-07-16,-133.0192055867987
Loire,water,SARIMA,2023-08-16,-191.2005004193283
Loire,water,SARIMA,2023-09-16,-203.06680488076032
Mahanadi River (Mahahadi),water,SARIMA,2022-10-16,224.41537805776687
Mahanadi River (Mahahadi),water,SARIMA,2022-11-16,139.9703963564562
Mahanadi River (Mahahadi),water,SARIMA,2022-12-16,88.90419518467996
Mahanadi River (Mahahadi),water,SARIMA,2023-01-16,42.58150730051176
Mahanadi River (Mahahadi),water,SARIMA,2023-02-16,4.964229374874272
Mahanadi River (Mahahadi),water,SARIMA,2023-03-16,-63.19585392845732
Mahanadi River (Mahahadi),water,SARIMA,2023-04-16,-108.29660105769482
Mahanadi River (Mahahadi),water,SARIMA,2023-05-16,-147.28428963668566
Mahanadi River (Mahahadi),water,SARIMA,2023-06-16,-131.5705583003294
Mahanadi River (Mahahadi),water,SARIMA,2023-07-16,35.536110838401
Mahanadi River (Mahahadi),water,SARIMA,2023-08-16,168.34438610177725
Mahanadi River (Mahahadi),water,SARIMA,2023-09-16,265.3583769416555
Mississippi River,water,SARIMA,2022-10-16,-117.94686496134972
Mississippi River,water,SARIMA,2022-11-16,-99.45724913720427
Mississippi River,water,SARIMA,2022-12-16,-91.95217458068574
Mississippi River,water,SARIMA,2023-01-16,-59.79471737958468
Mississippi River,water,SARIMA,2023-02-16,-53.56250483259653
Mississippi River,water,SARIMA,2023-03-16,-35.207019286291626
Mississippi River,water,SARIMA,2023-04-16,-27.941944360082292
Mississippi River,water,SARIMA,2023-05-16,-25.63820306142457
Mississippi River,water,SARIMA,2023-06-16,-42.439821728735225
Mississippi River,water,SARIMA,2023-07-16,-87.69286255192213
Mississippi River,water,SARIMA,2023-08-16,-131.03029039380996
Mississippi River,water,SARIMA,2023-09-16,-156.15629345335307
Nelson River,water,SARIMA,2022-10-16,-100.60908824105154
Nelson River,water,SARIMA,2022-11-16,-87.0759833161471
Nelson River,water,SARIMA,2022-12-16,-74.43849751616543
Nelson River,water,SARIMA,2023-01-16,-56.87899646092724
Nelson River,water,SARIMA,2023-02-16,-46.31289007122001
Nelson River,water,SARIMA,2023-03-16,-38.9696847303336
Nelson River,water,SARIMA,2023-04-16,-31.77085029270873
Nelson River,water,SARIMA,2023-05-16,-13.21351310479719
Nelson River,water,SARIMA,2023-06-16,-12.768912868844785
Nelson River,water,SARIMA,2023-07-16,-55.470484536111776
Nelson River,water,SARIMA,2023-08-16,-87.84262652435085
Nelson River,water,SARIMA,2023-09-16,-116.86914721372028
Neva,water,SARIMA,2022-10-16,-113.1655848772163
Neva,water,SARIMA,2022-11-16,-88.1264392030925
Neva,water,SARIMA,2022-12-16,-55.9314175785171
Neva,water,SARIMA,2023-01-16,-36.33016047545173
Neva,water,SARIMA,2023-02-16,4.2404900438388005
Neva,water,SARIMA,2023-03-16,0.9104915818090467
Neva,water,SARIMA,2023-04-16,2.7457788368640648
Neva,water,SARIMA,2023-05-16,-16.851869513038615
Neva,water,SARIMA,2023-06-16,-45.320893553051235
Neva,water,SARIMA,2023-07-16,-112.43361274716186
Neva,water,SARIMA,2023-08-16,-133.68771655135555
Neva,water,SARIMA,2023-09-16,-139.92641586275286
Oder River,water,SARIMA,2022-10-16,-156.11818373339847
Oder River,water,SARIMA,2022-11-16,-106.4263410178984
Oder River,water,SARIMA,2022-12-16,-85.95726868538264
Oder River,water,SARIMA,2023-01-16,-40.110503030922104
Oder River,water,SARIMA,2023-02-16,-21.639958155620903
Oder River,water,SARIMA,2023-03-16,5.1232623603348095
Oder River,water,SARIMA,2023-04-16,-22.378967719624157
Oder River,water,SARIMA,2023-05-16,-54.65913252000904
Oder River,water,SARIMA,2023-06-16,-84.74879271415637
Oder River,water,SARIMA,2023-07-16,-103.42747197309187
Oder River,water,SARIMA,2023-08-16,-112.6310448325197
Oder River,water,SARIMA,2023-09-16,-117.31153283929147
Rhine,water,SARIMA,2022-10-16,-186.0427575306937
Rhine,water,SARIMA,2022-11-16,-170.2349007550523
Rhine,water,SARIMA,2022-12-16,-138.84908828075012
Rhine,water,SARIMA,2023-01-16,-93.44892989711616
Rhine,water,SARIMA,2023-02-16,-71.47737679694418
Rhine,water,SARIMA,2023-03-16,-79.29493210224007
Rhine,water,SARIMA,2023-04-16,-83.69988335779536
Rhine,water,SARIMA,2023-05-16,-104.87705086727541
Rhine,water,SARIMA,2023-06-16,-151.7604067899816
Rhine,water,SARIMA,2023-07-16,-165.77427828068045
Rhine,water,SARIMA,2023-08-16,-205.40997973655746
Rhine,water,SARIMA,2023-09-16,-208.8792945479229
Senegal,water,SARIMA,2022-10-16,189.57878228857172
Senegal,water,SARIMA,2022-11-16,146.61172043724454
Senegal,water,SARIMA,2022-12-16,129.063560387873
Senegal,water,SARIMA,2023-01-16,114.47557378801763
Senegal,water,SARIMA,2023-02-16,108.57621567771388
Senegal,water,SARIMA,2023-03-16,84.44781989357506
Senegal,water,SARIMA,2023-04-16,61.193952627527736
Senegal,water,SARIMA,2023-05-16,52.05410280536663
Senegal,water,SARIMA,2023-06-16,63.8950560722521
Senegal,water,SARIMA,2023-07-16,98.70251167685004
Senegal,water,SARIMA,2023-08-16,166.72858002961013
Senegal,water,SARIMA,2023-09-16,250.46380673948963
St.Lawrence,water,SARIMA,2022-10-16,-11.527976030301241
St.Lawrence,water,SARIMA,2022-11-16,-4.4704784966136
St.Lawrence,water,SARIMA,2022-12-16,1.633552501666486
St.Lawrence,water,SARIMA,2023-01-16,16.03565689740154
St.Lawrence,water,SARIMA,2023-02-16,17.627551097305243
St.Lawrence,water,SARIMA,2023-03-16,19.15910699224489
St.Lawrence,water,SARIMA,2023-04-16,39.79394750349867
St.Lawrence,water,SARIMA,2023-05-16,19.549726594997097
St.Lawrence,water,SARIMA,2023-06-16,4.375124695277892
St.Lawrence,water,SARIMA,2023-07-16,-10.623972744163733
St.Lawrence,water,SARIMA,2023-08-16,-49.3362711077358
St.Lawrence,water,SARIMA,2023-09-16,-66.60577225863392
Tigris & Euphrates,water,SARIMA,2022-10-16,-199.16229699203794
Tigris & Euphrates,water,SARIMA,2022-11-16,-195.07620986797525
Tigris & Euphrates,water,SARIMA,2022-12-16,-183.52557080229147
Tigris & Euphrates,water,SARIMA,2023-01-16,-146.7136028178988
Tigris & Euphrates,water,SARIMA,2023-02-16,-117.09985279638852
Tigris & Euphrates,water,SARIMA,2023-03-16,-102.37426275499271
Tigris & Euphrates,water,SARIMA,2023-04-16,-109.30154383439455
Tigris & Euphrates,water,SARIMA,2023-05-16,-131.06339500619626
Tigris & Euphrates,water,SARIMA,2023-06-16,-157.00913514440873
Tigris & Euphrates,water,SARIMA,2023-07-16,-185.86070443749102
Tigris & Euphrates,water,SARIMA,2023-08-16,-214.4829604174073
Tigris & Euphrates,water,SARIMA,2023-09-16,-238.36148838326912
Wisla,water,SARIMA,2022-10-16,-137.18190979296
Wisla,water,SARIMA,2022-11-16,-127.52472293652592
Wisla,water,SARIMA,2022-12-16,-102.28480074149869
Wisla,water,SARIMA,2023-01-16,-58.409188174661125
Wisla,water,SARIMA,2023-02-16,-39.52819926819016
Wisla,water,SARIMA,2023-03-16,-38.648867440497085
Wisla,water,SARIMA,2023-04-16,-43.584050123525984
Wisla,water,SARIMA,2023-05-16,-64.91262610931788
Wisla,water,SARIMA,2023-06-16,-106.78517768892326
Wisla,water,SARIMA,2023-07-16,-133.0120688749646
Wisla,water,SARIMA,2023-08-16,-146.3841626859648
Wisla,water,SARIMA,2023-09-16,-153.7240697471535
AUT,electricity,Nexus,2025-05-01,5735.58251953125
AUT,electricity,Nexus,2025-06-01,5649.8623046875
AUT,electricity,Nexus,2025-07-01,5589.6962890625
AUT,electricity,Nexus,2025-08-01,5489.533203125
AUT,electricity,Nexus,2025-09-01,5461.51318359375
AUT,electricity,Nexus,2025-10-01,5481.69775390625
AUT,electricity,Nexus,2025-11-01,5506.7548828125
AUT,electricity,Nexus,2025-12-01,5524.50634765625
AUT,electricity,Nexus,2026-01-01,5533.2373046875
AUT,electricity,Nexus,2026-02-01,5496.75537109375
AUT,electricity,Nexus,2026-03-01,5504.24951171875
AUT,electricity,Nexus,2026-04-01,5510.2529296875
BEL,electricity,Nexus,2025-05-01,5389.03125
BEL,electricity,Nexus,2025-06-01,5387.82421875
BEL,electricity,Nexus,2025-07-01,5584.9892578125
BEL,electricity,Nexus,2025-08-01,5480.87109375
BEL,electricity,Nexus,2025-09-01,5250.24853515625
BEL,electricity,Nexus,2025-10-01,5587.0625
BEL,electricity,Nexus,2025-11-01,5963.921875
BEL,electricity,Nexus,2025-12-01,6451.00048828125
BEL,electricity,Nexus,2026-01-01,6868.34130859375
BEL,electricity,Nexus,2026-02-01,6292.55615234375
BEL,electricity,Nexus,2026-03-01,6189.40283203125
BEL,electricity,Nexus,2026-04-01,5782.703125
BGR,electricity,Nexus,2025-05-01,2627.508544921875
BGR,electricity,Nexus,2025-06-01,2859.046875
BGR,electricity,Nexus,2025-07-01,3229.26806640625
BGR,electricity,Nexus,2025-08-01,3210.87255859375
BGR,electricity,Nexus,2025-09-01,3006.34521484375
BGR,electricity,Nexus,2025-10-01,2864.5029296875
BGR,electricity,Nexus,2025-11-01,3277.2841796875
BGR,electricity,Nexus,2025-12-01,3761.962890625
BGR,electricity,Nexus,2026-01-01,3837.4423828125
BGR,electricity,Nexus,2026-02-01,3479.705322265625
BGR,electricity,Nexus,2026-03-01,3401.922607421875
BGR,electricity,Nexus,2026-04-01,2970.33984375
BIH,electricity,Nexus,2025-05-01,946.2886352539062
BIH,electricity,Nexus,2025-06-01,955.061767578125
BIH,electricity,Nexus,2025-07-01,965.7058715820312
BIH,electricity,Nexus,2025-08-01,966.5242919921875
BIH,electricity,Nexus,2025-09-01,925.8873291015625
BIH,electricity,Nexus,2025-10-01,957.7800903320312
BIH,electricity,Nexus,2025-11-01,1095.74853515625
BIH,electricity,Nexus,2025-12-01,1193.87548828125
BIH,electricity,Nexus,2026-01-01,1190.0758056640625
BIH,electricity,Nexus,2026-02-01,1092.7440185546875
BIH,electricity,Nexus,2026-03-01,1034.969970703125
BIH,electricity,Nexus,2026-04-01,918.54345703125
CHE,electricity,Nexus,2025-05-01,5921.0048828125
CHE,electricity,Nexus,2025-06-01,6314.39892578125
CHE,electricity,Nexus,2025-07-01,6926.35888671875
CHE,electricity,Nexus,2025-08-01,6534.2216796875
CHE,electricity,Nexus,2025-09-01,5721.06005859375
CHE,electricity,Nexus,2025-10-01,5443.291015625
CHE,electricity,Nexus,2025-11-01,5347.83154296875
CHE,electricity,Nexus,2025-12-01,5316.99169921875
CHE,electricity,Nexus,2026-01-01,5476.75
CHE,electricity,Nexus,2026-02-01,5027.53564453125
CHE,electricity,Nexus,2026-03-01,5125.28662109375
CHE,electricity,Nexus,2026-04-01,5177.70068359375
CYP,electricity,Nexus,2025-03-01,497.6088562011719
CYP,electricity,Nexus,2025-04-01,449.29412841796875
CYP,electricity,Nexus,2025-05-01,491.88177490234375
CYP,electricity,Nexus,2025-06-01,567.901611328125
CYP,electricity,Nexus,2025-07-01,718.8880615234375
CYP,electricity,Nexus,2025-08-01,714.07861328125
CYP,electricity,Nexus,2025-09-01,621.22119140625
CYP,electricity,Nexus,2025-10-01,521.6087036132812
CYP,electricity,Nexus,2025-11-01,481.99237060546875
CYP,electricity,Nexus,2025-12-01,527.715576171875
CYP,electricity,Nexus,2026-01-01,568.548095703125
CYP,electricity,Nexus,2026-02-01,522.9632568359375
CZE,electricity,Nexus,2025-05-01,5343.94091796875
CZE,electricity,Nexus,2025-06-01,5175.923828125
CZE,electricity,Nexus,2025-07-01,5157.86181640625
CZE,electricity,Nexus,2025-08-01,5441.9462890625
CZE,electricity,Nexus,2025-09-01,5718.4384765625
CZE,electricity,Nexus,2025-10-01,6343.36572265625
CZE,electricity,Nexus,2025-11-01,6615.6435546875
CZE,electricity,Nexus,2025-12-01,6811.61474609375
CZE,electricity,Nexus,2026-01-01,7040.25244140625
CZE,electricity,Nexus,2026-02-01,6481.42529296875
CZE,electricity,Nexus,2026-03-01,6661.8125
CZE,electricity,Nexus,2026-04-01,5787.90771484375
DEU,electricity,Nexus,2025-05-01,34372.8359375
DEU,electricity,Nexus,2025-06-01,33542.99609375
DEU,electricity,Nexus,2025-07-01,34471.6640625
DEU,electricity,Nexus,2025-08-01,33946.87109375
DEU,electricity,Nexus,2025-09-01,34853.21875
DEU,electricity,Nexus,2025-10-01,38964.71875
DEU,electricity,Nexus,2025-11-01,41147.03515625
DEU,electricity,Nexus,2025-12-01,42582.96484375
DEU,electricity,Nexus,2026-01-01,44634.25390625
DEU,electricity,Nexus,2026-02-01,40835.8203125
DEU,electricity,Nexus,2026-03-01,41050.609375
DEU,electricity,Nexus,2026-04-01,36075.7265625
DNK,electricity,Nexus,2025-05-01,2232.43310546875
DNK,electricity,Nexus,2025-06-01,1877.439208984375
DNK,electricity,Nexus,2025-07-01,1829.91162109375
DNK,electricity,Nexus,2025-08-01,1848.180419921875
DNK,electricity,Nexus,2025-09-01,2057.2587890625
DNK,electricity,Nexus,2025-10-01,2451.03759765625
DNK,electricity,Nexus,2025-11-01,2809.26513671875
DNK,electricity,Nexus,2025-12-01,3201.63671875
DNK,electricity,Nexus,2026-01-01,3434.4072265625
DNK,electricity,Nexus,2026-02-01,3339.29296875
DNK,electricity,Nexus,2026-03-01,3149.614990234375
DNK,electricity,Nexus,2026-04-01,2749.947021484375
ESP,electricity,Nexus,2025-05-01,19888.6171875
ESP,electricity,Nexus,2025-06-01,20123.748046875
ESP,electricity,Nexus,2025-07-01,22665.435546875
ESP,electricity,Nexus,2025-08-01,21514.23046875
ESP,electricity,Nexus,2025-09-01,19954.837890625
ESP,electricity,Nexus,2025-10-01,19904.83203125
ESP,electricity,Nexus,2025-11-01,20297.3203125
ESP,electricity,Nexus,2025-12-01,21118.490234375
ESP,electricity,Nexus,2026-01-01,22427.546875
ESP,electricity,Nexus,2026-02-01,20410.166015625
ESP,electricity,Nexus,2026-03-01,21453.9453125
ESP,electricity,Nexus,2026-04-01,19780.46875
EST,electricity,Nexus,2025-05-01,489.2725830078125
EST,electricity,Nexus,2025-06-01,488.5596923828125
EST,electricity,Nexus,2025-07-01,492.3105163574219
EST,electricity,Nexus,2025-08-01,499.6966857910156
EST,electricity,Nexus,2025-09-01,514.8216552734375
EST,electricity,Nexus,2025-10-01,534.3646240234375
EST,electricity,Nexus,2025-11-01,553.158203125
EST,electricity,Nexus,2025-12-01,572.6774291992188
EST,electricity,Nexus,2026-01-01,579.19775390625
EST,electricity,Nexus,2026-02-01,575.801513671875
EST,electricity,Nexus,2026-03-01,571.5263671875
EST,electricity,Nexus,2026-04-01,562.6195068359375
FIN,electricity,Nexus,2025-05-01,5791.39697265625
FIN,electricity,Nexus,2025-06-01,5434.73291015625
FIN,electricity,Nexus,2025-07-01,5427.29833984375
FIN,electricity,Nexus,2025-08-01,5592.44189453125
FIN,electricity,Nexus,2025-09-01,5971.36572265625
FIN,electricity,Nexus,2025-10-01,6783.2861328125
FIN,electricity,Nexus,2025-11-01,7296.2646484375
FIN,electricity,Nexus,2025-12-01,7854.2724609375
FIN,electricity,Nexus,2026-01-01,7932.19970703125
FIN,electricity,Nexus,2026-02-01,7494.029296875
FIN,electricity,Nexus,2026-03-01,7186.1630859375
FIN,electricity,Nexus,2026-04-01,6377.3203125
FRA,electricity,Nexus,2025-05-01,38487.3359375
FRA,electricity,Nexus,2025-06-01,36217.51953125
FRA,electricity,Nexus,2025-07-01,37041.765625
FRA,electricity,Nexus,2025-08-01,35058.09375
FRA,electricity,Nexus,2025-09-01,35327.3515625
FRA,electricity,Nexus,2025-10-01,38721.3828125
FRA,electricity,Nexus,2025-11-01,43018.8359375
FRA,electricity,Nexus,2025-12-01,48712.4921875
FRA,electricity,Nexus,2026-01-01,53252.265625
FRA,electricity,Nexus,2026-02-01,47019.30078125
FRA,electricity,Nexus,2026-03-01,46260.421875
FRA,electricity,Nexus,2026-04-01,38345.234375
GBR,electricity,Nexus,2025-05-01,17242.94140625
GBR,electricity,Nexus,2025-06-01,16598.955078125
GBR,electricity,Nexus,2025-07-01,16811.4921875
GBR,electricity,Nexus,2025-08-01,16660.32421875
GBR,electricity,Nexus,2025-09-01,17363.521484375
GBR,electricity,Nexus,2025-10-01,19761.8671875
GBR,electricity,Nexus,2025-11-01,21361.8828125
GBR,electricity,Nexus,2025-12-01,22234.8984375
GBR,electricity,Nexus,2026-01-01,23061.451171875
GBR,electricity,Nexus,2026-02-01,20177.484375
GBR,electricity,Nexus,2026-03-01,20559.107421875
GBR,electricity,Nexus,2026-04-01,17864.7890625
GRC,electricity,Nexus,2025-05-01,3266.74560546875
GRC,electricity,Nexus,2025-06-01,3917.6357421875
GRC,electricity,Nexus,2025-07-01,4840.8818359375
GRC,electricity,Nexus,2025-08-01,4716.0390625
GRC,electricity,Nexus,2025-09-01,3952.670654296875
GRC,electricity,Nexus,2025-10-01,3721.517578125
GRC,electricity,Nexus,2025-11-01,3779.703857421875
GRC,electricity,Nexus,2025-12-01,4248.49072265625
GRC,electricity,Nexus,2026-01-01,4366.85546875
GRC,electricity,Nexus,2026-02-01,3806.71435546875
GRC,electricity,Nexus,2026-03-01,3592.658935546875
GRC,electricity,Nexus,2026-04-01,3131.633056640625
HRV,electricity,Nexus,2025-05-01,1172.0966796875
HRV,electricity,Nexus,2025-06-01,1114.049072265625
HRV,electricity,Nexus,2025-07-01,1116.8345947265625
HRV,electricity,Nexus,2025-08-01,1105.884033203125
HRV,electricity,Nexus,2025-09-01,1042.1343994140625
HRV,electricity,Nexus,2025-10-01,1103.8428955078125
HRV,electricity,Nexus,2025-11-01,1284.54296875
HRV,electricity,Nexus,2025-12-01,1347.4112548828125
HRV,electricity,Nexus,2026-01-01,1308.031494140625
HRV,electricity,Nexus,2026-02-01,1176.6751708984375
HRV,electricity,Nexus,2026-03-01,1147.9473876953125
HRV,electricity,Nexus,2026-04-01,1007.62255859375
HUN,electricity,Nexus,2025-05-01,3160.471923828125
HUN,electricity,Nexus,2025-06-01,3144.641845703125
HUN,electricity,Nexus,2025-07-01,3364.072265625
HUN,electricity,Nexus,2025-08-01,3147.342529296875
HUN,electricity,Nexus,2025-09-01,3078.931640625
HUN,electricity,Nexus,2025-10-01,3148.45361328125
HUN,electricity,Nexus,2025-11-01,3056.168212890625
HUN,electricity,Nexus,2025-12-01,3047.578857421875
HUN,electricity,Nexus,2026-01-01,3252.99462890625
HUN,electricity,Nexus,2026-02-01,3112.782470703125
HUN,electricity,Nexus,2026-03-01,3170.37109375
HUN,electricity,Nexus,2026-04-01,3259.8447265625
IND|delhi,electricity,Nexus,2024-12-01,234.06101989746094
IND|delhi,electricity,Nexus,2025-01-01,268.927001953125
IND|delhi,electricity,Nexus,2025-02-01,286.07666015625
IND|delhi,electricity,Nexus,2025-03-01,305.29119873046875
IND|delhi,electricity,Nexus,2025-04-01,323.5747375488281
IND|delhi,electricity,Nexus,2025-05-01,339.9743347167969
IND|delhi,electricity,Nexus,2025-06-01,354.0152893066406
IND|delhi,electricity,Nexus,2025-07-01,359.339111328125
IND|delhi,electricity,Nexus,2025-08-01,365.8949279785156
IND|delhi,electricity,Nexus,2025-09-01,370.1245422363281
IND|delhi,electricity,Nexus,2025-10-01,364.940673828125
IND|delhi,electricity,Nexus,2025-11-01,356.307861328125
IND|gujarat,electricity,Nexus,2024-12-01,10831.74609375
IND|gujarat,electricity,Nexus,2025-01-01,10954.2294921875
IND|gujarat,electricity,Nexus,2025-02-01,10960.4951171875
IND|gujarat,electricity,Nexus,2025-03-01,11007.58984375
IND|gujarat,electricity,Nexus,2025-04-01,11090.203125
IND|gujarat,electricity,Nexus,2025-05-01,11090.9306640625
IND|gujarat,electricity,Nexus,2025-06-01,10964.4677734375
IND|gujarat,electricity,Nexus,2025-07-01,10856.646484375
IND|gujarat,electricity,Nexus,2025-08-01,10797.6689453125
IND|gujarat,electricity,Nexus,2025-09-01,10668.2841796875
IND|gujarat,electricity,Nexus,2025-10-01,10494.390625
IND|gujarat,electricity,Nexus,2025-11-01,10287.4228515625
IND|karnataka,electricity,Nexus,2024-12-01,7802.46728515625
IND|karnataka,electricity,Nexus,2025-01-01,8065.78125
IND|karnataka,electricity,Nexus,2025-02-01,8101.0380859375
IND|karnataka,electricity,Nexus,2025-03-01,8420.8271484375
IND|karnataka,electricity,Nexus,2025-04-01,8366.4453125
IND|karnataka,electricity,Nexus,2025-05-01,8299.6865234375
IND|karnataka,electricity,Nexus,2025-06-01,8230.599609375
IND|karnataka,electricity,Nexus,2025-07-01,8400.591796875
IND|karnataka,electricity,Nexus,2025-08-01,8467.07421875
IND|karnataka,electricity,Nexus,2025-09-01,8260.173828125
IND|karnataka,electricity,Nexus,2025-10-01,7993.9580078125
IND|karnataka,electricity,Nexus,2025-11-01,7908.384765625
IND|kerala,electricity,Nexus,2024-12-01,710.151123046875
IND|kerala,electricity,Nexus,2025-01-01,725.7437133789062
IND|kerala,electricity,Nexus,2025-02-01,745.4373168945312
IND|kerala,electricity,Nexus,2025-03-01,770.081787109375
IND|kerala,electricity,Nexus,2025-04-01,791.90625
IND|kerala,electricity,Nexus,2025-05-01,801.961181640625
IND|kerala,electricity,Nexus,2025-06-01,800.0750732421875
IND|kerala,electricity,Nexus,2025-07-01,805.2378540039062
IND|kerala,electricity,Nexus,2025-08-01,808.329345703125
IND|kerala,electricity,Nexus,2025-09-01,802.389892578125
IND|kerala,electricity,Nexus,2025-10-01,789.86279296875
IND|kerala,electricity,Nexus,2025-11-01,768.7077026367188
IND|maharashtra,electricity,Nexus,2024-12-01,13828.1025390625
IND|maharashtra,electricity,Nexus,2025-01-01,14432.2587890625
IND|maharashtra,electricity,Nexus,2025-02-01,14842.1953125
IND|maharashtra,electricity,Nexus,2025-03-01,15272.365234375
IND|maharashtra,electricity,Nexus,2025-04-01,15066.052734375
IND|maharashtra,electricity,Nexus,2025-05-01,15017.4267578125
IND|maharashtra,electricity,Nexus,2025-06-01,14633.0029296875
IND|maharashtra,electricity,Nexus,2025-07-01,14305.9560546875
IND|maharashtra,electricity,Nexus,2025-08-01,14149.328125
IND|maharashtra,electricity,Nexus,2025-09-01,14032.2392578125
IND|maharashtra,electricity,Nexus,2025-10-01,14189.1845703125
IND|maharashtra,electricity,Nexus,2025-11-01,14320.833984375
IND|odisha,electricity,Nexus,2024-12-01,6514.21875
IND|odisha,electricity,Nexus,2025-01-01,6400.5537109375
IND|odisha,electricity,Nexus,2025-02-01,6331.71484375
IND|odisha,electricity,Nexus,2025-03-01,6646.86279296875
IND|odisha,electricity,Nexus,2025-04-01,6643.27001953125
IND|odisha,electricity,Nexus,2025-05-01,6650.37109375
IND|odisha,electricity,Nexus,2025-06-01,6418.474609375
IND|odisha,electricity,Nexus,2025-07-01,6415.5537109375
IND|odisha,electricity,Nexus,2025-08-01,6527.294921875
IND|odisha,electricity,Nexus,2025-09-01,6693.685546875
IND|odisha,electricity,Nexus,2025-10-01,6823.53173828125
IND|odisha,electricity,Nexus,2025-11-01,6737.9033203125
IND|rajasthan,electricity,Nexus,2024-12-01,10365.26171875
IND|rajasthan,electricity,Nexus,2025-01-01,10454.4267578125
IND|rajasthan,electricity,Nexus,2025-02-01,10539.685546875
IND|rajasthan,electricity,Nexus,2025-03-01,10687.1728515625
IND|rajasthan,electricity,Nexus,2025-04-01,10869.48046875
IND|rajasthan,electricity,Nexus,2025-05-01,10980.69140625
IND|rajasthan,electricity,Nexus,2025-06-01,10997.541015625
IND|rajasthan,electricity,Nexus,2025-07-01,10941.150390625
IND|rajasthan,electricity,Nexus,2025-08-01,10862.6083984375
IND|rajasthan,electricity,Nexus,2025-09-01,10799.1630859375
IND|rajasthan,electricity,Nexus,2025-10-01,10805.5556640625
IND|rajasthan,electricity,Nexus,2025-11-01,10870.546875
IND|tamil nadu,electricity,Nexus,2024-12-01,9796.5205078125
IND|tamil nadu,electricity,Nexus,2025-01-01,9984.228515625
IND|tamil nadu,electricity,Nexus,2025-02-01,10104.7333984375
IND|tamil nadu,electricity,Nexus,2025-03-01,10744.912109375
IND|tamil nadu,electricity,Nexus,2025-04-01,10834.5302734375
IND|tamil nadu,electricity,Nexus,2025-05-01,11325.498046875
IND|tamil nadu,electricity,Nexus,2025-06-01,12261.216796875
IND|tamil nadu,electricity,Nexus,2025-07-01,12566.76953125
IND|tamil nadu,electricity,Nexus,2025-08-01,12309.27734375
IND|tamil nadu,electricity,Nexus,2025-09-01,12014.076171875
IND|tamil nadu,electricity,Nexus,2025-10-01,11054.591796875
IND|tamil nadu,electricity,Nexus,2025-11-01,10082.3330078125
IND|telangana,electricity,Nexus,2024-12-01,5339.2802734375
IND|telangana,electricity,Nexus,2025-01-01,5732.94140625
IND|telangana,electricity,Nexus,2025-02-01,5713.08740234375
IND|telangana,electricity,Nexus,2025-03-01,6367.0888671875
IND|telangana,electricity,Nexus,2025-04-01,6038.88720703125
IND|telangana,electricity,Nexus,2025-05-01,5804.90771484375
IND|telangana,electricity,Nexus,2025-06-01,5152.2568359375
IND|telangana,electricity,Nexus,2025-07-01,5143.63671875
IND|telangana,electricity,Nexus,2025-08-01,5953.1728515625
IND|telangana,electricity,Nexus,2025-09-01,6001.076171875
IND|telangana,electricity,Nexus,2025-10-01,6408.98779296875
IND|telangana,electricity,Nexus,2025-11-01,5653.3876953125
IND|uttar pradesh,electricity,Nexus,2024-12-01,13564.1748046875
IND|uttar pradesh,electricity,Nexus,2025-01-01,14650.509765625
IND|uttar pradesh,electricity,Nexus,2025-02-01,13623.6015625
IND|uttar pradesh,electricity,Nexus,2025-03-01,14269.34765625
IND|uttar pradesh,electricity,Nexus,2025-04-01,14896.5166015625
IND|uttar pradesh,electricity,Nexus,2025-05-01,15212.390625
IND|uttar pradesh,electricity,Nexus,2025-06-01,15519.1689453125
IND|uttar pradesh,electricity,Nexus,2025-07-01,16073.6669921875
IND|uttar pradesh,electricity,Nexus,2025-08-01,15675.568359375
IND|uttar pradesh,electricity,Nexus,2025-09-01,15285.6630859375
IND|uttar pradesh,electricity,Nexus,2025-10-01,14847.169921875
IND|uttar pradesh,electricity,Nexus,2025-11-01,13292.1279296875
IND|west bengal,electricity,Nexus,2024-12-01,8025.978515625
IND|west bengal,electricity,Nexus,2025-01-01,8355.693359375
IND|west bengal,electricity,Nexus,2025-02-01,8144.6630859375
IND|west bengal,electricity,Nexus,2025-03-01,8626.7392578125
IND|west bengal,electricity,Nexus,2025-04-01,8566.078125
IND|west bengal,electricity,Nexus,2025-05-01,8436.4873046875
IND|west bengal,electricity,Nexus,2025-06-01,8335.640625
IND|west bengal,electricity,Nexus,2025-07-01,8209.8037109375
IND|west bengal,electricity,Nexus,2025-08-01,8107.97802734375
IND|west bengal,electricity,Nexus,2025-09-01,8036.08984375
IND|west bengal,electricity,Nexus,2025-10-01,8138.04736328125
IND|west bengal,electricity,Nexus,2025-11-01,8008.4755859375
IRL,electricity,Nexus,2025-04-01,2247.41845703125
IRL,electricity,Nexus,2025-05-01,2168.144775390625
IRL,electricity,Nexus,2025-06-01,2069.034912109375
IRL,electricity,Nexus,2025-07-01,2111.971923828125
IRL,electricity,Nexus,2025-08-01,2139.72119140625
IRL,electricity,Nexus,2025-09-01,2194.55322265625
IRL,electricity,Nexus,2025-10-01,2386.837890625
IRL,electricity,Nexus,2025-11-01,2555.49462890625
IRL,electricity,Nexus,2025-12-01,2715.37255859375
IRL,electricity,Nexus,2026-01-01,2726.986572265625
IRL,electricity,Nexus,2026-02-01,2521.45361328125
IRL,electricity,Nexus,2026-03-01,2512.91796875
ITA,electricity,Nexus,2025-05-01,19805.865234375
ITA,electricity,Nexus,2025-06-01,21677.7890625
ITA,electricity,Nexus,2025-07-01,24404.955078125
ITA,electricity,Nexus,2025-08-01,21894.134765625
ITA,electricity,Nexus,2025-09-01,21335.859375
ITA,electricity,Nexus,2025-10-01,20150.697265625
ITA,electricity,Nexus,2025-11-01,20404.63671875
ITA,electricity,Nexus,2025-12-01,20892.34765625
ITA,electricity,Nexus,2026-01-01,21441.990234375
ITA,electricity,Nexus,2026-02-01,19254.6953125
ITA,electricity,Nexus,2026-03-01,20190.69140625
ITA,electricity,Nexus,2026-04-01,18805.583984375
LTU,electricity,Nexus,2025-05-01,767.5770263671875
LTU,electricity,Nexus,2025-06-01,756.8759765625
LTU,electricity,Nexus,2025-07-01,754.6726684570312
LTU,electricity,Nexus,2025-08-01,758.4005126953125
LTU,electricity,Nexus,2025-09-01,767.9366455078125
LTU,electricity,Nexus,2025-10-01,771.5382690429688
LTU,electricity,Nexus,2025-11-01,778.9686889648438
LTU,electricity,Nexus,2025-12-01,791.6273193359375
LTU,electricity,Nexus,2026-01-01,805.2650146484375
LTU,electricity,Nexus,2026-02-01,795.7023315429688
LTU,electricity,Nexus,2026-03-01,791.0531005859375
LTU,electricity,Nexus,2026-04-01,780.5074462890625
LUX,electricity,Nexus,2025-05-01,121.51045989990234
LUX,electricity,Nexus,2025-06-01,112.62500762939453
LUX,electricity,Nexus,2025-07-01,109.70024108886719
LUX,electricity,Nexus,2025-08-01,107.83914184570312
LUX,electricity,Nexus,2025-09-01,103.27916717529297
LUX,electricity,Nexus,2025-10-01,108.33841705322266
LUX,electricity,Nexus,2025-11-01,109.25748443603516
LUX,electricity,Nexus,2025-12-01,111.94000244140625
LUX,electricity,Nexus,2026-01-01,115.18330383300781
LUX,electricity,Nexus,2026-02-01,117.32757568359375
LUX,electricity,Nexus,2026-03-01,119.6410903930664
LUX,electricity,Nexus,2026-04-01,119.18563079833984
LVA,electricity,Nexus,2025-05-01,349.0330810546875
LVA,electricity,Nexus,2025-06-01,244.60643005371094
LVA,electricity,Nexus,2025-07-01,233.40255737304688
LVA,electricity,Nexus,2025-08-01,258.9108581542969
LVA,electricity,Nexus,2025-09-01,283.76971435546875
LVA,electricity,Nexus,2025-10-01,324.82574462890625
LVA,electricity,Nexus,2025-11-01,448.0552673339844
LVA,electricity,Nexus,2025-12-01,521.7402954101562
LVA,electricity,Nexus,2026-01-01,587.1489868164062
LVA,electricity,Nexus,2026-02-01,567.6187133789062
LVA,electricity,Nexus,2026-03-01,608.6678466796875
LVA,electricity,Nexus,2026-04-01,554.71142578125
MKD,electricity,Nexus,2024-03-01,650.963623046875
MKD,electricity,Nexus,2024-04-01,553.4511108398438
MKD,electricity,Nexus,2024-05-01,508.4413146972656
MKD,electricity,Nexus,2024-06-01,519.5180053710938
MKD,electricity,Nexus,2024-07-01,554.6934814453125
MKD,electricity,Nexus,2024-08-01,571.6282348632812
MKD,electricity,Nexus,2024-09-01,563.4979858398438
MKD,electricity,Nexus,2024-10-01,556.98388671875
MKD,electricity,Nexus,2024-11-01,588.7674560546875
MKD,electricity,Nexus,2024-12-01,667.4398193359375
MKD,electricity,Nexus,2025-01-01,703.73291015625
MKD,electricity,Nexus,2025-02-01,677.9243774414062
MLT,electricity,Nexus,2025-04-01,249.56436157226562
MLT,electricity,Nexus,2025-05-01,254.2834930419922
MLT,electricity,Nexus,2025-06-01,275.5838928222656
MLT,electricity,Nexus,2025-07-01,304.2803649902344
MLT,electricity,Nexus,2025-08-01,315.92791748046875
MLT,electricity,Nexus,2025-09-01,270.12249755859375
MLT,electricity,Nexus,2025-10-01,260.0946960449219
MLT,electricity,Nexus,2025-11-01,250.7473907470703
MLT,electricity,Nexus,2025-12-01,251.9083709716797
MLT,electricity,Nexus,2026-01-01,266.7650146484375
MLT,electricity,Nexus,2026-02-01,258.6734313964844
MLT,electricity,Nexus,2026-03-01,258.7310485839844
NLD,electricity,Nexus,2025-05-01,10142.83984375
NLD,electricity,Nexus,2025-06-01,10017.154296875
NLD,electricity,Nexus,2025-07-01,10351.8994140625
NLD,electricity,Nexus,2025-08-01,10187.068359375
NLD,electricity,Nexus,2025-09-01,10156.2607421875
NLD,electricity,Nexus,2025-10-01,10446.744140625
NLD,electricity,Nexus,2025-11-01,11051.552734375
NLD,electricity,Nexus,2025-12-01,11560.142578125
NLD,electricity,Nexus,2026-01-01,11765.642578125
NLD,electricity,Nexus,2026-02-01,11184.99609375
NLD,electricity,Nexus,2026-03-01,11250.220703125
NLD,electricity,Nexus,2026-04-01,10231.337890625
NOR,electricity,Nexus,2025-05-01,11899.8955078125
NOR,electricity,Nexus,2025-06-01,11404.9599609375
NOR,electricity,Nexus,2025-07-01,11057.38671875
NOR,electricity,Nexus,2025-08-01,11371.17578125
NOR,electricity,Nexus,2025-09-01,11739.0263671875
NOR,electricity,Nexus,2025-10-01,13003.1953125
NOR,electricity,Nexus,2025-11-01,14287.5302734375
NOR,electricity,Nexus,2025-12-01,15068.322265625
NOR,electricity,Nexus,2026-01-01,15911.6298828125
NOR,electricity,Nexus,2026-02-01,14571.4296875
NOR,electricity,Nexus,2026-03-01,14262.68359375
NOR,electricity,Nexus,2026-04-01,12353.650390625
POL,electricity,Nexus,2025-05-01,12388.1162109375
POL,electricity,Nexus,2025-06-01,12289.6826171875
POL,electricity,Nexus,2025-07-01,12747.9697265625
POL,electricity,Nexus,2025-08-01,12791.39453125
POL,electricity,Nexus,2025-09-01,12750.408203125
POL,electricity,Nexus,2025-10-01,13666.8427734375
POL,electricity,Nexus,2025-11-01,13910.90625
POL,electricity,Nexus,2025-12-01,14534.0029296875
POL,electricity,Nexus,2026-01-01,14864.58203125
POL,electricity,Nexus,2026-02-01,13347.9794921875
POL,electricity,Nexus,2026-03-01,13879.560546875
POL,electricity,Nexus,2026-04-01,12348.4111328125
PRT,electricity,Nexus,2025-05-01,3662.51220703125
PRT,electricity,Nexus,2025-06-01,3426.828125
PRT,electricity,Nexus,2025-07-01,3408.675048828125
PRT,electricity,Nexus,2025-08-01,3263.839111328125
PRT,electricity,Nexus,2025-09-01,3307.97021484375
PRT,electricity,Nexus,2025-10-01,3382.475341796875
PRT,electricity,Nexus,2025-11-01,3695.737548828125
PRT,electricity,Nexus,2025-12-01,3796.409423828125
PRT,electricity,Nexus,2026-01-01,4119.05615234375
PRT,electricity,Nexus,2026-02-01,3931.833251953125
PRT,electricity,Nexus,2026-03-01,4024.451904296875
PRT,electricity,Nexus,2026-04-01,3535.5205078125
ROU,electricity,Nexus,2025-05-01,3750.46923828125
ROU,electricity,Nexus,2025-06-01,3835.04052734375
ROU,electricity,Nexus,2025-07-01,3973.63330078125
ROU,electricity,Nexus,2025-08-01,3842.90771484375
ROU,electricity,Nexus,2025-09-01,3758.089111328125
ROU,electricity,Nexus,2025-10-01,3921.636962890625
ROU,electricity,Nexus,2025-11-01,4134.83837890625
ROU,electricity,Nexus,2025-12-01,4494.40380859375
ROU,electricity,Nexus,2026-01-01,4653.1064453125
ROU,electricity,Nexus,2026-02-01,4239.39111328125
ROU,electricity,Nexus,2026-03-01,4289.8203125
ROU,electricity,Nexus,2026-04-01,3760.56494140625
SRB,electricity,Nexus,2025-05-01,2530.018310546875
SRB,electricity,Nexus,2025-06-01,2488.245849609375
SRB,electricity,Nexus,2025-07-01,2561.928466796875
SRB,electricity,Nexus,2025-08-01,2538.82763671875
SRB,electricity,Nexus,2025-09-01,2509.551025390625
SRB,electricity,Nexus,2025-10-01,2719.610107421875
SRB,electricity,Nexus,2025-11-01,2992.345703125
SRB,electricity,Nexus,2025-12-01,3257.03515625
SRB,electricity,Nexus,2026-01-01,3296.89990234375
SRB,electricity,Nexus,2026-02-01,3118.941162109375
SRB,electricity,Nexus,2026-03-01,3230.023193359375
SRB,electricity,Nexus,2026-04-01,2773.90234375
SVK,electricity,Nexus,2025-05-01,2163.76123046875
SVK,electricity,Nexus,2025-06-01,2038.90673828125
SVK,electricity,Nexus,2025-07-01,2182.71484375
SVK,electricity,Nexus,2025-08-01,2289.684814453125
SVK,electricity,Nexus,2025-09-01,2144.92822265625
SVK,electricity,Nexus,2025-10-01,2243.343017578125
SVK,electricity,Nexus,2025-11-01,2416.009765625
SVK,electricity,Nexus,2025-12-01,2542.822265625
SVK,electricity,Nexus,2026-01-01,2653.7138671875
SVK,electricity,Nexus,2026-02-01,2484.435302734375
SVK,electricity,Nexus,2026-03-01,2510.098388671875
SVK,electricity,Nexus,2026-04-01,2151.77587890625
SVN,electricity,Nexus,2025-05-01,1221.2650146484375
SVN,electricity,Nexus,2025-06-01,1047.4842529296875
SVN,electricity,Nexus,2025-07-01,1210.85302734375
SVN,electricity,Nexus,2025-08-01,1224.3687744140625
SVN,electricity,Nexus,2025-09-01,1227.1207275390625
SVN,electricity,Nexus,2025-10-01,1203.9373779296875
SVN,electricity,Nexus,2025-11-01,1221.7958984375
SVN,electricity,Nexus,2025-12-01,1223.1326904296875
SVN,electricity,Nexus,2026-01-01,1209.1634521484375
SVN,electricity,Nexus,2026-02-01,1196.966552734375
SVN,electricity,Nexus,2026-03-01,1221.3187255859375
SVN,electricity,Nexus,2026-04-01,1244.869140625
SWE,electricity,Nexus,2025-05-01,12646.8125
SWE,electricity,Nexus,2025-06-01,11127.912109375
SWE,electricity,Nexus,2025-07-01,10971.6435546875
SWE,electricity,Nexus,2025-08-01,11163.41015625
SWE,electricity,Nexus,2025-09-01,11533.630859375
SWE,electricity,Nexus,2025-10-01,13405.458984375
SWE,electricity,Nexus,2025-11-01,14642.306640625
SWE,electricity,Nexus,2025-12-01,15981.810546875
SWE,electricity,Nexus,2026-01-01,16803.365234375
SWE,electricity,Nexus,2026-02-01,15770.2724609375
SWE,electricity,Nexus,2026-03-01,15780.42578125
SWE,electricity,Nexus,2026-04-01,13896.84375
TUR,electricity,Nexus,2025-04-01,26553.99609375
TUR,electricity,Nexus,2025-05-01,27212.7265625
TUR,electricity,Nexus,2025-06-01,28319.9375
TUR,electricity,Nexus,2025-07-01,33450.984375
TUR,electricity,Nexus,2025-08-01,33841.296875
TUR,electricity,Nexus,2025-09-01,29262.1015625
TUR,electricity,Nexus,2025-10-01,27321.044921875
TUR,electricity,Nexus,2025-11-01,27464.302734375
TUR,electricity,Nexus,2025-12-01,29257.56640625
TUR,electricity,Nexus,2026-01-01,29611.107421875
TUR,electricity,Nexus,2026-02-01,27446.669921875
TUR,electricity,Nexus,2026-03-01,28386.52734375
USA|alabama,electricity,Nexus,2025-01-01,12503.92578125
USA|alabama,electricity,Nexus,2025-02-01,11003.9169921875
USA|alabama,electricity,Nexus,2025-03-01,10880.916015625
USA|alabama,electricity,Nexus,2025-04-01,9869.0849609375
USA|alabama,electricity,Nexus,2025-05-01,11566.673828125
USA|alabama,electricity,Nexus,2025-06-01,12796.8544921875
USA|alabama,electricity,Nexus,2025-07-01,13880.8681640625
USA|alabama,electricity,Nexus,2025-08-01,13761.05078125
USA|alabama,electricity,Nexus,2025-09-01,12090.9541015625
USA|alabama,electricity,Nexus,2025-10-01,10995.74609375
USA|alabama,electricity,Nexus,2025-11-01,11046.541015625
USA|alabama,electricity,Nexus,2025-12-01,12140.9755859375
USA|arizona,electricity,Nexus,2025-01-01,9679.7431640625
USA|arizona,electricity,Nexus,2025-02-01,8456.0302734375
USA|arizona,electricity,Nexus,2025-03-01,8783.3349609375
USA|arizona,electricity,Nexus,2025-04-01,8395.6123046875
USA|arizona,electricity,Nexus,2025-05-01,9632.078125
USA|arizona,electricity,Nexus,2025-06-01,11333.6640625
USA|arizona,electricity,Nexus,2025-07-01,12985.5361328125
USA|arizona,electricity,Nexus,2025-08-01,13139.9365234375
USA|arizona,electricity,Nexus,2025-09-01,11802.4912109375
USA|arizona,electricity,Nexus,2025-10-01,10126.587890625
USA|arizona,electricity,Nexus,2025-11-01,8822.771484375
USA|arizona,electricity,Nexus,2025-12-01,9766.0517578125
USA|arkansas,electricity,Nexus,2025-01-01,5281.263671875
USA|arkansas,electricity,Nexus,2025-02-01,4525.0498046875
USA|arkansas,electricity,Nexus,2025-03-01,4287.6708984375
USA|arkansas,electricity,Nexus,2025-04-01,3842.102783203125
USA|arkansas,electricity,Nexus,2025-05-01,4554.02099609375
USA|arkansas,electricity,Nexus,2025-06-01,5844.421875
USA|arkansas,electricity,Nexus,2025-07-01,6612.72265625
USA|arkansas,electricity,Nexus,2025-08-01,6596.4208984375
USA|arkansas,electricity,Nexus,2025-09-01,5279.4560546875
USA|arkansas,electricity,Nexus,2025-10-01,4393.07666015625
USA|arkansas,electricity,Nexus,2025-11-01,4131.4326171875
USA|arkansas,electricity,Nexus,2025-12-01,4855.7080078125
USA|california,electricity,Nexus,2025-01-01,17574.240234375
USA|california,electricity,Nexus,2025-02-01,16450.396484375
USA|california,electricity,Nexus,2025-03-01,18049.212890625
USA|california,electricity,Nexus,2025-04-01,18226.916015625
USA|california,electricity,Nexus,2025-05-01,19256.63671875
USA|california,electricity,Nexus,2025-06-01,20994.33203125
USA|california,electricity,Nexus,2025-07-01,24898.193359375
USA|california,electricity,Nexus,2025-08-01,24938.734375
USA|california,electricity,Nexus,2025-09-01,21945.439453125
USA|california,electricity,Nexus,2025-10-01,19824.154296875
USA|california,electricity,Nexus,2025-11-01,17490.1875
USA|california,electricity,Nexus,2025-12-01,18115.8359375
USA|colorado,electricity,Nexus,2025-01-01,5320.1123046875
USA|colorado,electricity,Nexus,2025-02-01,4829.68017578125
USA|colorado,electricity,Nexus,2025-03-01,4904.66162109375
USA|colorado,electricity,Nexus,2025-04-01,4447.52734375
USA|colorado,electricity,Nexus,2025-05-01,4552.0390625
USA|colorado,electricity,Nexus,2025-06-01,5116.9716796875
USA|colorado,electricity,Nexus,2025-07-01,5755.66845703125
USA|colorado,electricity,Nexus,2025-08-01,5644.91796875
USA|colorado,electricity,Nexus,2025-09-01,4924.86865234375
USA|colorado,electricity,Nexus,2025-10-01,4628.7412109375
USA|colorado,electricity,Nexus,2025-11-01,4748.52587890625
USA|colorado,electricity,Nexus,2025-12-01,5341.41357421875
USA|connecticut,electricity,Nexus,2025-01-01,3996.894775390625
USA|connecticut,electricity,Nexus,2025-02-01,3811.729248046875
USA|connecticut,electricity,Nexus,2025-03-01,3957.13671875
USA|connecticut,electricity,Nexus,2025-04-01,3191.92578125
USA|connecticut,electricity,Nexus,2025-05-01,3249.377197265625
USA|connecticut,electricity,Nexus,2025-06-01,3870.43994140625
USA|connecticut,electricity,Nexus,2025-07-01,4539.3076171875
USA|connecticut,electricity,Nexus,2025-08-01,4407.9267578125
USA|connecticut,electricity,Nexus,2025-09-01,3969.55810546875
USA|connecticut,electricity,Nexus,2025-10-01,3657.9267578125
USA|connecticut,electricity,Nexus,2025-11-01,3957.68115234375
USA|connecticut,electricity,Nexus,2025-12-01,4166.111328125
USA|delaware,electricity,Nexus,2025-01-01,355.05224609375
USA|delaware,electricity,Nexus,2025-02-01,335.658203125
USA|delaware,electricity,Nexus,2025-03-01,362.2017822265625
USA|delaware,electricity,Nexus,2025-04-01,378.2547607421875
USA|delaware,electricity,Nexus,2025-05-01,382.618896484375
USA|delaware,electricity,Nexus,2025-06-01,516.5360717773438
USA|delaware,electricity,Nexus,2025-07-01,781.2039184570312
USA|delaware,electricity,Nexus,2025-08-01,683.9287109375
USA|delaware,electricity,Nexus,2025-09-01,464.62255859375
USA|delaware,electricity,Nexus,2025-10-01,400.84228515625
USA|delaware,electricity,Nexus,2025-11-01,336.102294921875
USA|delaware,electricity,Nexus,2025-12-01,344.2659912109375
USA|florida,electricity,Nexus,2025-01-01,20190.208984375
USA|florida,electricity,Nexus,2025-02-01,18410.76953125
USA|florida,electricity,Nexus,2025-03-01,20047.453125
USA|florida,electricity,Nexus,2025-04-01,20583.326171875
USA|florida,electricity,Nexus,2025-05-01,23679.03515625
USA|florida,electricity,Nexus,2025-06-01,25331.46484375
USA|florida,electricity,Nexus,2025-07-01,26909.873046875
USA|florida,electricity,Nexus,2025-08-01,27527.34375
USA|florida,electricity,Nexus,2025-09-01,24982.2265625
USA|florida,electricity,Nexus,2025-10-01,22839.169921875
USA|florida,electricity,Nexus,2025-11-01,19611.6484375
USA|florida,electricity,Nexus,2025-12-01,19869.5546875
USA|georgia,electricity,Nexus,2025-01-01,11723.1357421875
USA|georgia,electricity,Nexus,2025-02-01,9947.70703125
USA|georgia,electricity,Nexus,2025-03-01,9944.19140625
USA|georgia,electricity,Nexus,2025-04-01,10055.7822265625
USA|georgia,electricity,Nexus,2025-05-01,11731.732421875
USA|georgia,electricity,Nexus,2025-06-01,12958.1904296875
USA|georgia,electricity,Nexus,2025-07-01,13859.443359375
USA|georgia,electricity,Nexus,2025-08-01,13979.259765625
USA|georgia,electricity,Nexus,2025-09-01,11698.2119140625
USA|georgia,electricity,Nexus,2025-10-01,10456.041015625
USA|georgia,electricity,Nexus,2025-11-01,10092.9716796875
USA|georgia,electricity,Nexus,2025-12-01,11287.4189453125
USA|idaho,electricity,Nexus,2025-01-01,1641.3662109375
USA|idaho,electricity,Nexus,2025-02-01,1575.208740234375
USA|idaho,electricity,Nexus,2025-03-01,1611.7734375
USA|idaho,electricity,Nexus,2025-04-01,1552.72412109375
USA|idaho,electricity,Nexus,2025-05-01,1571.7518310546875
USA|idaho,electricity,Nexus,2025-06-01,1648.533447265625
USA|idaho,electricity,Nexus,2025-07-01,1817.49560546875
USA|idaho,electricity,Nexus,2025-08-01,1755.915283203125
USA|idaho,electricity,Nexus,2025-09-01,1485.30029296875
USA|idaho,electricity,Nexus,2025-10-01,1306.3060302734375
USA|idaho,electricity,Nexus,2025-11-01,1464.637451171875
USA|idaho,electricity,Nexus,2025-12-01,1539.864990234375
USA|illinois,electricity,Nexus,2025-01-01,16858.966796875
USA|illinois,electricity,Nexus,2025-02-01,14819.5673828125
USA|illinois,electricity,Nexus,2025-03-01,15156.2529296875
USA|illinois,electricity,Nexus,2025-04-01,13784.2529296875
USA|illinois,electricity,Nexus,2025-05-01,14304.0458984375
USA|illinois,electricity,Nexus,2025-06-01,15992.798828125
USA|illinois,electricity,Nexus,2025-07-01,17313.447265625
USA|illinois,electricity,Nexus,2025-08-01,17032.19921875
USA|illinois,electricity,Nexus,2025-09-01,15073.0361328125
USA|illinois,electricity,Nexus,2025-10-01,14844.2099609375
USA|illinois,electricity,Nexus,2025-11-01,15042.87109375
USA|illinois,electricity,Nexus,2025-12-01,16469.052734375
USA|indiana,electricity,Nexus,2025-01-01,9207.404296875
USA|indiana,electricity,Nexus,2025-02-01,7869.173828125
USA|indiana,electricity,Nexus,2025-03-01,7486.330078125
USA|indiana,electricity,Nexus,2025-04-01,6803.939453125
USA|indiana,electricity,Nexus,2025-05-01,7150.30859375
USA|indiana,electricity,Nexus,2025-06-01,8465.193359375
USA|indiana,electricity,Nexus,2025-07-01,9486.1005859375
USA|indiana,electricity,Nexus,2025-08-01,9241.2705078125
USA|indiana,electricity,Nexus,2025-09-01,7563.208984375
USA|indiana,electricity,Nexus,2025-10-01,7511.3935546875
USA|indiana,electricity,Nexus,2025-11-01,7600.05078125
USA|indiana,electricity,Nexus,2025-12-01,8948.078125
USA|iowa,electricity,Nexus,2025-01-01,6432.486328125
USA|iowa,electricity,Nexus,2025-02-01,6018.92138671875
USA|iowa,electricity,Nexus,2025-03-01,6093.642578125
USA|iowa,electricity,Nexus,2025-04-01,5791.85205078125
USA|iowa,electricity,Nexus,2025-05-01,5795.935546875
USA|iowa,electricity,Nexus,2025-06-01,6088.02734375
USA|iowa,electricity,Nexus,2025-07-01,6313.248046875
USA|iowa,electricity,Nexus,2025-08-01,6242.5
USA|iowa,electricity,Nexus,2025-09-01,5923.19091796875
USA|iowa,electricity,Nexus,2025-10-01,5938.6923828125
USA|iowa,electricity,Nexus,2025-11-01,6108.1611328125
USA|iowa,electricity,Nexus,2025-12-01,6438.109375
USA|kansas,electricity,Nexus,2025-01-01,5199.9091796875
USA|kansas,electricity,Nexus,2025-02-01,4815.564453125
USA|kansas,electricity,Nexus,2025-03-01,4697.2158203125
USA|kansas,electricity,Nexus,2025-04-01,4346.2060546875
USA|kansas,electricity,Nexus,2025-05-01,4645.88232421875
USA|kansas,electricity,Nexus,2025-06-01,5267.66796875
USA|kansas,electricity,Nexus,2025-07-01,5608.7236328125
USA|kansas,electricity,Nexus,2025-08-01,5479.09912109375
USA|kansas,electricity,Nexus,2025-09-01,5022.80419921875
USA|kansas,electricity,Nexus,2025-10-01,4616.185546875
USA|kansas,electricity,Nexus,2025-11-01,4698.57861328125
USA|kansas,electricity,Nexus,2025-12-01,5223.5439453125
USA|kentucky,electricity,Nexus,2025-01-01,6538.55615234375
USA|kentucky,electricity,Nexus,2025-02-01,5705.02880859375
USA|kentucky,electricity,Nexus,2025-03-01,5201.33837890625
USA|kentucky,electricity,Nexus,2025-04-01,4474.32080078125
USA|kentucky,electricity,Nexus,2025-05-01,5045.900390625
USA|kentucky,electricity,Nexus,2025-06-01,6054.41845703125
USA|kentucky,electricity,Nexus,2025-07-01,6791.55517578125
USA|kentucky,electricity,Nexus,2025-08-01,6486.3447265625
USA|kentucky,electricity,Nexus,2025-09-01,5287.58984375
USA|kentucky,electricity,Nexus,2025-10-01,4725.67578125
USA|kentucky,electricity,Nexus,2025-11-01,4908.62890625
USA|kentucky,electricity,Nexus,2025-12-01,6068.5673828125
USA|louisiana,electricity,Nexus,2025-01-01,8058.97705078125
USA|louisiana,electricity,Nexus,2025-02-01,7189.2587890625
USA|louisiana,electricity,Nexus,2025-03-01,7226.2265625
USA|louisiana,electricity,Nexus,2025-04-01,7186.6875
USA|louisiana,electricity,Nexus,2025-05-01,8095.814453125
USA|louisiana,electricity,Nexus,2025-06-01,8903.3388671875
USA|louisiana,electricity,Nexus,2025-07-01,9734.2763671875
USA|louisiana,electricity,Nexus,2025-08-01,9718.8701171875
USA|louisiana,electricity,Nexus,2025-09-01,8390.263671875
USA|louisiana,electricity,Nexus,2025-10-01,7699.2216796875
USA|louisiana,electricity,Nexus,2025-11-01,7391.30712890625
USA|louisiana,electricity,Nexus,2025-12-01,8013.94140625
USA|maine,electricity,Nexus,2025-01-01,1216.6319580078125
USA|maine,electricity,Nexus,2025-02-01,1121.4600830078125
USA|maine,electricity,Nexus,2025-03-01,1144.2403564453125
USA|maine,electricity,Nexus,2025-04-01,1082.7083740234375
USA|maine,electricity,Nexus,2025-05-01,1098.772705078125
USA|maine,electricity,Nexus,2025-06-01,1116.7974853515625
USA|maine,electricity,Nexus,2025-07-01,1229.523681640625
USA|maine,electricity,Nexus,2025-08-01,1196.90771484375
USA|maine,electricity,Nexus,2025-09-01,1116.04541015625
USA|maine,electricity,Nexus,2025-10-01,1113.994873046875
USA|maine,electricity,Nexus,2025-11-01,1161.3155517578125
USA|maine,electricity,Nexus,2025-12-01,1219.14697265625
USA|maryland,electricity,Nexus,2025-01-01,3100.137451171875
USA|maryland,electricity,Nexus,2025-02-01,2620.523193359375
USA|maryland,electricity,Nexus,2025-03-01,2898.23681640625
USA|maryland,electricity,Nexus,2025-04-01,3055.502197265625
USA|maryland,electricity,Nexus,2025-05-01,2996.6484375
USA|maryland,electricity,Nexus,2025-06-01,3283.765625
USA|maryland,electricity,Nexus,2025-07-01,3896.22119140625
USA|maryland,electricity,Nexus,2025-08-01,3535.25439453125
USA|maryland,electricity,Nexus,2025-09-01,3104.497314453125
USA|maryland,electricity,Nexus,2025-10-01,3079.4345703125
USA|maryland,electricity,Nexus,2025-11-01,2782.38623046875
USA|maryland,electricity,Nexus,2025-12-01,2988.95166015625
USA|massachusetts,electricity,Nexus,2025-01-01,2145.462890625
USA|massachusetts,electricity,Nexus,2025-02-01,1921.15576171875
USA|massachusetts,electricity,Nexus,2025-03-01,1912.5712890625
USA|massachusetts,electricity,Nexus,2025-04-01,1867.479736328125
USA|massachusetts,electricity,Nexus,2025-05-01,1833.270263671875
USA|massachusetts,electricity,Nexus,2025-06-01,2137.714599609375
USA|massachusetts,electricity,Nexus,2025-07-01,2978.56787109375
USA|massachusetts,electricity,Nexus,2025-08-01,2806.5068359375
USA|massachusetts,electricity,Nexus,2025-09-01,2082.925537109375
USA|massachusetts,electricity,Nexus,2025-10-01,1999.8531494140625
USA|massachusetts,electricity,Nexus,2025-11-01,1830.89306640625
USA|massachusetts,electricity,Nexus,2025-12-01,2001.464599609375
USA|michigan,electricity,Nexus,2025-01-01,10897.1337890625
USA|michigan,electricity,Nexus,2025-02-01,9968.95703125
USA|michigan,electricity,Nexus,2025-03-01,9886.76171875
USA|michigan,electricity,Nexus,2025-04-01,8966.3134765625
USA|michigan,electricity,Nexus,2025-05-01,9506.919921875
USA|michigan,electricity,Nexus,2025-06-01,10506.9833984375
USA|michigan,electricity,Nexus,2025-07-01,11423.228515625
USA|michigan,electricity,Nexus,2025-08-01,11231.720703125
USA|michigan,electricity,Nexus,2025-09-01,9882.611328125
USA|michigan,electricity,Nexus,2025-10-01,9492.2470703125
USA|michigan,electricity,Nexus,2025-11-01,9478.4755859375
USA|michigan,electricity,Nexus,2025-12-01,10388.48828125
USA|minnesota,electricity,Nexus,2025-01-01,5451.8212890625
USA|minnesota,electricity,Nexus,2025-02-01,4886.0673828125
USA|minnesota,electricity,Nexus,2025-03-01,4822.38671875
USA|minnesota,electricity,Nexus,2025-04-01,4288.4306640625
USA|minnesota,electricity,Nexus,2025-05-01,4349.146484375
USA|minnesota,electricity,Nexus,2025-06-01,4930.64990234375
USA|minnesota,electricity,Nexus,2025-07-01,5659.16650390625
USA|minnesota,electricity,Nexus,2025-08-01,5359.328125
USA|minnesota,electricity,Nexus,2025-09-01,4572.84521484375
USA|minnesota,electricity,Nexus,2025-10-01,4441.8076171875
USA|minnesota,electricity,Nexus,2025-11-01,4708.19287109375
USA|minnesota,electricity,Nexus,2025-12-01,5309.6435546875
USA|mississippi,electricity,Nexus,2025-01-01,6325.85986328125
USA|mississippi,electricity,Nexus,2025-02-01,5581.572265625
USA|mississippi,electricity,Nexus,2025-03-01,5337.7890625
USA|mississippi,electricity,Nexus,2025-04-01,5341.73095703125
USA|mississippi,electricity,Nexus,2025-05-01,6076.58251953125
USA|mississippi,electricity,Nexus,2025-06-01,6944.77294921875
USA|mississippi,electricity,Nexus,2025-07-01,7503.8427734375
USA|mississippi,electricity,Nexus,2025-08-01,7503.9365234375
USA|mississippi,electricity,Nexus,2025-09-01,6246.2158203125
USA|mississippi,electricity,Nexus,2025-10-01,5555.234375
USA|mississippi,electricity,Nexus,2025-11-01,5353.97705078125
USA|mississippi,electricity,Nexus,2025-12-01,6015.63818359375
USA|missouri,electricity,Nexus,2025-01-01,6577.1572265625
USA|missouri,electricity,Nexus,2025-02-01,5720.482421875
USA|missouri,electricity,Nexus,2025-03-01,5291.04150390625
USA|missouri,electricity,Nexus,2025-04-01,4556.1357421875
USA|missouri,electricity,Nexus,2025-05-01,5119.57568359375
USA|missouri,electricity,Nexus,2025-06-01,6347.861328125
USA|missouri,electricity,Nexus,2025-07-01,7250.919921875
USA|missouri,electricity,Nexus,2025-08-01,7001.2705078125
USA|missouri,electricity,Nexus,2025-09-01,5604.060546875
USA|missouri,electricity,Nexus,2025-10-01,4974.42578125
USA|missouri,electricity,Nexus,2025-11-01,5063.451171875
USA|missouri,electricity,Nexus,2025-12-01,6089.44140625
USA|montana,electricity,Nexus,2025-01-01,2509.879638671875
USA|montana,electricity,Nexus,2025-02-01,2217.76025390625
USA|montana,electricity,Nexus,2025-03-01,2183.857177734375
USA|montana,electricity,Nexus,2025-04-01,1977.0833740234375
USA|montana,electricity,Nexus,2025-05-01,1948.94482421875
USA|montana,electricity,Nexus,2025-06-01,2010.34423828125
USA|montana,electricity,Nexus,2025-07-01,2258.72900390625
USA|montana,electricity,Nexus,2025-08-01,2236.692138671875
USA|montana,electricity,Nexus,2025-09-01,2035.0267333984375
USA|montana,electricity,Nexus,2025-10-01,2021.724853515625
USA|montana,electricity,Nexus,2025-11-01,2227.3876953125
USA|montana,electricity,Nexus,2025-12-01,2339.31005859375
USA|nebraska,electricity,Nexus,2025-01-01,3452.30029296875
USA|nebraska,electricity,Nexus,2025-02-01,3121.320068359375
USA|nebraska,electricity,Nexus,2025-03-01,3017.125
USA|nebraska,electricity,Nexus,2025-04-01,2729.57080078125
USA|nebraska,electricity,Nexus,2025-05-01,2831.6953125
USA|nebraska,electricity,Nexus,2025-06-01,3255.454833984375
USA|nebraska,electricity,Nexus,2025-07-01,3653.56396484375
USA|nebraska,electricity,Nexus,2025-08-01,3589.99609375
USA|nebraska,electricity,Nexus,2025-09-01,3237.546142578125
USA|nebraska,electricity,Nexus,2025-10-01,3062.328369140625
USA|nebraska,electricity,Nexus,2025-11-01,3112.774169921875
USA|nebraska,electricity,Nexus,2025-12-01,3464.258056640625
USA|nevada,electricity,Nexus,2025-01-01,3458.87109375
USA|nevada,electricity,Nexus,2025-02-01,3254.1689453125
USA|nevada,electricity,Nexus,2025-03-01,3366.89599609375
USA|nevada,electricity,Nexus,2025-04-01,3358.29931640625
USA|nevada,electricity,Nexus,2025-05-01,3650.67138671875
USA|nevada,electricity,Nexus,2025-06-01,4255.79931640625
USA|nevada,electricity,Nexus,2025-07-01,4924.23828125
USA|nevada,electricity,Nexus,2025-08-01,4866.712890625
USA|nevada,electricity,Nexus,2025-09-01,4277.5517578125
USA|nevada,electricity,Nexus,2025-10-01,3843.037109375
USA|nevada,electricity,Nexus,2025-11-01,3402.732666015625
USA|nevada,electricity,Nexus,2025-12-01,3504.14892578125
USA|new hampshire,electricity,Nexus,2025-01-01,1584.1181640625
USA|new hampshire,electricity,Nexus,2025-02-01,1366.0072021484375
USA|new hampshire,electricity,Nexus,2025-03-01,1380.04638671875
USA|new hampshire,electricity,Nexus,2025-04-01,1357.43603515625
USA|new hampshire,electricity,Nexus,2025-05-01,1376.4224853515625
USA|new hampshire,electricity,Nexus,2025-06-01,1488.280517578125
USA|new hampshire,electricity,Nexus,2025-07-01,1615.9666748046875
USA|new hampshire,electricity,Nexus,2025-08-01,1590.4013671875
USA|new hampshire,electricity,Nexus,2025-09-01,1447.091552734375
USA|new hampshire,electricity,Nexus,2025-10-01,1373.649658203125
USA|new hampshire,electricity,Nexus,2025-11-01,1388.1669921875
USA|new hampshire,electricity,Nexus,2025-12-01,1504.8016357421875
USA|new jersey,electricity,Nexus,2025-01-01,5223.88330078125
USA|new jersey,electricity,Nexus,2025-02-01,4879.5244140625
USA|new jersey,electricity,Nexus,2025-03-01,5006.73291015625
USA|new jersey,electricity,Nexus,2025-04-01,4589.92333984375
USA|new jersey,electricity,Nexus,2025-05-01,4817.60302734375
USA|new jersey,electricity,Nexus,2025-06-01,5800.38232421875
USA|new jersey,electricity,Nexus,2025-07-01,6830.20166015625
USA|new jersey,electricity,Nexus,2025-08-01,6651.48779296875
USA|new jersey,electricity,Nexus,2025-09-01,5525.5947265625
USA|new jersey,electricity,Nexus,2025-10-01,4955.80615234375
USA|new jersey,electricity,Nexus,2025-11-01,4830.826171875
USA|new jersey,electricity,Nexus,2025-12-01,5154.29541015625
USA|new mexico,electricity,Nexus,2025-01-01,3322.759033203125
USA|new mexico,electricity,Nexus,2025-02-01,3035.0771484375
USA|new mexico,electricity,Nexus,2025-03-01,3066.88037109375
USA|new mexico,electricity,Nexus,2025-04-01,2925.647705078125
USA|new mexico,electricity,Nexus,2025-05-01,3110.563720703125
USA|new mexico,electricity,Nexus,2025-06-01,3421.904296875
USA|new mexico,electricity,Nexus,2025-07-01,3580.96630859375
USA|new mexico,electricity,Nexus,2025-08-01,3552.70849609375
USA|new mexico,electricity,Nexus,2025-09-01,3239.6435546875
USA|new mexico,electricity,Nexus,2025-10-01,3075.004638671875
USA|new mexico,electricity,Nexus,2025-11-01,3022.740966796875
USA|new mexico,electricity,Nexus,2025-12-01,3264.4306640625
USA|new york,electricity,Nexus,2025-01-01,11596.517578125
USA|new york,electricity,Nexus,2025-02-01,10525.91796875
USA|new york,electricity,Nexus,2025-03-01,10540.638671875
USA|new york,electricity,Nexus,2025-04-01,9651.2255859375
USA|new york,electricity,Nexus,2025-05-01,10467.6455078125
USA|new york,electricity,Nexus,2025-06-01,11558.484375
USA|new york,electricity,Nexus,2025-07-01,13523.8828125
USA|new york,electricity,Nexus,2025-08-01,12858.865234375
USA|new york,electricity,Nexus,2025-09-01,10989.19921875
USA|new york,electricity,Nexus,2025-10-01,10592.9345703125
USA|new york,electricity,Nexus,2025-11-01,10554.7294921875
USA|new york,electricity,Nexus,2025-12-01,11254.7216796875
USA|north carolina,electricity,Nexus,2025-01-01,12603.2705078125
USA|north carolina,electricity,Nexus,2025-02-01,10862.470703125
USA|north carolina,electricity,Nexus,2025-03-01,9925.03125
USA|north carolina,electricity,Nexus,2025-04-01,8839.0419921875
USA|north carolina,electricity,Nexus,2025-05-01,10432.6728515625
USA|north carolina,electricity,Nexus,2025-06-01,12332.876953125
USA|north carolina,electricity,Nexus,2025-07-01,13641.421875
USA|north carolina,electricity,Nexus,2025-08-01,13178.33984375
USA|north carolina,electricity,Nexus,2025-09-01,10636.9189453125
USA|north carolina,electricity,Nexus,2025-10-01,9602.8046875
USA|north carolina,electricity,Nexus,2025-11-01,10087.041015625
USA|north carolina,electricity,Nexus,2025-12-01,11632.22265625
USA|north dakota,electricity,Nexus,2025-01-01,4103.599609375
USA|north dakota,electricity,Nexus,2025-02-01,3770.68359375
USA|north dakota,electricity,Nexus,2025-03-01,3834.030517578125
USA|north dakota,electricity,Nexus,2025-04-01,3325.626220703125
USA|north dakota,electricity,Nexus,2025-05-01,3319.168212890625
USA|north dakota,electricity,Nexus,2025-06-01,3433.3154296875
USA|north dakota,electricity,Nexus,2025-07-01,3790.794677734375
USA|north dakota,electricity,Nexus,2025-08-01,3797.77197265625
USA|north dakota,electricity,Nexus,2025-09-01,3468.6279296875
USA|north dakota,electricity,Nexus,2025-10-01,3596.67236328125
USA|north dakota,electricity,Nexus,2025-11-01,3773.83984375
USA|north dakota,electricity,Nexus,2025-12-01,4011.539306640625
USA|ohio,electricity,Nexus,2025-01-01,13273.4990234375
USA|ohio,electricity,Nexus,2025-02-01,11955.1318359375
USA|ohio,electricity,Nexus,2025-03-01,11508.9375
USA|ohio,electricity,Nexus,2025-04-01,10009.1865234375
USA|ohio,electricity,Nexus,2025-05-01,10665.5068359375
USA|ohio,electricity,Nexus,2025-06-01,12122.0927734375
USA|ohio,electricity,Nexus,2025-07-01,13566.115234375
USA|ohio,electricity,Nexus,2025-08-01,13509.9345703125
USA|ohio,electricity,Nexus,2025-09-01,11744.328125
USA|ohio,electricity,Nexus,2025-10-01,11127.6630859375
USA|ohio,electricity,Nexus,2025-11-01,11390.1865234375
USA|ohio,electricity,Nexus,2025-12-01,12516.4326171875
USA|oklahoma,electricity,Nexus,2025-01-01,7933.3037109375
USA|oklahoma,electricity,Nexus,2025-02-01,7261.56689453125
USA|oklahoma,electricity,Nexus,2025-03-01,7170.7509765625
USA|oklahoma,electricity,Nexus,2025-04-01,7113.43212890625
USA|oklahoma,electricity,Nexus,2025-05-01,7629.927734375
USA|oklahoma,electricity,Nexus,2025-06-01,8785.431640625
USA|oklahoma,electricity,Nexus,2025-07-01,9821.64453125
USA|oklahoma,electricity,Nexus,2025-08-01,9727.376953125
USA|oklahoma,electricity,Nexus,2025-09-01,8061.9521484375
USA|oklahoma,electricity,Nexus,2025-10-01,7163.9580078125
USA|oklahoma,electricity,Nexus,2025-11-01,6877.40625
USA|oklahoma,electricity,Nexus,2025-12-01,7680.30908203125
USA|oregon,electricity,Nexus,2025-01-01,5898.35107421875
USA|oregon,electricity,Nexus,2025-02-01,5615.10107421875
USA|oregon,electricity,Nexus,2025-03-01,5731.4052734375
USA|oregon,electricity,Nexus,2025-04-01,4915.4619140625
USA|oregon,electricity,Nexus,2025-05-01,4783.41162109375
USA|oregon,electricity,Nexus,2025-06-01,5040.63818359375
USA|oregon,electricity,Nexus,2025-07-01,5483.69921875
USA|oregon,electricity,Nexus,2025-08-01,5424.35888671875
USA|oregon,electricity,Nexus,2025-09-01,5059.37890625
USA|oregon,electricity,Nexus,2025-10-01,4662.177734375
USA|oregon,electricity,Nexus,2025-11-01,5026.7021484375
USA|oregon,electricity,Nexus,2025-12-01,5640.435546875
USA|pennsylvania,electricity,Nexus,2025-01-01,22241.96875
USA|pennsylvania,electricity,Nexus,2025-02-01,19939.826171875
USA|pennsylvania,electricity,Nexus,2025-03-01,19863.37890625
USA|pennsylvania,electricity,Nexus,2025-04-01,16931.107421875
USA|pennsylvania,electricity,Nexus,2025-05-01,18171.025390625
USA|pennsylvania,electricity,Nexus,2025-06-01,21029.443359375
USA|pennsylvania,electricity,Nexus,2025-07-01,23663.98828125
USA|pennsylvania,electricity,Nexus,2025-08-01,23170.09765625
USA|pennsylvania,electricity,Nexus,2025-09-01,19658.9453125
USA|pennsylvania,electricity,Nexus,2025-10-01,17998.611328125
USA|pennsylvania,electricity,Nexus,2025-11-01,18516.134765625
USA|pennsylvania,electricity,Nexus,2025-12-01,21537.666015625
USA|rhode island,electricity,Nexus,2025-01-01,590.4134521484375
USA|rhode island,electricity,Nexus,2025-02-01,562.2398681640625
USA|rhode island,electricity,Nexus,2025-03-01,591.8893432617188
USA|rhode island,electricity,Nexus,2025-04-01,632.5050048828125
USA|rhode island,electricity,Nexus,2025-05-01,758.81005859375
USA|rhode island,electricity,Nexus,2025-06-01,866.6032104492188
USA|rhode island,electricity,Nexus,2025-07-01,984.505615234375
USA|rhode island,electricity,Nexus,2025-08-01,993.819580078125
USA|rhode island,electricity,Nexus,2025-09-01,897.3372802734375
USA|rhode island,electricity,Nexus,2025-10-01,796.8025512695312
USA|rhode island,electricity,Nexus,2025-11-01,687.719482421875
USA|rhode island,electricity,Nexus,2025-12-01,598.772216796875
USA|south carolina,electricity,Nexus,2025-01-01,9025.8408203125
USA|south carolina,electricity,Nexus,2025-02-01,8112.01025390625
USA|south carolina,electricity,Nexus,2025-03-01,7968.533203125
USA|south carolina,electricity,Nexus,2025-04-01,7330.1279296875
USA|south carolina,electricity,Nexus,2025-05-01,7676.19970703125
USA|south carolina,electricity,Nexus,2025-06-01,8628.498046875
USA|south carolina,electricity,Nexus,2025-07-01,9361.5810546875
USA|south carolina,electricity,Nexus,2025-08-01,8957.431640625
USA|south carolina,electricity,Nexus,2025-09-01,7845.6064453125
USA|south carolina,electricity,Nexus,2025-10-01,7159.95556640625
USA|south carolina,electricity,Nexus,2025-11-01,7150.798828125
USA|south carolina,electricity,Nexus,2025-12-01,8253.6005859375
USA|south dakota,electricity,Nexus,2025-01-01,1785.82958984375
USA|south dakota,electricity,Nexus,2025-02-01,1738.2373046875
USA|south dakota,electricity,Nexus,2025-03-01,1790.349609375
USA|south dakota,electricity,Nexus,2025-04-01,1745.154541015625
USA|south dakota,electricity,Nexus,2025-05-01,1682.480224609375
USA|south dakota,electricity,Nexus,2025-06-01,1686.9873046875
USA|south dakota,electricity,Nexus,2025-07-01,1711.980224609375
USA|south dakota,electricity,Nexus,2025-08-01,1685.495849609375
USA|south dakota,electricity,Nexus,2025-09-01,1545.56005859375
USA|south dakota,electricity,Nexus,2025-10-01,1554.3519287109375
USA|south dakota,electricity,Nexus,2025-11-01,1653.2525634765625
USA|south dakota,electricity,Nexus,2025-12-01,1708.992431640625
USA|tennessee,electricity,Nexus,2025-01-01,7001.11962890625
USA|tennessee,electricity,Nexus,2025-02-01,6168.642578125
USA|tennessee,electricity,Nexus,2025-03-01,5853.9638671875
USA|tennessee,electricity,Nexus,2025-04-01,5052.8642578125
USA|tennessee,electricity,Nexus,2025-05-01,5804.88037109375
USA|tennessee,electricity,Nexus,2025-06-01,6797.48095703125
USA|tennessee,electricity,Nexus,2025-07-01,7651.17041015625
USA|tennessee,electricity,Nexus,2025-08-01,7370.60302734375
USA|tennessee,electricity,Nexus,2025-09-01,6221.693359375
USA|tennessee,electricity,Nexus,2025-10-01,4976.728515625
USA|tennessee,electricity,Nexus,2025-11-01,5081.095703125
USA|tennessee,electricity,Nexus,2025-12-01,6222.07080078125
USA|texas,electricity,Nexus,2025-01-01,46460.0625
USA|texas,electricity,Nexus,2025-02-01,41916.703125
USA|texas,electricity,Nexus,2025-03-01,42437.015625
USA|texas,electricity,Nexus,2025-04-01,42055.1171875
USA|texas,electricity,Nexus,2025-05-01,48203.65625
USA|texas,electricity,Nexus,2025-06-01,53839.11328125
USA|texas,electricity,Nexus,2025-07-01,57995.93359375
USA|texas,electricity,Nexus,2025-08-01,59467.41796875
USA|texas,electricity,Nexus,2025-09-01,51600.03125
USA|texas,electricity,Nexus,2025-10-01,46341.359375
USA|texas,electricity,Nexus,2025-11-01,43207.46484375
USA|texas,electricity,Nexus,2025-12-01,46287.08984375
USA|utah,electricity,Nexus,2025-01-01,3317.48388671875
USA|utah,electricity,Nexus,2025-02-01,2769.8505859375
USA|utah,electricity,Nexus,2025-03-01,2562.79931640625
USA|utah,electricity,Nexus,2025-04-01,2315.4765625
USA|utah,electricity,Nexus,2025-05-01,2703.46923828125
USA|utah,electricity,Nexus,2025-06-01,3061.9375
USA|utah,electricity,Nexus,2025-07-01,3773.6884765625
USA|utah,electricity,Nexus,2025-08-01,3786.803466796875
USA|utah,electricity,Nexus,2025-09-01,3426.363037109375
USA|utah,electricity,Nexus,2025-10-01,3208.858154296875
USA|utah,electricity,Nexus,2025-11-01,2986.30517578125
USA|utah,electricity,Nexus,2025-12-01,3282.74755859375
USA|vermont,electricity,Nexus,2025-01-01,225.3270721435547
USA|vermont,electricity,Nexus,2025-02-01,221.7535858154297
USA|vermont,electricity,Nexus,2025-03-01,239.8301544189453
USA|vermont,electricity,Nexus,2025-04-01,238.4085235595703
USA|vermont,electricity,Nexus,2025-05-01,222.26856994628906
USA|vermont,electricity,Nexus,2025-06-01,208.7104034423828
USA|vermont,electricity,Nexus,2025-07-01,206.63865661621094
USA|vermont,electricity,Nexus,2025-08-01,200.186279296875
USA|vermont,electricity,Nexus,2025-09-01,184.84339904785156
USA|vermont,electricity,Nexus,2025-10-01,187.97763061523438
USA|vermont,electricity,Nexus,2025-11-01,207.90081787109375
USA|vermont,electricity,Nexus,2025-12-01,225.87574768066406
USA|virginia,electricity,Nexus,2025-01-01,9642.5625
USA|virginia,electricity,Nexus,2025-02-01,8834.9599609375
USA|virginia,electricity,Nexus,2025-03-01,8266.28515625
USA|virginia,electricity,Nexus,2025-04-01,7045.34033203125
USA|virginia,electricity,Nexus,2025-05-01,7359.1962890625
USA|virginia,electricity,Nexus,2025-06-01,9159.431640625
USA|virginia,electricity,Nexus,2025-07-01,10521.0380859375
USA|virginia,electricity,Nexus,2025-08-01,10346.82421875
USA|virginia,electricity,Nexus,2025-09-01,8370.2724609375
USA|virginia,electricity,Nexus,2025-10-01,7175.24169921875
USA|virginia,electricity,Nexus,2025-11-01,7302.71826171875
USA|virginia,electricity,Nexus,2025-12-01,9082.39453125
USA|washington,electricity,Nexus,2025-01-01,9387.68359375
USA|washington,electricity,Nexus,2025-02-01,8257.1005859375
USA|washington,electricity,Nexus,2025-03-01,8438.1162109375
USA|washington,electricity,Nexus,2025-04-01,7982.0107421875
USA|washington,electricity,Nexus,2025-05-01,8827.78515625
USA|washington,electricity,Nexus,2025-06-01,9086.8212890625
USA|washington,electricity,Nexus,2025-07-01,9434.185546875
USA|washington,electricity,Nexus,2025-08-01,8774.720703125
USA|washington,electricity,Nexus,2025-09-01,7242.8466796875
USA|washington,electricity,Nexus,2025-10-01,7377.5283203125
USA|washington,electricity,Nexus,2025-11-01,8069.50439453125
USA|washington,electricity,Nexus,2025-12-01,9060.5732421875
USA|washington dc,electricity,Nexus,2025-01-01,37.7562255859375
USA|washington dc,electricity,Nexus,2025-02-01,37.901206970214844
USA|washington dc,electricity,Nexus,2025-03-01,39.411651611328125
USA|washington dc,electricity,Nexus,2025-04-01,38.47322463989258
USA|washington dc,electricity,Nexus,2025-05-01,41.37541198730469
USA|washington dc,electricity,Nexus,2025-06-01,47.007041931152344
USA|washington dc,electricity,Nexus,2025-07-01,49.356136322021484
USA|washington dc,electricity,Nexus,2025-08-01,48.86256790161133
USA|washington dc,electricity,Nexus,2025-09-01,41.81993865966797
USA|washington dc,electricity,Nexus,2025-10-01,38.62199783325195
USA|washington dc,electricity,Nexus,2025-11-01,37.20751190185547
USA|washington dc,electricity,Nexus,2025-12-01,37.690670013427734
USA|west virginia,electricity,Nexus,2025-01-01,5016.02587890625
USA|west virginia,electricity,Nexus,2025-02-01,4242.048828125
USA|west virginia,electricity,Nexus,2025-03-01,3621.572509765625
USA|west virginia,electricity,Nexus,2025-04-01,3047.234375
USA|west virginia,electricity,Nexus,2025-05-01,3561.203857421875
USA|west virginia,electricity,Nexus,2025-06-01,4529.4091796875
USA|west virginia,electricity,Nexus,2025-07-01,5251.7939453125
USA|west virginia,electricity,Nexus,2025-08-01,4861.3876953125
USA|west virginia,electricity,Nexus,2025-09-01,3597.125732421875
USA|west virginia,electricity,Nexus,2025-10-01,3092.161376953125
USA|west virginia,electricity,Nexus,2025-11-01,3459.21337890625
USA|west virginia,electricity,Nexus,2025-12-01,4421.6044921875
USA|wisconsin,electricity,Nexus,2025-01-01,6173.4189453125
USA|wisconsin,electricity,Nexus,2025-02-01,5381.638671875
USA|wisconsin,electricity,Nexus,2025-03-01,4995.888671875
USA|wisconsin,electricity,Nexus,2025-04-01,4433.19384765625
USA|wisconsin,electricity,Nexus,2025-05-01,4791.810546875
USA|wisconsin,electricity,Nexus,2025-06-01,5750.3349609375
USA|wisconsin,electricity,Nexus,2025-07-01,6743.3740234375
USA|wisconsin,electricity,Nexus,2025-08-01,6534.12353515625
USA|wisconsin,electricity,Nexus,2025-09-01,5280.6142578125
USA|wisconsin,electricity,Nexus,2025-10-01,4891.685546875
USA|wisconsin,electricity,Nexus,2025-11-01,4942.7138671875
USA|wisconsin,electricity,Nexus,2025-12-01,5774.271484375
USA|wyoming,electricity,Nexus,2025-01-01,4086.201416015625
USA|wyoming,electricity,Nexus,2025-02-01,3547.238525390625
USA|wyoming,electricity,Nexus,2025-03-01,3510.107666015625
USA|wyoming,electricity,Nexus,2025-04-01,2887.190185546875
USA|wyoming,electricity,Nexus,2025-05-01,2899.91357421875
USA|wyoming,electricity,Nexus,2025-06-01,3279.202880859375
USA|wyoming,electricity,Nexus,2025-07-01,3884.870849609375
USA|wyoming,electricity,Nexus,2025-08-01,3934.14208984375
USA|wyoming,electricity,Nexus,2025-09-01,3560.269775390625
USA|wyoming,electricity,Nexus,2025-10-01,3660.226806640625
USA|wyoming,electricity,Nexus,2025-11-01,3772.833984375
USA|wyoming,electricity,Nexus,2025-12-01,4100.92041015625
AUT,carbon,Nexus,2025-01-01,146.28646850585938
AUT,carbon,Nexus,2025-02-01,133.99249267578125
AUT,carbon,Nexus,2025-03-01,108.23114776611328
AUT,carbon,Nexus,2025-04-01,77.32856750488281
AUT,carbon,Nexus,2025-05-01,54.237823486328125
AUT,carbon,Nexus,2025-06-01,50.754981994628906
AUT,carbon,Nexus,2025-07-01,51.81524658203125
AUT,carbon,Nexus,2025-08-01,53.90895080566406
AUT,carbon,Nexus,2025-09-01,65.37632751464844
AUT,carbon,Nexus,2025-10-01,94.9416275024414
AUT,carbon,Nexus,2025-11-01,115.67005920410156
AUT,carbon,Nexus,2025-12-01,122.16239166259766
BEL,carbon,Nexus,2025-01-01,166.96307373046875
BEL,carbon,Nexus,2025-02-01,164.6519012451172
BEL,carbon,Nexus,2025-03-01,162.58285522460938
BEL,carbon,Nexus,2025-04-01,160.1892547607422
BEL,carbon,Nexus,2025-05-01,156.94874572753906
BEL,carbon,Nexus,2025-06-01,154.77685546875
BEL,carbon,Nexus,2025-07-01,153.52587890625
BEL,carbon,Nexus,2025-08-01,155.86892700195312
BEL,carbon,Nexus,2025-09-01,160.53099060058594
BEL,carbon,Nexus,2025-10-01,164.17257690429688
BEL,carbon,Nexus,2025-11-01,164.6503448486328
BEL,carbon,Nexus,2025-12-01,161.29238891601562
BGR,carbon,Nexus,2025-01-01,395.9786682128906
BGR,carbon,Nexus,2025-02-01,361.728271484375
BGR,carbon,Nexus,2025-03-01,328.5631408691406
BGR,carbon,Nexus,2025-04-01,303.16363525390625
BGR,carbon,Nexus,2025-05-01,312.4909973144531
BGR,carbon,Nexus,2025-06-01,245.80551147460938
BGR,carbon,Nexus,2025-07-01,317.917724609375
BGR,carbon,Nexus,2025-08-01,315.8873291015625
BGR,carbon,Nexus,2025-09-01,344.59405517578125
BGR,carbon,Nexus,2025-10-01,412.4405212402344
BGR,carbon,Nexus,2025-11-01,452.46514892578125
BGR,carbon,Nexus,2025-12-01,434.83935546875
BIH,carbon,Nexus,2025-01-01,619.579345703125
BIH,carbon,Nexus,2025-02-01,556.608642578125
BIH,carbon,Nexus,2025-03-01,545.693115234375
BIH,carbon,Nexus,2025-04-01,550.7955322265625
BIH,carbon,Nexus,2025-05-01,534.4327392578125
BIH,carbon,Nexus,2025-06-01,596.5109252929688
BIH,carbon,Nexus,2025-07-01,718.9647216796875
BIH,carbon,Nexus,2025-08-01,775.0746459960938
BIH,carbon,Nexus,2025-09-01,781.4835815429688
BIH,carbon,Nexus,2025-10-01,738.5643310546875
BIH,carbon,Nexus,2025-11-01,637.921142578125
BIH,carbon,Nexus,2025-12-01,591.021240234375
CHE,carbon,Nexus,2025-01-01,54.89397048950195
CHE,carbon,Nexus,2025-02-01,55.93836975097656
CHE,carbon,Nexus,2025-03-01,53.31488037109375
CHE,carbon,Nexus,2025-04-01,50.595523834228516
CHE,carbon,Nexus,2025-05-01,49.62828063964844
CHE,carbon,Nexus,2025-06-01,48.882659912109375
CHE,carbon,Nexus,2025-07-01,47.17167663574219
CHE,carbon,Nexus,2025-08-01,47.252220153808594
CHE,carbon,Nexus,2025-09-01,49.01490783691406
CHE,carbon,Nexus,2025-10-01,51.491363525390625
CHE,carbon,Nexus,2025-11-01,52.890846252441406
CHE,carbon,Nexus,2025-12-01,53.78800582885742
CYP,carbon,Nexus,2025-01-01,582.8080444335938
CYP,carbon,Nexus,2025-02-01,567.1403198242188
CYP,carbon,Nexus,2025-03-01,531.635009765625
CYP,carbon,Nexus,2025-04-01,506.30181884765625
CYP,carbon,Nexus,2025-05-01,508.7533264160156
CYP,carbon,Nexus,2025-06-01,537.3651733398438
CYP,carbon,Nexus,2025-07-01,557.7159423828125
CYP,carbon,Nexus,2025-08-01,556.8579711914062
CYP,carbon,Nexus,2025-09-01,540.953369140625
CYP,carbon,Nexus,2025-10-01,529.8475952148438
CYP,carbon,Nexus,2025-11-01,536.8556518554688
CYP,carbon,Nexus,2025-12-01,558.511474609375
CZE,carbon,Nexus,2025-01-01,461.27215576171875
CZE,carbon,Nexus,2025-02-01,449.0368957519531
CZE,carbon,Nexus,2025-03-01,426.5059814453125
CZE,carbon,Nexus,2025-04-01,392.2515869140625
CZE,carbon,Nexus,2025-05-01,356.7977600097656
CZE,carbon,Nexus,2025-06-01,352.45831298828125
CZE,carbon,Nexus,2025-07-01,371.177001953125
CZE,carbon,Nexus,2025-08-01,387.04925537109375
CZE,carbon,Nexus,2025-09-01,408.5227355957031
CZE,carbon,Nexus,2025-10-01,436.21380615234375
CZE,carbon,Nexus,2025-11-01,463.0683288574219
CZE,carbon,Nexus,2025-12-01,466.220458984375
DEU,carbon,Nexus,2025-01-01,386.1360168457031
DEU,carbon,Nexus,2025-02-01,369.4029846191406
DEU,carbon,Nexus,2025-03-01,347.62298583984375
DEU,carbon,Nexus,2025-04-01,329.8179931640625
DEU,carbon,Nexus,2025-05-01,320.7032470703125
DEU,carbon,Nexus,2025-06-01,322.08544921875
DEU,carbon,Nexus,2025-07-01,331.2983703613281
DEU,carbon,Nexus,2025-08-01,347.27655029296875
DEU,carbon,Nexus,2025-09-01,363.22479248046875
DEU,carbon,Nexus,2025-10-01,372.4119567871094
DEU,carbon,Nexus,2025-11-01,380.4232177734375
DEU,carbon,Nexus,2025-12-01,375.896728515625
DNK,carbon,Nexus,2025-01-01,185.72311401367188
DNK,carbon,Nexus,2025-02-01,178.9673309326172
DNK,carbon,Nexus,2025-03-01,173.97821044921875
DNK,carbon,Nexus,2025-04-01,154.25469970703125
DNK,carbon,Nexus,2025-05-01,133.5987548828125
DNK,carbon,Nexus,2025-06-01,127.56343078613281
DNK,carbon,Nexus,2025-07-01,131.9590606689453
DNK,carbon,Nexus,2025-08-01,136.80882263183594
DNK,carbon,Nexus,2025-09-01,136.34803771972656
DNK,carbon,Nexus,2025-10-01,141.66748046875
DNK,carbon,Nexus,2025-11-01,165.100830078125
DNK,carbon,Nexus,2025-12-01,169.48065185546875
ESP,carbon,Nexus,2025-01-01,153.9666748046875
ESP,carbon,Nexus,2025-02-01,140.51869201660156
ESP,carbon,Nexus,2025-03-01,128.27212524414062
ESP,carbon,Nexus,2025-04-01,127.22699737548828
ESP,carbon,Nexus,2025-05-01,135.32070922851562
ESP,carbon,Nexus,2025-06-01,149.5933837890625
ESP,carbon,Nexus,2025-07-01,156.23944091796875
ESP,carbon,Nexus,2025-08-01,157.12661743164062
ESP,carbon,Nexus,2025-09-01,159.90090942382812
ESP,carbon,Nexus,2025-10-01,159.723388671875
ESP,carbon,Nexus,2025-11-01,154.3352508544922
ESP,carbon,Nexus,2025-12-01,143.0421142578125
EST,carbon,Nexus,2025-01-01,353.25244140625
EST,carbon,Nexus,2025-02-01,351.57476806640625
EST,carbon,Nexus,2025-03-01,348.17645263671875
EST,carbon,Nexus,2025-04-01,340.8455810546875
EST,carbon,Nexus,2025-05-01,335.111572265625
EST,carbon,Nexus,2025-06-01,331.53228759765625
EST,carbon,Nexus,2025-07-01,331.38812255859375
EST,carbon,Nexus,2025-08-01,328.16754150390625
EST,carbon,Nexus,2025-09-01,334.39044189453125
EST,carbon,Nexus,2025-10-01,346.31951904296875
EST,carbon,Nexus,2025-11-01,359.4873046875
EST,carbon,Nexus,2025-12-01,370.6069030761719
FIN,carbon,Nexus,2025-01-01,93.02372741699219
FIN,carbon,Nexus,2025-02-01,90.61885070800781
FIN,carbon,Nexus,2025-03-01,81.1844711303711
FIN,carbon,Nexus,2025-04-01,66.0280532836914
FIN,carbon,Nexus,2025-05-01,52.03733825683594
FIN,carbon,Nexus,2025-06-01,42.803489685058594
FIN,carbon,Nexus,2025-07-01,38.83331298828125
FIN,carbon,Nexus,2025-08-01,42.22431945800781
FIN,carbon,Nexus,2025-09-01,48.21845245361328
FIN,carbon,Nexus,2025-10-01,57.42127227783203
FIN,carbon,Nexus,2025-11-01,67.80778503417969
FIN,carbon,Nexus,2025-12-01,75.46961975097656
FRA,carbon,Nexus,2025-01-01,37.232765197753906
FRA,carbon,Nexus,2025-02-01,35.79039764404297
FRA,carbon,Nexus,2025-03-01,31.966644287109375
FRA,carbon,Nexus,2025-04-01,25.027875900268555
FRA,carbon,Nexus,2025-05-01,22.909467697143555
FRA,carbon,Nexus,2025-06-01,23.31986427307129
FRA,carbon,Nexus,2025-07-01,25.267099380493164
FRA,carbon,Nexus,2025-08-01,24.50567054748535
FRA,carbon,Nexus,2025-09-01,26.57042121887207
FRA,carbon,Nexus,2025-10-01,30.594770431518555
FRA,carbon,Nexus,2025-11-01,39.465023040771484
FRA,carbon,Nexus,2025-12-01,36.46278381347656
GBR,carbon,Nexus,2025-01-01,211.02642822265625
GBR,carbon,Nexus,2025-02-01,205.63278198242188
GBR,carbon,Nexus,2025-03-01,208.58193969726562
GBR,carbon,Nexus,2025-04-01,202.13255310058594
GBR,carbon,Nexus,2025-05-01,204.80291748046875
GBR,carbon,Nexus,2025-06-01,201.27349853515625
GBR,carbon,Nexus,2025-07-01,205.67623901367188
GBR,carbon,Nexus,2025-08-01,200.1619110107422
GBR,carbon,Nexus,2025-09-01,206.53265380859375
GBR,carbon,Nexus,2025-10-01,201.91351318359375
GBR,carbon,Nexus,2025-11-01,207.24305725097656
GBR,carbon,Nexus,2025-12-01,200.68856811523438
GRC,carbon,Nexus,2025-01-01,351.5856018066406
GRC,carbon,Nexus,2025-02-01,333.4171142578125
GRC,carbon,Nexus,2025-03-01,315.6174621582031
GRC,carbon,Nexus,2025-04-01,301.963134765625
GRC,carbon,Nexus,2025-05-01,301.4104919433594
GRC,carbon,Nexus,2025-06-01,310.6516418457031
GRC,carbon,Nexus,2025-07-01,315.81402587890625
GRC,carbon,Nexus,2025-08-01,309.61572265625
GRC,carbon,Nexus,2025-09-01,302.82098388671875
GRC,carbon,Nexus,2025-10-01,302.3374328613281
GRC,carbon,Nexus,2025-11-01,314.137451171875
GRC,carbon,Nexus,2025-12-01,317.34942626953125
HRV,carbon,Nexus,2025-01-01,213.90464782714844
HRV,carbon,Nexus,2025-02-01,205.93414306640625
HRV,carbon,Nexus,2025-03-01,194.21286010742188
HRV,carbon,Nexus,2025-04-01,152.06124877929688
HRV,carbon,Nexus,2025-05-01,134.9339599609375
HRV,carbon,Nexus,2025-06-01,185.7941131591797
HRV,carbon,Nexus,2025-07-01,220.64442443847656
HRV,carbon,Nexus,2025-08-01,231.9937744140625
HRV,carbon,Nexus,2025-09-01,236.9956817626953
HRV,carbon,Nexus,2025-10-01,230.81512451171875
HRV,carbon,Nexus,2025-11-01,189.6189422607422
HRV,carbon,Nexus,2025-12-01,158.70816040039062
HUN,carbon,Nexus,2025-01-01,221.5724639892578
HUN,carbon,Nexus,2025-02-01,220.8399658203125
HUN,carbon,Nexus,2025-03-01,206.419677734375
HUN,carbon,Nexus,2025-04-01,173.2275390625
HUN,carbon,Nexus,2025-05-01,167.86410522460938
HUN,carbon,Nexus,2025-06-01,163.05819702148438
HUN,carbon,Nexus,2025-07-01,160.5777587890625
HUN,carbon,Nexus,2025-08-01,163.03919982910156
HUN,carbon,Nexus,2025-09-01,171.66883850097656
HUN,carbon,Nexus,2025-10-01,183.57144165039062
HUN,carbon,Nexus,2025-11-01,217.46463012695312
HUN,carbon,Nexus,2025-12-01,222.3934326171875
IND|delhi,carbon,Nexus,2024-12-01,357.291259765625
IND|delhi,carbon,Nexus,2025-01-01,377.7248229980469
IND|delhi,carbon,Nexus,2025-02-01,384.2896423339844
IND|delhi,carbon,Nexus,2025-03-01,386.93603515625
IND|delhi,carbon,Nexus,2025-04-01,388.7834167480469
IND|delhi,carbon,Nexus,2025-05-01,390.470458984375
IND|delhi,carbon,Nexus,2025-06-01,391.1186218261719
IND|delhi,carbon,Nexus,2025-07-01,391.1178894042969
IND|delhi,carbon,Nexus,2025-08-01,391.4957580566406
IND|delhi,carbon,Nexus,2025-09-01,390.859375
IND|delhi,carbon,Nexus,2025-10-01,390.58331298828125
IND|delhi,carbon,Nexus,2025-11-01,390.4083557128906
IND|gujarat,carbon,Nexus,2024-12-01,518.1325073242188
IND|gujarat,carbon,Nexus,2025-01-01,521.6152954101562
IND|gujarat,carbon,Nexus,2025-02-01,516.8951416015625
IND|gujarat,carbon,Nexus,2025-03-01,506.4167785644531
IND|gujarat,carbon,Nexus,2025-04-01,505.1395263671875
IND|gujarat,carbon,Nexus,2025-05-01,474.0578308105469
IND|gujarat,carbon,Nexus,2025-06-01,474.0924072265625
IND|gujarat,carbon,Nexus,2025-07-01,464.5960388183594
IND|gujarat,carbon,Nexus,2025-08-01,448.7877197265625
IND|gujarat,carbon,Nexus,2025-09-01,471.4782409667969
IND|gujarat,carbon,Nexus,2025-10-01,510.24432373046875
IND|gujarat,carbon,Nexus,2025-11-01,518.3845825195312
IND|karnataka,carbon,Nexus,2024-12-01,396.3343811035156
IND|karnataka,carbon,Nexus,2025-01-01,427.8222961425781
IND|karnataka,carbon,Nexus,2025-02-01,448.7358093261719
IND|karnataka,carbon,Nexus,2025-03-01,457.0428466796875
IND|karnataka,carbon,Nexus,2025-04-01,449.916015625
IND|karnataka,carbon,Nexus,2025-05-01,424.767333984375
IND|karnataka,carbon,Nexus,2025-06-01,385.9892578125
IND|karnataka,carbon,Nexus,2025-07-01,357.9921875
IND|karnataka,carbon,Nexus,2025-08-01,348.36444091796875
IND|karnataka,carbon,Nexus,2025-09-01,361.16009521484375
IND|karnataka,carbon,Nexus,2025-10-01,385.9187316894531
IND|karnataka,carbon,Nexus,2025-11-01,406.8642272949219
IND|kerala,carbon,Nexus,2024-12-01,29.27214813232422
IND|kerala,carbon,Nexus,2025-01-01,29.424240112304688
IND|kerala,carbon,Nexus,2025-02-01,29.420730590820312
IND|kerala,carbon,Nexus,2025-03-01,29.483264923095703
IND|kerala,carbon,Nexus,2025-04-01,29.312023162841797
IND|kerala,carbon,Nexus,2025-05-01,29.078636169433594
IND|kerala,carbon,Nexus,2025-06-01,28.837215423583984
IND|kerala,carbon,Nexus,2025-07-01,28.725313186645508
IND|kerala,carbon,Nexus,2025-08-01,28.69721031188965
IND|kerala,carbon,Nexus,2025-09-01,28.855995178222656
IND|kerala,carbon,Nexus,2025-10-01,28.850770950317383
IND|kerala,carbon,Nexus,2025-11-01,28.987932205200195
IND|maharashtra,carbon,Nexus,2024-12-01,677.1360473632812
IND|maharashtra,carbon,Nexus,2025-01-01,679.07470703125
IND|maharashtra,carbon,Nexus,2025-02-01,679.1812744140625
IND|maharashtra,carbon,Nexus,2025-03-01,674.0827026367188
IND|maharashtra,carbon,Nexus,2025-04-01,667.635009765625
IND|maharashtra,carbon,Nexus,2025-05-01,651.3153076171875
IND|maharashtra,carbon,Nexus,2025-06-01,645.1082153320312
IND|maharashtra,carbon,Nexus,2025-07-01,632.1486206054688
IND|maharashtra,carbon,Nexus,2025-08-01,630.4992065429688
IND|maharashtra,carbon,Nexus,2025-09-01,653.3936157226562
IND|maharashtra,carbon,Nexus,2025-10-01,672.10546875
IND|maharashtra,carbon,Nexus,2025-11-01,675.232421875
IND|odisha,carbon,Nexus,2024-12-01,772.1693725585938
IND|odisha,carbon,Nexus,2025-01-01,765.4119262695312
IND|odisha,carbon,Nexus,2025-02-01,762.4688720703125
IND|odisha,carbon,Nexus,2025-03-01,760.6319580078125
IND|odisha,carbon,Nexus,2025-04-01,749.5325317382812
IND|odisha,carbon,Nexus,2025-05-01,755.6655883789062
IND|odisha,carbon,Nexus,2025-06-01,756.3084716796875
IND|odisha,carbon,Nexus,2025-07-01,726.48486328125
IND|odisha,carbon,Nexus,2025-08-01,701.8345336914062
IND|odisha,carbon,Nexus,2025-09-01,704.3064575195312
IND|odisha,carbon,Nexus,2025-10-01,704.7345581054688
IND|odisha,carbon,Nexus,2025-11-01,748.1266479492188
IND|rajasthan,carbon,Nexus,2024-12-01,448.4945068359375
IND|rajasthan,carbon,Nexus,2025-01-01,448.41729736328125
IND|rajasthan,carbon,Nexus,2025-02-01,440.9208068847656
IND|rajasthan,carbon,Nexus,2025-03-01,428.09814453125
IND|rajasthan,carbon,Nexus,2025-04-01,421.4021301269531
IND|rajasthan,carbon,Nexus,2025-05-01,418.9566345214844
IND|rajasthan,carbon,Nexus,2025-06-01,419.1783752441406
IND|rajasthan,carbon,Nexus,2025-07-01,418.93902587890625
IND|rajasthan,carbon,Nexus,2025-08-01,421.05206298828125
IND|rajasthan,carbon,Nexus,2025-09-01,428.9985046386719
IND|rajasthan,carbon,Nexus,2025-10-01,435.9704284667969
IND|rajasthan,carbon,Nexus,2025-11-01,445.47125244140625
IND|tamil nadu,carbon,Nexus,2024-12-01,513.0606079101562
IND|tamil nadu,carbon,Nexus,2025-01-01,539.576416015625
IND|tamil nadu,carbon,Nexus,2025-02-01,568.012939453125
IND|tamil nadu,carbon,Nexus,2025-03-01,586.6553955078125
IND|tamil nadu,carbon,Nexus,2025-04-01,586.4635620117188
IND|tamil nadu,carbon,Nexus,2025-05-01,533.4153442382812
IND|tamil nadu,carbon,Nexus,2025-06-01,461.9580993652344
IND|tamil nadu,carbon,Nexus,2025-07-01,425.4958801269531
IND|tamil nadu,carbon,Nexus,2025-08-01,421.4600830078125
IND|tamil nadu,carbon,Nexus,2025-09-01,431.18585205078125
IND|tamil nadu,carbon,Nexus,2025-10-01,488.5663757324219
IND|tamil nadu,carbon,Nexus,2025-11-01,516.94287109375
IND|telangana,carbon,Nexus,2024-12-01,718.56298828125
IND|telangana,carbon,Nexus,2025-01-01,717.1449584960938
IND|telangana,carbon,Nexus,2025-02-01,710.6981201171875
IND|telangana,carbon,Nexus,2025-03-01,714.6968994140625
IND|telangana,carbon,Nexus,2025-04-01,716.9208984375
IND|telangana,carbon,Nexus,2025-05-01,717.852783203125
IND|telangana,carbon,Nexus,2025-06-01,715.0973510742188
IND|telangana,carbon,Nexus,2025-07-01,688.7603149414062
IND|telangana,carbon,Nexus,2025-08-01,628.0562133789062
IND|telangana,carbon,Nexus,2025-09-01,627.7210693359375
IND|telangana,carbon,Nexus,2025-10-01,625.3359375
IND|telangana,carbon,Nexus,2025-11-01,680.72265625
IND|uttar pradesh,carbon,Nexus,2024-12-01,749.1127319335938
IND|uttar pradesh,carbon,Nexus,2025-01-01,754.1541748046875
IND|uttar pradesh,carbon,Nexus,2025-02-01,757.9323120117188
IND|uttar pradesh,carbon,Nexus,2025-03-01,763.7883911132812
IND|uttar pradesh,carbon,Nexus,2025-04-01,771.8139038085938
IND|uttar pradesh,carbon,Nexus,2025-05-01,778.7401733398438
IND|uttar pradesh,carbon,Nexus,2025-06-01,782.3170166015625
IND|uttar pradesh,carbon,Nexus,2025-07-01,782.9384765625
IND|uttar pradesh,carbon,Nexus,2025-08-01,780.3009033203125
IND|uttar pradesh,carbon,Nexus,2025-09-01,774.1671752929688
IND|uttar pradesh,carbon,Nexus,2025-10-01,766.9381713867188
IND|uttar pradesh,carbon,Nexus,2025-11-01,759.3043212890625
IND|west bengal,carbon,Nexus,2024-12-01,787.61376953125
IND|west bengal,carbon,Nexus,2025-01-01,790.0634155273438
IND|west bengal,carbon,Nexus,2025-02-01,792.0305786132812
IND|west bengal,carbon,Nexus,2025-03-01,794.1361694335938
IND|west bengal,carbon,Nexus,2025-04-01,792.5691528320312
IND|west bengal,carbon,Nexus,2025-05-01,788.1082153320312
IND|west bengal,carbon,Nexus,2025-06-01,782.56689453125
IND|west bengal,carbon,Nexus,2025-07-01,777.7028198242188
IND|west bengal,carbon,Nexus,2025-08-01,774.3110961914062
IND|west bengal,carbon,Nexus,2025-09-01,775.1162109375
IND|west bengal,carbon,Nexus,2025-10-01,779.4331665039062
IND|west bengal,carbon,Nexus,2025-11-01,786.8943481445312
IRL,carbon,Nexus,2025-01-01,271.23297119140625
IRL,carbon,Nexus,2025-02-01,253.79336547851562
IRL,carbon,Nexus,2025-03-01,284.7015380859375
IRL,carbon,Nexus,2025-04-01,306.2383117675781
IRL,carbon,Nexus,2025-05-01,320.294921875
IRL,carbon,Nexus,2025-06-01,333.4426574707031
IRL,carbon,Nexus,2025-07-01,355.00537109375
IRL,carbon,Nexus,2025-08-01,318.7107849121094
IRL,carbon,Nexus,2025-09-01,323.05511474609375
IRL,carbon,Nexus,2025-10-01,284.25140380859375
IRL,carbon,Nexus,2025-11-01,281.3405456542969
IRL,carbon,Nexus,2025-12-01,249.10275268554688
ITA,carbon,Nexus,2025-01-01,338.9873046875
ITA,carbon,Nexus,2025-02-01,327.7099914550781
ITA,carbon,Nexus,2025-03-01,302.3468017578125
ITA,carbon,Nexus,2025-04-01,275.7269592285156
ITA,carbon,Nexus,2025-05-01,254.7612762451172
ITA,carbon,Nexus,2025-06-01,265.6800231933594
ITA,carbon,Nexus,2025-07-01,292.5769958496094
ITA,carbon,Nexus,2025-08-01,305.88739013671875
ITA,carbon,Nexus,2025-09-01,330.9928283691406
ITA,carbon,Nexus,2025-10-01,343.8685607910156
ITA,carbon,Nexus,2025-11-01,349.63287353515625
ITA,carbon,Nexus,2025-12-01,354.7548828125
LTU,carbon,Nexus,2025-01-01,177.37014770507812
LTU,carbon,Nexus,2025-02-01,172.73851013183594
LTU,carbon,Nexus,2025-03-01,170.12181091308594
LTU,carbon,Nexus,2025-04-01,171.4462890625
LTU,carbon,Nexus,2025-05-01,174.96424865722656
LTU,carbon,Nexus,2025-06-01,180.93141174316406
LTU,carbon,Nexus,2025-07-01,183.92491149902344
LTU,carbon,Nexus,2025-08-01,186.4453887939453
LTU,carbon,Nexus,2025-09-01,185.24761962890625
LTU,carbon,Nexus,2025-10-01,180.16317749023438
LTU,carbon,Nexus,2025-11-01,172.38092041015625
LTU,carbon,Nexus,2025-12-01,166.12030029296875
LUX,carbon,Nexus,2025-01-01,45.08738708496094
LUX,carbon,Nexus,2025-02-01,74.97721862792969
LUX,carbon,Nexus,2025-03-01,128.9571990966797
LUX,carbon,Nexus,2025-04-01,130.6682586669922
LUX,carbon,Nexus,2025-05-01,130.3701934814453
LUX,carbon,Nexus,2025-06-01,125.26408386230469
LUX,carbon,Nexus,2025-07-01,130.2169952392578
LUX,carbon,Nexus,2025-08-01,147.86380004882812
LUX,carbon,Nexus,2025-09-01,143.0603485107422
LUX,carbon,Nexus,2025-10-01,135.69998168945312
LUX,carbon,Nexus,2025-11-01,119.34310913085938
LUX,carbon,Nexus,2025-12-01,91.65768432617188
LVA,carbon,Nexus,2025-01-01,144.16531372070312
LVA,carbon,Nexus,2025-02-01,123.57598876953125
LVA,carbon,Nexus,2025-03-01,76.61415100097656
LVA,carbon,Nexus,2025-04-01,46.84423828125
LVA,carbon,Nexus,2025-05-01,66.56953430175781
LVA,carbon,Nexus,2025-06-01,106.45018005371094
LVA,carbon,Nexus,2025-07-01,130.44717407226562
LVA,carbon,Nexus,2025-08-01,173.5801544189453
LVA,carbon,Nexus,2025-09-01,180.34027099609375
LVA,carbon,Nexus,2025-10-01,171.46597290039062
LVA,carbon,Nexus,2025-11-01,173.4599609375
LVA,carbon,Nexus,2025-12-01,169.60064697265625
MKD,carbon,Nexus,2024-03-01,649.4115600585938
MKD,carbon,Nexus,2024-04-01,636.9498291015625
MKD,carbon,Nexus,2024-05-01,630.9063720703125
MKD,carbon,Nexus,2024-06-01,631.6152954101562
MKD,carbon,Nexus,2024-07-01,626.6880493164062
MKD,carbon,Nexus,2024-08-01,624.958251953125
MKD,carbon,Nexus,2024-09-01,623.8060302734375
MKD,carbon,Nexus,2024-10-01,625.6301879882812
MKD,carbon,Nexus,2024-11-01,623.38525390625
MKD,carbon,Nexus,2024-12-01,622.4799194335938
MKD,carbon,Nexus,2025-01-01,620.4644165039062
MKD,carbon,Nexus,2025-02-01,621.878173828125
MLT,carbon,Nexus,2025-01-01,529.5803833007812
MLT,carbon,Nexus,2025-02-01,522.1911010742188
MLT,carbon,Nexus,2025-03-01,515.0565795898438
MLT,carbon,Nexus,2025-04-01,507.00567626953125
MLT,carbon,Nexus,2025-05-01,508.72381591796875
MLT,carbon,Nexus,2025-06-01,510.4908142089844
MLT,carbon,Nexus,2025-07-01,513.1614990234375
MLT,carbon,Nexus,2025-08-01,514.359619140625
MLT,carbon,Nexus,2025-09-01,515.6535034179688
MLT,carbon,Nexus,2025-10-01,517.5167846679688
MLT,carbon,Nexus,2025-11-01,521.1864013671875
MLT,carbon,Nexus,2025-12-01,526.48095703125
NLD,carbon,Nexus,2025-01-01,281.2228088378906
NLD,carbon,Nexus,2025-02-01,264.18524169921875
NLD,carbon,Nexus,2025-03-01,251.39462280273438
NLD,carbon,Nexus,2025-04-01,239.2707977294922
NLD,carbon,Nexus,2025-05-01,233.50244140625
NLD,carbon,Nexus,2025-06-01,230.77450561523438
NLD,carbon,Nexus,2025-07-01,231.7423095703125
NLD,carbon,Nexus,2025-08-01,234.45138549804688
NLD,carbon,Nexus,2025-09-01,240.3951416015625
NLD,carbon,Nexus,2025-10-01,243.9878387451172
NLD,carbon,Nexus,2025-11-01,247.27479553222656
NLD,carbon,Nexus,2025-12-01,247.40538024902344
NOR,carbon,Nexus,2025-01-01,26.585674285888672
NOR,carbon,Nexus,2025-02-01,26.555660247802734
NOR,carbon,Nexus,2025-03-01,26.77276611328125
NOR,carbon,Nexus,2025-04-01,27.206649780273438
NOR,carbon,Nexus,2025-05-01,27.399669647216797
NOR,carbon,Nexus,2025-06-01,27.664779663085938
NOR,carbon,Nexus,2025-07-01,28.026771545410156
NOR,carbon,Nexus,2025-08-01,27.9295654296875
NOR,carbon,Nexus,2025-09-01,27.76581573486328
NOR,carbon,Nexus,2025-10-01,27.373210906982422
NOR,carbon,Nexus,2025-11-01,26.975507736206055
NOR,carbon,Nexus,2025-12-01,26.838857650756836
POL,carbon,Nexus,2025-01-01,695.8411254882812
POL,carbon,Nexus,2025-02-01,680.283935546875
POL,carbon,Nexus,2025-03-01,670.3077392578125
POL,carbon,Nexus,2025-04-01,656.1837158203125
POL,carbon,Nexus,2025-05-01,653.1822509765625
POL,carbon,Nexus,2025-06-01,650.8557739257812
POL,carbon,Nexus,2025-07-01,651.8032836914062
POL,carbon,Nexus,2025-08-01,653.374267578125
POL,carbon,Nexus,2025-09-01,656.927978515625
POL,carbon,Nexus,2025-10-01,662.1433715820312
POL,carbon,Nexus,2025-11-01,669.1970825195312
POL,carbon,Nexus,2025-12-01,669.8968505859375
PRT,carbon,Nexus,2025-01-01,124.56410217285156
PRT,carbon,Nexus,2025-02-01,117.12368774414062
PRT,carbon,Nexus,2025-03-01,113.14337158203125
PRT,carbon,Nexus,2025-04-01,114.27693176269531
PRT,carbon,Nexus,2025-05-01,119.37820434570312
PRT,carbon,Nexus,2025-06-01,127.32342529296875
PRT,carbon,Nexus,2025-07-01,129.8389892578125
PRT,carbon,Nexus,2025-08-01,128.98199462890625
PRT,carbon,Nexus,2025-09-01,124.71839904785156
PRT,carbon,Nexus,2025-10-01,112.39088439941406
PRT,carbon,Nexus,2025-11-01,100.13043212890625
PRT,carbon,Nexus,2025-12-01,91.30274963378906
ROU,carbon,Nexus,2025-01-01,273.9628601074219
ROU,carbon,Nexus,2025-02-01,260.0683288574219
ROU,carbon,Nexus,2025-03-01,239.49737548828125
ROU,carbon,Nexus,2025-04-01,214.3149871826172
ROU,carbon,Nexus,2025-05-01,216.862548828125
ROU,carbon,Nexus,2025-06-01,223.00411987304688
ROU,carbon,Nexus,2025-07-01,255.3203887939453
ROU,carbon,Nexus,2025-08-01,266.51904296875
ROU,carbon,Nexus,2025-09-01,266.4796142578125
ROU,carbon,Nexus,2025-10-01,266.9773864746094
ROU,carbon,Nexus,2025-11-01,272.19097900390625
ROU,carbon,Nexus,2025-12-01,266.27593994140625
SRB,carbon,Nexus,2025-01-01,697.4486694335938
SRB,carbon,Nexus,2025-02-01,670.110107421875
SRB,carbon,Nexus,2025-03-01,649.8642578125
SRB,carbon,Nexus,2025-04-01,619.780029296875
SRB,carbon,Nexus,2025-05-01,582.8753662109375
SRB,carbon,Nexus,2025-06-01,611.506591796875
SRB,carbon,Nexus,2025-07-01,695.716796875
SRB,carbon,Nexus,2025-08-01,738.6499633789062
SRB,carbon,Nexus,2025-09-01,774.6536254882812
SRB,carbon,Nexus,2025-10-01,775.0812377929688
SRB,carbon,Nexus,2025-11-01,690.2927856445312
SRB,carbon,Nexus,2025-12-01,643.436767578125
SVK,carbon,Nexus,2025-01-01,108.61778259277344
SVK,carbon,Nexus,2025-02-01,103.24817657470703
SVK,carbon,Nexus,2025-03-01,98.56436157226562
SVK,carbon,Nexus,2025-04-01,91.81200408935547
SVK,carbon,Nexus,2025-05-01,81.97020721435547
SVK,carbon,Nexus,2025-06-01,85.7005844116211
SVK,carbon,Nexus,2025-07-01,84.73054504394531
SVK,carbon,Nexus,2025-08-01,79.82579040527344
SVK,carbon,Nexus,2025-09-01,88.69666290283203
SVK,carbon,Nexus,2025-10-01,99.12106323242188
SVK,carbon,Nexus,2025-11-01,100.44058227539062
SVK,carbon,Nexus,2025-12-01,101.22615814208984
SVN,carbon,Nexus,2025-01-01,285.8734436035156
SVN,carbon,Nexus,2025-02-01,279.9936218261719
SVN,carbon,Nexus,2025-03-01,265.2045593261719
SVN,carbon,Nexus,2025-04-01,234.9849853515625
SVN,carbon,Nexus,2025-05-01,180.21475219726562
SVN,carbon,Nexus,2025-06-01,196.691650390625
SVN,carbon,Nexus,2025-07-01,228.6546630859375
SVN,carbon,Nexus,2025-08-01,239.33282470703125
SVN,carbon,Nexus,2025-09-01,229.76638793945312
SVN,carbon,Nexus,2025-10-01,306.0072937011719
SVN,carbon,Nexus,2025-11-01,238.84280395507812
SVN,carbon,Nexus,2025-12-01,244.38645935058594
SWE,carbon,Nexus,2025-01-01,23.15712547302246
SWE,carbon,Nexus,2025-02-01,24.315792083740234
SWE,carbon,Nexus,2025-03-01,25.70429229736328
SWE,carbon,Nexus,2025-04-01,25.733434677124023
SWE,carbon,Nexus,2025-05-01,25.387239456176758
SWE,carbon,Nexus,2025-06-01,24.18095588684082
SWE,carbon,Nexus,2025-07-01,22.7961368560791
SWE,carbon,Nexus,2025-08-01,21.371898651123047
SWE,carbon,Nexus,2025-09-01,21.102069854736328
SWE,carbon,Nexus,2025-10-01,21.40734100341797
SWE,carbon,Nexus,2025-11-01,22.388301849365234
SWE,carbon,Nexus,2025-12-01,23.322721481323242
TUR,carbon,Nexus,2025-01-01,507.4212341308594
TUR,carbon,Nexus,2025-02-01,494.2120666503906
TUR,carbon,Nexus,2025-03-01,444.5650634765625
TUR,carbon,Nexus,2025-04-01,387.77227783203125
TUR,carbon,Nexus,2025-05-01,394.706298828125
TUR,carbon,Nexus,2025-06-01,437.30010986328125
TUR,carbon,Nexus,2025-07-01,462.34014892578125
TUR,carbon,Nexus,2025-08-01,482.2448425292969
TUR,carbon,Nexus,2025-09-01,506.60546875
TUR,carbon,Nexus,2025-10-01,526.11474609375
TUR,carbon,Nexus,2025-11-01,531.6917114257812
TUR,carbon,Nexus,2025-12-01,520.2173461914062
USA|alabama,carbon,Nexus,2025-01-01,327.02484130859375
USA|alabama,carbon,Nexus,2025-02-01,325.5204162597656
USA|alabama,carbon,Nexus,2025-03-01,323.9784240722656
USA|alabama,carbon,Nexus,2025-04-01,320.6641845703125
USA|alabama,carbon,Nexus,2025-05-01,331.4117431640625
USA|alabama,carbon,Nexus,2025-06-01,345.49737548828125
USA|alabama,carbon,Nexus,2025-07-01,350.8183288574219
USA|alabama,carbon,Nexus,2025-08-01,347.847412109375
USA|alabama,carbon,Nexus,2025-09-01,336.58795166015625
USA|alabama,carbon,Nexus,2025-10-01,328.8829650878906
USA|alabama,carbon,Nexus,2025-11-01,318.91900634765625
USA|alabama,carbon,Nexus,2025-12-01,307.67791748046875
USA|arizona,carbon,Nexus,2025-01-01,280.5950012207031
USA|arizona,carbon,Nexus,2025-02-01,272.5506896972656
USA|arizona,carbon,Nexus,2025-03-01,229.84881591796875
USA|arizona,carbon,Nexus,2025-04-01,259.34246826171875
USA|arizona,carbon,Nexus,2025-05-01,263.2984924316406
USA|arizona,carbon,Nexus,2025-06-01,280.44500732421875
USA|arizona,carbon,Nexus,2025-07-01,316.0656433105469
USA|arizona,carbon,Nexus,2025-08-01,323.2140808105469
USA|arizona,carbon,Nexus,2025-09-01,310.15625
USA|arizona,carbon,Nexus,2025-10-01,326.9828796386719
USA|arizona,carbon,Nexus,2025-11-01,301.04736328125
USA|arizona,carbon,Nexus,2025-12-01,286.91754150390625
USA|arkansas,carbon,Nexus,2025-01-01,417.7656555175781
USA|arkansas,carbon,Nexus,2025-02-01,405.5334167480469
USA|arkansas,carbon,Nexus,2025-03-01,389.39288330078125
USA|arkansas,carbon,Nexus,2025-04-01,382.51800537109375
USA|arkansas,carbon,Nexus,2025-05-01,402.6949157714844
USA|arkansas,carbon,Nexus,2025-06-01,432.3526306152344
USA|arkansas,carbon,Nexus,2025-07-01,448.7644958496094
USA|arkansas,carbon,Nexus,2025-08-01,452.0997009277344
USA|arkansas,carbon,Nexus,2025-09-01,448.4823303222656
USA|arkansas,carbon,Nexus,2025-10-01,441.9903869628906
USA|arkansas,carbon,Nexus,2025-11-01,437.470458984375
USA|arkansas,carbon,Nexus,2025-12-01,434.88055419921875
USA|california,carbon,Nexus,2025-01-01,216.66995239257812
USA|california,carbon,Nexus,2025-02-01,196.73037719726562
USA|california,carbon,Nexus,2025-03-01,161.07810974121094
USA|california,carbon,Nexus,2025-04-01,127.61863708496094
USA|california,carbon,Nexus,2025-05-01,113.578369140625
USA|california,carbon,Nexus,2025-06-01,136.081298828125
USA|california,carbon,Nexus,2025-07-01,186.817626953125
USA|california,carbon,Nexus,2025-08-01,201.89810180664062
USA|california,carbon,Nexus,2025-09-01,206.6329803466797
USA|california,carbon,Nexus,2025-10-01,221.43832397460938
USA|california,carbon,Nexus,2025-11-01,230.35084533691406
USA|california,carbon,Nexus,2025-12-01,237.19920349121094
USA|colorado,carbon,Nexus,2025-01-01,384.03216552734375
USA|colorado,carbon,Nexus,2025-02-01,367.86456298828125
USA|colorado,carbon,Nexus,2025-03-01,333.783447265625
USA|colorado,carbon,Nexus,2025-04-01,297.113037109375
USA|colorado,carbon,Nexus,2025-05-01,308.76715087890625
USA|colorado,carbon,Nexus,2025-06-01,351.82666015625
USA|colorado,carbon,Nexus,2025-07-01,391.75653076171875
USA|colorado,carbon,Nexus,2025-08-01,397.4189758300781
USA|colorado,carbon,Nexus,2025-09-01,373.10198974609375
USA|colorado,carbon,Nexus,2025-10-01,359.3147277832031
USA|colorado,carbon,Nexus,2025-11-01,363.26141357421875
USA|colorado,carbon,Nexus,2025-12-01,367.0319519042969
USA|connecticut,carbon,Nexus,2025-01-01,298.3143310546875
USA|connecticut,carbon,Nexus,2025-02-01,289.4299011230469
USA|connecticut,carbon,Nexus,2025-03-01,272.9426574707031
USA|connecticut,carbon,Nexus,2025-04-01,317.67401123046875
USA|connecticut,carbon,Nexus,2025-05-01,318.16802978515625
USA|connecticut,carbon,Nexus,2025-06-01,287.560791015625
USA|connecticut,carbon,Nexus,2025-07-01,303.7798767089844
USA|connecticut,carbon,Nexus,2025-08-01,304.2055358886719
USA|connecticut,carbon,Nexus,2025-09-01,284.5333251953125
USA|connecticut,carbon,Nexus,2025-10-01,267.1122131347656
USA|connecticut,carbon,Nexus,2025-11-01,275.4092102050781
USA|connecticut,carbon,Nexus,2025-12-01,288.939208984375
USA|delaware,carbon,Nexus,2025-01-01,500.1171569824219
USA|delaware,carbon,Nexus,2025-02-01,478.5390930175781
USA|delaware,carbon,Nexus,2025-03-01,469.92742919921875
USA|delaware,carbon,Nexus,2025-04-01,469.6174011230469
USA|delaware,carbon,Nexus,2025-05-01,466.6024475097656
USA|delaware,carbon,Nexus,2025-06-01,475.64666748046875
USA|delaware,carbon,Nexus,2025-07-01,490.8994140625
USA|delaware,carbon,Nexus,2025-08-01,479.56884765625
USA|delaware,carbon,Nexus,2025-09-01,472.12103271484375
USA|delaware,carbon,Nexus,2025-10-01,472.55865478515625
USA|delaware,carbon,Nexus,2025-11-01,476.5377197265625
USA|delaware,carbon,Nexus,2025-12-01,483.12823486328125
USA|florida,carbon,Nexus,2025-01-01,389.4008483886719
USA|florida,carbon,Nexus,2025-02-01,386.5782775878906
USA|florida,carbon,Nexus,2025-03-01,388.05010986328125
USA|florida,carbon,Nexus,2025-04-01,391.7940673828125
USA|florida,carbon,Nexus,2025-05-01,398.1556091308594
USA|florida,carbon,Nexus,2025-06-01,402.85333251953125
USA|florida,carbon,Nexus,2025-07-01,406.4200439453125
USA|florida,carbon,Nexus,2025-08-01,408.0221862792969
USA|florida,carbon,Nexus,2025-09-01,406.71173095703125
USA|florida,carbon,Nexus,2025-10-01,403.2099609375
USA|florida,carbon,Nexus,2025-11-01,395.7681884765625
USA|florida,carbon,Nexus,2025-12-01,389.5260009765625
USA|georgia,carbon,Nexus,2025-01-01,319.8006591796875
USA|georgia,carbon,Nexus,2025-02-01,325.0740966796875
USA|georgia,carbon,Nexus,2025-03-01,324.76409912109375
USA|georgia,carbon,Nexus,2025-04-01,313.32391357421875
USA|georgia,carbon,Nexus,2025-05-01,327.48992919921875
USA|georgia,carbon,Nexus,2025-06-01,349.3746337890625
USA|georgia,carbon,Nexus,2025-07-01,357.361328125
USA|georgia,carbon,Nexus,2025-08-01,357.6291809082031
USA|georgia,carbon,Nexus,2025-09-01,350.7484130859375
USA|georgia,carbon,Nexus,2025-10-01,321.2352294921875
USA|georgia,carbon,Nexus,2025-11-01,313.7292785644531
USA|georgia,carbon,Nexus,2025-12-01,324.9913330078125
USA|idaho,carbon,Nexus,2025-01-01,178.89083862304688
USA|idaho,carbon,Nexus,2025-02-01,162.91455078125
USA|idaho,carbon,Nexus,2025-03-01,144.56590270996094
USA|idaho,carbon,Nexus,2025-04-01,116.59395599365234
USA|idaho,carbon,Nexus,2025-05-01,106.71566772460938
USA|idaho,carbon,Nexus,2025-06-01,140.1842041015625
USA|idaho,carbon,Nexus,2025-07-01,180.367919921875
USA|idaho,carbon,Nexus,2025-08-01,196.66091918945312
USA|idaho,carbon,Nexus,2025-09-01,197.03515625
USA|idaho,carbon,Nexus,2025-10-01,191.49380493164062
USA|idaho,carbon,Nexus,2025-11-01,197.7841033935547
USA|idaho,carbon,Nexus,2025-12-01,201.33587646484375
USA|illinois,carbon,Nexus,2025-01-01,211.8368377685547
USA|illinois,carbon,Nexus,2025-02-01,207.05764770507812
USA|illinois,carbon,Nexus,2025-03-01,186.16567993164062
USA|illinois,carbon,Nexus,2025-04-01,167.7064971923828
USA|illinois,carbon,Nexus,2025-05-01,176.03567504882812
USA|illinois,carbon,Nexus,2025-06-01,215.07032775878906
USA|illinois,carbon,Nexus,2025-07-01,250.68931579589844
USA|illinois,carbon,Nexus,2025-08-01,248.25869750976562
USA|illinois,carbon,Nexus,2025-09-01,219.3055419921875
USA|illinois,carbon,Nexus,2025-10-01,190.92445373535156
USA|illinois,carbon,Nexus,2025-11-01,187.12977600097656
USA|illinois,carbon,Nexus,2025-12-01,194.22962951660156
USA|indiana,carbon,Nexus,2025-01-01,574.168701171875
USA|indiana,carbon,Nexus,2025-02-01,560.275390625
USA|indiana,carbon,Nexus,2025-03-01,537.8900146484375
USA|indiana,carbon,Nexus,2025-04-01,537.6595458984375
USA|indiana,carbon,Nexus,2025-05-01,562.9995727539062
USA|indiana,carbon,Nexus,2025-06-01,601.3246459960938
USA|indiana,carbon,Nexus,2025-07-01,623.9315185546875
USA|indiana,carbon,Nexus,2025-08-01,624.82373046875
USA|indiana,carbon,Nexus,2025-09-01,598.9542236328125
USA|indiana,carbon,Nexus,2025-10-01,561.4112548828125
USA|indiana,carbon,Nexus,2025-11-01,549.6107788085938
USA|indiana,carbon,Nexus,2025-12-01,559.3569946289062
USA|iowa,carbon,Nexus,2025-01-01,269.8885192871094
USA|iowa,carbon,Nexus,2025-02-01,225.58221435546875
USA|iowa,carbon,Nexus,2025-03-01,168.46087646484375
USA|iowa,carbon,Nexus,2025-04-01,129.13232421875
USA|iowa,carbon,Nexus,2025-05-01,195.43655395507812
USA|iowa,carbon,Nexus,2025-06-01,334.86761474609375
USA|iowa,carbon,Nexus,2025-07-01,427.9319763183594
USA|iowa,carbon,Nexus,2025-08-01,414.13299560546875
USA|iowa,carbon,Nexus,2025-09-01,306.4707946777344
USA|iowa,carbon,Nexus,2025-10-01,184.97042846679688
USA|iowa,carbon,Nexus,2025-11-01,159.48440551757812
USA|iowa,carbon,Nexus,2025-12-01,206.847412109375
USA|kansas,carbon,Nexus,2025-01-01,276.8710021972656
USA|kansas,carbon,Nexus,2025-02-01,241.02085876464844
USA|kansas,carbon,Nexus,2025-03-01,172.44668579101562
USA|kansas,carbon,Nexus,2025-04-01,146.42819213867188
USA|kansas,carbon,Nexus,2025-05-01,206.93865966796875
USA|kansas,carbon,Nexus,2025-06-01,277.9842224121094
USA|kansas,carbon,Nexus,2025-07-01,351.56927490234375
USA|kansas,carbon,Nexus,2025-08-01,338.4656982421875
USA|kansas,carbon,Nexus,2025-09-01,265.8589782714844
USA|kansas,carbon,Nexus,2025-10-01,203.0806884765625
USA|kansas,carbon,Nexus,2025-11-01,199.920654296875
USA|kansas,carbon,Nexus,2025-12-01,242.05760192871094
USA|kentucky,carbon,Nexus,2025-01-01,683.3613891601562
USA|kentucky,carbon,Nexus,2025-02-01,682.9127807617188
USA|kentucky,carbon,Nexus,2025-03-01,682.3826904296875
USA|kentucky,carbon,Nexus,2025-04-01,681.3071899414062
USA|kentucky,carbon,Nexus,2025-05-01,681.665283203125
USA|kentucky,carbon,Nexus,2025-06-01,682.6476440429688
USA|kentucky,carbon,Nexus,2025-07-01,683.1433715820312
USA|kentucky,carbon,Nexus,2025-08-01,683.5740966796875
USA|kentucky,carbon,Nexus,2025-09-01,684.3801879882812
USA|kentucky,carbon,Nexus,2025-10-01,684.8165283203125
USA|kentucky,carbon,Nexus,2025-11-01,684.8893432617188
USA|kentucky,carbon,Nexus,2025-12-01,684.9977416992188
USA|louisiana,carbon,Nexus,2025-01-01,411.6536865234375
USA|louisiana,carbon,Nexus,2025-02-01,418.26556396484375
USA|louisiana,carbon,Nexus,2025-03-01,412.77825927734375
USA|louisiana,carbon,Nexus,2025-04-01,415.5716247558594
USA|louisiana,carbon,Nexus,2025-05-01,428.80474853515625
USA|louisiana,carbon,Nexus,2025-06-01,433.454345703125
USA|louisiana,carbon,Nexus,2025-07-01,435.2195739746094
USA|louisiana,carbon,Nexus,2025-08-01,436.4571533203125
USA|louisiana,carbon,Nexus,2025-09-01,433.9019775390625
USA|louisiana,carbon,Nexus,2025-10-01,428.8140869140625
USA|louisiana,carbon,Nexus,2025-11-01,431.3147277832031
USA|louisiana,carbon,Nexus,2025-12-01,432.6772155761719
USA|maine,carbon,Nexus,2025-01-01,188.38006591796875
USA|maine,carbon,Nexus,2025-02-01,178.14984130859375
USA|maine,carbon,Nexus,2025-03-01,160.504150390625
USA|maine,carbon,Nexus,2025-04-01,143.04605102539062
USA|maine,carbon,Nexus,2025-05-01,151.47039794921875
USA|maine,carbon,Nexus,2025-06-01,180.40316772460938
USA|maine,carbon,Nexus,2025-07-01,216.58660888671875
USA|maine,carbon,Nexus,2025-08-01,216.977294921875
USA|maine,carbon,Nexus,2025-09-01,201.2568359375
USA|maine,carbon,Nexus,2025-10-01,186.1317138671875
USA|maine,carbon,Nexus,2025-11-01,173.90689086914062
USA|maine,carbon,Nexus,2025-12-01,174.70068359375
USA|maryland,carbon,Nexus,2025-01-01,273.154541015625
USA|maryland,carbon,Nexus,2025-02-01,285.3927001953125
USA|maryland,carbon,Nexus,2025-03-01,269.40423583984375
USA|maryland,carbon,Nexus,2025-04-01,224.79315185546875
USA|maryland,carbon,Nexus,2025-05-01,229.0845489501953
USA|maryland,carbon,Nexus,2025-06-01,268.64093017578125
USA|maryland,carbon,Nexus,2025-07-01,298.2594299316406
USA|maryland,carbon,Nexus,2025-08-01,288.47247314453125
USA|maryland,carbon,Nexus,2025-09-01,264.7906494140625
USA|maryland,carbon,Nexus,2025-10-01,240.99920654296875
USA|maryland,carbon,Nexus,2025-11-01,238.13848876953125
USA|maryland,carbon,Nexus,2025-12-01,248.4718017578125
USA|massachusetts,carbon,Nexus,2025-01-01,411.4036865234375
USA|massachusetts,carbon,Nexus,2025-02-01,403.00250244140625
USA|massachusetts,carbon,Nexus,2025-03-01,369.3028564453125
USA|massachusetts,carbon,Nexus,2025-04-01,363.9460754394531
USA|massachusetts,carbon,Nexus,2025-05-01,361.9978942871094
USA|massachusetts,carbon,Nexus,2025-06-01,363.58099365234375
USA|massachusetts,carbon,Nexus,2025-07-01,385.5527648925781
USA|massachusetts,carbon,Nexus,2025-08-01,380.9043273925781
USA|massachusetts,carbon,Nexus,2025-09-01,364.1237487792969
USA|massachusetts,carbon,Nexus,2025-10-01,370.19525146484375
USA|massachusetts,carbon,Nexus,2025-11-01,371.6296081542969
USA|massachusetts,carbon,Nexus,2025-12-01,389.8040771484375
USA|michigan,carbon,Nexus,2025-01-01,407.6640625
USA|michigan,carbon,Nexus,2025-02-01,401.90972900390625
USA|michigan,carbon,Nexus,2025-03-01,397.0617980957031
USA|michigan,carbon,Nexus,2025-04-01,400.7394714355469
USA|michigan,carbon,Nexus,2025-05-01,407.52740478515625
USA|michigan,carbon,Nexus,2025-06-01,422.9351806640625
USA|michigan,carbon,Nexus,2025-07-01,436.24029541015625
USA|michigan,carbon,Nexus,2025-08-01,437.8905029296875
USA|michigan,carbon,Nexus,2025-09-01,434.8684997558594
USA|michigan,carbon,Nexus,2025-10-01,428.6105651855469
USA|michigan,carbon,Nexus,2025-11-01,418.8971862792969
USA|michigan,carbon,Nexus,2025-12-01,412.6380920410156
USA|minnesota,carbon,Nexus,2025-01-01,338.339111328125
USA|minnesota,carbon,Nexus,2025-02-01,297.6313781738281
USA|minnesota,carbon,Nexus,2025-03-01,260.68865966796875
USA|minnesota,carbon,Nexus,2025-04-01,224.8985137939453
USA|minnesota,carbon,Nexus,2025-05-01,257.42437744140625
USA|minnesota,carbon,Nexus,2025-06-01,314.46868896484375
USA|minnesota,carbon,Nexus,2025-07-01,360.5992736816406
USA|minnesota,carbon,Nexus,2025-08-01,345.6518859863281
USA|minnesota,carbon,Nexus,2025-09-01,287.9697265625
USA|minnesota,carbon,Nexus,2025-10-01,269.6324462890625
USA|minnesota,carbon,Nexus,2025-11-01,285.66583251953125
USA|minnesota,carbon,Nexus,2025-12-01,312.09796142578125
USA|mississippi,carbon,Nexus,2025-01-01,409.5314636230469
USA|mississippi,carbon,Nexus,2025-02-01,400.8645935058594
USA|mississippi,carbon,Nexus,2025-03-01,396.7287292480469
USA|mississippi,carbon,Nexus,2025-04-01,402.0479736328125
USA|mississippi,carbon,Nexus,2025-05-01,404.8408508300781
USA|mississippi,carbon,Nexus,2025-06-01,416.9390869140625
USA|mississippi,carbon,Nexus,2025-07-01,423.1678161621094
USA|mississippi,carbon,Nexus,2025-08-01,420.568115234375
USA|mississippi,carbon,Nexus,2025-09-01,410.93701171875
USA|mississippi,carbon,Nexus,2025-10-01,401.7574462890625
USA|mississippi,carbon,Nexus,2025-11-01,399.14215087890625
USA|mississippi,carbon,Nexus,2025-12-01,403.21734619140625
USA|missouri,carbon,Nexus,2025-01-01,576.3775634765625
USA|missouri,carbon,Nexus,2025-02-01,552.8082275390625
USA|missouri,carbon,Nexus,2025-03-01,515.16943359375
USA|missouri,carbon,Nexus,2025-04-01,635.5070190429688
USA|missouri,carbon,Nexus,2025-05-01,620.9720458984375
USA|missouri,carbon,Nexus,2025-06-01,543.7584228515625
USA|missouri,carbon,Nexus,2025-07-01,567.4990234375
USA|missouri,carbon,Nexus,2025-08-01,579.8433227539062
USA|missouri,carbon,Nexus,2025-09-01,547.370361328125
USA|missouri,carbon,Nexus,2025-10-01,538.4769287109375
USA|missouri,carbon,Nexus,2025-11-01,545.9168701171875
USA|missouri,carbon,Nexus,2025-12-01,551.5419311523438
USA|montana,carbon,Nexus,2025-01-01,391.0506591796875
USA|montana,carbon,Nexus,2025-02-01,389.0701599121094
USA|montana,carbon,Nexus,2025-03-01,383.9085693359375
USA|montana,carbon,Nexus,2025-04-01,315.2981262207031
USA|montana,carbon,Nexus,2025-05-01,235.0581512451172
USA|montana,carbon,Nexus,2025-06-01,276.759521484375
USA|montana,carbon,Nexus,2025-07-01,366.0630798339844
USA|montana,carbon,Nexus,2025-08-01,397.7180480957031
USA|montana,carbon,Nexus,2025-09-01,416.6076354980469
USA|montana,carbon,Nexus,2025-10-01,408.55987548828125
USA|montana,carbon,Nexus,2025-11-01,384.6908874511719
USA|montana,carbon,Nexus,2025-12-01,379.38153076171875
USA|nebraska,carbon,Nexus,2025-01-01,420.4132080078125
USA|nebraska,carbon,Nexus,2025-02-01,383.00244140625
USA|nebraska,carbon,Nexus,2025-03-01,329.13250732421875
USA|nebraska,carbon,Nexus,2025-04-01,267.0976867675781
USA|nebraska,carbon,Nexus,2025-05-01,334.022705078125
USA|nebraska,carbon,Nexus,2025-06-01,431.2098083496094
USA|nebraska,carbon,Nexus,2025-07-01,483.6932373046875
USA|nebraska,carbon,Nexus,2025-08-01,482.46624755859375
USA|nebraska,carbon,Nexus,2025-09-01,432.71923828125
USA|nebraska,carbon,Nexus,2025-10-01,408.88055419921875
USA|nebraska,carbon,Nexus,2025-11-01,383.44683837890625
USA|nebraska,carbon,Nexus,2025-12-01,401.1138610839844
USA|nevada,carbon,Nexus,2025-01-01,330.68304443359375
USA|nevada,carbon,Nexus,2025-02-01,310.0965576171875
USA|nevada,carbon,Nexus,2025-03-01,285.846923828125
USA|nevada,carbon,Nexus,2025-04-01,257.46429443359375
USA|nevada,carbon,Nexus,2025-05-01,264.6050109863281
USA|nevada,carbon,Nexus,2025-06-01,292.9747314453125
USA|nevada,carbon,Nexus,2025-07-01,323.4880065917969
USA|nevada,carbon,Nexus,2025-08-01,327.20245361328125
USA|nevada,carbon,Nexus,2025-09-01,317.8863525390625
USA|nevada,carbon,Nexus,2025-10-01,314.3492431640625
USA|nevada,carbon,Nexus,2025-11-01,311.62945556640625
USA|nevada,carbon,Nexus,2025-12-01,324.09832763671875
USA|new hampshire,carbon,Nexus,2025-01-01,173.83792114257812
USA|new hampshire,carbon,Nexus,2025-02-01,142.9365692138672
USA|new hampshire,carbon,Nexus,2025-03-01,130.27342224121094
USA|new hampshire,carbon,Nexus,2025-04-01,136.80604553222656
USA|new hampshire,carbon,Nexus,2025-05-01,126.76414489746094
USA|new hampshire,carbon,Nexus,2025-06-01,156.08489990234375
USA|new hampshire,carbon,Nexus,2025-07-01,208.2230987548828
USA|new hampshire,carbon,Nexus,2025-08-01,182.6483154296875
USA|new hampshire,carbon,Nexus,2025-09-01,159.268798828125
USA|new hampshire,carbon,Nexus,2025-10-01,153.88592529296875
USA|new hampshire,carbon,Nexus,2025-11-01,140.5853271484375
USA|new hampshire,carbon,Nexus,2025-12-01,162.19866943359375
USA|new jersey,carbon,Nexus,2025-01-01,232.0345916748047
USA|new jersey,carbon,Nexus,2025-02-01,230.77789306640625
USA|new jersey,carbon,Nexus,2025-03-01,225.69593811035156
USA|new jersey,carbon,Nexus,2025-04-01,249.67457580566406
USA|new jersey,carbon,Nexus,2025-05-01,246.05421447753906
USA|new jersey,carbon,Nexus,2025-06-01,260.3021240234375
USA|new jersey,carbon,Nexus,2025-07-01,290.70965576171875
USA|new jersey,carbon,Nexus,2025-08-01,281.2983703613281
USA|new jersey,carbon,Nexus,2025-09-01,255.80667114257812
USA|new jersey,carbon,Nexus,2025-10-01,271.41754150390625
USA|new jersey,carbon,Nexus,2025-11-01,259.45513916015625
USA|new jersey,carbon,Nexus,2025-12-01,238.38743591308594
USA|new mexico,carbon,Nexus,2025-01-01,268.21075439453125
USA|new mexico,carbon,Nexus,2025-02-01,258.7113037109375
USA|new mexico,carbon,Nexus,2025-03-01,230.99368286132812
USA|new mexico,carbon,Nexus,2025-04-01,199.0626220703125
USA|new mexico,carbon,Nexus,2025-05-01,232.06430053710938
USA|new mexico,carbon,Nexus,2025-06-01,289.12249755859375
USA|new mexico,carbon,Nexus,2025-07-01,309.5755615234375
USA|new mexico,carbon,Nexus,2025-08-01,307.7978210449219
USA|new mexico,carbon,Nexus,2025-09-01,292.257568359375
USA|new mexico,carbon,Nexus,2025-10-01,251.29879760742188
USA|new mexico,carbon,Nexus,2025-11-01,236.49325561523438
USA|new mexico,carbon,Nexus,2025-12-01,241.99468994140625
USA|new york,carbon,Nexus,2025-01-01,257.6457214355469
USA|new york,carbon,Nexus,2025-02-01,253.86190795898438
USA|new york,carbon,Nexus,2025-03-01,246.4246826171875
USA|new york,carbon,Nexus,2025-04-01,231.06336975097656
USA|new york,carbon,Nexus,2025-05-01,231.70018005371094
USA|new york,carbon,Nexus,2025-06-01,259.8489074707031
USA|new york,carbon,Nexus,2025-07-01,286.6498107910156
USA|new york,carbon,Nexus,2025-08-01,283.2792053222656
USA|new york,carbon,Nexus,2025-09-01,261.2484130859375
USA|new york,carbon,Nexus,2025-10-01,238.48683166503906
USA|new york,carbon,Nexus,2025-11-01,232.417236328125
USA|new york,carbon,Nexus,2025-12-01,242.79290771484375
USA|north carolina,carbon,Nexus,2025-01-01,332.35003662109375
USA|north carolina,carbon,Nexus,2025-02-01,317.78863525390625
USA|north carolina,carbon,Nexus,2025-03-01,326.04827880859375
USA|north carolina,carbon,Nexus,2025-04-01,301.11041259765625
USA|north carolina,carbon,Nexus,2025-05-01,305.5955810546875
USA|north carolina,carbon,Nexus,2025-06-01,327.66046142578125
USA|north carolina,carbon,Nexus,2025-07-01,345.02874755859375
USA|north carolina,carbon,Nexus,2025-08-01,337.6134338378906
USA|north carolina,carbon,Nexus,2025-09-01,324.92010498046875
USA|north carolina,carbon,Nexus,2025-10-01,302.5717468261719
USA|north carolina,carbon,Nexus,2025-11-01,309.50799560546875
USA|north carolina,carbon,Nexus,2025-12-01,314.529541015625
USA|north dakota,carbon,Nexus,2025-01-01,492.0133056640625
USA|north dakota,carbon,Nexus,2025-02-01,485.1275939941406
USA|north dakota,carbon,Nexus,2025-03-01,455.78326416015625
USA|north dakota,carbon,Nexus,2025-04-01,404.05279541015625
USA|north dakota,carbon,Nexus,2025-05-01,415.86993408203125
USA|north dakota,carbon,Nexus,2025-06-01,485.7823181152344
USA|north dakota,carbon,Nexus,2025-07-01,552.9130859375
USA|north dakota,carbon,Nexus,2025-08-01,543.1049194335938
USA|north dakota,carbon,Nexus,2025-09-01,483.4132080078125
USA|north dakota,carbon,Nexus,2025-10-01,447.3684997558594
USA|north dakota,carbon,Nexus,2025-11-01,460.3194274902344
USA|north dakota,carbon,Nexus,2025-12-01,483.369873046875
USA|ohio,carbon,Nexus,2025-01-01,488.6234436035156
USA|ohio,carbon,Nexus,2025-02-01,484.6114196777344
USA|ohio,carbon,Nexus,2025-03-01,484.1282958984375
USA|ohio,carbon,Nexus,2025-04-01,477.3803405761719
USA|ohio,carbon,Nexus,2025-05-01,473.9862365722656
USA|ohio,carbon,Nexus,2025-06-01,475.7554931640625
USA|ohio,carbon,Nexus,2025-07-01,477.850341796875
USA|ohio,carbon,Nexus,2025-08-01,476.958984375
USA|ohio,carbon,Nexus,2025-09-01,474.8741455078125
USA|ohio,carbon,Nexus,2025-10-01,472.3291320800781
USA|ohio,carbon,Nexus,2025-11-01,472.0362548828125
USA|ohio,carbon,Nexus,2025-12-01,472.7132568359375
USA|oklahoma,carbon,Nexus,2025-01-01,287.1794128417969
USA|oklahoma,carbon,Nexus,2025-02-01,265.33380126953125
USA|oklahoma,carbon,Nexus,2025-03-01,238.95016479492188
USA|oklahoma,carbon,Nexus,2025-04-01,221.76626586914062
USA|oklahoma,carbon,Nexus,2025-05-01,260.39654541015625
USA|oklahoma,carbon,Nexus,2025-06-01,315.0123291015625
USA|oklahoma,carbon,Nexus,2025-07-01,348.62115478515625
USA|oklahoma,carbon,Nexus,2025-08-01,354.583984375
USA|oklahoma,carbon,Nexus,2025-09-01,317.1962890625
USA|oklahoma,carbon,Nexus,2025-10-01,266.1901550292969
USA|oklahoma,carbon,Nexus,2025-11-01,256.2733154296875
USA|oklahoma,carbon,Nexus,2025-12-01,264.130859375
USA|oregon,carbon,Nexus,2025-01-01,206.32838439941406
USA|oregon,carbon,Nexus,2025-02-01,201.74932861328125
USA|oregon,carbon,Nexus,2025-03-01,198.31680297851562
USA|oregon,carbon,Nexus,2025-04-01,182.62435913085938
USA|oregon,carbon,Nexus,2025-05-01,106.74822235107422
USA|oregon,carbon,Nexus,2025-06-01,159.75489807128906
USA|oregon,carbon,Nexus,2025-07-01,213.5978546142578
USA|oregon,carbon,Nexus,2025-08-01,231.72564697265625
USA|oregon,carbon,Nexus,2025-09-01,234.36248779296875
USA|oregon,carbon,Nexus,2025-10-01,227.67385864257812
USA|oregon,carbon,Nexus,2025-11-01,214.75393676757812
USA|oregon,carbon,Nexus,2025-12-01,211.32968139648438
USA|pennsylvania,carbon,Nexus,2025-01-01,360.9901428222656
USA|pennsylvania,carbon,Nexus,2025-02-01,352.25
USA|pennsylvania,carbon,Nexus,2025-03-01,343.4090270996094
USA|pennsylvania,carbon,Nexus,2025-04-01,334.7016296386719
USA|pennsylvania,carbon,Nexus,2025-05-01,330.96673583984375
USA|pennsylvania,carbon,Nexus,2025-06-01,349.2952575683594
USA|pennsylvania,carbon,Nexus,2025-07-01,368.5150451660156
USA|pennsylvania,carbon,Nexus,2025-08-01,358.1285095214844
USA|pennsylvania,carbon,Nexus,2025-09-01,340.4058837890625
USA|pennsylvania,carbon,Nexus,2025-10-01,333.1942443847656
USA|pennsylvania,carbon,Nexus,2025-11-01,337.3492736816406
USA|pennsylvania,carbon,Nexus,2025-12-01,351.6094665527344
USA|rhode island,carbon,Nexus,2025-01-01,433.31060791015625
USA|rhode island,carbon,Nexus,2025-02-01,418.2312927246094
USA|rhode island,carbon,Nexus,2025-03-01,407.9287109375
USA|rhode island,carbon,Nexus,2025-04-01,404.4624328613281
USA|rhode island,carbon,Nexus,2025-05-01,408.7149963378906
USA|rhode island,carbon,Nexus,2025-06-01,417.406982421875
USA|rhode island,carbon,Nexus,2025-07-01,426.9268493652344
USA|rhode island,carbon,Nexus,2025-08-01,431.5561828613281
USA|rhode island,carbon,Nexus,2025-09-01,433.1055908203125
USA|rhode island,carbon,Nexus,2025-10-01,432.7605285644531
USA|rhode island,carbon,Nexus,2025-11-01,432.841064453125
USA|rhode island,carbon,Nexus,2025-12-01,428.47076416015625
USA|south carolina,carbon,Nexus,2025-01-01,256.83087158203125
USA|south carolina,carbon,Nexus,2025-02-01,249.59341430664062
USA|south carolina,carbon,Nexus,2025-03-01,233.59103393554688
USA|south carolina,carbon,Nexus,2025-04-01,238.53680419921875
USA|south carolina,carbon,Nexus,2025-05-01,274.8154602050781
USA|south carolina,carbon,Nexus,2025-06-01,282.59808349609375
USA|south carolina,carbon,Nexus,2025-07-01,289.02239990234375
USA|south carolina,carbon,Nexus,2025-08-01,287.9305419921875
USA|south carolina,carbon,Nexus,2025-09-01,269.8011779785156
USA|south carolina,carbon,Nexus,2025-10-01,257.94232177734375
USA|south carolina,carbon,Nexus,2025-11-01,266.845947265625
USA|south carolina,carbon,Nexus,2025-12-01,259.04974365234375
USA|south dakota,carbon,Nexus,2025-01-01,156.36468505859375
USA|south dakota,carbon,Nexus,2025-02-01,155.31558227539062
USA|south dakota,carbon,Nexus,2025-03-01,129.91647338867188
USA|south dakota,carbon,Nexus,2025-04-01,98.38961791992188
USA|south dakota,carbon,Nexus,2025-05-01,106.33139038085938
USA|south dakota,carbon,Nexus,2025-06-01,142.2759246826172
USA|south dakota,carbon,Nexus,2025-07-01,177.91763305664062
USA|south dakota,carbon,Nexus,2025-08-01,177.6920623779297
USA|south dakota,carbon,Nexus,2025-09-01,136.0205841064453
USA|south dakota,carbon,Nexus,2025-10-01,90.76950073242188
USA|south dakota,carbon,Nexus,2025-11-01,110.89108276367188
USA|south dakota,carbon,Nexus,2025-12-01,133.1640625
USA|tennessee,carbon,Nexus,2025-01-01,326.31036376953125
USA|tennessee,carbon,Nexus,2025-02-01,315.85150146484375
USA|tennessee,carbon,Nexus,2025-03-01,313.37969970703125
USA|tennessee,carbon,Nexus,2025-04-01,319.96136474609375
USA|tennessee,carbon,Nexus,2025-05-01,335.02471923828125
USA|tennessee,carbon,Nexus,2025-06-01,344.76690673828125
USA|tennessee,carbon,Nexus,2025-07-01,348.22119140625
USA|tennessee,carbon,Nexus,2025-08-01,343.82659912109375
USA|tennessee,carbon,Nexus,2025-09-01,334.494384765625
USA|tennessee,carbon,Nexus,2025-10-01,319.5221252441406
USA|tennessee,carbon,Nexus,2025-11-01,312.1788330078125
USA|tennessee,carbon,Nexus,2025-12-01,311.298095703125
USA|texas,carbon,Nexus,2025-01-01,337.073974609375
USA|texas,carbon,Nexus,2025-02-01,310.9573974609375
USA|texas,carbon,Nexus,2025-03-01,286.1527404785156
USA|texas,carbon,Nexus,2025-04-01,294.427001953125
USA|texas,carbon,Nexus,2025-05-01,323.71734619140625
USA|texas,carbon,Nexus,2025-06-01,357.17523193359375
USA|texas,carbon,Nexus,2025-07-01,380.33935546875
USA|texas,carbon,Nexus,2025-08-01,385.4131164550781
USA|texas,carbon,Nexus,2025-09-01,376.5729064941406
USA|texas,carbon,Nexus,2025-10-01,349.993896484375
USA|texas,carbon,Nexus,2025-11-01,331.9161682128906
USA|texas,carbon,Nexus,2025-12-01,329.2391357421875
USA|utah,carbon,Nexus,2025-01-01,597.0201416015625
USA|utah,carbon,Nexus,2025-02-01,572.1700439453125
USA|utah,carbon,Nexus,2025-03-01,536.3599243164062
USA|utah,carbon,Nexus,2025-04-01,508.26416015625
USA|utah,carbon,Nexus,2025-05-01,510.94219970703125
USA|utah,carbon,Nexus,2025-06-01,528.5079345703125
USA|utah,carbon,Nexus,2025-07-01,555.9141235351562
USA|utah,carbon,Nexus,2025-08-01,571.2019653320312
USA|utah,carbon,Nexus,2025-09-01,582.19189453125
USA|utah,carbon,Nexus,2025-10-01,591.2235107421875
USA|utah,carbon,Nexus,2025-11-01,595.3602905273438
USA|utah,carbon,Nexus,2025-12-01,595.1260986328125
USA|vermont,carbon,Nexus,2025-01-01,67.91012573242188
USA|vermont,carbon,Nexus,2025-02-01,66.14737701416016
USA|vermont,carbon,Nexus,2025-03-01,56.724830627441406
USA|vermont,carbon,Nexus,2025-04-01,45.02313995361328
USA|vermont,carbon,Nexus,2025-05-01,48.22710037231445
USA|vermont,carbon,Nexus,2025-06-01,58.232574462890625
USA|vermont,carbon,Nexus,2025-07-01,66.35489654541016
USA|vermont,carbon,Nexus,2025-08-01,67.57350158691406
USA|vermont,carbon,Nexus,2025-09-01,59.59685516357422
USA|vermont,carbon,Nexus,2025-10-01,50.77180862426758
USA|vermont,carbon,Nexus,2025-11-01,51.91202163696289
USA|vermont,carbon,Nexus,2025-12-01,60.260498046875
USA|virginia,carbon,Nexus,2025-01-01,321.28192138671875
USA|virginia,carbon,Nexus,2025-02-01,312.109130859375
USA|virginia,carbon,Nexus,2025-03-01,297.992919921875
USA|virginia,carbon,Nexus,2025-04-01,269.0773010253906
USA|virginia,carbon,Nexus,2025-05-01,284.0609130859375
USA|virginia,carbon,Nexus,2025-06-01,309.94140625
USA|virginia,carbon,Nexus,2025-07-01,325.46319580078125
USA|virginia,carbon,Nexus,2025-08-01,319.0400390625
USA|virginia,carbon,Nexus,2025-09-01,308.0536804199219
USA|virginia,carbon,Nexus,2025-10-01,285.4930114746094
USA|virginia,carbon,Nexus,2025-11-01,295.37408447265625
USA|virginia,carbon,Nexus,2025-12-01,300.9591064453125
USA|washington,carbon,Nexus,2025-01-01,127.7542724609375
USA|washington,carbon,Nexus,2025-02-01,125.51923370361328
USA|washington,carbon,Nexus,2025-03-01,126.50981903076172
USA|washington,carbon,Nexus,2025-04-01,100.85536193847656
USA|washington,carbon,Nexus,2025-05-01,66.60414123535156
USA|washington,carbon,Nexus,2025-06-01,86.22672271728516
USA|washington,carbon,Nexus,2025-07-01,140.07888793945312
USA|washington,carbon,Nexus,2025-08-01,163.2428741455078
USA|washington,carbon,Nexus,2025-09-01,178.14324951171875
USA|washington,carbon,Nexus,2025-10-01,168.2784423828125
USA|washington,carbon,Nexus,2025-11-01,144.16441345214844
USA|washington,carbon,Nexus,2025-12-01,139.48947143554688
USA|washington dc,carbon,Nexus,2025-01-01,192.46031188964844
USA|washington dc,carbon,Nexus,2025-02-01,184.7084503173828
USA|washington dc,carbon,Nexus,2025-03-01,175.39524841308594
USA|washington dc,carbon,Nexus,2025-04-01,151.6759796142578
USA|washington dc,carbon,Nexus,2025-05-01,153.89273071289062
USA|washington dc,carbon,Nexus,2025-06-01,176.87112426757812
USA|washington dc,carbon,Nexus,2025-07-01,178.5675048828125
USA|washington dc,carbon,Nexus,2025-08-01,176.2605438232422
USA|washington dc,carbon,Nexus,2025-09-01,178.1001739501953
USA|washington dc,carbon,Nexus,2025-10-01,163.53732299804688
USA|washington dc,carbon,Nexus,2025-11-01,172.91639709472656
USA|washington dc,carbon,Nexus,2025-12-01,185.46548461914062
USA|west virginia,carbon,Nexus,2025-01-01,734.0482788085938
USA|west virginia,carbon,Nexus,2025-02-01,720.5651245117188
USA|west virginia,carbon,Nexus,2025-03-01,703.2903442382812
USA|west virginia,carbon,Nexus,2025-04-01,703.83544921875
USA|west virginia,carbon,Nexus,2025-05-01,720.4212036132812
USA|west virginia,carbon,Nexus,2025-06-01,744.6260375976562
USA|west virginia,carbon,Nexus,2025-07-01,760.4946899414062
USA|west virginia,carbon,Nexus,2025-08-01,761.2850341796875
USA|west virginia,carbon,Nexus,2025-09-01,743.2388916015625
USA|west virginia,carbon,Nexus,2025-10-01,714.5301513671875
USA|west virginia,carbon,Nexus,2025-11-01,709.9330444335938
USA|west virginia,carbon,Nexus,2025-12-01,724.331298828125
USA|wisconsin,carbon,Nexus,2025-01-01,505.1102600097656
USA|wisconsin,carbon,Nexus,2025-02-01,490.09051513671875
USA|wisconsin,carbon,Nexus,2025-03-01,478.8498840332031
USA|wisconsin,carbon,Nexus,2025-04-01,465.8084716796875
USA|wisconsin,carbon,Nexus,2025-05-01,461.7481689453125
USA|wisconsin,carbon,Nexus,2025-06-01,493.98663330078125
USA|wisconsin,carbon,Nexus,2025-07-01,514.5843505859375
USA|wisconsin,carbon,Nexus,2025-08-01,510.439453125
USA|wisconsin,carbon,Nexus,2025-09-01,491.99188232421875
USA|wisconsin,carbon,Nexus,2025-10-01,487.21710205078125
USA|wisconsin,carbon,Nexus,2025-11-01,470.1590881347656
USA|wisconsin,carbon,Nexus,2025-12-01,483.2491149902344
USA|wyoming,carbon,Nexus,2025-01-01,520.121826171875
USA|wyoming,carbon,Nexus,2025-02-01,515.421875
USA|wyoming,carbon,Nexus,2025-03-01,505.85565185546875
USA|wyoming,carbon,Nexus,2025-04-01,487.0976867675781
USA|wyoming,carbon,Nexus,2025-05-01,501.9986572265625
USA|wyoming,carbon,Nexus,2025-06-01,545.140869140625
USA|wyoming,carbon,Nexus,2025-07-01,618.3446044921875
USA|wyoming,carbon,Nexus,2025-08-01,629.5881958007812
USA|wyoming,carbon,Nexus,2025-09-01,617.7109985351562
USA|wyoming,carbon,Nexus,2025-10-01,574.8170166015625
USA|wyoming,carbon,Nexus,2025-11-01,524.59814453125
USA|wyoming,carbon,Nexus,2025-12-01,517.4957275390625
Albany River,water,Nexus,2022-10-16,-42.1487922668457
Albany River,water,Nexus,2022-11-16,-24.32142448425293
Albany River,water,Nexus,2022-12-16,-2.762416124343872
Albany River,water,Nexus,2023-01-16,18.0164852142334
Albany River,water,Nexus,2023-02-16,34.444637298583984
Albany River,water,Nexus,2023-03-16,44.054874420166016
Albany River,water,Nexus,2023-04-16,46.414730072021484
Albany River,water,Nexus,2023-05-16,33.09478759765625
Albany River,water,Nexus,2023-06-16,7.235151290893555
Albany River,water,Nexus,2023-07-16,-15.271984100341797
Albany River,water,Nexus,2023-08-16,-28.169918060302734
Albany River,water,Nexus,2023-09-16,-29.496681213378906
Bravo,water,Nexus,2022-10-16,-91.00495147705078
Bravo,water,Nexus,2022-11-16,-92.5086669921875
Bravo,water,Nexus,2022-12-16,-93.63470458984375
Bravo,water,Nexus,2023-01-16,-94.46251678466797
Bravo,water,Nexus,2023-02-16,-94.86146545410156
Bravo,water,Nexus,2023-03-16,-95.40438842773438
Bravo,water,Nexus,2023-04-16,-95.89669036865234
Bravo,water,Nexus,2023-05-16,-95.66899108886719
Bravo,water,Nexus,2023-06-16,-95.69344329833984
Bravo,water,Nexus,2023-07-16,-95.57813262939453
Bravo,water,Nexus,2023-08-16,-96.1075439453125
Bravo,water,Nexus,2023-09-16,-96.54576110839844
Brazos River,water,Nexus,2022-10-16,-150.5877685546875
Brazos River,water,Nexus,2022-11-16,-136.37042236328125
Brazos River,water,Nexus,2022-12-16,-121.65855407714844
Brazos River,water,Nexus,2023-01-16,-111.0813217163086
Brazos River,water,Nexus,2023-02-16,-99.2867202758789
Brazos River,water,Nexus,2023-03-16,-93.3198471069336
Brazos River,water,Nexus,2023-04-16,-87.5567855834961
Brazos River,water,Nexus,2023-05-16,-84.49038696289062
Brazos River,water,Nexus,2023-06-16,-84.605224609375
Brazos River,water,Nexus,2023-07-16,-85.27742004394531
Brazos River,water,Nexus,2023-08-16,-87.78839874267578
Brazos River,water,Nexus,2023-09-16,-88.59406280517578
Colorado River (Pacific Ocean),water,Nexus,2022-10-16,-109.41354370117188
Colorado River (Pacific Ocean),water,Nexus,2022-11-16,-100.75973510742188
Colorado River (Pacific Ocean),water,Nexus,2022-12-16,-87.9717025756836
Colorado River (Pacific Ocean),water,Nexus,2023-01-16,-76.11444091796875
Colorado River (Pacific Ocean),water,Nexus,2023-02-16,-68.08282470703125
Colorado River (Pacific Ocean),water,Nexus,2023-03-16,-66.343505859375
Colorado River (Pacific Ocean),water,Nexus,2023-04-16,-70.83212280273438
Colorado River (Pacific Ocean),water,Nexus,2023-05-16,-79.27847290039062
Colorado River (Pacific Ocean),water,Nexus,2023-06-16,-87.76988983154297
Colorado River (Pacific Ocean),water,Nexus,2023-07-16,-94.56118774414062
Colorado River (Pacific Ocean),water,Nexus,2023-08-16,-98.19476318359375
Colorado River (Pacific Ocean),water,Nexus,2023-09-16,-97.70686340332031
Columbia River,water,Nexus,2022-10-16,-155.90916442871094
Columbia River,water,Nexus,2022-11-16,-101.05522918701172
Columbia River,water,Nexus,2022-12-16,-22.48891258239746
Columbia River,water,Nexus,2023-01-16,49.18387985229492
Columbia River,water,Nexus,2023-02-16,94.88750457763672
Columbia River,water,Nexus,2023-03-16,104.90178680419922
Columbia River,water,Nexus,2023-04-16,91.16661834716797
Columbia River,water,Nexus,2023-05-16,45.166648864746094
Columbia River,water,Nexus,2023-06-16,-18.064434051513672
Columbia River,water,Nexus,2023-07-16,-77.52165985107422
Columbia River,water,Nexus,2023-08-16,-109.76085662841797
Columbia River,water,Nexus,2023-09-16,-115.1692886352539
Danube,water,Nexus,2022-10-16,-157.16477966308594
Danube,water,Nexus,2022-11-16,-126.4463119506836
Danube,water,Nexus,2022-12-16,-90.11293029785156
Danube,water,Nexus,2023-01-16,-65.8520736694336
Danube,water,Nexus,2023-02-16,-62.03366470336914
Danube,water,Nexus,2023-03-16,-72.28961181640625
Danube,water,Nexus,2023-04-16,-98.63191986083984
Danube,water,Nexus,2023-05-16,-130.58546447753906
Danube,water,Nexus,2023-06-16,-158.71925354003906
Danube,water,Nexus,2023-07-16,-175.30484008789062
Danube,water,Nexus,2023-08-16,-178.93350219726562
Danube,water,Nexus,2023-09-16,-167.624267578125
Dniepr,water,Nexus,2022-10-16,-179.95730590820312
Dniepr,water,Nexus,2022-11-16,-158.105712890625
Dniepr,water,Nexus,2022-12-16,-130.1930389404297
Dniepr,water,Nexus,2023-01-16,-102.73601531982422
Dniepr,water,Nexus,2023-02-16,-80.34559631347656
Dniepr,water,Nexus,2023-03-16,-75.13085174560547
Dniepr,water,Nexus,2023-04-16,-80.21349334716797
Dniepr,water,Nexus,2023-05-16,-100.34265899658203
Dniepr,water,Nexus,2023-06-16,-124.96570587158203
Dniepr,water,Nexus,2023-07-16,-151.80992126464844
Dniepr,water,Nexus,2023-08-16,-166.98374938964844
Dniepr,water,Nexus,2023-09-16,-171.49063110351562
Elbe River,water,Nexus,2022-10-16,-128.28945922851562
Elbe River,water,Nexus,2022-11-16,-97.56793212890625
Elbe River,water,Nexus,2022-12-16,-65.92185974121094
Elbe River,water,Nexus,2023-01-16,-37.94159698486328
Elbe River,water,Nexus,2023-02-16,-27.96552276611328
Elbe River,water,Nexus,2023-03-16,-37.33147048950195
Elbe River,water,Nexus,2023-04-16,-61.34721374511719
Elbe River,water,Nexus,2023-05-16,-80.90131378173828
Elbe River,water,Nexus,2023-06-16,-92.8367691040039
Elbe River,water,Nexus,2023-07-16,-93.58650207519531
Elbe River,water,Nexus,2023-08-16,-88.7725830078125
Elbe River,water,Nexus,2023-09-16,-75.9500503540039
Ganges,water,Nexus,2022-10-16,9.223129272460938
Ganges,water,Nexus,2022-11-16,-61.111328125
Ganges,water,Nexus,2022-12-16,-130.9889373779297
Ganges,water,Nexus,2023-01-16,-168.9038848876953
Ganges,water,Nexus,2023-02-16,-203.20895385742188
Ganges,water,Nexus,2023-03-16,-239.0667266845703
Ganges,water,Nexus,2023-04-16,-269.9867248535156
Ganges,water,Nexus,2023-05-16,-276.45721435546875
Ganges,water,Nexus,2023-06-16,-245.5605010986328
Ganges,water,Nexus,2023-07-16,-160.91641235351562
Ganges,water,Nexus,2023-08-16,-54.93611145019531
Ganges,water,Nexus,2023-09-16,-11.135002136230469
Godavari,water,Nexus,2022-10-16,292.32720947265625
Godavari,water,Nexus,2022-11-16,205.23416137695312
Godavari,water,Nexus,2022-12-16,104.96511840820312
Godavari,water,Nexus,2023-01-16,39.058353424072266
Godavari,water,Nexus,2023-02-16,-13.091529846191406
Godavari,water,Nexus,2023-03-16,-54.41756820678711
Godavari,water,Nexus,2023-04-16,-84.55194091796875
Godavari,water,Nexus,2023-05-16,-71.90328979492188
Godavari,water,Nexus,2023-06-16,-0.8883142471313477
Godavari,water,Nexus,2023-07-16,131.4845733642578
Godavari,water,Nexus,2023-08-16,207.64060974121094
Godavari,water,Nexus,2023-09-16,226.841552734375
Grisalva,water,Nexus,2022-10-16,131.30882263183594
Grisalva,water,Nexus,2022-11-16,90.31759643554688
Grisalva,water,Nexus,2022-12-16,25.644641876220703
Grisalva,water,Nexus,2023-01-16,-31.815025329589844
Grisalva,water,Nexus,2023-02-16,-75.47626495361328
Grisalva,water,Nexus,2023-03-16,-105.41573333740234
Grisalva,water,Nexus,2023-04-16,-103.41307067871094
Grisalva,water,Nexus,2023-05-16,-57.15578842163086
Grisalva,water,Nexus,2023-06-16,10.09781265258789
Grisalva,water,Nexus,2023-07-16,54.746360778808594
Grisalva,water,Nexus,2023-08-16,87.02800750732422
Grisalva,water,Nexus,2023-09-16,107.75241088867188
Indus,water,Nexus,2022-10-16,-154.41734313964844
Indus,water,Nexus,2022-11-16,-169.8170928955078
Indus,water,Nexus,2022-12-16,-174.32298278808594
Indus,water,Nexus,2023-01-16,-165.0512237548828
Indus,water,Nexus,2023-02-16,-156.38058471679688
Indus,water,Nexus,2023-03-16,-157.8456573486328
Indus,water,Nexus,2023-04-16,-172.5723114013672
Indus,water,Nexus,2023-05-16,-184.67880249023438
Indus,water,Nexus,2023-06-16,-183.1502685546875
Indus,water,Nexus,2023-07-16,-174.3448944091797
Indus,water,Nexus,2023-08-16,-163.37371826171875
Indus,water,Nexus,2023-09-16,-163.69244384765625
Krishna,water,Nexus,2022-10-16,267.9407653808594
Krishna,water,Nexus,2022-11-16,228.82362365722656
Krishna,water,Nexus,2022-12-16,169.03736877441406
Krishna,water,Nexus,2023-01-16,113.65663146972656
Krishna,water,Nexus,2023-02-16,58.112552642822266
Krishna,water,Nexus,2023-03-16,18.54589080810547
Krishna,water,Nexus,2023-04-16,-4.994112014770508
Krishna,water,Nexus,2023-05-16,10.426573753356934
Krishna,water,Nexus,2023-06-16,68.78995513916016
Krishna,water,Nexus,2023-07-16,164.53213500976562
Krishna,water,Nexus,2023-08-16,221.06454467773438
Krishna,water,Nexus,2023-09-16,240.9619140625
Loire,water,Nexus,2022-10-16,-153.17372131347656
Loire,water,Nexus,2022-11-16,-98.60814666748047
Loire,water,Nexus,2022-12-16,-45.38517761230469
Loire,water,Nexus,2023-01-16,-13.251754760742188
Loire,water,Nexus,2023-02-16,-5.906999588012695
Loire,water,Nexus,2023-03-16,-16.42129135131836
Loire,water,Nexus,2023-04-16,-33.49235534667969
Loire,water,Nexus,2023-05-16,-56.388694763183594
Loire,water,Nexus,2023-06-16,-83.55326843261719
Loire,water,Nexus,2023-07-16,-102.86430358886719
Loire,water,Nexus,2023-08-16,-114.63172149658203
Loire,water,Nexus,2023-09-16,-113.60398864746094
Mahanadi River (Mahahadi),water,Nexus,2022-10-16,243.42169189453125
Mahanadi River (Mahahadi),water,Nexus,2022-11-16,143.7411651611328
Mahanadi River (Mahahadi),water,Nexus,2022-12-16,54.30031204223633
Mahanadi River (Mahahadi),water,Nexus,2023-01-16,2.449446439743042
Mahanadi River (Mahahadi),water,Nexus,2023-02-16,-46.82510757446289
Mahanadi River (Mahahadi),water,Nexus,2023-03-16,-98.89684295654297
Mahanadi River (Mahahadi),water,Nexus,2023-04-16,-151.40908813476562
Mahanadi River (Mahahadi),water,Nexus,2023-05-16,-160.40554809570312
Mahanadi River (Mahahadi),water,Nexus,2023-06-16,-104.17108917236328
Mahanadi River (Mahahadi),water,Nexus,2023-07-16,48.46001052856445
Mahanadi River (Mahahadi),water,Nexus,2023-08-16,168.3433380126953
Mahanadi River (Mahahadi),water,Nexus,2023-09-16,212.8427276611328
Mississippi River,water,Nexus,2022-10-16,-111.99052429199219
Mississippi River,water,Nexus,2022-11-16,-90.06035614013672
Mississippi River,water,Nexus,2022-12-16,-57.791587829589844
Mississippi River,water,Nexus,2023-01-16,-24.108694076538086
Mississippi River,water,Nexus,2023-02-16,-2.87174391746521
Mississippi River,water,Nexus,2023-03-16,10.594170570373535
Mississippi River,water,Nexus,2023-04-16,14.3019437789917
Mississippi River,water,Nexus,2023-05-16,5.089966297149658
Mississippi River,water,Nexus,2023-06-16,-21.204580307006836
Mississippi River,water,Nexus,2023-07-16,-56.92098617553711
Mississippi River,water,Nexus,2023-08-16,-80.95639038085938
Mississippi River,water,Nexus,2023-09-16,-88.33537292480469
Nelson River,water,Nexus,2022-10-16,-107.23040008544922
Nelson River,water,Nexus,2022-11-16,-96.97248077392578
Nelson River,water,Nexus,2022-12-16,-79.64785766601562
Nelson River,water,Nexus,2023-01-16,-61.29931640625
Nelson River,water,Nexus,2023-02-16,-46.68307876586914
Nelson River,water,Nexus,2023-03-16,-33.47529602050781
Nelson River,water,Nexus,2023-04-16,-26.115081787109375
Nelson River,water,Nexus,2023-05-16,-22.26030731201172
Nelson River,water,Nexus,2023-06-16,-28.59905242919922
Nelson River,water,Nexus,2023-07-16,-49.908653259277344
Nelson River,water,Nexus,2023-08-16,-72.89183044433594
Nelson River,water,Nexus,2023-09-16,-88.9124755859375
Neva,water,Nexus,2022-10-16,-94.13507843017578
Neva,water,Nexus,2022-11-16,-57.550933837890625
Neva,water,Nexus,2022-12-16,-15.615777015686035
Neva,water,Nexus,2023-01-16,18.716354370117188
Neva,water,Nexus,2023-02-16,40.70559310913086
Neva,water,Nexus,2023-03-16,46.13190460205078
Neva,water,Nexus,2023-04-16,37.92146682739258
Neva,water,Nexus,2023-05-16,17.515043258666992
Neva,water,Nexus,2023-06-16,-10.129963874816895
Neva,water,Nexus,2023-07-16,-33.8426399230957
Neva,water,Nexus,2023-08-16,-45.572513580322266
Neva,water,Nexus,2023-09-16,-44.98115158081055
Oder River,water,Nexus,2022-10-16,-124.17720031738281
Oder River,water,Nexus,2022-11-16,-94.80904388427734
Oder River,water,Nexus,2022-12-16,-60.96921157836914
Oder River,water,Nexus,2023-01-16,-23.591022491455078
Oder River,water,Nexus,2023-02-16,-5.080066680908203
Oder River,water,Nexus,2023-03-16,-16.942371368408203
Oder River,water,Nexus,2023-04-16,-44.645389556884766
Oder River,water,Nexus,2023-05-16,-70.04583740234375
Oder River,water,Nexus,2023-06-16,-80.63346099853516
Oder River,water,Nexus,2023-07-16,-79.12516021728516
Oder River,water,Nexus,2023-08-16,-75.9743881225586
Oder River,water,Nexus,2023-09-16,-68.20220947265625
Rhine,water,Nexus,2022-10-16,-169.7386016845703
Rhine,water,Nexus,2022-11-16,-134.59349060058594
Rhine,water,Nexus,2022-12-16,-93.69772338867188
Rhine,water,Nexus,2023-01-16,-62.150691986083984
Rhine,water,Nexus,2023-02-16,-45.34499740600586
Rhine,water,Nexus,2023-03-16,-44.499412536621094
Rhine,water,Nexus,2023-04-16,-53.96468734741211
Rhine,water,Nexus,2023-05-16,-75.5096206665039
Rhine,water,Nexus,2023-06-16,-97.60655975341797
Rhine,water,Nexus,2023-07-16,-115.90729522705078
Rhine,water,Nexus,2023-08-16,-122.86527252197266
Rhine,water,Nexus,2023-09-16,-118.56571960449219
Senegal,water,Nexus,2022-10-16,190.61660766601562
Senegal,water,Nexus,2022-11-16,122.4803466796875
Senegal,water,Nexus,2022-12-16,71.88107299804688
Senegal,water,Nexus,2023-01-16,38.80927276611328
Senegal,water,Nexus,2023-02-16,19.102291107177734
Senegal,water,Nexus,2023-03-16,5.083712577819824
Senegal,water,Nexus,2023-04-16,-8.053418159484863
Senegal,water,Nexus,2023-05-16,-12.287018775939941
Senegal,water,Nexus,2023-06-16,1.5733203887939453
Senegal,water,Nexus,2023-07-16,36.759925842285156
Senegal,water,Nexus,2023-08-16,80.05288696289062
Senegal,water,Nexus,2023-09-16,103.41736602783203
St.Lawrence,water,Nexus,2022-10-16,-6.716243267059326
St.Lawrence,water,Nexus,2022-11-16,8.48012924194336
St.Lawrence,water,Nexus,2022-12-16,31.425426483154297
St.Lawrence,water,Nexus,2023-01-16,51.15107345581055
St.Lawrence,water,Nexus,2023-02-16,62.41944122314453
St.Lawrence,water,Nexus,2023-03-16,67.41370391845703
St.Lawrence,water,Nexus,2023-04-16,65.59154510498047
St.Lawrence,water,Nexus,2023-05-16,54.0882453918457
St.Lawrence,water,Nexus,2023-06-16,36.0626106262207
St.Lawrence,water,Nexus,2023-07-16,17.40591049194336
St.Lawrence,water,Nexus,2023-08-16,4.910044193267822
St.Lawrence,water,Nexus,2023-09-16,3.095813274383545
Tigris & Euphrates,water,Nexus,2022-10-16,-176.4379119873047
Tigris & Euphrates,water,Nexus,2022-11-16,-163.0140838623047
Tigris & Euphrates,water,Nexus,2022-12-16,-139.08306884765625
Tigris & Euphrates,water,Nexus,2023-01-16,-111.74325561523438
Tigris & Euphrates,water,Nexus,2023-02-16,-85.95201110839844
Tigris & Euphrates,water,Nexus,2023-03-16,-76.36759948730469
Tigris & Euphrates,water,Nexus,2023-04-16,-82.51206970214844
Tigris & Euphrates,water,Nexus,2023-05-16,-104.71408081054688
Tigris & Euphrates,water,Nexus,2023-06-16,-128.67628479003906
Tigris & Euphrates,water,Nexus,2023-07-16,-152.4971923828125
Tigris & Euphrates,water,Nexus,2023-08-16,-165.85406494140625
Tigris & Euphrates,water,Nexus,2023-09-16,-170.8773956298828
Wisla,water,Nexus,2022-10-16,-119.97454071044922
Wisla,water,Nexus,2022-11-16,-96.73609924316406
Wisla,water,Nexus,2022-12-16,-64.4446029663086
Wisla,water,Nexus,2023-01-16,-28.44854736328125
Wisla,water,Nexus,2023-02-16,-8.58407974243164
Wisla,water,Nexus,2023-03-16,-8.752504348754883
Wisla,water,Nexus,2023-04-16,-24.025339126586914
Wisla,water,Nexus,2023-05-16,-43.30660629272461
Wisla,water,Nexus,2023-06-16,-64.01844787597656
Wisla,water,Nexus,2023-07-16,-78.13248443603516
Wisla,water,Nexus,2023-08-16,-84.51174926757812
Wisla,water,Nexus,2023-09-16,-80.27175903320312
